CANNOT_BE_CLASSIFIED
version 1: 39aldo39-spaRSS_DecSync-1.0.0
version 2: 39aldo39-spaRSS_DecSync-2.0.0
compilation unit: 0304-39aldo39-spaRSS_DecSync-v1.12.0/mobile/src/main/java/org/decsync/sparss/utils/StringUtils.java
method: -
constraints in 39aldo39-spaRSS_DecSync-1.0.0
	AndroidTargetApi condition: "Build.VERSION_CODES.JELLY_BEAN_MR2" , add info: -
constraints in 39aldo39-spaRSS_DecSync-2.0.0

CANNOT_BE_CLASSIFIED
version 1: AdrienPoupa-VinylMusicPlayer-1.0.0
version 2: AdrienPoupa-VinylMusicPlayer-2.0.0
compilation unit: 0152-AdrienPoupa-VinylMusicPlayer-0.16.4.2/app/src/main/java/com/poupa/vinylmusicplayer/appshortcuts/DynamicShortcutManager.java
method: -
constraints in AdrienPoupa-VinylMusicPlayer-1.0.0
	AndroidTargetApi condition: "Build.VERSION_CODES.N_MR1" , add info: -
constraints in AdrienPoupa-VinylMusicPlayer-2.0.0

CANNOT_BE_CLASSIFIED
version 1: AdrienPoupa-VinylMusicPlayer-1.0.0
version 2: AdrienPoupa-VinylMusicPlayer-2.0.0
compilation unit: 0152-AdrienPoupa-VinylMusicPlayer-0.16.4.2/app/src/main/java/com/poupa/vinylmusicplayer/appshortcuts/shortcuttype/BaseShortcutType.java
method: -
constraints in AdrienPoupa-VinylMusicPlayer-1.0.0
	AndroidTargetApi condition: "Build.VERSION_CODES.N_MR1" , add info: -
constraints in AdrienPoupa-VinylMusicPlayer-2.0.0

CANNOT_BE_CLASSIFIED
version 1: AdrienPoupa-VinylMusicPlayer-1.0.0
version 2: AdrienPoupa-VinylMusicPlayer-2.0.0
compilation unit: 0152-AdrienPoupa-VinylMusicPlayer-0.16.4.2/app/src/main/java/com/poupa/vinylmusicplayer/appshortcuts/shortcuttype/LastAddedShortcutType.java
method: -
constraints in AdrienPoupa-VinylMusicPlayer-1.0.0
	AndroidTargetApi condition: "Build.VERSION_CODES.N_MR1" , add info: -
constraints in AdrienPoupa-VinylMusicPlayer-2.0.0

CANNOT_BE_CLASSIFIED
version 1: AdrienPoupa-VinylMusicPlayer-1.0.0
version 2: AdrienPoupa-VinylMusicPlayer-2.0.0
compilation unit: 0152-AdrienPoupa-VinylMusicPlayer-0.16.4.2/app/src/main/java/com/poupa/vinylmusicplayer/appshortcuts/shortcuttype/ShuffleAllShortcutType.java
method: -
constraints in AdrienPoupa-VinylMusicPlayer-1.0.0
	AndroidTargetApi condition: "Build.VERSION_CODES.N_MR1" , add info: -
constraints in AdrienPoupa-VinylMusicPlayer-2.0.0

CANNOT_BE_CLASSIFIED
version 1: AdrienPoupa-VinylMusicPlayer-1.0.0
version 2: AdrienPoupa-VinylMusicPlayer-2.0.0
compilation unit: 0152-AdrienPoupa-VinylMusicPlayer-0.16.4.2/app/src/main/java/com/poupa/vinylmusicplayer/appshortcuts/shortcuttype/TopTracksShortcutType.java
method: -
constraints in AdrienPoupa-VinylMusicPlayer-1.0.0
	AndroidTargetApi condition: "Build.VERSION_CODES.N_MR1" , add info: -
constraints in AdrienPoupa-VinylMusicPlayer-2.0.0

CANNOT_BE_CLASSIFIED
version 1: AdrienPoupa-VinylMusicPlayer-1.0.0
version 2: AdrienPoupa-VinylMusicPlayer-2.0.0
compilation unit: 0152-AdrienPoupa-VinylMusicPlayer-0.16.4.2/app/src/main/java/com/poupa/vinylmusicplayer/helper/menu/PlaylistMenuHelper.java
method: handleMenuClick(AppCompatActivity,
constraints in AdrienPoupa-VinylMusicPlayer-1.0.0
	AndroidSuppressLint condition: ""ShowToast"" , add info: -
constraints in AdrienPoupa-VinylMusicPlayer-2.0.0

CANNOT_BE_CLASSIFIED
version 1: AdrienPoupa-VinylMusicPlayer-1.0.0
version 2: AdrienPoupa-VinylMusicPlayer-2.0.0
compilation unit: 0152-AdrienPoupa-VinylMusicPlayer-0.16.4.2/app/src/main/java/com/poupa/vinylmusicplayer/misc/SimpleTransitionListener.java
method: -
constraints in AdrienPoupa-VinylMusicPlayer-1.0.0
	AndroidTargetApi condition: "Build.VERSION_CODES.LOLLIPOP" , add info: -
constraints in AdrienPoupa-VinylMusicPlayer-2.0.0

CANNOT_BE_CLASSIFIED
version 1: AdrienPoupa-VinylMusicPlayer-1.0.0
version 2: AdrienPoupa-VinylMusicPlayer-2.0.0
compilation unit: 0152-AdrienPoupa-VinylMusicPlayer-0.16.4.2/app/src/main/java/com/poupa/vinylmusicplayer/misc/UpdateToastMediaScannerCompletionListener.java
method: UpdateToastMediaScannerCompletionListener(Activity, String[])
constraints in AdrienPoupa-VinylMusicPlayer-1.0.0
	AndroidSuppressLint condition: ""ShowToast"" , add info: -
constraints in AdrienPoupa-VinylMusicPlayer-2.0.0

CANNOT_BE_CLASSIFIED
version 1: AdrienPoupa-VinylMusicPlayer-1.0.0
version 2: AdrienPoupa-VinylMusicPlayer-2.0.0
compilation unit: 0152-AdrienPoupa-VinylMusicPlayer-0.16.4.2/app/src/main/java/com/poupa/vinylmusicplayer/preferences/NowPlayingScreenPreferenceDialog.java
method: onCreateDialog(Bundle)
constraints in AdrienPoupa-VinylMusicPlayer-1.0.0
	AndroidSuppressLint condition: ""InflateParams"" , add info: -
constraints in AdrienPoupa-VinylMusicPlayer-2.0.0

CANNOT_BE_CLASSIFIED
version 1: AdrienPoupa-VinylMusicPlayer-1.0.0
version 2: AdrienPoupa-VinylMusicPlayer-2.0.0
compilation unit: 0152-AdrienPoupa-VinylMusicPlayer-0.16.4.2/app/src/main/java/com/poupa/vinylmusicplayer/service/MediaButtonIntentReceiver.java
method: -
constraints in AdrienPoupa-VinylMusicPlayer-1.0.0
	AndroidSuppressLint condition: ""HandlerLeak"" , add info: -
constraints in AdrienPoupa-VinylMusicPlayer-2.0.0

CANNOT_BE_CLASSIFIED
version 1: AdrienPoupa-VinylMusicPlayer-1.0.0
version 2: AdrienPoupa-VinylMusicPlayer-2.0.0
compilation unit: 0152-AdrienPoupa-VinylMusicPlayer-0.16.4.2/app/src/main/java/com/poupa/vinylmusicplayer/ui/activities/base/AbsSlidingMusicPanelActivity.java
method: wrapSlidingMusicPanel(int)
constraints in AdrienPoupa-VinylMusicPlayer-1.0.0
	AndroidSuppressLint condition: ""InflateParams"" , add info: -
constraints in AdrienPoupa-VinylMusicPlayer-2.0.0

CANNOT_BE_CLASSIFIED
version 1: AdrienPoupa-VinylMusicPlayer-1.0.0
version 2: AdrienPoupa-VinylMusicPlayer-2.0.0
compilation unit: 0152-AdrienPoupa-VinylMusicPlayer-0.16.4.2/app/src/main/java/com/poupa/vinylmusicplayer/ui/activities/bugreport/model/DeviceInfo.java
method: -
constraints in AdrienPoupa-VinylMusicPlayer-1.0.0
	AndroidSuppressLint condition: ""NewApi"" , add info: -
	AndroidSuppressLint condition: ""NewApi"" , add info: -
	AndroidSuppressLint condition: ""NewApi"" , add info: -
constraints in AdrienPoupa-VinylMusicPlayer-2.0.0

CANNOT_BE_CLASSIFIED
version 1: AdrienPoupa-VinylMusicPlayer-1.0.0
version 2: AdrienPoupa-VinylMusicPlayer-2.0.0
compilation unit: 0152-AdrienPoupa-VinylMusicPlayer-0.16.4.2/app/src/main/java/com/poupa/vinylmusicplayer/ui/activities/MainActivity.java
method: createContentView()
constraints in AdrienPoupa-VinylMusicPlayer-1.0.0
	AndroidSuppressLint condition: ""InflateParams"" , add info: -
constraints in AdrienPoupa-VinylMusicPlayer-2.0.0

CANNOT_BE_CLASSIFIED
version 1: AdrienPoupa-VinylMusicPlayer-1.0.0
version 2: AdrienPoupa-VinylMusicPlayer-2.0.0
compilation unit: 0152-AdrienPoupa-VinylMusicPlayer-0.16.4.2/app/src/main/java/com/poupa/vinylmusicplayer/views/HeightFitSquareLayout.java
method: HeightFitSquareLayout(Context, AttributeSet, int, int)
constraints in AdrienPoupa-VinylMusicPlayer-1.0.0
	AndroidTargetApi condition: "Build.VERSION_CODES.LOLLIPOP" , add info: -
constraints in AdrienPoupa-VinylMusicPlayer-2.0.0

CANNOT_BE_CLASSIFIED
version 1: AdrienPoupa-VinylMusicPlayer-1.0.0
version 2: AdrienPoupa-VinylMusicPlayer-2.0.0
compilation unit: 0152-AdrienPoupa-VinylMusicPlayer-0.16.4.2/app/src/main/java/com/poupa/vinylmusicplayer/views/WidthFitSquareLayout.java
method: WidthFitSquareLayout(Context, AttributeSet, int, int)
constraints in AdrienPoupa-VinylMusicPlayer-1.0.0
	AndroidTargetApi condition: "Build.VERSION_CODES.LOLLIPOP" , add info: -
constraints in AdrienPoupa-VinylMusicPlayer-2.0.0

CANNOT_BE_CLASSIFIED
version 1: AndreAle94-moneywallet-1.0.0
version 2: AndreAle94-moneywallet-2.0.0
compilation unit: 0324-AndreAle94-moneywallet-v4.0.3/app/src/main/java/com/oriondev/moneywallet/ui/view/calendar/DotView.java
method: DotView(Context, AttributeSet, int, int)
constraints in AndreAle94-moneywallet-1.0.0
	AndroidTargetApi condition: "Build.VERSION_CODES.LOLLIPOP" , add info: -
constraints in AndreAle94-moneywallet-2.0.0

CANNOT_BE_CLASSIFIED
version 1: AndreAle94-moneywallet-1.0.0
version 2: AndreAle94-moneywallet-2.0.0
compilation unit: 0324-AndreAle94-moneywallet-v4.0.3/app/src/main/java/com/oriondev/moneywallet/ui/view/CategoryChildIndicator.java
method: CategoryChildIndicator(Context, AttributeSet, int, int)
constraints in AndreAle94-moneywallet-1.0.0
	AndroidTargetApi condition: "Build.VERSION_CODES.LOLLIPOP" , add info: -
constraints in AndreAle94-moneywallet-2.0.0

CANNOT_BE_CLASSIFIED
version 1: AndreAle94-moneywallet-1.0.0
version 2: AndreAle94-moneywallet-2.0.0
compilation unit: 0324-AndreAle94-moneywallet-v4.0.3/app/src/main/java/com/oriondev/moneywallet/ui/view/MaterialProgressBar.java
method: MaterialProgressBar(Context, AttributeSet, int, int)
constraints in AndreAle94-moneywallet-1.0.0
	AndroidTargetApi condition: "Build.VERSION_CODES.LOLLIPOP" , add info: -
constraints in AndreAle94-moneywallet-2.0.0

CANNOT_BE_CLASSIFIED
version 1: AndreAle94-moneywallet-1.0.0
version 2: AndreAle94-moneywallet-2.0.0
compilation unit: 0324-AndreAle94-moneywallet-v4.0.3/app/src/main/java/com/oriondev/moneywallet/ui/view/RecurrenceView.java
method: RecurrenceView(Context, AttributeSet, int, int)
constraints in AndreAle94-moneywallet-1.0.0
	AndroidTargetApi condition: "Build.VERSION_CODES.LOLLIPOP" , add info: -
constraints in AndreAle94-moneywallet-2.0.0

CANNOT_BE_CLASSIFIED
version 1: AndreAle94-moneywallet-1.0.0
version 2: AndreAle94-moneywallet-2.0.0
compilation unit: 0324-AndreAle94-moneywallet-v4.0.3/app/src/main/java/com/oriondev/moneywallet/ui/view/theme/ThemedHorizontalScrollView.java
method: ThemedHorizontalScrollView(Context, AttributeSet, int, int)
constraints in AndreAle94-moneywallet-1.0.0
	AndroidTargetApi condition: "Build.VERSION_CODES.LOLLIPOP" , add info: -
constraints in AndreAle94-moneywallet-2.0.0

CANNOT_BE_CLASSIFIED
version 1: AndreAle94-moneywallet-1.0.0
version 2: AndreAle94-moneywallet-2.0.0
compilation unit: 0324-AndreAle94-moneywallet-v4.0.3/app/src/main/java/com/oriondev/moneywallet/ui/view/theme/ThemedScrollView.java
method: ThemedScrollView(Context, AttributeSet, int, int)
constraints in AndreAle94-moneywallet-1.0.0
	AndroidTargetApi condition: "Build.VERSION_CODES.LOLLIPOP" , add info: -
constraints in AndreAle94-moneywallet-2.0.0

CANNOT_BE_CLASSIFIED
version 1: AntennaPod-AntennaPod-1.0.0
version 2: AntennaPod-AntennaPod-2.0.0
compilation unit: 0084-AntennaPod-AntennaPod-0.9.9.1/src/com/aocate/media/MediaPlayer.java
method: invalidServiceConnectionConfiguration()
constraints in AntennaPod-AntennaPod-1.0.0
	JavaAssert condition: "(this.mpi instanceof ServiceBackedMediaPlayer)" , add info: -
constraints in AntennaPod-AntennaPod-2.0.0

CANNOT_BE_CLASSIFIED
version 1: AntennaPod-AntennaPod-1.0.0
version 2: AntennaPod-AntennaPod-2.0.0
compilation unit: 0084-AntennaPod-AntennaPod-0.9.9.1/src/com/aocate/media/MediaPlayer.java
method: switchMediaPlayerImpl(MediaPlayerImpl,
constraints in AntennaPod-AntennaPod-1.0.0
	JavaAssert condition: "((MediaPlayer.this.stringDataSource == null) || (MediaPlayer.this.uriDataSource == null))" , add info: -
constraints in AntennaPod-AntennaPod-2.0.0

CANNOT_BE_CLASSIFIED
version 1: AntennaPod-AntennaPod-1.0.0
version 2: AntennaPod-AntennaPod-2.0.0
compilation unit: 0084-AntennaPod-AntennaPod-0.9.9.1/src/de/danoeh/antennapod/fragment/ItemlistFragment.java
method: -
constraints in AntennaPod-AntennaPod-1.0.0
	AndroidSuppressLint condition: ""ValidFragment"" , add info: -
constraints in AntennaPod-AntennaPod-2.0.0

CANNOT_BE_CLASSIFIED
version 1: AntennaPod-AntennaPod-1.0.0
version 2: AntennaPod-AntennaPod-2.0.0
compilation unit: 0084-AntennaPod-AntennaPod-0.9.9.1/src/de/danoeh/antennapod/util/DuckType.java
method: invoke(Object,
constraints in AntennaPod-AntennaPod-1.0.0
	JavaAssert condition: "delegateMethod != null" , add info: -
constraints in AntennaPod-AntennaPod-2.0.0

CANNOT_BE_CLASSIFIED
version 1: AntennaPod-AntennaPod-1.0.0
version 2: AntennaPod-AntennaPod-2.0.0
compilation unit: 0084-AntennaPod-AntennaPod-0.9.9.1/src/de/danoeh/antennapod/util/DuckType.java
method: to(Class)
constraints in AntennaPod-AntennaPod-1.0.0
	JavaAssert condition: "iface.isInterface()" , add info: "cannot coerce object to a class, must be an interface"
constraints in AntennaPod-AntennaPod-2.0.0

CANNOT_BE_CLASSIFIED
version 1: Anuken-Mindustry-1.0.0
version 2: Anuken-Mindustry-2.0.0
compilation unit: 0030-Anuken-Mindustry-v114.1/android/src/mindustry/android/AndroidRhinoContext.java
method: reset()
constraints in Anuken-Mindustry-1.0.0
	AndroidTargetApi condition: "Build.VERSION_CODES.O" , add info: -
constraints in Anuken-Mindustry-2.0.0

CANNOT_BE_CLASSIFIED
version 1: AnySoftKeyboard-AnySoftKeyboard-1.0.0
version 2: AnySoftKeyboard-AnySoftKeyboard-2.0.0
compilation unit: 0280-AnySoftKeyboard-AnySoftKeyboard-1.5_r4/src/main/java/com/anysoftkeyboard/backup/AnyBackupAgent.java
method: -
constraints in AnySoftKeyboard-AnySoftKeyboard-1.0.0
	AndroidTargetApi condition: "8" , add info: -
constraints in AnySoftKeyboard-AnySoftKeyboard-2.0.0

CANNOT_BE_CLASSIFIED
version 1: AnySoftKeyboard-AnySoftKeyboard-1.0.0
version 2: AnySoftKeyboard-AnySoftKeyboard-2.0.0
compilation unit: 0280-AnySoftKeyboard-AnySoftKeyboard-1.5_r4/src/main/java/com/anysoftkeyboard/backup/CloudBackupRequesterApi8.java
method: -
constraints in AnySoftKeyboard-AnySoftKeyboard-1.0.0
	AndroidTargetApi condition: "8" , add info: -
constraints in AnySoftKeyboard-AnySoftKeyboard-2.0.0

CANNOT_BE_CLASSIFIED
version 1: AnySoftKeyboard-AnySoftKeyboard-1.0.0
version 2: AnySoftKeyboard-AnySoftKeyboard-2.0.0
compilation unit: 0280-AnySoftKeyboard-AnySoftKeyboard-1.5_r4/src/main/java/com/anysoftkeyboard/devicespecific/AskV19GestureDetector.java
method: -
constraints in AnySoftKeyboard-AnySoftKeyboard-1.0.0
	AndroidTargetApi condition: "19" , add info: -
constraints in AnySoftKeyboard-AnySoftKeyboard-2.0.0

CANNOT_BE_CLASSIFIED
version 1: AnySoftKeyboard-AnySoftKeyboard-1.0.0
version 2: AnySoftKeyboard-AnySoftKeyboard-2.0.0
compilation unit: 0280-AnySoftKeyboard-AnySoftKeyboard-1.5_r4/src/main/java/com/anysoftkeyboard/devicespecific/AskV8GestureDetector.java
method: -
constraints in AnySoftKeyboard-AnySoftKeyboard-1.0.0
	AndroidTargetApi condition: "8" , add info: -
constraints in AnySoftKeyboard-AnySoftKeyboard-2.0.0

CANNOT_BE_CLASSIFIED
version 1: AnySoftKeyboard-AnySoftKeyboard-1.0.0
version 2: AnySoftKeyboard-AnySoftKeyboard-2.0.0
compilation unit: 0280-AnySoftKeyboard-AnySoftKeyboard-1.5_r4/src/main/java/com/anysoftkeyboard/devicespecific/ClipboardV11.java
method: -
constraints in AnySoftKeyboard-AnySoftKeyboard-1.0.0
	AndroidTargetApi condition: "11" , add info: -
constraints in AnySoftKeyboard-AnySoftKeyboard-2.0.0

CANNOT_BE_CLASSIFIED
version 1: AnySoftKeyboard-AnySoftKeyboard-1.0.0
version 2: AnySoftKeyboard-AnySoftKeyboard-2.0.0
compilation unit: 0280-AnySoftKeyboard-AnySoftKeyboard-1.5_r4/src/main/java/com/anysoftkeyboard/devicespecific/ClipboardV3.java
method: -
constraints in AnySoftKeyboard-AnySoftKeyboard-1.0.0
	AndroidTargetApi condition: "3" , add info: -
constraints in AnySoftKeyboard-AnySoftKeyboard-2.0.0

CANNOT_BE_CLASSIFIED
version 1: AnySoftKeyboard-AnySoftKeyboard-1.0.0
version 2: AnySoftKeyboard-AnySoftKeyboard-2.0.0
compilation unit: 0280-AnySoftKeyboard-AnySoftKeyboard-1.5_r4/src/main/java/com/anysoftkeyboard/devicespecific/DeviceSpecific_V11.java
method: -
constraints in AnySoftKeyboard-AnySoftKeyboard-1.0.0
	AndroidTargetApi condition: "11" , add info: -
constraints in AnySoftKeyboard-AnySoftKeyboard-2.0.0

CANNOT_BE_CLASSIFIED
version 1: AnySoftKeyboard-AnySoftKeyboard-1.0.0
version 2: AnySoftKeyboard-AnySoftKeyboard-2.0.0
compilation unit: 0280-AnySoftKeyboard-AnySoftKeyboard-1.5_r4/src/main/java/com/anysoftkeyboard/devicespecific/DeviceSpecific_V19.java
method: -
constraints in AnySoftKeyboard-AnySoftKeyboard-1.0.0
	AndroidTargetApi condition: "19" , add info: -
constraints in AnySoftKeyboard-AnySoftKeyboard-2.0.0

CANNOT_BE_CLASSIFIED
version 1: AnySoftKeyboard-AnySoftKeyboard-1.0.0
version 2: AnySoftKeyboard-AnySoftKeyboard-2.0.0
compilation unit: 0280-AnySoftKeyboard-AnySoftKeyboard-1.5_r4/src/main/java/com/anysoftkeyboard/devicespecific/DeviceSpecific_V3.java
method: -
constraints in AnySoftKeyboard-AnySoftKeyboard-1.0.0
	AndroidTargetApi condition: "3" , add info: -
constraints in AnySoftKeyboard-AnySoftKeyboard-2.0.0

CANNOT_BE_CLASSIFIED
version 1: AnySoftKeyboard-AnySoftKeyboard-1.0.0
version 2: AnySoftKeyboard-AnySoftKeyboard-2.0.0
compilation unit: 0280-AnySoftKeyboard-AnySoftKeyboard-1.5_r4/src/main/java/com/anysoftkeyboard/devicespecific/DeviceSpecific_V7.java
method: -
constraints in AnySoftKeyboard-AnySoftKeyboard-1.0.0
	AndroidTargetApi condition: "7" , add info: -
constraints in AnySoftKeyboard-AnySoftKeyboard-2.0.0

CANNOT_BE_CLASSIFIED
version 1: AnySoftKeyboard-AnySoftKeyboard-1.0.0
version 2: AnySoftKeyboard-AnySoftKeyboard-2.0.0
compilation unit: 0280-AnySoftKeyboard-AnySoftKeyboard-1.5_r4/src/main/java/com/anysoftkeyboard/devicespecific/DeviceSpecific_V8.java
method: -
constraints in AnySoftKeyboard-AnySoftKeyboard-1.0.0
	AndroidTargetApi condition: "8" , add info: -
constraints in AnySoftKeyboard-AnySoftKeyboard-2.0.0

CANNOT_BE_CLASSIFIED
version 1: AnySoftKeyboard-AnySoftKeyboard-1.0.0
version 2: AnySoftKeyboard-AnySoftKeyboard-2.0.0
compilation unit: 0280-AnySoftKeyboard-AnySoftKeyboard-1.5_r4/src/main/java/com/anysoftkeyboard/dictionaries/BTreeDictionary.java
method: deleteNode(int)
constraints in AnySoftKeyboard-AnySoftKeyboard-1.0.0
	JavaAssert condition: "length >= 0" , add info: -
constraints in AnySoftKeyboard-AnySoftKeyboard-2.0.0

CANNOT_BE_CLASSIFIED
version 1: AnySoftKeyboard-AnySoftKeyboard-1.0.0
version 2: AnySoftKeyboard-AnySoftKeyboard-2.0.0
compilation unit: 0280-AnySoftKeyboard-AnySoftKeyboard-1.5_r4/src/main/java/com/anysoftkeyboard/dictionaries/content/ContactsDictionary.java
method: -
constraints in AnySoftKeyboard-AnySoftKeyboard-1.0.0
	AndroidTargetApi condition: "7" , add info: -
constraints in AnySoftKeyboard-AnySoftKeyboard-2.0.0

CANNOT_BE_CLASSIFIED
version 1: AnySoftKeyboard-AnySoftKeyboard-1.0.0
version 2: AnySoftKeyboard-AnySoftKeyboard-2.0.0
compilation unit: 0280-AnySoftKeyboard-AnySoftKeyboard-1.5_r4/src/main/java/com/anysoftkeyboard/spellcheck/AnySpellCheckerService.java
method: -
constraints in AnySoftKeyboard-AnySoftKeyboard-1.0.0
	AndroidTargetApi condition: "Build.VERSION_CODES.ICE_CREAM_SANDWICH" , add info: -
constraints in AnySoftKeyboard-AnySoftKeyboard-2.0.0

CANNOT_BE_CLASSIFIED
version 1: AnySoftKeyboard-AnySoftKeyboard-1.0.0
version 2: AnySoftKeyboard-AnySoftKeyboard-2.0.0
compilation unit: 0280-AnySoftKeyboard-AnySoftKeyboard-1.5_r4/src/main/java/com/google/android/voiceime/ImeTrigger.java
method: -
constraints in AnySoftKeyboard-AnySoftKeyboard-1.0.0
	AndroidTargetApi condition: "Build.VERSION_CODES.ICE_CREAM_SANDWICH" , add info: -
constraints in AnySoftKeyboard-AnySoftKeyboard-2.0.0

CANNOT_BE_CLASSIFIED
version 1: AnySoftKeyboard-AnySoftKeyboard-1.0.0
version 2: AnySoftKeyboard-AnySoftKeyboard-2.0.0
compilation unit: 0280-AnySoftKeyboard-AnySoftKeyboard-1.5_r4/src/main/java/net/evendanan/pushingpixels/EdgeEffectHacker.java
method: brandGlowEffect(Context,
constraints in AnySoftKeyboard-AnySoftKeyboard-1.0.0
	JavaAssert condition: "androidGlow != null" , add info: -
	JavaAssert condition: "androidEdge != null" , add info: -
constraints in AnySoftKeyboard-AnySoftKeyboard-2.0.0

CANNOT_BE_CLASSIFIED
version 1: AsteroidOS-AsteroidOSSync-1.0.0
version 2: AsteroidOS-AsteroidOSSync-2.0.0
compilation unit: 0202-AsteroidOS-AsteroidOSSync-v0.14/app/src/main/lib/material-intro-screen/material-intro-screen/src/main/java/io/github/dreierf/materialintroscreen/parallax/ParallaxFragment.java
method: -
constraints in AsteroidOS-AsteroidOSSync-1.0.0
	AndroidXNullable condition: "" , add info: -
constraints in AsteroidOS-AsteroidOSSync-2.0.0

CANNOT_BE_CLASSIFIED
version 1: AsteroidOS-AsteroidOSSync-1.0.0
version 2: AsteroidOS-AsteroidOSSync-2.0.0
compilation unit: 0202-AsteroidOS-AsteroidOSSync-v0.14/app/src/main/lib/sweetblue/library/src/main/java/com/idevicesinc/sweetblue/BleScanPower.java
method: -
constraints in AsteroidOS-AsteroidOSSync-1.0.0
	AndroidTargetApi condition: "Build.VERSION_CODES.LOLLIPOP" , add info: -
constraints in AsteroidOS-AsteroidOSSync-2.0.0

CANNOT_BE_CLASSIFIED
version 1: AsteroidOS-AsteroidOSSync-1.0.0
version 2: AsteroidOS-AsteroidOSSync-2.0.0
compilation unit: 0202-AsteroidOS-AsteroidOSSync-v0.14/app/src/main/lib/sweetblue/library/src/main/java/com/idevicesinc/sweetblue/compat/K_Util.java
method: -
constraints in AsteroidOS-AsteroidOSSync-1.0.0
	AndroidTargetApi condition: "Build.VERSION_CODES.KITKAT" , add info: -
constraints in AsteroidOS-AsteroidOSSync-2.0.0

CANNOT_BE_CLASSIFIED
version 1: AsteroidOS-AsteroidOSSync-1.0.0
version 2: AsteroidOS-AsteroidOSSync-2.0.0
compilation unit: 0202-AsteroidOS-AsteroidOSSync-v0.14/app/src/main/lib/sweetblue/library/src/main/java/com/idevicesinc/sweetblue/compat/L_Util.java
method: -
constraints in AsteroidOS-AsteroidOSSync-1.0.0
	AndroidTargetApi condition: "Build.VERSION_CODES.LOLLIPOP" , add info: -
constraints in AsteroidOS-AsteroidOSSync-2.0.0

CANNOT_BE_CLASSIFIED
version 1: AsteroidOS-AsteroidOSSync-1.0.0
version 2: AsteroidOS-AsteroidOSSync-2.0.0
compilation unit: 0202-AsteroidOS-AsteroidOSSync-v0.14/app/src/main/lib/sweetblue/library/src/main/java/com/idevicesinc/sweetblue/compat/M_Util.java
method: -
constraints in AsteroidOS-AsteroidOSSync-1.0.0
	AndroidTargetApi condition: "Build.VERSION_CODES.M" , add info: -
constraints in AsteroidOS-AsteroidOSSync-2.0.0

CANNOT_BE_CLASSIFIED
version 1: AsteroidOS-AsteroidOSSync-1.0.0
version 2: AsteroidOS-AsteroidOSSync-2.0.0
compilation unit: 0202-AsteroidOS-AsteroidOSSync-v0.14/app/src/main/lib/sweetblue/library/src/main/java/com/idevicesinc/sweetblue/P_AndroidBluetoothManager.java
method: -
constraints in AsteroidOS-AsteroidOSSync-1.0.0
	AndroidTargetApi condition: "Build.VERSION_CODES.LOLLIPOP" , add info: -
constraints in AsteroidOS-AsteroidOSSync-2.0.0

CANNOT_BE_CLASSIFIED
version 1: AsteroidOS-AsteroidOSSync-1.0.0
version 2: AsteroidOS-AsteroidOSSync-2.0.0
compilation unit: 0202-AsteroidOS-AsteroidOSSync-v0.14/app/src/main/lib/sweetblue/library/src/main/java/com/idevicesinc/sweetblue/P_AndroidGatt.java
method: -
constraints in AsteroidOS-AsteroidOSSync-1.0.0
	AndroidTargetApi condition: "Build.VERSION_CODES.KITKAT" , add info: -
constraints in AsteroidOS-AsteroidOSSync-2.0.0

CANNOT_BE_CLASSIFIED
version 1: AsteroidOS-AsteroidOSSync-1.0.0
version 2: AsteroidOS-AsteroidOSSync-2.0.0
compilation unit: 0202-AsteroidOS-AsteroidOSSync-v0.14/app/src/main/lib/sweetblue/library/src/main/java/com/idevicesinc/sweetblue/P_BluetoothCrashResolver.java
method: -
constraints in AsteroidOS-AsteroidOSSync-1.0.0
	AndroidTargetApi condition: "5" , add info: -
constraints in AsteroidOS-AsteroidOSSync-2.0.0

CANNOT_BE_CLASSIFIED
version 1: AsteroidOS-AsteroidOSSync-1.0.0
version 2: AsteroidOS-AsteroidOSSync-2.0.0
compilation unit: 0202-AsteroidOS-AsteroidOSSync-v0.14/app/src/main/lib/sweetblue/library/src/main/java/com/idevicesinc/sweetblue/P_Task_Advertise.java
method: -
constraints in AsteroidOS-AsteroidOSSync-1.0.0
	AndroidTargetApi condition: "Build.VERSION_CODES.LOLLIPOP" , add info: -
constraints in AsteroidOS-AsteroidOSSync-2.0.0

CANNOT_BE_CLASSIFIED
version 1: BiglySoftware-BiglyBT_Android-1.0.0
version 2: BiglySoftware-BiglyBT_Android-2.0.0
compilation unit: 0058-BiglySoftware-BiglyBT_Android-v1.1.0/BiglyBT/src/main/java/com/biglybt/android/client/activity/IntentHandler.java
method: onCreate(Bundle)
constraints in BiglySoftware-BiglyBT_Android-1.0.0
	JavaAssert condition: "listview != null" , add info: -
constraints in BiglySoftware-BiglyBT_Android-2.0.0

CANNOT_BE_CLASSIFIED
version 1: BiglySoftware-BiglyBT_Android-1.0.0
version 2: BiglySoftware-BiglyBT_Android-2.0.0
compilation unit: 0058-BiglySoftware-BiglyBT_Android-v1.1.0/BiglyBT/src/main/java/com/biglybt/android/client/AndroidUtilsUI.java
method: replaceSpan(SpannableStringBuilder,
constraints in BiglySoftware-BiglyBT_Android-1.0.0
	AndroidSuppressLint condition: ""ParcelCreator"" , add info: -
constraints in BiglySoftware-BiglyBT_Android-2.0.0

CANNOT_BE_CLASSIFIED
version 1: BiglySoftware-BiglyBT_Android-1.0.0
version 2: BiglySoftware-BiglyBT_Android-2.0.0
compilation unit: 0058-BiglySoftware-BiglyBT_Android-v1.1.0/BiglyBT/src/main/java/com/biglybt/android/client/AndroidUtilsUI.java
method: getDrawableWithBounds(Context,
constraints in BiglySoftware-BiglyBT_Android-1.0.0
	AndroidSuppressLint condition: ""RestrictedApi"" , add info: -
constraints in BiglySoftware-BiglyBT_Android-2.0.0

CANNOT_BE_CLASSIFIED
version 1: BiglySoftware-BiglyBT_Android-1.0.0
version 2: BiglySoftware-BiglyBT_Android-2.0.0
compilation unit: 0058-BiglySoftware-BiglyBT_Android-v1.1.0/BiglyBT/src/main/java/com/biglybt/android/client/AppCompatActivityM.java
method: -
constraints in BiglySoftware-BiglyBT_Android-1.0.0
	AndroidSuppressLint condition: ""Registered"" , add info: -
constraints in BiglySoftware-BiglyBT_Android-2.0.0

CANNOT_BE_CLASSIFIED
version 1: BiglySoftware-BiglyBT_Android-1.0.0
version 2: BiglySoftware-BiglyBT_Android-2.0.0
compilation unit: 0058-BiglySoftware-BiglyBT_Android-v1.1.0/BiglyBT/src/main/java/com/biglybt/android/util/AnimatorEndListener.java
method: -
constraints in BiglySoftware-BiglyBT_Android-1.0.0
	AndroidTargetApi condition: "Build.VERSION_CODES.HONEYCOMB" , add info: -
constraints in BiglySoftware-BiglyBT_Android-2.0.0

CANNOT_BE_CLASSIFIED
version 1: BiglySoftware-BiglyBT_Android-1.0.0
version 2: BiglySoftware-BiglyBT_Android-2.0.0
compilation unit: 0058-BiglySoftware-BiglyBT_Android-v1.1.0/BiglyBT/src/main/java/com/biglybt/android/widget/CustomToast.java
method: run()
constraints in BiglySoftware-BiglyBT_Android-1.0.0
	AndroidSuppressLint condition: ""ShowToast"" , add info: -
constraints in BiglySoftware-BiglyBT_Android-2.0.0

CANNOT_BE_CLASSIFIED
version 1: BiglySoftware-BiglyBT_Android-1.0.0
version 2: BiglySoftware-BiglyBT_Android-2.0.0
compilation unit: 0058-BiglySoftware-BiglyBT_Android-v1.1.0/BiglyBT/src/main/java/com/biglybt/android/widget/CustomToast.java
method: makeText(Context,
constraints in BiglySoftware-BiglyBT_Android-1.0.0
	AndroidSuppressLint condition: ""ShowToast"" , add info: -
constraints in BiglySoftware-BiglyBT_Android-2.0.0

CANNOT_BE_CLASSIFIED
version 1: BiglySoftware-BiglyBT_Android-1.0.0
version 2: BiglySoftware-BiglyBT_Android-2.0.0
compilation unit: 0058-BiglySoftware-BiglyBT_Android-v1.1.0/BiglyBT/src/main/java/com/biglybt/android/widget/FlingLinearLayout.java
method: FlingLinearLayout(Context, AttributeSet, int)
constraints in BiglySoftware-BiglyBT_Android-1.0.0
	AndroidTargetApi condition: "Build.VERSION_CODES.HONEYCOMB" , add info: -
constraints in BiglySoftware-BiglyBT_Android-2.0.0

CANNOT_BE_CLASSIFIED
version 1: BiglySoftware-BiglyBT_Android-1.0.0
version 2: BiglySoftware-BiglyBT_Android-2.0.0
compilation unit: 0058-BiglySoftware-BiglyBT_Android-v1.1.0/BiglyBT/src/main/java/com/biglybt/android/widget/FlingLinearLayout.java
method: FlingLinearLayout(Context, AttributeSet, int, int)
constraints in BiglySoftware-BiglyBT_Android-1.0.0
	AndroidTargetApi condition: "Build.VERSION_CODES.LOLLIPOP" , add info: -
constraints in BiglySoftware-BiglyBT_Android-2.0.0

CANNOT_BE_CLASSIFIED
version 1: BiglySoftware-BiglyBT_Android-1.0.0
version 2: BiglySoftware-BiglyBT_Android-2.0.0
compilation unit: 0058-BiglySoftware-BiglyBT_Android-v1.1.0/recyclerview-fastscroll/src/main/java/com/simplecityapps/recyclerview_fastscroll/views/FastScrollerApi14OffsetXAnimatorImp.java
method: -
constraints in BiglySoftware-BiglyBT_Android-1.0.0
	AndroidTargetApi condition: "Build.VERSION_CODES.ICE_CREAM_SANDWICH" , add info: -
constraints in BiglySoftware-BiglyBT_Android-2.0.0

CANNOT_BE_CLASSIFIED
version 1: BiglySoftware-BiglyBT_Android-1.0.0
version 2: BiglySoftware-BiglyBT_Android-2.0.0
compilation unit: 0058-BiglySoftware-BiglyBT_Android-v1.1.0/recyclerview-fastscroll/src/main/java/com/simplecityapps/recyclerview_fastscroll/views/FastScrollerOffsetXAnimator.java
method: -
constraints in BiglySoftware-BiglyBT_Android-1.0.0
	AndroidTargetApi condition: "Build.VERSION_CODES.HONEYCOMB" , add info: -
constraints in BiglySoftware-BiglyBT_Android-2.0.0

CANNOT_BE_CLASSIFIED
version 1: BiglySoftware-BiglyBT_Android-1.0.0
version 2: BiglySoftware-BiglyBT_Android-2.0.0
compilation unit: 0058-BiglySoftware-BiglyBT_Android-v1.1.0/recyclerview-fastscroll/src/main/java/com/simplecityapps/recyclerview_fastscroll/views/FastScrollerPreApi14OffsetXAnimatorImp.java
method: -
constraints in BiglySoftware-BiglyBT_Android-1.0.0
	AndroidTargetApi condition: "Build.VERSION_CODES.HONEYCOMB" , add info: -
constraints in BiglySoftware-BiglyBT_Android-2.0.0

CANNOT_BE_CLASSIFIED
version 1: BiglySoftware-BiglyBT_Android-1.0.0
version 2: BiglySoftware-BiglyBT_Android-2.0.0
compilation unit: 0058-BiglySoftware-BiglyBT_Android-v1.1.0/recyclerview-fastscroll/src/main/java/com/simplecityapps/recyclerview_fastscroll/views/FastScrollPopup.java
method: draw(Canvas)
constraints in BiglySoftware-BiglyBT_Android-1.0.0
	AndroidSuppressLint condition: ""WrongConstant"" , add info: -
constraints in BiglySoftware-BiglyBT_Android-2.0.0

CANNOT_BE_CLASSIFIED
version 1: BiglySoftware-BiglyBT_Android-1.0.0
version 2: BiglySoftware-BiglyBT_Android-2.0.0
compilation unit: 0058-BiglySoftware-BiglyBT_Android-v1.1.0/recyclerview-fastscroll/src/main/java/com/simplecityapps/recyclerview_fastscroll/views/FastScrollPopupApi14AlphaAnimatorImp.java
method: -
constraints in BiglySoftware-BiglyBT_Android-1.0.0
	AndroidTargetApi condition: "Build.VERSION_CODES.ICE_CREAM_SANDWICH" , add info: -
constraints in BiglySoftware-BiglyBT_Android-2.0.0

CANNOT_BE_CLASSIFIED
version 1: BiglySoftware-BiglyBT_Android-1.0.0
version 2: BiglySoftware-BiglyBT_Android-2.0.0
compilation unit: 0058-BiglySoftware-BiglyBT_Android-v1.1.0/recyclerview-fastscroll/src/main/java/com/simplecityapps/recyclerview_fastscroll/views/FastScrollPopupPreApi14AlphaAnimatorImp.java
method: -
constraints in BiglySoftware-BiglyBT_Android-1.0.0
	AndroidTargetApi condition: "Build.VERSION_CODES.HONEYCOMB" , add info: -
constraints in BiglySoftware-BiglyBT_Android-2.0.0

CANNOT_BE_CLASSIFIED
version 1: Catrobat-Paintroid-1.0.0
version 2: Catrobat-Paintroid-2.0.0
compilation unit: 0132-Catrobat-Paintroid-v2.0.0/Paintroid/src/main/java/org/catrobat/paintroid/ui/ClickableFrameLayout.java
method: ClickableFrameLayout(Context, AttributeSet, int, int)
constraints in Catrobat-Paintroid-1.0.0
	AndroidTargetApi condition: "Build.VERSION_CODES.LOLLIPOP" , add info: -
constraints in Catrobat-Paintroid-2.0.0

CANNOT_BE_CLASSIFIED
version 1: Dar9586-NClientV2-1.0.0
version 2: Dar9586-NClientV2-2.0.0
compilation unit: 0162-Dar9586-NClientV2-2.4.8/app/src/main/java/com/dar/nclientv2/adapters/LocalAdapter.java
method: triggerPauseDownload(GalleryDownloaderV2)
constraints in Dar9586-NClientV2-1.0.0
	AndroidXNonNull condition: "" , add info: -
constraints in Dar9586-NClientV2-2.0.0

CANNOT_BE_CLASSIFIED
version 1: Dar9586-NClientV2-1.0.0
version 2: Dar9586-NClientV2-2.0.0
compilation unit: 0162-Dar9586-NClientV2-2.4.8/app/src/main/java/com/dar/nclientv2/api/components/Gallery.java
method: -
constraints in Dar9586-NClientV2-1.0.0
	AndroidXNonNull condition: "" , add info: -
constraints in Dar9586-NClientV2-2.0.0

CANNOT_BE_CLASSIFIED
version 1: Dar9586-NClientV2-1.0.0
version 2: Dar9586-NClientV2-2.0.0
compilation unit: 0162-Dar9586-NClientV2-2.4.8/app/src/main/java/com/dar/nclientv2/api/components/GalleryData.java
method: -
constraints in Dar9586-NClientV2-1.0.0
	AndroidXNonNull condition: "" , add info: -
	AndroidXNonNull condition: "" , add info: -
	AndroidXNonNull condition: "" , add info: -
	AndroidXNonNull condition: "" , add info: -
	AndroidXNonNull condition: "" , add info: -
constraints in Dar9586-NClientV2-2.0.0

CANNOT_BE_CLASSIFIED
version 1: Dar9586-NClientV2-1.0.0
version 2: Dar9586-NClientV2-2.0.0
compilation unit: 0162-Dar9586-NClientV2-2.4.8/app/src/main/java/com/dar/nclientv2/api/enums/SortType.java
method: -
constraints in Dar9586-NClientV2-1.0.0
	AndroidXNullable condition: "" , add info: -
constraints in Dar9586-NClientV2-2.0.0

CANNOT_BE_CLASSIFIED
version 1: Dar9586-NClientV2-1.0.0
version 2: Dar9586-NClientV2-2.0.0
compilation unit: 0162-Dar9586-NClientV2-2.4.8/app/src/main/java/com/dar/nclientv2/api/local/LocalGallery.java
method: -
constraints in Dar9586-NClientV2-1.0.0
	AndroidXNonNull condition: "" , add info: -
	AndroidXNonNull condition: "" , add info: -
	AndroidXNonNull condition: "" , add info: -
constraints in Dar9586-NClientV2-2.0.0

CANNOT_BE_CLASSIFIED
version 1: Dar9586-NClientV2-1.0.0
version 2: Dar9586-NClientV2-2.0.0
compilation unit: 0162-Dar9586-NClientV2-2.4.8/app/src/main/java/com/dar/nclientv2/async/CreatePDF.java
method: -
constraints in Dar9586-NClientV2-1.0.0
	AndroidTargetApi condition: "19" , add info: -
constraints in Dar9586-NClientV2-2.0.0

CANNOT_BE_CLASSIFIED
version 1: Dar9586-NClientV2-1.0.0
version 2: Dar9586-NClientV2-2.0.0
compilation unit: 0162-Dar9586-NClientV2-2.4.8/app/src/main/java/com/dar/nclientv2/GalleryActivity.java
method: -
constraints in Dar9586-NClientV2-1.0.0
	AndroidXNonNull condition: "" , add info: -
constraints in Dar9586-NClientV2-2.0.0

CANNOT_BE_CLASSIFIED
version 1: Dar9586-NClientV2-1.0.0
version 2: Dar9586-NClientV2-2.0.0
compilation unit: 0162-Dar9586-NClientV2-2.4.8/app/src/main/java/com/dar/nclientv2/loginapi/LoadTags.java
method: -
constraints in Dar9586-NClientV2-1.0.0
	AndroidXNullable condition: "" , add info: -
constraints in Dar9586-NClientV2-2.0.0

CANNOT_BE_CLASSIFIED
version 1: Dar9586-NClientV2-1.0.0
version 2: Dar9586-NClientV2-2.0.0
compilation unit: 0162-Dar9586-NClientV2-2.4.8/app/src/main/java/com/dar/nclientv2/loginapi/LoginThread.java
method: responseCode(int)
constraints in Dar9586-NClientV2-1.0.0
	AndroidXNullable condition: "" , add info: -
constraints in Dar9586-NClientV2-2.0.0

CANNOT_BE_CLASSIFIED
version 1: Dar9586-NClientV2-1.0.0
version 2: Dar9586-NClientV2-2.0.0
compilation unit: 0162-Dar9586-NClientV2-2.4.8/app/src/main/java/com/dar/nclientv2/SearchActivity.java
method: onCreate(Bundle)
constraints in Dar9586-NClientV2-1.0.0
	JavaAssert condition: "getSupportActionBar() != null" , add info: -
constraints in Dar9586-NClientV2-2.0.0

CANNOT_BE_CLASSIFIED
version 1: Dar9586-NClientV2-1.0.0
version 2: Dar9586-NClientV2-2.0.0
compilation unit: 0162-Dar9586-NClientV2-2.4.8/app/src/main/java/com/dar/nclientv2/settings/Database.java
method: -
constraints in Dar9586-NClientV2-1.0.0
	AndroidXNonNull condition: "" , add info: -
constraints in Dar9586-NClientV2-2.0.0

CANNOT_BE_CLASSIFIED
version 1: Dar9586-NClientV2-1.0.0
version 2: Dar9586-NClientV2-2.0.0
compilation unit: 0162-Dar9586-NClientV2-2.4.8/app/src/main/java/com/dar/nclientv2/settings/DefaultDialogs.java
method: negative()
constraints in Dar9586-NClientV2-1.0.0
	AndroidXStringRes condition: "" , add info: -
	AndroidXDrawableRes condition: "" , add info: -
constraints in Dar9586-NClientV2-2.0.0

CANNOT_BE_CLASSIFIED
version 1: Dar9586-NClientV2-1.0.0
version 2: Dar9586-NClientV2-2.0.0
compilation unit: 0162-Dar9586-NClientV2-2.4.8/app/src/main/java/com/dar/nclientv2/settings/Global.java
method: initLanguage(Context)
constraints in Dar9586-NClientV2-1.0.0
	JavaAssert condition: "x != null" , add info: -
constraints in Dar9586-NClientV2-2.0.0

CANNOT_BE_CLASSIFIED
version 1: Dar9586-NClientV2-1.0.0
version 2: Dar9586-NClientV2-2.0.0
compilation unit: 0162-Dar9586-NClientV2-2.4.8/app/src/main/java/com/dar/nclientv2/utility/CSRFGet.java
method: onError(Exception)
constraints in Dar9586-NClientV2-1.0.0
	AndroidXNullable condition: "" , add info: -
constraints in Dar9586-NClientV2-2.0.0

CANNOT_BE_CLASSIFIED
version 1: Dar9586-NClientV2-1.0.0
version 2: Dar9586-NClientV2-2.0.0
compilation unit: 0162-Dar9586-NClientV2-2.4.8/app/src/main/java/com/dar/nclientv2/ZoomActivity.java
method: -
constraints in Dar9586-NClientV2-1.0.0
	AndroidTargetApi condition: "16" , add info: -
	AndroidTargetApi condition: "16" , add info: -
constraints in Dar9586-NClientV2-2.0.0

CANNOT_BE_CLASSIFIED
version 1: GEANT-CAT_Android-1.0.0
version 2: GEANT-CAT_Android-2.0.0
compilation unit: 0214-GEANT-CAT_Android-v1.2.7/src/uk/ac/swansea/eduroamcat/WifiConfigAPI18.java
method: -
constraints in GEANT-CAT_Android-1.0.0
	AndroidTargetApi condition: "18" , add info: -
constraints in GEANT-CAT_Android-2.0.0

CANNOT_BE_CLASSIFIED
version 1: HappyPeng2x-SumatoraDictionary-1.0.0
version 2: HappyPeng2x-SumatoraDictionary-2.0.0
compilation unit: 0250-HappyPeng2x-SumatoraDictionary-v0.3.0/app/src/main/java/org/happypeng/sumatora/android/sumatoradictionary/db/DictionaryControl.java
method: DictionaryControl(String, long)
constraints in HappyPeng2x-SumatoraDictionary-1.0.0
	AndroidXNonNull condition: "" , add info: -
constraints in HappyPeng2x-SumatoraDictionary-2.0.0

CANNOT_BE_CLASSIFIED
version 1: HappyPeng2x-SumatoraDictionary-1.0.0
version 2: HappyPeng2x-SumatoraDictionary-2.0.0
compilation unit: 0250-HappyPeng2x-SumatoraDictionary-v0.3.0/app/src/main/java/org/happypeng/sumatora/android/sumatoradictionary/db/DictionaryEntry.java
method: -
constraints in HappyPeng2x-SumatoraDictionary-1.0.0
	AndroidXNonNull condition: "" , add info: -
constraints in HappyPeng2x-SumatoraDictionary-2.0.0

CANNOT_BE_CLASSIFIED
version 1: M66B-FairEmail-1.0.0
version 2: M66B-FairEmail-2.0.0
compilation unit: 0046-M66B-FairEmail-1.1530/app/src/main/java/androidx/lifecycle/ComputableLiveData.java
method: -
constraints in M66B-FairEmail-1.0.0
	AndroidXRestrictTo condition: "RestrictTo.Scope.LIBRARY_GROUP_PREFIX" , add info: -
constraints in M66B-FairEmail-2.0.0

CANNOT_BE_CLASSIFIED
version 1: M66B-FairEmail-1.0.0
version 2: M66B-FairEmail-2.0.0
compilation unit: 0046-M66B-FairEmail-1.1530/app/src/main/java/androidx/lifecycle/LiveData.java
method: hasActiveObservers()
constraints in M66B-FairEmail-1.0.0
	AndroidXNonNull condition: "" , add info: -
constraints in M66B-FairEmail-2.0.0

CANNOT_BE_CLASSIFIED
version 1: M66B-FairEmail-1.0.0
version 2: M66B-FairEmail-2.0.0
compilation unit: 0046-M66B-FairEmail-1.1530/app/src/main/java/androidx/paging/ContiguousPagedList.java
method: -
constraints in M66B-FairEmail-1.0.0
	AndroidXIntDef condition: "{ READY_TO_FETCH, FETCHING, DONE_FETCHING }" , add info: -
constraints in M66B-FairEmail-2.0.0

CANNOT_BE_CLASSIFIED
version 1: M66B-FairEmail-1.0.0
version 2: M66B-FairEmail-2.0.0
compilation unit: 0046-M66B-FairEmail-1.1530/app/src/main/java/androidx/paging/ItemKeyedDataSource.java
method: -
constraints in M66B-FairEmail-1.0.0
	AndroidXNullable condition: "" , add info: -
constraints in M66B-FairEmail-2.0.0

CANNOT_BE_CLASSIFIED
version 1: M66B-FairEmail-1.0.0
version 2: M66B-FairEmail-2.0.0
compilation unit: 0046-M66B-FairEmail-1.1530/app/src/main/java/androidx/paging/LivePagedListBuilder.java
method: -
constraints in M66B-FairEmail-1.0.0
	AndroidSuppressLint condition: ""RestrictedApi"" , add info: -
constraints in M66B-FairEmail-2.0.0

CANNOT_BE_CLASSIFIED
version 1: M66B-FairEmail-1.0.0
version 2: M66B-FairEmail-2.0.0
compilation unit: 0046-M66B-FairEmail-1.1530/app/src/main/java/androidx/paging/PagedList.java
method: -
constraints in M66B-FairEmail-1.0.0
	AndroidXNonNull condition: "" , add info: -
	AndroidXNonNull condition: "" , add info: -
	AndroidXNullable condition: "" , add info: -
	AndroidXNonNull condition: "" , add info: -
	AndroidXNonNull condition: "" , add info: -
constraints in M66B-FairEmail-2.0.0

CANNOT_BE_CLASSIFIED
version 1: M66B-FairEmail-1.0.0
version 2: M66B-FairEmail-2.0.0
compilation unit: 0046-M66B-FairEmail-1.1530/app/src/main/java/androidx/paging/PageKeyedDataSource.java
method: -
constraints in M66B-FairEmail-1.0.0
	AndroidXNullable condition: "" , add info: -
	AndroidXGuardedBy condition: ""mKeyLock"" , add info: -
	AndroidXNullable condition: "" , add info: -
	AndroidXGuardedBy condition: ""mKeyLock"" , add info: -
constraints in M66B-FairEmail-2.0.0

CANNOT_BE_CLASSIFIED
version 1: M66B-FairEmail-1.0.0
version 2: M66B-FairEmail-2.0.0
compilation unit: 0046-M66B-FairEmail-1.1530/app/src/main/java/androidx/paging/PageKeyedDataSource.java
method: LoadInitialParams(int, boolean)
constraints in M66B-FairEmail-1.0.0
	AndroidXNonNull condition: "" , add info: -
constraints in M66B-FairEmail-2.0.0

CANNOT_BE_CLASSIFIED
version 1: M66B-FairEmail-1.0.0
version 2: M66B-FairEmail-2.0.0
compilation unit: 0046-M66B-FairEmail-1.1530/app/src/main/java/androidx/paging/PageResult.java
method: -
constraints in M66B-FairEmail-1.0.0
	AndroidXIntDef condition: "{ INIT, APPEND, PREPEND, TILE }" , add info: -
	AndroidXNonNull condition: "" , add info: -
constraints in M66B-FairEmail-2.0.0

CANNOT_BE_CLASSIFIED
version 1: M66B-FairEmail-1.0.0
version 2: M66B-FairEmail-2.0.0
compilation unit: 0046-M66B-FairEmail-1.1530/app/src/main/java/androidx/paging/TiledDataSource.java
method: -
constraints in M66B-FairEmail-1.0.0
	AndroidXRestrictTo condition: "RestrictTo.Scope.LIBRARY_GROUP" , add info: -
constraints in M66B-FairEmail-2.0.0

CANNOT_BE_CLASSIFIED
version 1: M66B-FairEmail-1.0.0
version 2: M66B-FairEmail-2.0.0
compilation unit: 0046-M66B-FairEmail-1.1530/app/src/main/java/androidx/recyclerview/selection/AutoScroller.java
method: -
constraints in M66B-FairEmail-1.0.0
	AndroidXRestrictTo condition: "LIBRARY" , add info: -
	AndroidXVisibleForTesting condition: "[otherwise = PACKAGE_PRIVATE]" , add info: -
constraints in M66B-FairEmail-2.0.0

CANNOT_BE_CLASSIFIED
version 1: M66B-FairEmail-1.0.0
version 2: M66B-FairEmail-2.0.0
compilation unit: 0046-M66B-FairEmail-1.1530/app/src/main/java/androidx/recyclerview/selection/BandSelectionHelper.java
method: -
constraints in M66B-FairEmail-1.0.0
	AndroidXNullable condition: "" , add info: -
	AndroidXNullable condition: "" , add info: -
	AndroidXNullable condition: "" , add info: -
constraints in M66B-FairEmail-2.0.0

CANNOT_BE_CLASSIFIED
version 1: M66B-FairEmail-1.0.0
version 2: M66B-FairEmail-2.0.0
compilation unit: 0046-M66B-FairEmail-1.1530/app/src/main/java/androidx/recyclerview/selection/DefaultSelectionTracker.java
method: -
constraints in M66B-FairEmail-1.0.0
	AndroidXRestrictTo condition: "LIBRARY" , add info: -
	AndroidXNullable condition: "" , add info: -
constraints in M66B-FairEmail-2.0.0

CANNOT_BE_CLASSIFIED
version 1: M66B-FairEmail-1.0.0
version 2: M66B-FairEmail-2.0.0
compilation unit: 0046-M66B-FairEmail-1.1530/app/src/main/java/androidx/recyclerview/selection/EventBridge.java
method: -
constraints in M66B-FairEmail-1.0.0
	AndroidXRestrictTo condition: "LIBRARY" , add info: -
	AndroidXVisibleForTesting condition: "[otherwise = PACKAGE_PRIVATE]" , add info: -
constraints in M66B-FairEmail-2.0.0

CANNOT_BE_CLASSIFIED
version 1: M66B-FairEmail-1.0.0
version 2: M66B-FairEmail-2.0.0
compilation unit: 0046-M66B-FairEmail-1.1530/app/src/main/java/androidx/recyclerview/selection/GestureSelectionHelper.java
method: isResetRequired()
constraints in M66B-FairEmail-1.0.0
	AndroidXVisibleForTesting condition: "" , add info: -
	AndroidXVisibleForTesting condition: "" , add info: -
constraints in M66B-FairEmail-2.0.0

CANNOT_BE_CLASSIFIED
version 1: M66B-FairEmail-1.0.0
version 2: M66B-FairEmail-2.0.0
compilation unit: 0046-M66B-FairEmail-1.1530/app/src/main/java/androidx/recyclerview/selection/ItemKeyProvider.java
method: -
constraints in M66B-FairEmail-1.0.0
	AndroidXIntDef condition: "{ SCOPE_MAPPED, SCOPE_CACHED }" , add info: -
constraints in M66B-FairEmail-2.0.0

CANNOT_BE_CLASSIFIED
version 1: M66B-FairEmail-1.0.0
version 2: M66B-FairEmail-2.0.0
compilation unit: 0046-M66B-FairEmail-1.1530/app/src/main/java/androidx/recyclerview/selection/Range.java
method: -
constraints in M66B-FairEmail-1.0.0
	AndroidXIntDef condition: "{ TYPE_PRIMARY, TYPE_PROVISIONAL }" , add info: -
constraints in M66B-FairEmail-2.0.0

CANNOT_BE_CLASSIFIED
version 1: M66B-FairEmail-1.0.0
version 2: M66B-FairEmail-2.0.0
compilation unit: 0046-M66B-FairEmail-1.1530/app/src/main/java/androidx/recyclerview/selection/Resettable.java
method: -
constraints in M66B-FairEmail-1.0.0
	AndroidXRestrictTo condition: "LIBRARY" , add info: -
constraints in M66B-FairEmail-2.0.0

CANNOT_BE_CLASSIFIED
version 1: M66B-FairEmail-1.0.0
version 2: M66B-FairEmail-2.0.0
compilation unit: 0046-M66B-FairEmail-1.1530/app/src/main/java/androidx/recyclerview/selection/SelectionTracker.java
method: run()
constraints in M66B-FairEmail-1.0.0
	AndroidXNullable condition: "" , add info: -
constraints in M66B-FairEmail-2.0.0

CANNOT_BE_CLASSIFIED
version 1: M66B-FairEmail-1.0.0
version 2: M66B-FairEmail-2.0.0
compilation unit: 0046-M66B-FairEmail-1.1530/app/src/main/java/androidx/recyclerview/selection/StorageStrategy.java
method: -
constraints in M66B-FairEmail-1.0.0
	AndroidXVisibleForTesting condition: "" , add info: -
	AndroidXVisibleForTesting condition: "" , add info: -
constraints in M66B-FairEmail-2.0.0

CANNOT_BE_CLASSIFIED
version 1: M66B-FairEmail-1.0.0
version 2: M66B-FairEmail-2.0.0
compilation unit: 0046-M66B-FairEmail-1.1530/app/src/main/java/androidx/recyclerview/selection/ViewAutoScroller.java
method: -
constraints in M66B-FairEmail-1.0.0
	AndroidXNullable condition: "" , add info: -
	AndroidXNullable condition: "" , add info: -
constraints in M66B-FairEmail-2.0.0

CANNOT_BE_CLASSIFIED
version 1: M66B-FairEmail-1.0.0
version 2: M66B-FairEmail-2.0.0
compilation unit: 0046-M66B-FairEmail-1.1530/app/src/main/java/androidx/recyclerview/widget/FastScrollerEx.java
method: -
constraints in M66B-FairEmail-1.0.0
	AndroidXIntDef condition: "{ STATE_HIDDEN, STATE_VISIBLE, STATE_DRAGGING }" , add info: -
	AndroidXIntDef condition: "{ DRAG_X, DRAG_Y, DRAG_NONE }" , add info: -
	AndroidXIntDef condition: "{ ANIMATION_STATE_OUT, ANIMATION_STATE_FADING_IN, ANIMATION_STATE_IN, ANIMATION_STATE_FADING_OUT }" , add info: -
	AndroidXVisibleForTesting condition: "" , add info: -
	AndroidXVisibleForTesting condition: "" , add info: -
	AndroidXVisibleForTesting condition: "" , add info: -
	AndroidXVisibleForTesting condition: "" , add info: -
	AndroidXVisibleForTesting condition: "" , add info: -
	AndroidXVisibleForTesting condition: "" , add info: -
constraints in M66B-FairEmail-2.0.0

CANNOT_BE_CLASSIFIED
version 1: M66B-FairEmail-1.0.0
version 2: M66B-FairEmail-2.0.0
compilation unit: 0046-M66B-FairEmail-1.1530/app/src/main/java/androidx/room/AutoCloser.java
method: -
constraints in M66B-FairEmail-1.0.0
	AndroidXNullable condition: "" , add info: -
	AndroidXNonNull condition: "" , add info: -
	AndroidXNullable condition: "" , add info: -
	AndroidXNonNull condition: "" , add info: -
	AndroidXNonNull condition: "" , add info: -
	AndroidXGuardedBy condition: ""mLock"" , add info: -
	AndroidXGuardedBy condition: ""mLock"" , add info: -
	AndroidXGuardedBy condition: ""mLock"" , add info: -
	AndroidXNullable condition: "" , add info: -
constraints in M66B-FairEmail-2.0.0

CANNOT_BE_CLASSIFIED
version 1: M66B-FairEmail-1.0.0
version 2: M66B-FairEmail-2.0.0
compilation unit: 0046-M66B-FairEmail-1.1530/app/src/main/java/androidx/room/AutoClosingRoomOpenHelper.java
method: -
constraints in M66B-FairEmail-1.0.0
	AndroidXNonNull condition: "" , add info: -
	AndroidXNonNull condition: "" , add info: -
	AndroidXNonNull condition: "" , add info: -
constraints in M66B-FairEmail-2.0.0

CANNOT_BE_CLASSIFIED
version 1: M66B-FairEmail-1.0.0
version 2: M66B-FairEmail-2.0.0
compilation unit: 0046-M66B-FairEmail-1.1530/app/src/main/java/androidx/room/AutoClosingRoomOpenHelperFactory.java
method: -
constraints in M66B-FairEmail-1.0.0
	AndroidXNonNull condition: "" , add info: -
	AndroidXNonNull condition: "" , add info: -
constraints in M66B-FairEmail-2.0.0

CANNOT_BE_CLASSIFIED
version 1: M66B-FairEmail-1.0.0
version 2: M66B-FairEmail-2.0.0
compilation unit: 0046-M66B-FairEmail-1.1530/app/src/main/java/androidx/room/DatabaseConfiguration.java
method: -
constraints in M66B-FairEmail-1.0.0
	AndroidXNonNull condition: "" , add info: -
	AndroidXNonNull condition: "" , add info: -
	AndroidXNullable condition: "" , add info: -
	AndroidXNonNull condition: "" , add info: -
	AndroidXNullable condition: "" , add info: -
	AndroidXNullable condition: "" , add info: -
	AndroidXNonNull condition: "" , add info: -
	AndroidXNonNull condition: "" , add info: -
	AndroidXNonNull condition: "" , add info: -
	AndroidXNullable condition: "" , add info: -
	AndroidXNullable condition: "" , add info: -
	AndroidXNullable condition: "" , add info: -
constraints in M66B-FairEmail-2.0.0

CANNOT_BE_CLASSIFIED
version 1: M66B-FairEmail-1.0.0
version 2: M66B-FairEmail-2.0.0
compilation unit: 0046-M66B-FairEmail-1.1530/app/src/main/java/androidx/room/EntityDeletionOrUpdateAdapter.java
method: -
constraints in M66B-FairEmail-1.0.0
	AndroidXRestrictTo condition: "RestrictTo.Scope.LIBRARY_GROUP_PREFIX" , add info: -
constraints in M66B-FairEmail-2.0.0

CANNOT_BE_CLASSIFIED
version 1: M66B-FairEmail-1.0.0
version 2: M66B-FairEmail-2.0.0
compilation unit: 0046-M66B-FairEmail-1.1530/app/src/main/java/androidx/room/EntityInsertionAdapter.java
method: -
constraints in M66B-FairEmail-1.0.0
	AndroidXRestrictTo condition: "RestrictTo.Scope.LIBRARY_GROUP_PREFIX" , add info: -
constraints in M66B-FairEmail-2.0.0

CANNOT_BE_CLASSIFIED
version 1: M66B-FairEmail-1.0.0
version 2: M66B-FairEmail-2.0.0
compilation unit: 0046-M66B-FairEmail-1.1530/app/src/main/java/androidx/room/InvalidationLiveDataContainer.java
method: -
constraints in M66B-FairEmail-1.0.0
	AndroidXVisibleForTesting condition: "" , add info: -
constraints in M66B-FairEmail-2.0.0

CANNOT_BE_CLASSIFIED
version 1: M66B-FairEmail-1.0.0
version 2: M66B-FairEmail-2.0.0
compilation unit: 0046-M66B-FairEmail-1.1530/app/src/main/java/androidx/room/InvalidationTracker.java
method: -
constraints in M66B-FairEmail-1.0.0
	AndroidSuppressLint condition: ""RestrictedApi"" , add info: -
	AndroidXVisibleForTesting condition: "" , add info: -
	AndroidXVisibleForTesting condition: "" , add info: -
	AndroidXNonNull condition: "" , add info: -
	AndroidXNonNull condition: "" , add info: -
	AndroidXNullable condition: "" , add info: -
	AndroidXVisibleForTesting condition: "" , add info: -
constraints in M66B-FairEmail-2.0.0

CANNOT_BE_CLASSIFIED
version 1: M66B-FairEmail-1.0.0
version 2: M66B-FairEmail-2.0.0
compilation unit: 0046-M66B-FairEmail-1.1530/app/src/main/java/androidx/room/InvalidationTracker.java
method: InvalidationTracker(RoomDatabase, String)
constraints in M66B-FairEmail-1.0.0
	AndroidXRestrictTo condition: "RestrictTo.Scope.LIBRARY_GROUP_PREFIX" , add info: -
constraints in M66B-FairEmail-2.0.0

CANNOT_BE_CLASSIFIED
version 1: M66B-FairEmail-1.0.0
version 2: M66B-FairEmail-2.0.0
compilation unit: 0046-M66B-FairEmail-1.1530/app/src/main/java/androidx/room/InvalidationTracker.java
method: InvalidationTracker(RoomDatabase, Map<String, String>, Map<String, Set<String>>, String)
constraints in M66B-FairEmail-1.0.0
	AndroidXRestrictTo condition: "RestrictTo.Scope.LIBRARY_GROUP_PREFIX" , add info: -
constraints in M66B-FairEmail-2.0.0

CANNOT_BE_CLASSIFIED
version 1: M66B-FairEmail-1.0.0
version 2: M66B-FairEmail-2.0.0
compilation unit: 0046-M66B-FairEmail-1.1530/app/src/main/java/androidx/room/MultiInstanceInvalidationClient.java
method: -
constraints in M66B-FairEmail-1.0.0
	AndroidXNullable condition: "" , add info: -
constraints in M66B-FairEmail-2.0.0

CANNOT_BE_CLASSIFIED
version 1: M66B-FairEmail-1.0.0
version 2: M66B-FairEmail-2.0.0
compilation unit: 0046-M66B-FairEmail-1.1530/app/src/main/java/androidx/room/MultiInstanceInvalidationService.java
method: -
constraints in M66B-FairEmail-1.0.0
	AndroidXRestrictTo condition: "RestrictTo.Scope.LIBRARY_GROUP_PREFIX" , add info: -
constraints in M66B-FairEmail-2.0.0

CANNOT_BE_CLASSIFIED
version 1: M66B-FairEmail-1.0.0
version 2: M66B-FairEmail-2.0.0
compilation unit: 0046-M66B-FairEmail-1.1530/app/src/main/java/androidx/room/paging/LimitOffsetDataSource.java
method: -
constraints in M66B-FairEmail-1.0.0
	AndroidXRestrictTo condition: "RestrictTo.Scope.LIBRARY_GROUP_PREFIX" , add info: -
constraints in M66B-FairEmail-2.0.0

CANNOT_BE_CLASSIFIED
version 1: M66B-FairEmail-1.0.0
version 2: M66B-FairEmail-2.0.0
compilation unit: 0046-M66B-FairEmail-1.1530/app/src/main/java/androidx/room/RoomDatabase.java
method: -
constraints in M66B-FairEmail-1.0.0
	AndroidXRestrictTo condition: "RestrictTo.Scope.LIBRARY_GROUP_PREFIX" , add info: -
	AndroidXRestrictTo condition: "RestrictTo.Scope.LIBRARY_GROUP_PREFIX" , add info: -
	AndroidXNullable condition: "" , add info: -
	AndroidXNullable condition: "" , add info: -
constraints in M66B-FairEmail-2.0.0

CANNOT_BE_CLASSIFIED
version 1: M66B-FairEmail-1.0.0
version 2: M66B-FairEmail-2.0.0
compilation unit: 0046-M66B-FairEmail-1.1530/app/src/main/java/androidx/room/RoomDatabase.java
method: inTransaction()
constraints in M66B-FairEmail-1.0.0
	AndroidXRequiresApi condition: "Build.VERSION_CODES.JELLY_BEAN" , add info: -
constraints in M66B-FairEmail-2.0.0

CANNOT_BE_CLASSIFIED
version 1: M66B-FairEmail-1.0.0
version 2: M66B-FairEmail-2.0.0
compilation unit: 0046-M66B-FairEmail-1.1530/app/src/main/java/androidx/room/RoomOpenHelper.java
method: -
constraints in M66B-FairEmail-1.0.0
	AndroidXRestrictTo condition: "RestrictTo.Scope.LIBRARY_GROUP_PREFIX" , add info: -
	AndroidXNullable condition: "" , add info: -
	AndroidXNonNull condition: "" , add info: -
	AndroidXNonNull condition: "" , add info: -
	AndroidXNonNull condition: "" , add info: -
constraints in M66B-FairEmail-2.0.0

CANNOT_BE_CLASSIFIED
version 1: M66B-FairEmail-1.0.0
version 2: M66B-FairEmail-2.0.0
compilation unit: 0046-M66B-FairEmail-1.1530/app/src/main/java/androidx/room/RoomOpenHelper.java
method: onOpen(SupportSQLiteDatabase)
constraints in M66B-FairEmail-1.0.0
	AndroidXRestrictTo condition: "RestrictTo.Scope.LIBRARY_GROUP_PREFIX" , add info: -
constraints in M66B-FairEmail-2.0.0

CANNOT_BE_CLASSIFIED
version 1: M66B-FairEmail-1.0.0
version 2: M66B-FairEmail-2.0.0
compilation unit: 0046-M66B-FairEmail-1.1530/app/src/main/java/androidx/room/RoomOpenHelper.java
method: onPostMigrate(SupportSQLiteDatabase)
constraints in M66B-FairEmail-1.0.0
	AndroidXRestrictTo condition: "RestrictTo.Scope.LIBRARY_GROUP_PREFIX" , add info: -
	AndroidXNullable condition: "" , add info: -
constraints in M66B-FairEmail-2.0.0

CANNOT_BE_CLASSIFIED
version 1: M66B-FairEmail-1.0.0
version 2: M66B-FairEmail-2.0.0
compilation unit: 0046-M66B-FairEmail-1.1530/app/src/main/java/androidx/room/RoomSQLiteQuery.java
method: -
constraints in M66B-FairEmail-1.0.0
	AndroidXRestrictTo condition: "RestrictTo.Scope.LIBRARY_GROUP_PREFIX" , add info: -
	AndroidXVisibleForTesting condition: "" , add info: -
	AndroidXVisibleForTesting condition: "" , add info: -
	AndroidXVisibleForTesting condition: "" , add info: -
	AndroidXVisibleForTesting condition: "" , add info: -
	AndroidXVisibleForTesting condition: "" , add info: -
	AndroidXVisibleForTesting condition: "" , add info: -
	AndroidXVisibleForTesting condition: "" , add info: -
	AndroidXVisibleForTesting condition: "" , add info: -
	AndroidXVisibleForTesting condition: "" , add info: -
constraints in M66B-FairEmail-2.0.0

CANNOT_BE_CLASSIFIED
version 1: M66B-FairEmail-1.0.0
version 2: M66B-FairEmail-2.0.0
compilation unit: 0046-M66B-FairEmail-1.1530/app/src/main/java/androidx/room/RoomSQLiteQuery.java
method: clearBindings()
constraints in M66B-FairEmail-1.0.0
	AndroidXIntDef condition: "{ NULL, LONG, DOUBLE, STRING, BLOB }" , add info: -
constraints in M66B-FairEmail-2.0.0

CANNOT_BE_CLASSIFIED
version 1: M66B-FairEmail-1.0.0
version 2: M66B-FairEmail-2.0.0
compilation unit: 0046-M66B-FairEmail-1.1530/app/src/main/java/androidx/room/SharedSQLiteStatement.java
method: -
constraints in M66B-FairEmail-1.0.0
	AndroidXRestrictTo condition: "RestrictTo.Scope.LIBRARY_GROUP_PREFIX" , add info: -
constraints in M66B-FairEmail-2.0.0

CANNOT_BE_CLASSIFIED
version 1: M66B-FairEmail-1.0.0
version 2: M66B-FairEmail-2.0.0
compilation unit: 0046-M66B-FairEmail-1.1530/app/src/main/java/androidx/room/SQLiteCopyOpenHelper.java
method: -
constraints in M66B-FairEmail-1.0.0
	AndroidXNonNull condition: "" , add info: -
	AndroidXNullable condition: "" , add info: -
	AndroidXNullable condition: "" , add info: -
	AndroidXNullable condition: "" , add info: -
	AndroidXNonNull condition: "" , add info: -
	AndroidXNullable condition: "" , add info: -
constraints in M66B-FairEmail-2.0.0

CANNOT_BE_CLASSIFIED
version 1: M66B-FairEmail-1.0.0
version 2: M66B-FairEmail-2.0.0
compilation unit: 0046-M66B-FairEmail-1.1530/app/src/main/java/androidx/room/SQLiteCopyOpenHelperFactory.java
method: -
constraints in M66B-FairEmail-1.0.0
	AndroidXNullable condition: "" , add info: -
	AndroidXNullable condition: "" , add info: -
	AndroidXNullable condition: "" , add info: -
	AndroidXNonNull condition: "" , add info: -
constraints in M66B-FairEmail-2.0.0

CANNOT_BE_CLASSIFIED
version 1: M66B-FairEmail-1.0.0
version 2: M66B-FairEmail-2.0.0
compilation unit: 0046-M66B-FairEmail-1.1530/app/src/main/java/androidx/room/util/CopyLock.java
method: -
constraints in M66B-FairEmail-1.0.0
	AndroidXRestrictTo condition: "RestrictTo.Scope.LIBRARY_GROUP_PREFIX" , add info: -
constraints in M66B-FairEmail-2.0.0

CANNOT_BE_CLASSIFIED
version 1: M66B-FairEmail-1.0.0
version 2: M66B-FairEmail-2.0.0
compilation unit: 0046-M66B-FairEmail-1.1530/app/src/main/java/androidx/room/util/CursorUtil.java
method: -
constraints in M66B-FairEmail-1.0.0
	AndroidXRestrictTo condition: "RestrictTo.Scope.LIBRARY_GROUP_PREFIX" , add info: -
constraints in M66B-FairEmail-2.0.0

CANNOT_BE_CLASSIFIED
version 1: M66B-FairEmail-1.0.0
version 2: M66B-FairEmail-2.0.0
compilation unit: 0046-M66B-FairEmail-1.1530/app/src/main/java/androidx/room/util/DBUtil.java
method: -
constraints in M66B-FairEmail-1.0.0
	AndroidXRestrictTo condition: "RestrictTo.Scope.LIBRARY_GROUP_PREFIX" , add info: -
constraints in M66B-FairEmail-2.0.0

CANNOT_BE_CLASSIFIED
version 1: M66B-FairEmail-1.0.0
version 2: M66B-FairEmail-2.0.0
compilation unit: 0046-M66B-FairEmail-1.1530/app/src/main/java/androidx/room/util/FileUtil.java
method: -
constraints in M66B-FairEmail-1.0.0
	AndroidXRestrictTo condition: "RestrictTo.Scope.LIBRARY_GROUP_PREFIX" , add info: -
constraints in M66B-FairEmail-2.0.0

CANNOT_BE_CLASSIFIED
version 1: M66B-FairEmail-1.0.0
version 2: M66B-FairEmail-2.0.0
compilation unit: 0046-M66B-FairEmail-1.1530/app/src/main/java/androidx/room/util/FtsTableInfo.java
method: -
constraints in M66B-FairEmail-1.0.0
	AndroidXRestrictTo condition: "RestrictTo.Scope.LIBRARY_GROUP_PREFIX" , add info: -
constraints in M66B-FairEmail-2.0.0

CANNOT_BE_CLASSIFIED
version 1: M66B-FairEmail-1.0.0
version 2: M66B-FairEmail-2.0.0
compilation unit: 0046-M66B-FairEmail-1.1530/app/src/main/java/androidx/room/util/SneakyThrow.java
method: -
constraints in M66B-FairEmail-1.0.0
	AndroidXRestrictTo condition: "RestrictTo.Scope.LIBRARY_GROUP" , add info: -
constraints in M66B-FairEmail-2.0.0

CANNOT_BE_CLASSIFIED
version 1: M66B-FairEmail-1.0.0
version 2: M66B-FairEmail-2.0.0
compilation unit: 0046-M66B-FairEmail-1.1530/app/src/main/java/androidx/room/util/StringUtil.java
method: -
constraints in M66B-FairEmail-1.0.0
	AndroidXRestrictTo condition: "RestrictTo.Scope.LIBRARY_GROUP_PREFIX" , add info: -
constraints in M66B-FairEmail-2.0.0

CANNOT_BE_CLASSIFIED
version 1: M66B-FairEmail-1.0.0
version 2: M66B-FairEmail-2.0.0
compilation unit: 0046-M66B-FairEmail-1.1530/app/src/main/java/androidx/room/util/TableInfo.java
method: -
constraints in M66B-FairEmail-1.0.0
	AndroidXRestrictTo condition: "RestrictTo.Scope.LIBRARY_GROUP_PREFIX" , add info: -
	AndroidXIntDef condition: "[value = { CREATED_FROM_UNKNOWN, CREATED_FROM_ENTITY, CREATED_FROM_DATABASE }]" , add info: -
	AndroidXNullable condition: "" , add info: -
constraints in M66B-FairEmail-2.0.0

CANNOT_BE_CLASSIFIED
version 1: M66B-FairEmail-1.0.0
version 2: M66B-FairEmail-2.0.0
compilation unit: 0046-M66B-FairEmail-1.1530/app/src/main/java/androidx/room/util/TableInfo.java
method: toString()
constraints in M66B-FairEmail-1.0.0
	AndroidXRestrictTo condition: "RestrictTo.Scope.LIBRARY_GROUP_PREFIX" , add info: -
	AndroidXNonNull condition: "" , add info: -
	AndroidXNonNull condition: "" , add info: -
	AndroidXNonNull condition: "" , add info: -
	AndroidXNonNull condition: "" , add info: -
	AndroidXNonNull condition: "" , add info: -
	AndroidXRestrictTo condition: "RestrictTo.Scope.LIBRARY_GROUP_PREFIX" , add info: -
constraints in M66B-FairEmail-2.0.0

CANNOT_BE_CLASSIFIED
version 1: M66B-FairEmail-1.0.0
version 2: M66B-FairEmail-2.0.0
compilation unit: 0046-M66B-FairEmail-1.1530/app/src/main/java/androidx/room/util/ViewInfo.java
method: -
constraints in M66B-FairEmail-1.0.0
	AndroidXRestrictTo condition: "RestrictTo.Scope.LIBRARY_GROUP_PREFIX" , add info: -
constraints in M66B-FairEmail-2.0.0

CANNOT_BE_CLASSIFIED
version 1: M66B-FairEmail-1.0.0
version 2: M66B-FairEmail-2.0.0
compilation unit: 0046-M66B-FairEmail-1.1530/app/src/main/java/com/sun/mail/auth/Ntlm.java
method: generateType1Msg(int,
constraints in M66B-FairEmail-1.0.0
	JavaAssert condition: "false" , add info: -
constraints in M66B-FairEmail-2.0.0

CANNOT_BE_CLASSIFIED
version 1: M66B-FairEmail-1.0.0
version 2: M66B-FairEmail-2.0.0
compilation unit: 0046-M66B-FairEmail-1.1530/app/src/main/java/com/sun/mail/auth/Ntlm.java
method: generateType3Msg(String)
constraints in M66B-FairEmail-1.0.0
	JavaAssert condition: "false" , add info: -
	JavaAssert condition: "false" , add info: -
constraints in M66B-FairEmail-2.0.0

CANNOT_BE_CLASSIFIED
version 1: M66B-FairEmail-1.0.0
version 2: M66B-FairEmail-2.0.0
compilation unit: 0046-M66B-FairEmail-1.1530/app/src/main/java/com/sun/mail/gimap/GmailFolder.java
method: setLabels(Message[],
constraints in M66B-FairEmail-1.0.0
	JavaAssert condition: "ip instanceof GmailProtocol" , add info: -
constraints in M66B-FairEmail-2.0.0

CANNOT_BE_CLASSIFIED
version 1: M66B-FairEmail-1.0.0
version 2: M66B-FairEmail-2.0.0
compilation unit: 0046-M66B-FairEmail-1.1530/app/src/main/java/com/sun/mail/gimap/GmailMessage.java
method: setLabels(String[],
constraints in M66B-FairEmail-1.0.0
	JavaAssert condition: "ip instanceof GmailProtocol" , add info: -
constraints in M66B-FairEmail-2.0.0

CANNOT_BE_CLASSIFIED
version 1: M66B-FairEmail-1.0.0
version 2: M66B-FairEmail-2.0.0
compilation unit: 0046-M66B-FairEmail-1.1530/app/src/main/java/com/sun/mail/imap/IMAPFolder.java
method: open(int,
constraints in M66B-FairEmail-1.0.0
	JavaAssert condition: "ir instanceof FetchResponse" , add info: "!ir instanceof FetchResponse"
constraints in M66B-FairEmail-2.0.0

CANNOT_BE_CLASSIFIED
version 1: M66B-FairEmail-1.0.0
version 2: M66B-FairEmail-2.0.0
compilation unit: 0046-M66B-FairEmail-1.1530/app/src/main/java/com/sun/mail/imap/IMAPFolder.java
method: handleResponse(Response)
constraints in M66B-FairEmail-1.0.0
	JavaAssert condition: "Thread.holdsLock(messageCacheLock)" , add info: -
	JavaAssert condition: "ir instanceof FetchResponse" , add info: "!ir instanceof FetchResponse"
constraints in M66B-FairEmail-2.0.0

CANNOT_BE_CLASSIFIED
version 1: M66B-FairEmail-1.0.0
version 2: M66B-FairEmail-2.0.0
compilation unit: 0046-M66B-FairEmail-1.1530/app/src/main/java/com/sun/mail/imap/IMAPFolder.java
method: getProtocol()
constraints in M66B-FairEmail-1.0.0
	JavaAssert condition: "Thread.holdsLock(messageCacheLock)" , add info: -
constraints in M66B-FairEmail-2.0.0

CANNOT_BE_CLASSIFIED
version 1: M66B-FairEmail-1.0.0
version 2: M66B-FairEmail-2.0.0
compilation unit: 0046-M66B-FairEmail-1.1530/app/src/main/java/com/sun/mail/imap/IMAPFolder.java
method: keepConnectionAlive(boolean)
constraints in M66B-FairEmail-1.0.0
	JavaAssert condition: "Thread.holdsLock(messageCacheLock)" , add info: -
constraints in M66B-FairEmail-2.0.0

CANNOT_BE_CLASSIFIED
version 1: M66B-FairEmail-1.0.0
version 2: M66B-FairEmail-2.0.0
compilation unit: 0046-M66B-FairEmail-1.1530/app/src/main/java/com/sun/mail/imap/IMAPStore.java
method: idle()
constraints in M66B-FairEmail-1.0.0
	JavaAssert condition: "!Thread.holdsLock(pool)" , add info: -
constraints in M66B-FairEmail-2.0.0

CANNOT_BE_CLASSIFIED
version 1: M66B-FairEmail-1.0.0
version 2: M66B-FairEmail-2.0.0
compilation unit: 0046-M66B-FairEmail-1.1530/app/src/main/java/com/sun/mail/imap/MessageCache.java
method: expungeMessage(int)
constraints in M66B-FairEmail-1.0.0
	JavaAssert condition: "seqnums[i - 1] != 1" , add info: -
constraints in M66B-FairEmail-2.0.0

CANNOT_BE_CLASSIFIED
version 1: M66B-FairEmail-1.0.0
version 2: M66B-FairEmail-2.0.0
compilation unit: 0046-M66B-FairEmail-1.1530/app/src/main/java/com/sun/mail/imap/protocol/IMAPProtocol.java
method: processGreeting(Response)
constraints in M66B-FairEmail-1.0.0
	JavaAssert condition: "r instanceof IMAPResponse" , add info: -
constraints in M66B-FairEmail-2.0.0

CANNOT_BE_CLASSIFIED
version 1: M66B-FairEmail-1.0.0
version 2: M66B-FairEmail-2.0.0
compilation unit: 0046-M66B-FairEmail-1.1530/app/src/main/java/com/sun/mail/pop3/POP3Message.java
method: POP3Message(Folder, int)
constraints in M66B-FairEmail-1.0.0
	JavaAssert condition: "folder instanceof POP3Folder" , add info: -
constraints in M66B-FairEmail-2.0.0

CANNOT_BE_CLASSIFIED
version 1: M66B-FairEmail-1.0.0
version 2: M66B-FairEmail-2.0.0
compilation unit: 0046-M66B-FairEmail-1.1530/app/src/main/java/com/sun/mail/smtp/SMTPTransport.java
method: data()
constraints in M66B-FairEmail-1.0.0
	JavaAssert condition: "Thread.holdsLock(this)" , add info: -
constraints in M66B-FairEmail-2.0.0

CANNOT_BE_CLASSIFIED
version 1: M66B-FairEmail-1.0.0
version 2: M66B-FairEmail-2.0.0
compilation unit: 0046-M66B-FairEmail-1.1530/app/src/main/java/com/sun/mail/smtp/SMTPTransport.java
method: finishData()
constraints in M66B-FairEmail-1.0.0
	JavaAssert condition: "Thread.holdsLock(this)" , add info: -
constraints in M66B-FairEmail-2.0.0

CANNOT_BE_CLASSIFIED
version 1: M66B-FairEmail-1.0.0
version 2: M66B-FairEmail-2.0.0
compilation unit: 0046-M66B-FairEmail-1.1530/app/src/main/java/com/sun/mail/smtp/SMTPTransport.java
method: bdat()
constraints in M66B-FairEmail-1.0.0
	JavaAssert condition: "Thread.holdsLock(this)" , add info: -
constraints in M66B-FairEmail-2.0.0

CANNOT_BE_CLASSIFIED
version 1: M66B-FairEmail-1.0.0
version 2: M66B-FairEmail-2.0.0
compilation unit: 0046-M66B-FairEmail-1.1530/app/src/main/java/com/sun/mail/smtp/SMTPTransport.java
method: finishBdat()
constraints in M66B-FairEmail-1.0.0
	JavaAssert condition: "Thread.holdsLock(this)" , add info: -
constraints in M66B-FairEmail-2.0.0

CANNOT_BE_CLASSIFIED
version 1: M66B-FairEmail-1.0.0
version 2: M66B-FairEmail-2.0.0
compilation unit: 0046-M66B-FairEmail-1.1530/app/src/main/java/com/sun/mail/smtp/SMTPTransport.java
method: simpleCommand(byte[])
constraints in M66B-FairEmail-1.0.0
	JavaAssert condition: "Thread.holdsLock(this)" , add info: -
constraints in M66B-FairEmail-2.0.0

CANNOT_BE_CLASSIFIED
version 1: M66B-FairEmail-1.0.0
version 2: M66B-FairEmail-2.0.0
compilation unit: 0046-M66B-FairEmail-1.1530/app/src/main/java/com/sun/mail/smtp/SMTPTransport.java
method: readServerResponse()
constraints in M66B-FairEmail-1.0.0
	JavaAssert condition: "Thread.holdsLock(this)" , add info: -
constraints in M66B-FairEmail-2.0.0

CANNOT_BE_CLASSIFIED
version 1: M66B-FairEmail-1.0.0
version 2: M66B-FairEmail-2.0.0
compilation unit: 0046-M66B-FairEmail-1.1530/app/src/main/java/com/sun/mail/smtp/SMTPTransport.java
method: supportsAuthentication(String)
constraints in M66B-FairEmail-1.0.0
	JavaAssert condition: "Thread.holdsLock(this)" , add info: -
constraints in M66B-FairEmail-2.0.0

CANNOT_BE_CLASSIFIED
version 1: M66B-FairEmail-1.0.0
version 2: M66B-FairEmail-2.0.0
compilation unit: 0046-M66B-FairEmail-1.1530/app/src/main/java/com/sun/mail/util/logging/LogManagerProperties.java
method: -
constraints in M66B-FairEmail-1.0.0
	JavaAssert condition: "Comparable.class.isAssignableFrom(lrgi.getReturnType())" , add info: lrgi
constraints in M66B-FairEmail-2.0.0

CANNOT_BE_CLASSIFIED
version 1: M66B-FairEmail-1.0.0
version 2: M66B-FairEmail-2.0.0
compilation unit: 0046-M66B-FairEmail-1.1530/app/src/main/java/com/sun/mail/util/logging/LogManagerProperties.java
method: propertyNames()
constraints in M66B-FairEmail-1.0.0
	JavaAssert condition: "false" , add info: -
constraints in M66B-FairEmail-2.0.0

CANNOT_BE_CLASSIFIED
version 1: M66B-FairEmail-1.0.0
version 2: M66B-FairEmail-2.0.0
compilation unit: 0046-M66B-FairEmail-1.1530/app/src/main/java/com/sun/mail/util/logging/LogManagerProperties.java
method: equals(Object)
constraints in M66B-FairEmail-1.0.0
	JavaAssert condition: "false" , add info: prefix
constraints in M66B-FairEmail-2.0.0

CANNOT_BE_CLASSIFIED
version 1: M66B-FairEmail-1.0.0
version 2: M66B-FairEmail-2.0.0
compilation unit: 0046-M66B-FairEmail-1.1530/app/src/main/java/com/sun/mail/util/logging/LogManagerProperties.java
method: hashCode()
constraints in M66B-FairEmail-1.0.0
	JavaAssert condition: "false" , add info: prefix.hashCode()
constraints in M66B-FairEmail-2.0.0

CANNOT_BE_CLASSIFIED
version 1: M66B-FairEmail-1.0.0
version 2: M66B-FairEmail-2.0.0
compilation unit: 0046-M66B-FairEmail-1.1530/app/src/main/java/com/sun/mail/util/logging/MailHandler.java
method: getCapacity()
constraints in M66B-FairEmail-1.0.0
	JavaAssert condition: "capacity != Integer.MIN_VALUE && capacity != 0" , add info: capacity
constraints in M66B-FairEmail-2.0.0

CANNOT_BE_CLASSIFIED
version 1: M66B-FairEmail-1.0.0
version 2: M66B-FairEmail-2.0.0
compilation unit: 0046-M66B-FairEmail-1.1530/app/src/main/java/com/sun/mail/util/logging/MailHandler.java
method: run()
constraints in M66B-FairEmail-1.0.0
	JavaAssert condition: "!(source instanceof Class)" , add info: source
constraints in M66B-FairEmail-2.0.0

CANNOT_BE_CLASSIFIED
version 1: M66B-FairEmail-1.0.0
version 2: M66B-FairEmail-2.0.0
compilation unit: 0046-M66B-FairEmail-1.1530/app/src/main/java/com/sun/mail/util/SocketConnectException.java
method: getException()
constraints in M66B-FairEmail-1.0.0
	JavaAssert condition: "t == null || t instanceof Exception" , add info: -
constraints in M66B-FairEmail-2.0.0

CANNOT_BE_CLASSIFIED
version 1: M66B-FairEmail-1.0.0
version 2: M66B-FairEmail-2.0.0
compilation unit: 0046-M66B-FairEmail-1.1530/app/src/main/java/eu/faircode/email/EntityAccount.java
method: -
constraints in M66B-FairEmail-1.0.0
	AndroidXNonNull condition: "" , add info: -
	AndroidXNonNull condition: "" , add info: -
	AndroidXNonNull condition: "" , add info: -
	AndroidXNonNull condition: "" , add info: -
	AndroidXNonNull condition: "" , add info: -
	AndroidXNonNull condition: "" , add info: -
	AndroidXNonNull condition: "" , add info: -
	AndroidXNonNull condition: "" , add info: -
	AndroidXNonNull condition: "" , add info: -
	AndroidXNonNull condition: "" , add info: -
	AndroidXNonNull condition: "" , add info: -
	AndroidXNonNull condition: "" , add info: -
	AndroidXNonNull condition: "" , add info: -
	AndroidXNonNull condition: "" , add info: -
	AndroidXNonNull condition: "" , add info: -
	AndroidXNonNull condition: "" , add info: -
	AndroidXNonNull condition: "" , add info: -
	AndroidXNonNull condition: "" , add info: -
	AndroidXNonNull condition: "" , add info: -
	AndroidXNonNull condition: "" , add info: -
	AndroidXNonNull condition: "" , add info: -
	AndroidXNonNull condition: "" , add info: -
	AndroidXNonNull condition: "" , add info: -
	AndroidXNonNull condition: "" , add info: -
	AndroidXNonNull condition: "" , add info: -
	AndroidXNonNull condition: "" , add info: -
	AndroidXNonNull condition: "" , add info: -
constraints in M66B-FairEmail-2.0.0

CANNOT_BE_CLASSIFIED
version 1: M66B-FairEmail-1.0.0
version 2: M66B-FairEmail-2.0.0
compilation unit: 0046-M66B-FairEmail-1.1530/app/src/main/java/eu/faircode/email/EntityAnswer.java
method: -
constraints in M66B-FairEmail-1.0.0
	AndroidXNonNull condition: "" , add info: -
	AndroidXNonNull condition: "" , add info: -
	AndroidXNonNull condition: "" , add info: -
	AndroidXNonNull condition: "" , add info: -
	AndroidXNonNull condition: "" , add info: -
constraints in M66B-FairEmail-2.0.0

CANNOT_BE_CLASSIFIED
version 1: M66B-FairEmail-1.0.0
version 2: M66B-FairEmail-2.0.0
compilation unit: 0046-M66B-FairEmail-1.1530/app/src/main/java/eu/faircode/email/EntityAttachment.java
method: -
constraints in M66B-FairEmail-1.0.0
	AndroidXNonNull condition: "" , add info: -
	AndroidXNonNull condition: "" , add info: -
	AndroidXNonNull condition: "" , add info: -
	AndroidXNonNull condition: "" , add info: -
constraints in M66B-FairEmail-2.0.0

CANNOT_BE_CLASSIFIED
version 1: M66B-FairEmail-1.0.0
version 2: M66B-FairEmail-2.0.0
compilation unit: 0046-M66B-FairEmail-1.1530/app/src/main/java/eu/faircode/email/EntityCertificate.java
method: -
constraints in M66B-FairEmail-1.0.0
	AndroidXNonNull condition: "" , add info: -
	AndroidXNonNull condition: "" , add info: -
	AndroidXNonNull condition: "" , add info: -
	AndroidXNonNull condition: "" , add info: -
constraints in M66B-FairEmail-2.0.0

CANNOT_BE_CLASSIFIED
version 1: M66B-FairEmail-1.0.0
version 2: M66B-FairEmail-2.0.0
compilation unit: 0046-M66B-FairEmail-1.1530/app/src/main/java/eu/faircode/email/EntityContact.java
method: -
constraints in M66B-FairEmail-1.0.0
	AndroidXNonNull condition: "" , add info: -
	AndroidXNonNull condition: "" , add info: -
	AndroidXNonNull condition: "" , add info: -
	AndroidXNonNull condition: "" , add info: -
	AndroidXNonNull condition: "" , add info: -
	AndroidXNonNull condition: "" , add info: -
	AndroidXNonNull condition: "" , add info: -
constraints in M66B-FairEmail-2.0.0

CANNOT_BE_CLASSIFIED
version 1: M66B-FairEmail-1.0.0
version 2: M66B-FairEmail-2.0.0
compilation unit: 0046-M66B-FairEmail-1.1530/app/src/main/java/eu/faircode/email/EntityFolder.java
method: -
constraints in M66B-FairEmail-1.0.0
	AndroidXNonNull condition: "" , add info: -
	AndroidXNonNull condition: "" , add info: -
	AndroidXNonNull condition: "" , add info: -
	AndroidXNonNull condition: "" , add info: -
	AndroidXNonNull condition: "" , add info: -
	AndroidXNonNull condition: "" , add info: -
	AndroidXNonNull condition: "" , add info: -
	AndroidXNonNull condition: "" , add info: -
	AndroidXNonNull condition: "" , add info: -
	AndroidXNonNull condition: "" , add info: -
	AndroidXNonNull condition: "" , add info: -
	AndroidXNonNull condition: "" , add info: -
	AndroidXNonNull condition: "" , add info: -
	AndroidXNonNull condition: "" , add info: -
	AndroidXNonNull condition: "" , add info: -
	AndroidXNonNull condition: "" , add info: -
	AndroidXNonNull condition: "" , add info: -
	AndroidXNonNull condition: "" , add info: -
	AndroidXNonNull condition: "" , add info: -
	AndroidXNonNull condition: "" , add info: -
	AndroidXNonNull condition: "" , add info: -
	AndroidXNonNull condition: "" , add info: -
	AndroidXNonNull condition: "" , add info: -
constraints in M66B-FairEmail-2.0.0

CANNOT_BE_CLASSIFIED
version 1: M66B-FairEmail-1.0.0
version 2: M66B-FairEmail-2.0.0
compilation unit: 0046-M66B-FairEmail-1.1530/app/src/main/java/eu/faircode/email/EntityFolder.java
method: EntityFolder(String, String)
constraints in M66B-FairEmail-1.0.0
	AndroidXNonNull condition: "" , add info: -
	AndroidXNonNull condition: "" , add info: -
constraints in M66B-FairEmail-2.0.0

CANNOT_BE_CLASSIFIED
version 1: M66B-FairEmail-1.0.0
version 2: M66B-FairEmail-2.0.0
compilation unit: 0046-M66B-FairEmail-1.1530/app/src/main/java/eu/faircode/email/EntityIdentity.java
method: -
constraints in M66B-FairEmail-1.0.0
	AndroidXNonNull condition: "" , add info: -
	AndroidXNonNull condition: "" , add info: -
	AndroidXNonNull condition: "" , add info: -
	AndroidXNonNull condition: "" , add info: -
	AndroidXNonNull condition: "" , add info: -
	AndroidXNonNull condition: "" , add info: -
	AndroidXNonNull condition: "" , add info: -
	AndroidXNonNull condition: "" , add info: -
	AndroidXNonNull condition: "" , add info: -
	AndroidXNonNull condition: "" , add info: -
	AndroidXNonNull condition: "" , add info: -
	AndroidXNonNull condition: "" , add info: -
	AndroidXNonNull condition: "" , add info: -
	AndroidXNonNull condition: "" , add info: -
	AndroidXNonNull condition: "" , add info: -
	AndroidXNonNull condition: "" , add info: -
	AndroidXNonNull condition: "" , add info: -
	AndroidXNonNull condition: "" , add info: -
	AndroidXNonNull condition: "" , add info: -
	AndroidXNonNull condition: "" , add info: -
	AndroidXNonNull condition: "" , add info: -
	AndroidXNonNull condition: "" , add info: -
	AndroidXNonNull condition: "" , add info: -
	AndroidXNonNull condition: "" , add info: -
constraints in M66B-FairEmail-2.0.0

CANNOT_BE_CLASSIFIED
version 1: M66B-FairEmail-1.0.0
version 2: M66B-FairEmail-2.0.0
compilation unit: 0046-M66B-FairEmail-1.1530/app/src/main/java/eu/faircode/email/EntityLog.java
method: -
constraints in M66B-FairEmail-1.0.0
	AndroidXNonNull condition: "" , add info: -
	AndroidXNonNull condition: "" , add info: -
constraints in M66B-FairEmail-2.0.0

CANNOT_BE_CLASSIFIED
version 1: M66B-FairEmail-1.0.0
version 2: M66B-FairEmail-2.0.0
compilation unit: 0046-M66B-FairEmail-1.1530/app/src/main/java/eu/faircode/email/EntityMessage.java
method: -
constraints in M66B-FairEmail-1.0.0
	AndroidXNonNull condition: "" , add info: -
	AndroidXNonNull condition: "" , add info: -
	AndroidXNonNull condition: "" , add info: -
	AndroidXNonNull condition: "" , add info: -
	AndroidXNonNull condition: "" , add info: -
	AndroidXNonNull condition: "" , add info: -
	AndroidXNonNull condition: "" , add info: -
	AndroidXNonNull condition: "" , add info: -
	AndroidXNonNull condition: "" , add info: -
	AndroidXNonNull condition: "" , add info: -
	AndroidXNonNull condition: "" , add info: -
	AndroidXNonNull condition: "" , add info: -
	AndroidXNonNull condition: "" , add info: -
	AndroidXNonNull condition: "" , add info: -
	AndroidXNonNull condition: "" , add info: -
	AndroidXNonNull condition: "" , add info: -
	AndroidXNonNull condition: "" , add info: -
	AndroidXNonNull condition: "" , add info: -
	AndroidXNonNull condition: "" , add info: -
	AndroidXNonNull condition: "" , add info: -
	AndroidXNonNull condition: "" , add info: -
	AndroidXNonNull condition: "" , add info: -
	AndroidXNonNull condition: "" , add info: -
	AndroidXNonNull condition: "" , add info: -
	AndroidXNonNull condition: "" , add info: -
constraints in M66B-FairEmail-2.0.0

CANNOT_BE_CLASSIFIED
version 1: M66B-FairEmail-1.0.0
version 2: M66B-FairEmail-2.0.0
compilation unit: 0046-M66B-FairEmail-1.1530/app/src/main/java/eu/faircode/email/EntityOperation.java
method: -
constraints in M66B-FairEmail-1.0.0
	AndroidXNonNull condition: "" , add info: -
	AndroidXNonNull condition: "" , add info: -
	AndroidXNonNull condition: "" , add info: -
	AndroidXNonNull condition: "" , add info: -
	AndroidXNonNull condition: "" , add info: -
constraints in M66B-FairEmail-2.0.0

CANNOT_BE_CLASSIFIED
version 1: M66B-FairEmail-1.0.0
version 2: M66B-FairEmail-2.0.0
compilation unit: 0046-M66B-FairEmail-1.1530/app/src/main/java/eu/faircode/email/EntityRule.java
method: -
constraints in M66B-FairEmail-1.0.0
	AndroidXNonNull condition: "" , add info: -
	AndroidXNonNull condition: "" , add info: -
	AndroidXNonNull condition: "" , add info: -
	AndroidXNonNull condition: "" , add info: -
	AndroidXNonNull condition: "" , add info: -
	AndroidXNonNull condition: "" , add info: -
	AndroidXNonNull condition: "" , add info: -
	AndroidXNonNull condition: "" , add info: -
constraints in M66B-FairEmail-2.0.0

CANNOT_BE_CLASSIFIED
version 1: M66B-FairEmail-1.0.0
version 2: M66B-FairEmail-2.0.0
compilation unit: 0046-M66B-FairEmail-1.1530/app/src/main/java/eu/faircode/email/ServiceTileSynchronize.java
method: -
constraints in M66B-FairEmail-1.0.0
	AndroidTargetApi condition: "Build.VERSION_CODES.N" , add info: -
constraints in M66B-FairEmail-2.0.0

CANNOT_BE_CLASSIFIED
version 1: M66B-FairEmail-1.0.0
version 2: M66B-FairEmail-2.0.0
compilation unit: 0046-M66B-FairEmail-1.1530/app/src/main/java/eu/faircode/email/ServiceTileUnseen.java
method: -
constraints in M66B-FairEmail-1.0.0
	AndroidTargetApi condition: "Build.VERSION_CODES.N" , add info: -
constraints in M66B-FairEmail-2.0.0

CANNOT_BE_CLASSIFIED
version 1: M66B-FairEmail-1.0.0
version 2: M66B-FairEmail-2.0.0
compilation unit: 0046-M66B-FairEmail-1.1530/app/src/main/java/eu/faircode/email/TupleAccountNetworkState.java
method: -
constraints in M66B-FairEmail-1.0.0
	AndroidXNonNull condition: "" , add info: -
	AndroidXNonNull condition: "" , add info: -
	AndroidXNonNull condition: "" , add info: -
constraints in M66B-FairEmail-2.0.0

CANNOT_BE_CLASSIFIED
version 1: M66B-FairEmail-1.0.0
version 2: M66B-FairEmail-2.0.0
compilation unit: 0046-M66B-FairEmail-1.1530/app/src/main/java/eu/faircode/email/TupleAccountView.java
method: -
constraints in M66B-FairEmail-1.0.0
	AndroidXNonNull condition: "" , add info: -
	AndroidXNonNull condition: "" , add info: -
	AndroidXNonNull condition: "" , add info: -
	AndroidXNonNull condition: "" , add info: -
	AndroidXNonNull condition: "" , add info: -
constraints in M66B-FairEmail-2.0.0

CANNOT_BE_CLASSIFIED
version 1: M66B-FairEmail-1.0.0
version 2: M66B-FairEmail-2.0.0
compilation unit: 0046-M66B-FairEmail-1.1530/app/src/main/java/eu/faircode/email/TupleFolderView.java
method: -
constraints in M66B-FairEmail-1.0.0
	AndroidXNonNull condition: "" , add info: -
	AndroidXNonNull condition: "" , add info: -
	AndroidXNonNull condition: "" , add info: -
	AndroidXNonNull condition: "" , add info: -
	AndroidXNonNull condition: "" , add info: -
	AndroidXNonNull condition: "" , add info: -
constraints in M66B-FairEmail-2.0.0

CANNOT_BE_CLASSIFIED
version 1: M66B-FairEmail-1.0.0
version 2: M66B-FairEmail-2.0.0
compilation unit: 0046-M66B-FairEmail-1.1530/app/src/main/java/eu/faircode/email/TupleIdentityView.java
method: -
constraints in M66B-FairEmail-1.0.0
	AndroidXNonNull condition: "" , add info: -
	AndroidXNonNull condition: "" , add info: -
	AndroidXNonNull condition: "" , add info: -
	AndroidXNonNull condition: "" , add info: -
constraints in M66B-FairEmail-2.0.0

CANNOT_BE_CLASSIFIED
version 1: M66B-FairEmail-1.0.0
version 2: M66B-FairEmail-2.0.0
compilation unit: 0046-M66B-FairEmail-1.1530/app/src/main/java/eu/faircode/email/TupleMatch.java
method: -
constraints in M66B-FairEmail-1.0.0
	AndroidXNonNull condition: "" , add info: -
	AndroidXNonNull condition: "" , add info: -
	AndroidXNonNull condition: "" , add info: -
constraints in M66B-FairEmail-2.0.0

CANNOT_BE_CLASSIFIED
version 1: M66B-NetGuard-1.0.0
version 2: M66B-NetGuard-2.0.0
compilation unit: 0308-M66B-NetGuard-2.266/app/src/main/java/eu/faircode/netguard/ServiceTileFilter.java
method: -
constraints in M66B-NetGuard-1.0.0
	AndroidTargetApi condition: "Build.VERSION_CODES.N" , add info: -
constraints in M66B-NetGuard-2.0.0

CANNOT_BE_CLASSIFIED
version 1: M66B-NetGuard-1.0.0
version 2: M66B-NetGuard-2.0.0
compilation unit: 0308-M66B-NetGuard-2.266/app/src/main/java/eu/faircode/netguard/ServiceTileGraph.java
method: -
constraints in M66B-NetGuard-1.0.0
	AndroidTargetApi condition: "Build.VERSION_CODES.N" , add info: -
constraints in M66B-NetGuard-2.0.0

CANNOT_BE_CLASSIFIED
version 1: M66B-NetGuard-1.0.0
version 2: M66B-NetGuard-2.0.0
compilation unit: 0308-M66B-NetGuard-2.266/app/src/main/java/eu/faircode/netguard/ServiceTileLockdown.java
method: -
constraints in M66B-NetGuard-1.0.0
	AndroidTargetApi condition: "Build.VERSION_CODES.N" , add info: -
constraints in M66B-NetGuard-2.0.0

CANNOT_BE_CLASSIFIED
version 1: M66B-NetGuard-1.0.0
version 2: M66B-NetGuard-2.0.0
compilation unit: 0308-M66B-NetGuard-2.266/app/src/main/java/eu/faircode/netguard/ServiceTileMain.java
method: -
constraints in M66B-NetGuard-1.0.0
	AndroidTargetApi condition: "Build.VERSION_CODES.N" , add info: -
constraints in M66B-NetGuard-2.0.0

CANNOT_BE_CLASSIFIED
version 1: MarcusWolschon-osmeditor4android-1.0.0
version 2: MarcusWolschon-osmeditor4android-2.0.0
compilation unit: 0028-MarcusWolschon-osmeditor4android-14.1.0/src/legacy/java/de/blau/android/prefs/MultiSelectListPreference.java
method: -
constraints in MarcusWolschon-osmeditor4android-1.0.0
	AndroidTargetApi condition: "Build.VERSION_CODES.HONEYCOMB" , add info: -
constraints in MarcusWolschon-osmeditor4android-2.0.0

CANNOT_BE_CLASSIFIED
version 1: MarcusWolschon-osmeditor4android-1.0.0
version 2: MarcusWolschon-osmeditor4android-2.0.0
compilation unit: 0028-MarcusWolschon-osmeditor4android-14.1.0/src/main/java/de/blau/android/layer/data/MapOverlay.java
method: MapOverlay(Map)
constraints in MarcusWolschon-osmeditor4android-1.0.0
	AndroidSuppressLint condition: ""NewApi"" , add info: -
constraints in MarcusWolschon-osmeditor4android-2.0.0

CANNOT_BE_CLASSIFIED
version 1: MarcusWolschon-osmeditor4android-1.0.0
version 2: MarcusWolschon-osmeditor4android-2.0.0
compilation unit: 0028-MarcusWolschon-osmeditor4android-14.1.0/src/main/java/de/blau/android/Map.java
method: Map(Context)
constraints in MarcusWolschon-osmeditor4android-1.0.0
	AndroidSuppressLint condition: ""NewApi"" , add info: -
constraints in MarcusWolschon-osmeditor4android-2.0.0

CANNOT_BE_CLASSIFIED
version 1: MarcusWolschon-osmeditor4android-1.0.0
version 2: MarcusWolschon-osmeditor4android-2.0.0
compilation unit: 0028-MarcusWolschon-osmeditor4android-14.1.0/src/main/java/de/blau/android/prefs/ListActivity.java
method: -
constraints in MarcusWolschon-osmeditor4android-1.0.0
	AndroidSuppressLint condition: ""Registered"" , add info: -
constraints in MarcusWolschon-osmeditor4android-2.0.0

CANNOT_BE_CLASSIFIED
version 1: MarcusWolschon-osmeditor4android-1.0.0
version 2: MarcusWolschon-osmeditor4android-2.0.0
compilation unit: 0028-MarcusWolschon-osmeditor4android-14.1.0/src/main/java/de/blau/android/prefs/Preferences.java
method: Preferences(Context)
constraints in MarcusWolschon-osmeditor4android-1.0.0
	AndroidSuppressLint condition: ""NewApi"" , add info: -
constraints in MarcusWolschon-osmeditor4android-2.0.0

CANNOT_BE_CLASSIFIED
version 1: MarcusWolschon-osmeditor4android-1.0.0
version 2: MarcusWolschon-osmeditor4android-2.0.0
compilation unit: 0028-MarcusWolschon-osmeditor4android-14.1.0/src/main/java/de/blau/android/util/collections/LongHashSet.java
method: -
constraints in MarcusWolschon-osmeditor4android-1.0.0
	AndroidSuppressLint condition: ""UseSparseArrays"" , add info: -
constraints in MarcusWolschon-osmeditor4android-2.0.0

CANNOT_BE_CLASSIFIED
version 1: MarcusWolschon-osmeditor4android-1.0.0
version 2: MarcusWolschon-osmeditor4android-2.0.0
compilation unit: 0028-MarcusWolschon-osmeditor4android-14.1.0/src/main/java/de/blau/android/util/collections/LongHashSet.java
method: LongHashSet(LongHashSet)
constraints in MarcusWolschon-osmeditor4android-1.0.0
	AndroidSuppressLint condition: ""NewApi"" , add info: -
constraints in MarcusWolschon-osmeditor4android-2.0.0

CANNOT_BE_CLASSIFIED
version 1: MarcusWolschon-osmeditor4android-1.0.0
version 2: MarcusWolschon-osmeditor4android-2.0.0
compilation unit: 0028-MarcusWolschon-osmeditor4android-14.1.0/src/main/java/de/blau/android/util/collections/LongOsmElementMap.java
method: -
constraints in MarcusWolschon-osmeditor4android-1.0.0
	AndroidSuppressLint condition: ""UseSparseArrays"" , add info: -
constraints in MarcusWolschon-osmeditor4android-2.0.0

CANNOT_BE_CLASSIFIED
version 1: MarcusWolschon-osmeditor4android-1.0.0
version 2: MarcusWolschon-osmeditor4android-2.0.0
compilation unit: 0028-MarcusWolschon-osmeditor4android-14.1.0/src/main/java/de/blau/android/views/WrappingLayout.java
method: WrappingLayout(Context, AttributeSet, int)
constraints in MarcusWolschon-osmeditor4android-1.0.0
	AndroidTargetApi condition: "Build.VERSION_CODES.HONEYCOMB" , add info: -
constraints in MarcusWolschon-osmeditor4android-2.0.0

CANNOT_BE_CLASSIFIED
version 1: MaxFour-Music_Player-1.0.0
version 2: MaxFour-Music_Player-2.0.0
compilation unit: 0222-MaxFour-Music_Player-v.1.0.1/app/src/main/java/com/maxfour/music/appshortcuts/DynamicShortcutManager.java
method: -
constraints in MaxFour-Music_Player-1.0.0
	AndroidTargetApi condition: "Build.VERSION_CODES.N_MR1" , add info: -
constraints in MaxFour-Music_Player-2.0.0

CANNOT_BE_CLASSIFIED
version 1: MaxFour-Music_Player-1.0.0
version 2: MaxFour-Music_Player-2.0.0
compilation unit: 0222-MaxFour-Music_Player-v.1.0.1/app/src/main/java/com/maxfour/music/appshortcuts/shortcuttype/BaseShortcutType.java
method: -
constraints in MaxFour-Music_Player-1.0.0
	AndroidTargetApi condition: "Build.VERSION_CODES.N_MR1" , add info: -
constraints in MaxFour-Music_Player-2.0.0

CANNOT_BE_CLASSIFIED
version 1: MaxFour-Music_Player-1.0.0
version 2: MaxFour-Music_Player-2.0.0
compilation unit: 0222-MaxFour-Music_Player-v.1.0.1/app/src/main/java/com/maxfour/music/appshortcuts/shortcuttype/LastAddedShortcutType.java
method: -
constraints in MaxFour-Music_Player-1.0.0
	AndroidTargetApi condition: "Build.VERSION_CODES.N_MR1" , add info: -
constraints in MaxFour-Music_Player-2.0.0

CANNOT_BE_CLASSIFIED
version 1: MaxFour-Music_Player-1.0.0
version 2: MaxFour-Music_Player-2.0.0
compilation unit: 0222-MaxFour-Music_Player-v.1.0.1/app/src/main/java/com/maxfour/music/appshortcuts/shortcuttype/ShuffleAllShortcutType.java
method: -
constraints in MaxFour-Music_Player-1.0.0
	AndroidTargetApi condition: "Build.VERSION_CODES.N_MR1" , add info: -
constraints in MaxFour-Music_Player-2.0.0

CANNOT_BE_CLASSIFIED
version 1: MaxFour-Music_Player-1.0.0
version 2: MaxFour-Music_Player-2.0.0
compilation unit: 0222-MaxFour-Music_Player-v.1.0.1/app/src/main/java/com/maxfour/music/appshortcuts/shortcuttype/TopSongsShortcutType.java
method: -
constraints in MaxFour-Music_Player-1.0.0
	AndroidTargetApi condition: "Build.VERSION_CODES.N_MR1" , add info: -
constraints in MaxFour-Music_Player-2.0.0

CANNOT_BE_CLASSIFIED
version 1: MaxFour-Music_Player-1.0.0
version 2: MaxFour-Music_Player-2.0.0
compilation unit: 0222-MaxFour-Music_Player-v.1.0.1/app/src/main/java/com/maxfour/music/helper/MusicPlayerRemote.java
method: enqueue(ArrayList<Song>)
constraints in MaxFour-Music_Player-1.0.0
	AndroidSuppressLint condition: ""ResourceType"" , add info: -
constraints in MaxFour-Music_Player-2.0.0

CANNOT_BE_CLASSIFIED
version 1: MaxFour-Music_Player-1.0.0
version 2: MaxFour-Music_Player-2.0.0
compilation unit: 0222-MaxFour-Music_Player-v.1.0.1/app/src/main/java/com/maxfour/music/misc/SimpleTransitionListener.java
method: -
constraints in MaxFour-Music_Player-1.0.0
	AndroidTargetApi condition: "Build.VERSION_CODES.LOLLIPOP" , add info: -
constraints in MaxFour-Music_Player-2.0.0

CANNOT_BE_CLASSIFIED
version 1: MaxFour-Music_Player-1.0.0
version 2: MaxFour-Music_Player-2.0.0
compilation unit: 0222-MaxFour-Music_Player-v.1.0.1/app/src/main/java/com/maxfour/music/misc/UpdateToastMediaScannerCompletionListener.java
method: UpdateToastMediaScannerCompletionListener(Activity, String[])
constraints in MaxFour-Music_Player-1.0.0
	AndroidSuppressLint condition: ""ShowToast"" , add info: -
constraints in MaxFour-Music_Player-2.0.0

CANNOT_BE_CLASSIFIED
version 1: MaxFour-Music_Player-1.0.0
version 2: MaxFour-Music_Player-2.0.0
compilation unit: 0222-MaxFour-Music_Player-v.1.0.1/app/src/main/java/com/maxfour/music/preferences/NowPlayingScreenPreferenceDialog.java
method: onCreateDialog(Bundle)
constraints in MaxFour-Music_Player-1.0.0
	AndroidSuppressLint condition: ""InflateParams"" , add info: -
constraints in MaxFour-Music_Player-2.0.0

CANNOT_BE_CLASSIFIED
version 1: MaxFour-Music_Player-1.0.0
version 2: MaxFour-Music_Player-2.0.0
compilation unit: 0222-MaxFour-Music_Player-v.1.0.1/app/src/main/java/com/maxfour/music/service/MediaButtonIntentReceiver.java
method: -
constraints in MaxFour-Music_Player-1.0.0
	AndroidSuppressLint condition: ""HandlerLeak"" , add info: -
constraints in MaxFour-Music_Player-2.0.0

CANNOT_BE_CLASSIFIED
version 1: MaxFour-Music_Player-1.0.0
version 2: MaxFour-Music_Player-2.0.0
compilation unit: 0222-MaxFour-Music_Player-v.1.0.1/app/src/main/java/com/maxfour/music/ui/activities/base/AbsSlidingMusicPanelActivity.java
method: wrapSlidingMusicPanel(int)
constraints in MaxFour-Music_Player-1.0.0
	AndroidSuppressLint condition: ""InflateParams"" , add info: -
constraints in MaxFour-Music_Player-2.0.0

CANNOT_BE_CLASSIFIED
version 1: MaxFour-Music_Player-1.0.0
version 2: MaxFour-Music_Player-2.0.0
compilation unit: 0222-MaxFour-Music_Player-v.1.0.1/app/src/main/java/com/maxfour/music/ui/activities/MainActivity.java
method: createContentView()
constraints in MaxFour-Music_Player-1.0.0
	AndroidSuppressLint condition: ""InflateParams"" , add info: -
constraints in MaxFour-Music_Player-2.0.0

CANNOT_BE_CLASSIFIED
version 1: MaxFour-Music_Player-1.0.0
version 2: MaxFour-Music_Player-2.0.0
compilation unit: 0222-MaxFour-Music_Player-v.1.0.1/app/src/main/java/com/maxfour/music/views/HeightFitSquareLayout.java
method: HeightFitSquareLayout(Context, AttributeSet, int, int)
constraints in MaxFour-Music_Player-1.0.0
	AndroidTargetApi condition: "Build.VERSION_CODES.LOLLIPOP" , add info: -
constraints in MaxFour-Music_Player-2.0.0

CANNOT_BE_CLASSIFIED
version 1: MaxFour-Music_Player-1.0.0
version 2: MaxFour-Music_Player-2.0.0
compilation unit: 0222-MaxFour-Music_Player-v.1.0.1/app/src/main/java/com/maxfour/music/views/WidthFitSquareLayout.java
method: WidthFitSquareLayout(Context, AttributeSet, int, int)
constraints in MaxFour-Music_Player-1.0.0
	AndroidTargetApi condition: "Build.VERSION_CODES.LOLLIPOP" , add info: -
constraints in MaxFour-Music_Player-2.0.0

CANNOT_BE_CLASSIFIED
version 1: MuntashirAkon-AppManager-1.0.0
version 2: MuntashirAkon-AppManager-2.0.0
compilation unit: 0142-MuntashirAkon-AppManager-v2.0.0/app/src/main/java/io/github/muntashirakon/AppManager/AppInfoActivity.java
method: -
constraints in MuntashirAkon-AppManager-1.0.0
	AndroidSuppressLint condition: ""SimpleDateFormat"" , add info: -
constraints in MuntashirAkon-AppManager-2.0.0

CANNOT_BE_CLASSIFIED
version 1: MuntashirAkon-AppManager-1.0.0
version 2: MuntashirAkon-AppManager-2.0.0
compilation unit: 0142-MuntashirAkon-AppManager-v2.0.0/app/src/main/java/io/github/muntashirakon/AppManager/ViewManifestActivity.java
method: onCreate(Bundle)
constraints in MuntashirAkon-AppManager-1.0.0
	JavaAssert condition: "packageName != null" , add info: -
constraints in MuntashirAkon-AppManager-2.0.0

CANNOT_BE_CLASSIFIED
version 1: Neamar-KISS-1.0.0
version 2: Neamar-KISS-2.0.0
compilation unit: 0206-Neamar-KISS-v3.7.1/app/src/main/java/com/android/colorpicker/ColorPickerSwatch.java
method: -
constraints in Neamar-KISS-1.0.0
	AndroidSuppressLint condition: ""ViewConstructor"" , add info: -
constraints in Neamar-KISS-2.0.0

CANNOT_BE_CLASSIFIED
version 1: Neamar-KISS-1.0.0
version 2: Neamar-KISS-2.0.0
compilation unit: 0206-Neamar-KISS-v3.7.1/app/src/main/java/fr/neamar/kiss/MainActivity.java
method: showKeyboard()
constraints in Neamar-KISS-1.0.0
	JavaAssert condition: "mgr != null" , add info: -
constraints in Neamar-KISS-2.0.0

CANNOT_BE_CLASSIFIED
version 1: Neamar-KISS-1.0.0
version 2: Neamar-KISS-2.0.0
compilation unit: 0206-Neamar-KISS-v3.7.1/app/src/main/java/fr/neamar/kiss/pojo/SettingsPojo.java
method: -
constraints in Neamar-KISS-1.0.0
	AndroidXDrawableRes condition: "" , add info: -
constraints in Neamar-KISS-2.0.0

CANNOT_BE_CLASSIFIED
version 1: Neamar-KISS-1.0.0
version 2: Neamar-KISS-2.0.0
compilation unit: 0206-Neamar-KISS-v3.7.1/app/src/main/java/fr/neamar/kiss/result/AppResult.java
method: doLaunch(Context,
constraints in Neamar-KISS-1.0.0
	JavaAssert condition: "launcher != null" , add info: -
constraints in Neamar-KISS-2.0.0

CANNOT_BE_CLASSIFIED
version 1: Neamar-KISS-1.0.0
version 2: Neamar-KISS-2.0.0
compilation unit: 0206-Neamar-KISS-v3.7.1/app/src/main/java/fr/neamar/kiss/result/Result.java
method: -
constraints in Neamar-KISS-1.0.0
	AndroidXNonNull condition: "" , add info: -
constraints in Neamar-KISS-2.0.0

CANNOT_BE_CLASSIFIED
version 1: Neamar-KISS-1.0.0
version 2: Neamar-KISS-2.0.0
compilation unit: 0206-Neamar-KISS-v3.7.1/app/src/main/java/fr/neamar/kiss/result/Result.java
method: onItemClick(ListAdapter,
constraints in Neamar-KISS-1.0.0
	AndroidXStringRes condition: "" , add info: -
constraints in Neamar-KISS-2.0.0

CANNOT_BE_CLASSIFIED
version 1: Neamar-KISS-1.0.0
version 2: Neamar-KISS-2.0.0
compilation unit: 0206-Neamar-KISS-v3.7.1/app/src/main/java/fr/neamar/kiss/shortcut/SaveOreoShortcutAsync.java
method: doInBackground(Void...)
constraints in Neamar-KISS-1.0.0
	JavaAssert condition: "shortcutInfo != null" , add info: -
constraints in Neamar-KISS-2.0.0

CANNOT_BE_CLASSIFIED
version 1: Neamar-KISS-1.0.0
version 2: Neamar-KISS-2.0.0
compilation unit: 0206-Neamar-KISS-v3.7.1/app/src/main/java/fr/neamar/kiss/shortcut/SaveOreoShortcutAsync.java
method: -
constraints in Neamar-KISS-1.0.0
	AndroidTargetApi condition: "Build.VERSION_CODES.O" , add info: -
constraints in Neamar-KISS-2.0.0

CANNOT_BE_CLASSIFIED
version 1: Neamar-KISS-1.0.0
version 2: Neamar-KISS-2.0.0
compilation unit: 0206-Neamar-KISS-v3.7.1/app/src/main/java/fr/neamar/kiss/ui/ListPopup.java
method: onItemClick(ListAdapter,
constraints in Neamar-KISS-1.0.0
	AndroidXStringRes condition: "" , add info: -
constraints in Neamar-KISS-2.0.0

CANNOT_BE_CLASSIFIED
version 1: Neamar-KISS-1.0.0
version 2: Neamar-KISS-2.0.0
compilation unit: 0206-Neamar-KISS-v3.7.1/app/src/main/java/fr/neamar/kiss/utils/FuzzyScore.java
method: Integer>>
constraints in Neamar-KISS-1.0.0
	JavaAssert condition: "this.matchedIndices != null" , add info: -
constraints in Neamar-KISS-2.0.0

CANNOT_BE_CLASSIFIED
version 1: Neamar-KISS-1.0.0
version 2: Neamar-KISS-2.0.0
compilation unit: 0206-Neamar-KISS-v3.7.1/app/src/main/java/fr/neamar/kiss/utils/UserHandle.java
method: UserHandle(long, android.os.UserHandle)
constraints in Neamar-KISS-1.0.0
	AndroidTargetApi condition: "Build.VERSION_CODES.JELLY_BEAN_MR1" , add info: -
constraints in Neamar-KISS-2.0.0

CANNOT_BE_CLASSIFIED
version 1: Nonononoki-Hendroid-1.0.0
version 2: Nonononoki-Hendroid-2.0.0
compilation unit: 0332-Nonononoki-Hendroid-1.9.4.4/app/src/main/java/me/devsaki/hentoid/HentoidApp.java
method: -
constraints in Nonononoki-Hendroid-1.0.0
	AndroidSuppressLint condition: ""StaticFieldLeak"" , add info: -
constraints in Nonononoki-Hendroid-2.0.0

CANNOT_BE_CLASSIFIED
version 1: Nonononoki-Hendroid-1.0.0
version 2: Nonononoki-Hendroid-2.0.0
compilation unit: 0332-Nonononoki-Hendroid-1.9.4.4/app/src/main/java/me/devsaki/hentoid/viewholders/GitHubReleaseDescription.java
method: -
constraints in Nonononoki-Hendroid-1.0.0
	AndroidXIntDef condition: "{ Type.DESCRIPTION, Type.LIST_ITEM }" , add info: -
constraints in Nonononoki-Hendroid-2.0.0

CANNOT_BE_CLASSIFIED
version 1: OpenTracksApp-OpenTracks-1.0.0
version 2: OpenTracksApp-OpenTracks-2.0.0
compilation unit: 0012-OpenTracksApp-OpenTracks-v3.7.4/src/main/java/de/dennisguse/opentracks/content/provider/CustomSQLiteOpenHelper.java
method: -
constraints in OpenTracksApp-OpenTracks-1.0.0
	AndroidXVisibleForTesting condition: "" , add info: -
	AndroidXVisibleForTesting condition: "" , add info: -
	AndroidXVisibleForTesting condition: "" , add info: -
constraints in OpenTracksApp-OpenTracks-2.0.0

CANNOT_BE_CLASSIFIED
version 1: OpenTracksApp-OpenTracks-1.0.0
version 2: OpenTracksApp-OpenTracks-2.0.0
compilation unit: 0012-OpenTracksApp-OpenTracks-v3.7.4/src/main/java/de/dennisguse/opentracks/content/provider/CustomSQLiteOpenHelper.java
method: CustomSQLiteOpenHelper(Context, String)
constraints in OpenTracksApp-OpenTracks-1.0.0
	AndroidXVisibleForTesting condition: "" , add info: -
constraints in OpenTracksApp-OpenTracks-2.0.0

CANNOT_BE_CLASSIFIED
version 1: OpenTracksApp-OpenTracks-1.0.0
version 2: OpenTracksApp-OpenTracks-2.0.0
compilation unit: 0012-OpenTracksApp-OpenTracks-v3.7.4/src/main/java/de/dennisguse/opentracks/content/provider/CustomSQLiteOpenHelper.java
method: CustomSQLiteOpenHelper(Context, String, int)
constraints in OpenTracksApp-OpenTracks-1.0.0
	AndroidXVisibleForTesting condition: "" , add info: -
constraints in OpenTracksApp-OpenTracks-2.0.0

CANNOT_BE_CLASSIFIED
version 1: OpenTracksApp-OpenTracks-1.0.0
version 2: OpenTracksApp-OpenTracks-2.0.0
compilation unit: 0012-OpenTracksApp-OpenTracks-v3.7.4/src/main/java/de/dennisguse/opentracks/content/TrackDataHub.java
method: -
constraints in OpenTracksApp-OpenTracks-1.0.0
	AndroidXVisibleForTesting condition: "" , add info: -
constraints in OpenTracksApp-OpenTracks-2.0.0

CANNOT_BE_CLASSIFIED
version 1: OpenTracksApp-OpenTracks-1.0.0
version 2: OpenTracksApp-OpenTracks-2.0.0
compilation unit: 0012-OpenTracksApp-OpenTracks-v3.7.4/src/main/java/de/dennisguse/opentracks/stats/TrackStatisticsUpdater.java
method: -
constraints in OpenTracksApp-OpenTracks-1.0.0
	AndroidXVisibleForTesting condition: "" , add info: -
	AndroidXVisibleForTesting condition: "" , add info: -
constraints in OpenTracksApp-OpenTracks-2.0.0

CANNOT_BE_CLASSIFIED
version 1: OpenTracksApp-OpenTracks-1.0.0
version 2: OpenTracksApp-OpenTracks-2.0.0
compilation unit: 0012-OpenTracksApp-OpenTracks-v3.7.4/src/main/java/de/dennisguse/opentracks/util/TrackNameUtils.java
method: -
constraints in OpenTracksApp-OpenTracks-1.0.0
	AndroidXVisibleForTesting condition: "" , add info: -
constraints in OpenTracksApp-OpenTracks-2.0.0

CANNOT_BE_CLASSIFIED
version 1: OxfordHCC-tracker_control_android-1.0.0
version 2: OxfordHCC-tracker_control_android-2.0.0
compilation unit: 0288-OxfordHCC-tracker_control_android-v1.0_alpha8/app/src/main/java/net/kollnig/missioncontrol/DetailsPagesAdapter.java
method: -
constraints in OxfordHCC-tracker_control_android-1.0.0
	AndroidXStringRes condition: "" , add info: -
constraints in OxfordHCC-tracker_control_android-2.0.0

CANNOT_BE_CLASSIFIED
version 1: QuantumBadger-RedReader-1.0.0
version 2: QuantumBadger-RedReader-2.0.0
compilation unit: 0034-QuantumBadger-RedReader-v1.9.6.1/src/main/java/org/quantumbadger/redreader/common/PrioritisedCachedThreadPool.java
method: run()
constraints in QuantumBadger-RedReader-1.0.0
	JavaAssert condition: "taskToRun != null" , add info: -
constraints in QuantumBadger-RedReader-2.0.0

CANNOT_BE_CLASSIFIED
version 1: QuantumBadger-RedReader-1.0.0
version 2: QuantumBadger-RedReader-2.0.0
compilation unit: 0034-QuantumBadger-RedReader-v1.9.6.1/src/main/java/org/quantumbadger/redreader/views/GIFView.java
method: GIFView(Context, InputStream)
constraints in QuantumBadger-RedReader-1.0.0
	AndroidSuppressLint condition: ""NewApi"" , add info: -
constraints in QuantumBadger-RedReader-2.0.0

CANNOT_BE_CLASSIFIED
version 1: QuantumBadger-RedReader-1.0.0
version 2: QuantumBadger-RedReader-2.0.0
compilation unit: 0034-QuantumBadger-RedReader-v1.9.6.1/src/main/java/org/quantumbadger/redreader/views/imageview/ImageTileSourceBitmapRegionDecoder.java
method: -
constraints in QuantumBadger-RedReader-1.0.0
	AndroidTargetApi condition: "Build.VERSION_CODES.GINGERBREAD_MR1" , add info: -
constraints in QuantumBadger-RedReader-2.0.0

CANNOT_BE_CLASSIFIED
version 1: QuantumBadger-RedReader-1.0.0
version 2: QuantumBadger-RedReader-2.0.0
compilation unit: 0034-QuantumBadger-RedReader-v1.9.6.1/src/main/java/org/quantumbadger/redreader/views/LoadMoreCommentsView.java
method: LoadMoreCommentsView(Context, RedditURLParser.RedditURL)
constraints in QuantumBadger-RedReader-1.0.0
	AndroidSuppressLint condition: ""NewApi"" , add info: -
constraints in QuantumBadger-RedReader-2.0.0

CANNOT_BE_CLASSIFIED
version 1: QuantumBadger-RedReader-1.0.0
version 2: QuantumBadger-RedReader-2.0.0
compilation unit: 0034-QuantumBadger-RedReader-v1.9.6.1/src/main/java/org/quantumbadger/redreader/views/MediaVideoView.java
method: MediaVideoView(Context, AttributeSet, int, int)
constraints in QuantumBadger-RedReader-1.0.0
	AndroidTargetApi condition: "Build.VERSION_CODES.LOLLIPOP" , add info: -
constraints in QuantumBadger-RedReader-2.0.0

CANNOT_BE_CLASSIFIED
version 1: QuantumBadger-RedReader-1.0.0
version 2: QuantumBadger-RedReader-2.0.0
compilation unit: 0034-QuantumBadger-RedReader-v1.9.6.1/src/main/java/org/quantumbadger/redreader/views/RRChoreographerModern.java
method: -
constraints in QuantumBadger-RedReader-1.0.0
	AndroidTargetApi condition: "Build.VERSION_CODES.JELLY_BEAN" , add info: -
constraints in QuantumBadger-RedReader-2.0.0

CANNOT_BE_CLASSIFIED
version 1: QuickLyric-QuickLyric-1.0.0
version 2: QuickLyric-QuickLyric-2.0.0
compilation unit: 0340-QuickLyric-QuickLyric-None/QuickLyric/src/main/java/com/geecko/QuickLyric/services/NotificationListenerService.java
method: -
constraints in QuickLyric-QuickLyric-1.0.0
	AndroidTargetApi condition: "Build.VERSION_CODES.KITKAT" , add info: -
constraints in QuickLyric-QuickLyric-2.0.0

CANNOT_BE_CLASSIFIED
version 1: QuickLyric-QuickLyric-1.0.0
version 2: QuickLyric-QuickLyric-2.0.0
compilation unit: 0340-QuickLyric-QuickLyric-None/QuickLyric/src/main/java/com/geecko/QuickLyric/view/ElevatedCircleView.java
method: onSizeChanged(int,
constraints in QuickLyric-QuickLyric-1.0.0
	AndroidTargetApi condition: "Build.VERSION_CODES.LOLLIPOP" , add info: -
constraints in QuickLyric-QuickLyric-2.0.0

CANNOT_BE_CLASSIFIED
version 1: QuickLyric-QuickLyric-1.0.0
version 2: QuickLyric-QuickLyric-2.0.0
compilation unit: 0340-QuickLyric-QuickLyric-None/QuickLyric/src/main/java/com/geecko/QuickLyric/view/OverlayLayout.java
method: OverlayLayout(Context, AttributeSet)
constraints in QuickLyric-QuickLyric-1.0.0
	AndroidSuppressLint condition: ""ClickableViewAccessibility"" , add info: -
constraints in QuickLyric-QuickLyric-2.0.0

CANNOT_BE_CLASSIFIED
version 1: RailwayStations-RSAndroidApp-1.0.0
version 2: RailwayStations-RSAndroidApp-2.0.0
compilation unit: 0026-RailwayStations-RSAndroidApp-10.0.4/app/src/main/java/de/bahnhoefe/deutschlands/bahnhofsfotos/CountryActivity.java
method: onCreate(Bundle)
constraints in RailwayStations-RSAndroidApp-1.0.0
	JavaAssert condition: "listView != null" , add info: -
constraints in RailwayStations-RSAndroidApp-2.0.0

CANNOT_BE_CLASSIFIED
version 1: RailwayStations-RSAndroidApp-1.0.0
version 2: RailwayStations-RSAndroidApp-2.0.0
compilation unit: 0026-RailwayStations-RSAndroidApp-10.0.4/app/src/main/java/de/bahnhoefe/deutschlands/bahnhofsfotos/HighScoreActivity.java
method: onPostExecute(List<HighScoreItem>)
constraints in RailwayStations-RSAndroidApp-1.0.0
	JavaAssert condition: "listView != null" , add info: -
constraints in RailwayStations-RSAndroidApp-2.0.0

CANNOT_BE_CLASSIFIED
version 1: RailwayStations-RSAndroidApp-1.0.0
version 2: RailwayStations-RSAndroidApp-2.0.0
compilation unit: 0026-RailwayStations-RSAndroidApp-10.0.4/app/src/main/java/de/bahnhoefe/deutschlands/bahnhofsfotos/MainActivity.java
method: onClick(View)
constraints in RailwayStations-RSAndroidApp-1.0.0
	JavaAssert condition: "listView != null" , add info: -
constraints in RailwayStations-RSAndroidApp-2.0.0

CANNOT_BE_CLASSIFIED
version 1: RailwayStations-RSAndroidApp-1.0.0
version 2: RailwayStations-RSAndroidApp-2.0.0
compilation unit: 0026-RailwayStations-RSAndroidApp-10.0.4/app/src/main/java/de/bahnhoefe/deutschlands/bahnhofsfotos/MainActivity.java
method: onNavigationItemSelected(MenuItem)
constraints in RailwayStations-RSAndroidApp-1.0.0
	JavaAssert condition: "drawer != null" , add info: -
constraints in RailwayStations-RSAndroidApp-2.0.0

CANNOT_BE_CLASSIFIED
version 1: ScreamingHawk-android_slideshow-1.0.0
version 2: ScreamingHawk-android_slideshow-2.0.0
compilation unit: 0388-ScreamingHawk-android_slideshow-None/app/src/main/java/link/standen/michael/slideshow/adapter/FileItemArrayAdapter.java
method: getView(int,
constraints in ScreamingHawk-android_slideshow-1.0.0
	JavaAssert condition: "inflater != null" , add info: -
constraints in ScreamingHawk-android_slideshow-2.0.0

CANNOT_BE_CLASSIFIED
version 1: ScreamingHawk-android_slideshow-1.0.0
version 2: ScreamingHawk-android_slideshow-2.0.0
compilation unit: 0388-ScreamingHawk-android_slideshow-None/app/src/main/java/link/standen/michael/slideshow/SettingsActivity.java
method: isValidFragment(String)
constraints in ScreamingHawk-android_slideshow-1.0.0
	AndroidTargetApi condition: "Build.VERSION_CODES.HONEYCOMB" , add info: -
constraints in ScreamingHawk-android_slideshow-2.0.0

CANNOT_BE_CLASSIFIED
version 1: SecUSo-privacy_friendly_interval_timer-1.0.0
version 2: SecUSo-privacy_friendly_interval_timer-2.0.0
compilation unit: 0284-SecUSo-privacy_friendly_interval_timer-v1.0.1/app/src/main/java/org/secuso/privacyfriendlyintervaltimer/activities/SettingsActivity.java
method: isValidFragment(String)
constraints in SecUSo-privacy_friendly_interval_timer-1.0.0
	AndroidTargetApi condition: "Build.VERSION_CODES.HONEYCOMB" , add info: -
constraints in SecUSo-privacy_friendly_interval_timer-2.0.0

CANNOT_BE_CLASSIFIED
version 1: SecUSo-privacy_friendly_interval_timer-1.0.0
version 2: SecUSo-privacy_friendly_interval_timer-2.0.0
compilation unit: 0284-SecUSo-privacy_friendly_interval_timer-v1.0.1/app/src/main/java/org/secuso/privacyfriendlyintervaltimer/activities/SettingsActivity.java
method: onOptionsItemSelected(MenuItem)
constraints in SecUSo-privacy_friendly_interval_timer-1.0.0
	AndroidTargetApi condition: "Build.VERSION_CODES.HONEYCOMB" , add info: -
	AndroidTargetApi condition: "Build.VERSION_CODES.HONEYCOMB" , add info: -
	AndroidTargetApi condition: "Build.VERSION_CODES.HONEYCOMB" , add info: -
constraints in SecUSo-privacy_friendly_interval_timer-2.0.0

CANNOT_BE_CLASSIFIED
version 1: SecUSo-privacy_friendly_sudoku-1.0.0
version 2: SecUSo-privacy_friendly_sudoku-2.0.0
compilation unit: 0192-SecUSo-privacy_friendly_sudoku-v1.0/app/src/main/java/org/secuso/privacyfriendlysudoku/ui/HelpActivity.java
method: isValidFragment(String)
constraints in SecUSo-privacy_friendly_sudoku-1.0.0
	AndroidTargetApi condition: "Build.VERSION_CODES.HONEYCOMB" , add info: -
constraints in SecUSo-privacy_friendly_sudoku-2.0.0

CANNOT_BE_CLASSIFIED
version 1: SecUSo-privacy_friendly_sudoku-1.0.0
version 2: SecUSo-privacy_friendly_sudoku-2.0.0
compilation unit: 0192-SecUSo-privacy_friendly_sudoku-v1.0/app/src/main/java/org/secuso/privacyfriendlysudoku/ui/SettingsActivity.java
method: isValidFragment(String)
constraints in SecUSo-privacy_friendly_sudoku-1.0.0
	AndroidTargetApi condition: "Build.VERSION_CODES.HONEYCOMB" , add info: -
constraints in SecUSo-privacy_friendly_sudoku-2.0.0

CANNOT_BE_CLASSIFIED
version 1: SecUSo-privacy_friendly_weather-1.0.0
version 2: SecUSo-privacy_friendly_weather-2.0.0
compilation unit: 0266-SecUSo-privacy_friendly_weather-v1.0/app/src/main/java/org/secuso/privacyfriendlyweather/services/ServiceReceiver.java
method: -
constraints in SecUSo-privacy_friendly_weather-1.0.0
	AndroidSuppressLint condition: ""ParcelCreator"" , add info: -
constraints in SecUSo-privacy_friendly_weather-2.0.0

CANNOT_BE_CLASSIFIED
version 1: SecUSo-privacy_friendly_weather-1.0.0
version 2: SecUSo-privacy_friendly_weather-2.0.0
compilation unit: 0266-SecUSo-privacy_friendly_weather-v1.0/app/src/main/java/org/secuso/privacyfriendlyweather/SettingsActivity.java
method: isValidFragment(String)
constraints in SecUSo-privacy_friendly_weather-1.0.0
	AndroidTargetApi condition: "Build.VERSION_CODES.HONEYCOMB" , add info: -
constraints in SecUSo-privacy_friendly_weather-2.0.0

CANNOT_BE_CLASSIFIED
version 1: SoltauFintel-blockpuzzle-1.0.0
version 2: SoltauFintel-blockpuzzle-2.0.0
compilation unit: 0282-SoltauFintel-blockpuzzle-1.0/app/src/main/java/de/mwvb/blockpuzzle/view/TeilView.java
method: -
constraints in SoltauFintel-blockpuzzle-1.0.0
	AndroidSuppressLint condition: ""ViewConstructor"" , add info: -
constraints in SoltauFintel-blockpuzzle-2.0.0

CANNOT_BE_CLASSIFIED
version 1: TBog-TBLauncher-1.0.0
version 2: TBog-TBLauncher-2.0.0
compilation unit: 0098-TBog-TBLauncher-v5.2/app/src/main/java/rocks/tbog/tblauncher/Behaviour.java
method: showKeyboard()
constraints in TBog-TBLauncher-1.0.0
	JavaAssert condition: "mgr != null" , add info: -
constraints in TBog-TBLauncher-2.0.0

CANNOT_BE_CLASSIFIED
version 1: TBog-TBLauncher-1.0.0
version 2: TBog-TBLauncher-2.0.0
compilation unit: 0098-TBog-TBLauncher-v5.2/app/src/main/java/rocks/tbog/tblauncher/Behaviour.java
method: hideKeyboard()
constraints in TBog-TBLauncher-1.0.0
	JavaAssert condition: "mgr != null" , add info: -
constraints in TBog-TBLauncher-2.0.0

CANNOT_BE_CLASSIFIED
version 1: TBog-TBLauncher-1.0.0
version 2: TBog-TBLauncher-2.0.0
compilation unit: 0098-TBog-TBLauncher-v5.2/app/src/main/java/rocks/tbog/tblauncher/dataprovider/AppProvider.java
method: onPackageAdded(String,
constraints in TBog-TBLauncher-1.0.0
	JavaAssert condition: "manager != null" , add info: -
constraints in TBog-TBLauncher-2.0.0

CANNOT_BE_CLASSIFIED
version 1: TBog-TBLauncher-1.0.0
version 2: TBog-TBLauncher-2.0.0
compilation unit: 0098-TBog-TBLauncher-v5.2/app/src/main/java/rocks/tbog/tblauncher/dataprovider/AppProvider.java
method: onPackageChanged(String,
constraints in TBog-TBLauncher-1.0.0
	JavaAssert condition: "manager != null" , add info: -
constraints in TBog-TBLauncher-2.0.0

CANNOT_BE_CLASSIFIED
version 1: TBog-TBLauncher-1.0.0
version 2: TBog-TBLauncher-2.0.0
compilation unit: 0098-TBog-TBLauncher-v5.2/app/src/main/java/rocks/tbog/tblauncher/dataprovider/AppProvider.java
method: onPackageRemoved(String,
constraints in TBog-TBLauncher-1.0.0
	JavaAssert condition: "manager != null" , add info: -
constraints in TBog-TBLauncher-2.0.0

CANNOT_BE_CLASSIFIED
version 1: TBog-TBLauncher-1.0.0
version 2: TBog-TBLauncher-2.0.0
compilation unit: 0098-TBog-TBLauncher-v5.2/app/src/main/java/rocks/tbog/tblauncher/dataprovider/AppProvider.java
method: onPackagesAvailable(String[],
constraints in TBog-TBLauncher-1.0.0
	JavaAssert condition: "manager != null" , add info: -
constraints in TBog-TBLauncher-2.0.0

CANNOT_BE_CLASSIFIED
version 1: TBog-TBLauncher-1.0.0
version 2: TBog-TBLauncher-2.0.0
compilation unit: 0098-TBog-TBLauncher-v5.2/app/src/main/java/rocks/tbog/tblauncher/dataprovider/AppProvider.java
method: onPackagesUnavailable(String[],
constraints in TBog-TBLauncher-1.0.0
	JavaAssert condition: "manager != null" , add info: -
constraints in TBog-TBLauncher-2.0.0

CANNOT_BE_CLASSIFIED
version 1: TBog-TBLauncher-1.0.0
version 2: TBog-TBLauncher-2.0.0
compilation unit: 0098-TBog-TBLauncher-v5.2/app/src/main/java/rocks/tbog/tblauncher/dataprovider/AppProvider.java
method: onCreate()
constraints in TBog-TBLauncher-1.0.0
	JavaAssert condition: "launcher != null" , add info: -
constraints in TBog-TBLauncher-2.0.0

CANNOT_BE_CLASSIFIED
version 1: TBog-TBLauncher-1.0.0
version 2: TBog-TBLauncher-2.0.0
compilation unit: 0098-TBog-TBLauncher-v5.2/app/src/main/java/rocks/tbog/tblauncher/dataprovider/AppProvider.java
method: onDestroy()
constraints in TBog-TBLauncher-1.0.0
	JavaAssert condition: "launcher != null" , add info: -
constraints in TBog-TBLauncher-2.0.0

CANNOT_BE_CLASSIFIED
version 1: TBog-TBLauncher-1.0.0
version 2: TBog-TBLauncher-2.0.0
compilation unit: 0098-TBog-TBLauncher-v5.2/app/src/main/java/rocks/tbog/tblauncher/dataprovider/Provider.java
method: -
constraints in TBog-TBLauncher-1.0.0
	AndroidXNonNull condition: "" , add info: -
constraints in TBog-TBLauncher-2.0.0

CANNOT_BE_CLASSIFIED
version 1: TBog-TBLauncher-1.0.0
version 2: TBog-TBLauncher-2.0.0
compilation unit: 0098-TBog-TBLauncher-v5.2/app/src/main/java/rocks/tbog/tblauncher/dataprovider/ShortcutsProvider.java
method: onDestroy()
constraints in TBog-TBLauncher-1.0.0
	JavaAssert condition: "launcher != null" , add info: -
constraints in TBog-TBLauncher-2.0.0

CANNOT_BE_CLASSIFIED
version 1: TBog-TBLauncher-1.0.0
version 2: TBog-TBLauncher-2.0.0
compilation unit: 0098-TBog-TBLauncher-v5.2/app/src/main/java/rocks/tbog/tblauncher/dataprovider/StaticProvider.java
method: -
constraints in TBog-TBLauncher-1.0.0
	AndroidXNonNull condition: "" , add info: -
constraints in TBog-TBLauncher-2.0.0

CANNOT_BE_CLASSIFIED
version 1: TBog-TBLauncher-1.0.0
version 2: TBog-TBLauncher-2.0.0
compilation unit: 0098-TBog-TBLauncher-v5.2/app/src/main/java/rocks/tbog/tblauncher/EditSearchEngines.java
method: -
constraints in TBog-TBLauncher-1.0.0
	AndroidXNonNull condition: "" , add info: -
constraints in TBog-TBLauncher-2.0.0

CANNOT_BE_CLASSIFIED
version 1: TBog-TBLauncher-1.0.0
version 2: TBog-TBLauncher-2.0.0
compilation unit: 0098-TBog-TBLauncher-v5.2/app/src/main/java/rocks/tbog/tblauncher/EditTagsDialog.java
method: onStart()
constraints in TBog-TBLauncher-1.0.0
	JavaAssert condition: "mgr != null" , add info: -
constraints in TBog-TBLauncher-2.0.0

CANNOT_BE_CLASSIFIED
version 1: TBog-TBLauncher-1.0.0
version 2: TBog-TBLauncher-2.0.0
compilation unit: 0098-TBog-TBLauncher-v5.2/app/src/main/java/rocks/tbog/tblauncher/entry/AppEntry.java
method: buildPopupMenu(Context,
constraints in TBog-TBLauncher-1.0.0
	JavaAssert condition: "launcher != null" , add info: -
constraints in TBog-TBLauncher-2.0.0

CANNOT_BE_CLASSIFIED
version 1: TBog-TBLauncher-1.0.0
version 2: TBog-TBLauncher-2.0.0
compilation unit: 0098-TBog-TBLauncher-v5.2/app/src/main/java/rocks/tbog/tblauncher/entry/AppEntry.java
method: -
constraints in TBog-TBLauncher-1.0.0
	AndroidXNonNull condition: "" , add info: -
	AndroidXNonNull condition: "" , add info: -
constraints in TBog-TBLauncher-2.0.0

CANNOT_BE_CLASSIFIED
version 1: TBog-TBLauncher-1.0.0
version 2: TBog-TBLauncher-2.0.0
compilation unit: 0098-TBog-TBLauncher-v5.2/app/src/main/java/rocks/tbog/tblauncher/entry/EntryItem.java
method: -
constraints in TBog-TBLauncher-1.0.0
	AndroidXNonNull condition: "" , add info: -
	AndroidXNonNull condition: "" , add info: -
constraints in TBog-TBLauncher-2.0.0

CANNOT_BE_CLASSIFIED
version 1: TBog-TBLauncher-1.0.0
version 2: TBog-TBLauncher-2.0.0
compilation unit: 0098-TBog-TBLauncher-v5.2/app/src/main/java/rocks/tbog/tblauncher/entry/EntryWithTags.java
method: -
constraints in TBog-TBLauncher-1.0.0
	AndroidXNonNull condition: "" , add info: -
constraints in TBog-TBLauncher-2.0.0

CANNOT_BE_CLASSIFIED
version 1: TBog-TBLauncher-1.0.0
version 2: TBog-TBLauncher-2.0.0
compilation unit: 0098-TBog-TBLauncher-v5.2/app/src/main/java/rocks/tbog/tblauncher/entry/ShortcutEntry.java
method: -
constraints in TBog-TBLauncher-1.0.0
	AndroidXNonNull condition: "" , add info: -
	AndroidXNonNull condition: "" , add info: -
	AndroidXNullable condition: "" , add info: -
constraints in TBog-TBLauncher-2.0.0

CANNOT_BE_CLASSIFIED
version 1: TBog-TBLauncher-1.0.0
version 2: TBog-TBLauncher-2.0.0
compilation unit: 0098-TBog-TBLauncher-v5.2/app/src/main/java/rocks/tbog/tblauncher/entry/StaticEntry.java
method: -
constraints in TBog-TBLauncher-1.0.0
	AndroidXDrawableRes condition: "" , add info: -
constraints in TBog-TBLauncher-2.0.0

CANNOT_BE_CLASSIFIED
version 1: TBog-TBLauncher-1.0.0
version 2: TBog-TBLauncher-2.0.0
compilation unit: 0098-TBog-TBLauncher-v5.2/app/src/main/java/rocks/tbog/tblauncher/icons/IconPackXML.java
method: -
constraints in TBog-TBLauncher-1.0.0
	AndroidXNonNull condition: "" , add info: -
constraints in TBog-TBLauncher-2.0.0

CANNOT_BE_CLASSIFIED
version 1: TBog-TBLauncher-1.0.0
version 2: TBog-TBLauncher-2.0.0
compilation unit: 0098-TBog-TBLauncher-v5.2/app/src/main/java/rocks/tbog/tblauncher/LiveWallpaper.java
method: onCreateActivity(TBLauncherActivity)
constraints in TBog-TBLauncher-1.0.0
	JavaAssert condition: "mWallpaperManager != null" , add info: -
constraints in TBog-TBLauncher-2.0.0

CANNOT_BE_CLASSIFIED
version 1: TBog-TBLauncher-1.0.0
version 2: TBog-TBLauncher-2.0.0
compilation unit: 0098-TBog-TBLauncher-v5.2/app/src/main/java/rocks/tbog/tblauncher/PinShortcutConfirm.java
method: -
constraints in TBog-TBLauncher-1.0.0
	AndroidXRequiresApi condition: "[api = Build.VERSION_CODES.O]" , add info: -
constraints in TBog-TBLauncher-2.0.0

CANNOT_BE_CLASSIFIED
version 1: TBog-TBLauncher-1.0.0
version 2: TBog-TBLauncher-2.0.0
compilation unit: 0098-TBog-TBLauncher-v5.2/app/src/main/java/rocks/tbog/tblauncher/result/ResultAdapter.java
method: -
constraints in TBog-TBLauncher-1.0.0
	JetBrainsNullable condition: "" , add info: -
	AndroidXNonNull condition: "" , add info: -
	AndroidXNullable condition: "" , add info: -
constraints in TBog-TBLauncher-2.0.0

CANNOT_BE_CLASSIFIED
version 1: TBog-TBLauncher-1.0.0
version 2: TBog-TBLauncher-2.0.0
compilation unit: 0098-TBog-TBLauncher-v5.2/app/src/main/java/rocks/tbog/tblauncher/searcher/Searcher.java
method: -
constraints in TBog-TBLauncher-1.0.0
	AndroidXNonNull condition: "" , add info: -
constraints in TBog-TBLauncher-2.0.0

CANNOT_BE_CLASSIFIED
version 1: TBog-TBLauncher-1.0.0
version 2: TBog-TBLauncher-2.0.0
compilation unit: 0098-TBog-TBLauncher-v5.2/app/src/main/java/rocks/tbog/tblauncher/shortcut/SaveAllOreoShortcutsAsync.java
method: -
constraints in TBog-TBLauncher-1.0.0
	AndroidTargetApi condition: "Build.VERSION_CODES.O" , add info: -
constraints in TBog-TBLauncher-2.0.0

CANNOT_BE_CLASSIFIED
version 1: TBog-TBLauncher-1.0.0
version 2: TBog-TBLauncher-2.0.0
compilation unit: 0098-TBog-TBLauncher-v5.2/app/src/main/java/rocks/tbog/tblauncher/shortcut/SaveSingleOreoShortcutAsync.java
method: -
constraints in TBog-TBLauncher-1.0.0
	AndroidTargetApi condition: "Build.VERSION_CODES.O" , add info: -
constraints in TBog-TBLauncher-2.0.0

CANNOT_BE_CLASSIFIED
version 1: TBog-TBLauncher-1.0.0
version 2: TBog-TBLauncher-2.0.0
compilation unit: 0098-TBog-TBLauncher-v5.2/app/src/main/java/rocks/tbog/tblauncher/ui/CutoutFactory.java
method: hasCutout()
constraints in TBog-TBLauncher-1.0.0
	AndroidSuppressLint condition: ""PrivateApi"" , add info: -
constraints in TBog-TBLauncher-2.0.0

CANNOT_BE_CLASSIFIED
version 1: TBog-TBLauncher-1.0.0
version 2: TBog-TBLauncher-2.0.0
compilation unit: 0098-TBog-TBLauncher-v5.2/app/src/main/java/rocks/tbog/tblauncher/ui/CutoutFactory.java
method: getCutout()
constraints in TBog-TBLauncher-1.0.0
	AndroidTargetApi condition: "Build.VERSION_CODES.P" , add info: -
	AndroidXNonNull condition: "" , add info: -
constraints in TBog-TBLauncher-2.0.0

CANNOT_BE_CLASSIFIED
version 1: TBog-TBLauncher-1.0.0
version 2: TBog-TBLauncher-2.0.0
compilation unit: 0098-TBog-TBLauncher-v5.2/app/src/main/java/rocks/tbog/tblauncher/ui/LinearAdapter.java
method: isEnabled()
constraints in TBog-TBLauncher-1.0.0
	AndroidXNonNull condition: "" , add info: -
	AndroidXNonNull condition: "" , add info: -
	AndroidXStringRes condition: "" , add info: -
constraints in TBog-TBLauncher-2.0.0

CANNOT_BE_CLASSIFIED
version 1: TBog-TBLauncher-1.0.0
version 2: TBog-TBLauncher-2.0.0
compilation unit: 0098-TBog-TBLauncher-v5.2/app/src/main/java/rocks/tbog/tblauncher/ui/LinearAdapterPlus.java
method: bindView(View)
constraints in TBog-TBLauncher-1.0.0
	AndroidXNonNull condition: "" , add info: -
constraints in TBog-TBLauncher-2.0.0

CANNOT_BE_CLASSIFIED
version 1: TBog-TBLauncher-1.0.0
version 2: TBog-TBLauncher-2.0.0
compilation unit: 0098-TBog-TBLauncher-v5.2/app/src/main/java/rocks/tbog/tblauncher/ui/ListPopup.java
method: onItemLongClick(ListAdapter,
constraints in TBog-TBLauncher-1.0.0
	AndroidXStringRes condition: "" , add info: -
constraints in TBog-TBLauncher-2.0.0

CANNOT_BE_CLASSIFIED
version 1: TBog-TBLauncher-1.0.0
version 2: TBog-TBLauncher-2.0.0
compilation unit: 0098-TBog-TBLauncher-v5.2/app/src/main/java/rocks/tbog/tblauncher/ui/WidgetLayout.java
method: WidgetLayout(Context, AttributeSet, int, int)
constraints in TBog-TBLauncher-1.0.0
	AndroidXRequiresApi condition: "[api = Build.VERSION_CODES.LOLLIPOP]" , add info: -
constraints in TBog-TBLauncher-2.0.0

CANNOT_BE_CLASSIFIED
version 1: TBog-TBLauncher-1.0.0
version 2: TBog-TBLauncher-2.0.0
compilation unit: 0098-TBog-TBLauncher-v5.2/app/src/main/java/rocks/tbog/tblauncher/utils/DeviceUtils.java
method: getAndroidId(Context)
constraints in TBog-TBLauncher-1.0.0
	AndroidSuppressLint condition: ""HardwareIds"" , add info: -
constraints in TBog-TBLauncher-2.0.0

CANNOT_BE_CLASSIFIED
version 1: TBog-TBLauncher-1.0.0
version 2: TBog-TBLauncher-2.0.0
compilation unit: 0098-TBog-TBLauncher-v5.2/app/src/main/java/rocks/tbog/tblauncher/utils/UserHandleCompat.java
method: UserHandleCompat(Context, android.os.UserHandle)
constraints in TBog-TBLauncher-1.0.0
	JavaAssert condition: "manager != null" , add info: -
constraints in TBog-TBLauncher-2.0.0

CANNOT_BE_CLASSIFIED
version 1: TBog-TBLauncher-1.0.0
version 2: TBog-TBLauncher-2.0.0
compilation unit: 0098-TBog-TBLauncher-v5.2/app/src/main/java/rocks/tbog/tblauncher/utils/UserHandleCompat.java
method: fromComponentName(Context,
constraints in TBog-TBLauncher-1.0.0
	JavaAssert condition: "manager != null" , add info: -
constraints in TBog-TBLauncher-2.0.0

CANNOT_BE_CLASSIFIED
version 1: TBog-TBLauncher-1.0.0
version 2: TBog-TBLauncher-2.0.0
compilation unit: 0098-TBog-TBLauncher-v5.2/app/src/main/java/rocks/tbog/tblauncher/utils/UserHandleCompat.java
method: UserHandleCompat(long, android.os.UserHandle)
constraints in TBog-TBLauncher-1.0.0
	AndroidTargetApi condition: "Build.VERSION_CODES.JELLY_BEAN_MR1" , add info: -
constraints in TBog-TBLauncher-2.0.0

CANNOT_BE_CLASSIFIED
version 1: TBog-TBLauncher-1.0.0
version 2: TBog-TBLauncher-2.0.0
compilation unit: 0098-TBog-TBLauncher-v5.2/app/src/main/java/rocks/tbog/tblauncher/utils/ViewHolderAdapter.java
method: -
constraints in TBog-TBLauncher-1.0.0
	AndroidXNonNull condition: "" , add info: -
	AndroidXLayoutRes condition: "" , add info: -
constraints in TBog-TBLauncher-2.0.0

CANNOT_BE_CLASSIFIED
version 1: TBog-TBLauncher-1.0.0
version 2: TBog-TBLauncher-2.0.0
compilation unit: 0098-TBog-TBLauncher-v5.2/app/src/main/java/rocks/tbog/tblauncher/utils/ViewHolderListAdapter.java
method: -
constraints in TBog-TBLauncher-1.0.0
	AndroidXNonNull condition: "" , add info: -
constraints in TBog-TBLauncher-2.0.0

CANNOT_BE_CLASSIFIED
version 1: TBog-TBLauncher-1.0.0
version 2: TBog-TBLauncher-2.0.0
compilation unit: 0098-TBog-TBLauncher-v5.2/app/src/main/java/rocks/tbog/tblauncher/WidgetManager.java
method: getConfigPopup(Activity)
constraints in TBog-TBLauncher-1.0.0
	AndroidXStringRes condition: "" , add info: -
constraints in TBog-TBLauncher-2.0.0

CANNOT_BE_CLASSIFIED
version 1: TeamAmaze-AmazeFileManager-1.0.0
version 2: TeamAmaze-AmazeFileManager-2.0.0
compilation unit: 0218-TeamAmaze-AmazeFileManager-v.3.2.1/app/src/main/java/com/amaze/filemanager/services/ftpservice/FTPTileService.java
method: -
constraints in TeamAmaze-AmazeFileManager-1.0.0
	AndroidTargetApi condition: "Build.VERSION_CODES.N" , add info: -
constraints in TeamAmaze-AmazeFileManager-2.0.0

CANNOT_BE_CLASSIFIED
version 1: TeamNewPipe-NewPipe-1.0.0
version 2: TeamNewPipe-NewPipe-2.0.0
compilation unit: 0038-TeamNewPipe-NewPipe-v0.18.1/app/src/main/java/org/schabi/newpipe/database/history/model/StreamHistoryEntity.java
method: -
constraints in TeamNewPipe-NewPipe-1.0.0
	AndroidXNonNull condition: "" , add info: -
constraints in TeamNewPipe-NewPipe-2.0.0

CANNOT_BE_CLASSIFIED
version 1: TeamNewPipe-NewPipe-1.0.0
version 2: TeamNewPipe-NewPipe-2.0.0
compilation unit: 0038-TeamNewPipe-NewPipe-v0.18.1/app/src/main/java/org/schabi/newpipe/fragments/BaseStateFragment.java
method: -
constraints in TeamNewPipe-NewPipe-1.0.0
	AndroidXNullable condition: "" , add info: -
	AndroidXNullable condition: "" , add info: -
constraints in TeamNewPipe-NewPipe-2.0.0

CANNOT_BE_CLASSIFIED
version 1: TeamNewPipe-NewPipe-1.0.0
version 2: TeamNewPipe-NewPipe-2.0.0
compilation unit: 0038-TeamNewPipe-NewPipe-v0.18.1/app/src/main/java/org/schabi/newpipe/fragments/detail/VideoDetailFragment.java
method: -
constraints in TeamNewPipe-NewPipe-1.0.0
	AndroidXNonNull condition: "" , add info: -
	AndroidXNullable condition: "" , add info: -
constraints in TeamNewPipe-NewPipe-2.0.0

CANNOT_BE_CLASSIFIED
version 1: TeamNewPipe-NewPipe-1.0.0
version 2: TeamNewPipe-NewPipe-2.0.0
compilation unit: 0038-TeamNewPipe-NewPipe-v0.18.1/app/src/main/java/org/schabi/newpipe/local/holder/LocalStatisticStreamItemHolder.java
method: -
constraints in TeamNewPipe-NewPipe-1.0.0
	AndroidXNullable condition: "" , add info: -
constraints in TeamNewPipe-NewPipe-2.0.0

CANNOT_BE_CLASSIFIED
version 1: TeamNewPipe-NewPipe-1.0.0
version 2: TeamNewPipe-NewPipe-2.0.0
compilation unit: 0038-TeamNewPipe-NewPipe-v0.18.1/app/src/main/java/org/schabi/newpipe/local/subscription/services/SubscriptionsImportService.java
method: -
constraints in TeamNewPipe-NewPipe-1.0.0
	AndroidXNullable condition: "" , add info: -
	AndroidXNullable condition: "" , add info: -
constraints in TeamNewPipe-NewPipe-2.0.0

CANNOT_BE_CLASSIFIED
version 1: TeamNewPipe-NewPipe-1.0.0
version 2: TeamNewPipe-NewPipe-2.0.0
compilation unit: 0038-TeamNewPipe-NewPipe-v0.18.1/app/src/main/java/org/schabi/newpipe/local/subscription/SubscriptionsImportFragment.java
method: -
constraints in TeamNewPipe-NewPipe-1.0.0
	AndroidXStringRes condition: "" , add info: -
constraints in TeamNewPipe-NewPipe-2.0.0

CANNOT_BE_CLASSIFIED
version 1: TeamNewPipe-NewPipe-1.0.0
version 2: TeamNewPipe-NewPipe-2.0.0
compilation unit: 0038-TeamNewPipe-NewPipe-v0.18.1/app/src/main/java/org/schabi/newpipe/player/BackgroundPlayer.java
method: onBind(Intent)
constraints in TeamNewPipe-NewPipe-1.0.0
	AndroidXNonNull condition: "" , add info: -
constraints in TeamNewPipe-NewPipe-2.0.0

CANNOT_BE_CLASSIFIED
version 1: TeamNewPipe-NewPipe-1.0.0
version 2: TeamNewPipe-NewPipe-2.0.0
compilation unit: 0038-TeamNewPipe-NewPipe-v0.18.1/app/src/main/java/org/schabi/newpipe/player/BasePlayer.java
method: -
constraints in TeamNewPipe-NewPipe-1.0.0
	AndroidXNonNull condition: "" , add info: -
	AndroidXNonNull condition: "" , add info: -
	AndroidXNonNull condition: "" , add info: -
	AndroidXNonNull condition: "" , add info: -
	AndroidXNonNull condition: "" , add info: -
	AndroidXNonNull condition: "" , add info: -
	AndroidXNonNull condition: "" , add info: -
	AndroidXNonNull condition: "" , add info: -
	AndroidXNonNull condition: "" , add info: -
	AndroidXNonNull condition: "" , add info: -
	AndroidXNonNull condition: "" , add info: -
	AndroidXNonNull condition: "" , add info: -
	AndroidXNonNull condition: "" , add info: -
	AndroidXNonNull condition: "" , add info: -
	AndroidXNonNull condition: "" , add info: -
	AndroidXNonNull condition: "" , add info: -
	AndroidXNonNull condition: "" , add info: -
	AndroidXNonNull condition: "" , add info: -
	AndroidXNonNull condition: "" , add info: -
	AndroidXNonNull condition: "" , add info: -
	AndroidXNullable condition: "" , add info: -
	AndroidXNullable condition: "" , add info: -
	AndroidXNullable condition: "" , add info: -
	AndroidXNullable condition: "" , add info: -
	AndroidXNullable condition: "" , add info: -
constraints in TeamNewPipe-NewPipe-2.0.0

CANNOT_BE_CLASSIFIED
version 1: TeamNewPipe-NewPipe-1.0.0
version 2: TeamNewPipe-NewPipe-2.0.0
compilation unit: 0038-TeamNewPipe-NewPipe-v0.18.1/app/src/main/java/org/schabi/newpipe/player/helper/MediaSessionManager.java
method: -
constraints in TeamNewPipe-NewPipe-1.0.0
	AndroidXNonNull condition: "" , add info: -
	AndroidXNonNull condition: "" , add info: -
constraints in TeamNewPipe-NewPipe-2.0.0

CANNOT_BE_CLASSIFIED
version 1: TeamNewPipe-NewPipe-1.0.0
version 2: TeamNewPipe-NewPipe-2.0.0
compilation unit: 0038-TeamNewPipe-NewPipe-v0.18.1/app/src/main/java/org/schabi/newpipe/player/helper/PlaybackParameterDialog.java
method: -
constraints in TeamNewPipe-NewPipe-1.0.0
	AndroidXNonNull condition: "" , add info: -
	AndroidXNonNull condition: "" , add info: -
	AndroidXNonNull condition: "" , add info: -
	AndroidXNonNull condition: "" , add info: -
	AndroidXNonNull condition: "" , add info: -
	AndroidXNonNull condition: "" , add info: -
constraints in TeamNewPipe-NewPipe-2.0.0

CANNOT_BE_CLASSIFIED
version 1: TeamNewPipe-NewPipe-1.0.0
version 2: TeamNewPipe-NewPipe-2.0.0
compilation unit: 0038-TeamNewPipe-NewPipe-v0.18.1/app/src/main/java/org/schabi/newpipe/player/helper/PlaybackParameterDialog.java
method: onPlaybackParameterChanged(float,
constraints in TeamNewPipe-NewPipe-1.0.0
	AndroidXNullable condition: "" , add info: -
	AndroidXNonNull condition: "" , add info: -
	AndroidXNullable condition: "" , add info: -
	AndroidXNullable condition: "" , add info: -
	AndroidXNullable condition: "" , add info: -
	AndroidXNullable condition: "" , add info: -
	AndroidXNullable condition: "" , add info: -
	AndroidXNullable condition: "" , add info: -
	AndroidXNullable condition: "" , add info: -
	AndroidXNullable condition: "" , add info: -
	AndroidXNullable condition: "" , add info: -
	AndroidXNullable condition: "" , add info: -
constraints in TeamNewPipe-NewPipe-2.0.0

CANNOT_BE_CLASSIFIED
version 1: TeamNewPipe-NewPipe-1.0.0
version 2: TeamNewPipe-NewPipe-2.0.0
compilation unit: 0038-TeamNewPipe-NewPipe-v0.18.1/app/src/main/java/org/schabi/newpipe/player/helper/PlayerHelper.java
method: -
constraints in TeamNewPipe-NewPipe-1.0.0
	AndroidXIntDef condition: "{ MINIMIZE_ON_EXIT_MODE_NONE, MINIMIZE_ON_EXIT_MODE_BACKGROUND, MINIMIZE_ON_EXIT_MODE_POPUP }" , add info: -
constraints in TeamNewPipe-NewPipe-2.0.0

CANNOT_BE_CLASSIFIED
version 1: TeamNewPipe-NewPipe-1.0.0
version 2: TeamNewPipe-NewPipe-2.0.0
compilation unit: 0038-TeamNewPipe-NewPipe-v0.18.1/app/src/main/java/org/schabi/newpipe/player/MainVideoPlayer.java
method: -
constraints in TeamNewPipe-NewPipe-1.0.0
	AndroidXNullable condition: "" , add info: -
constraints in TeamNewPipe-NewPipe-2.0.0

CANNOT_BE_CLASSIFIED
version 1: TeamNewPipe-NewPipe-1.0.0
version 2: TeamNewPipe-NewPipe-2.0.0
compilation unit: 0038-TeamNewPipe-NewPipe-v0.18.1/app/src/main/java/org/schabi/newpipe/player/mediasource/ManagedMediaSourcePlaylist.java
method: -
constraints in TeamNewPipe-NewPipe-1.0.0
	AndroidXNonNull condition: "" , add info: -
constraints in TeamNewPipe-NewPipe-2.0.0

CANNOT_BE_CLASSIFIED
version 1: TeamNewPipe-NewPipe-1.0.0
version 2: TeamNewPipe-NewPipe-2.0.0
compilation unit: 0038-TeamNewPipe-NewPipe-v0.18.1/app/src/main/java/org/schabi/newpipe/player/playback/MediaSourceManager.java
method: -
constraints in TeamNewPipe-NewPipe-1.0.0
	AndroidXNonNull condition: "" , add info: -
	AndroidXNonNull condition: "" , add info: -
	AndroidXNonNull condition: "" , add info: -
	AndroidXNonNull condition: "" , add info: -
	AndroidXNonNull condition: "" , add info: -
	AndroidXNonNull condition: "" , add info: -
	AndroidXNonNull condition: "" , add info: -
	AndroidXNonNull condition: "" , add info: -
	AndroidXNonNull condition: "" , add info: -
	AndroidXNonNull condition: "" , add info: -
	AndroidXNonNull condition: "" , add info: -
constraints in TeamNewPipe-NewPipe-2.0.0

CANNOT_BE_CLASSIFIED
version 1: TeamNewPipe-NewPipe-1.0.0
version 2: TeamNewPipe-NewPipe-2.0.0
compilation unit: 0038-TeamNewPipe-NewPipe-v0.18.1/app/src/main/java/org/schabi/newpipe/player/playback/MediaSourceManager.java
method: dispose()
constraints in TeamNewPipe-NewPipe-1.0.0
	AndroidXNonNull condition: "" , add info: -
	AndroidXNonNull condition: "" , add info: -
constraints in TeamNewPipe-NewPipe-2.0.0

CANNOT_BE_CLASSIFIED
version 1: TeamNewPipe-NewPipe-1.0.0
version 2: TeamNewPipe-NewPipe-2.0.0
compilation unit: 0038-TeamNewPipe-NewPipe-v0.18.1/app/src/main/java/org/schabi/newpipe/player/PlayerState.java
method: -
constraints in TeamNewPipe-NewPipe-1.0.0
	AndroidXNonNull condition: "" , add info: -
	AndroidXNullable condition: "" , add info: -
constraints in TeamNewPipe-NewPipe-2.0.0

CANNOT_BE_CLASSIFIED
version 1: TeamNewPipe-NewPipe-1.0.0
version 2: TeamNewPipe-NewPipe-2.0.0
compilation unit: 0038-TeamNewPipe-NewPipe-v0.18.1/app/src/main/java/org/schabi/newpipe/player/playqueue/PlayQueue.java
method: -
constraints in TeamNewPipe-NewPipe-1.0.0
	AndroidXNonNull condition: "" , add info: -
constraints in TeamNewPipe-NewPipe-2.0.0

CANNOT_BE_CLASSIFIED
version 1: TeamNewPipe-NewPipe-1.0.0
version 2: TeamNewPipe-NewPipe-2.0.0
compilation unit: 0038-TeamNewPipe-NewPipe-v0.18.1/app/src/main/java/org/schabi/newpipe/player/playqueue/PlayQueueItem.java
method: -
constraints in TeamNewPipe-NewPipe-1.0.0
	AndroidXNonNull condition: "" , add info: -
	AndroidXNonNull condition: "" , add info: -
	AndroidXNonNull condition: "" , add info: -
	AndroidXNonNull condition: "" , add info: -
	AndroidXNonNull condition: "" , add info: -
constraints in TeamNewPipe-NewPipe-2.0.0

CANNOT_BE_CLASSIFIED
version 1: TeamNewPipe-NewPipe-1.0.0
version 2: TeamNewPipe-NewPipe-2.0.0
compilation unit: 0038-TeamNewPipe-NewPipe-v0.18.1/app/src/main/java/org/schabi/newpipe/player/resolver/AudioPlaybackResolver.java
method: -
constraints in TeamNewPipe-NewPipe-1.0.0
	AndroidXNonNull condition: "" , add info: -
	AndroidXNonNull condition: "" , add info: -
constraints in TeamNewPipe-NewPipe-2.0.0

CANNOT_BE_CLASSIFIED
version 1: TeamNewPipe-NewPipe-1.0.0
version 2: TeamNewPipe-NewPipe-2.0.0
compilation unit: 0038-TeamNewPipe-NewPipe-v0.18.1/app/src/main/java/org/schabi/newpipe/player/resolver/MediaSourceTag.java
method: -
constraints in TeamNewPipe-NewPipe-1.0.0
	AndroidXNonNull condition: "" , add info: -
	AndroidXNonNull condition: "" , add info: -
constraints in TeamNewPipe-NewPipe-2.0.0

CANNOT_BE_CLASSIFIED
version 1: TeamNewPipe-NewPipe-1.0.0
version 2: TeamNewPipe-NewPipe-2.0.0
compilation unit: 0038-TeamNewPipe-NewPipe-v0.18.1/app/src/main/java/org/schabi/newpipe/player/resolver/VideoPlaybackResolver.java
method: getOverrideResolutionIndex(List<VideoStream>,
constraints in TeamNewPipe-NewPipe-1.0.0
	AndroidXNonNull condition: "" , add info: -
	AndroidXNonNull condition: "" , add info: -
	AndroidXNonNull condition: "" , add info: -
	AndroidXNullable condition: "" , add info: -
constraints in TeamNewPipe-NewPipe-2.0.0

CANNOT_BE_CLASSIFIED
version 1: TeamNewPipe-NewPipe-1.0.0
version 2: TeamNewPipe-NewPipe-2.0.0
compilation unit: 0038-TeamNewPipe-NewPipe-v0.18.1/app/src/main/java/org/schabi/newpipe/player/VideoPlayer.java
method: -
constraints in TeamNewPipe-NewPipe-1.0.0
	AndroidXNonNull condition: "" , add info: -
constraints in TeamNewPipe-NewPipe-2.0.0

CANNOT_BE_CLASSIFIED
version 1: TeamNewPipe-NewPipe-1.0.0
version 2: TeamNewPipe-NewPipe-2.0.0
compilation unit: 0038-TeamNewPipe-NewPipe-v0.18.1/app/src/main/java/org/schabi/newpipe/report/ErrorActivity.java
method: newArray(int)
constraints in TeamNewPipe-NewPipe-1.0.0
	AndroidXStringRes condition: "" , add info: -
constraints in TeamNewPipe-NewPipe-2.0.0

CANNOT_BE_CLASSIFIED
version 1: TeamNewPipe-NewPipe-1.0.0
version 2: TeamNewPipe-NewPipe-2.0.0
compilation unit: 0038-TeamNewPipe-NewPipe-v0.18.1/app/src/main/java/org/schabi/newpipe/settings/tabs/AddTabDialog.java
method: show()
constraints in TeamNewPipe-NewPipe-1.0.0
	AndroidXDrawableRes condition: "" , add info: -
	AndroidXDrawableRes condition: "" , add info: -
constraints in TeamNewPipe-NewPipe-2.0.0

CANNOT_BE_CLASSIFIED
version 1: TeamNewPipe-NewPipe-1.0.0
version 2: TeamNewPipe-NewPipe-2.0.0
compilation unit: 0038-TeamNewPipe-NewPipe-v0.18.1/app/src/main/java/org/schabi/newpipe/views/AnimatedProgressBar.java
method: -
constraints in TeamNewPipe-NewPipe-1.0.0
	AndroidXNullable condition: "" , add info: -
constraints in TeamNewPipe-NewPipe-2.0.0

CANNOT_BE_CLASSIFIED
version 1: TeamNewPipe-NewPipe-1.0.0
version 2: TeamNewPipe-NewPipe-2.0.0
compilation unit: 0038-TeamNewPipe-NewPipe-v0.18.1/app/src/main/java/org/schabi/newpipe/views/CollapsibleView.java
method: CollapsibleView(Context, AttributeSet, int, int)
constraints in TeamNewPipe-NewPipe-1.0.0
	AndroidXRequiresApi condition: "[api = Build.VERSION_CODES.LOLLIPOP]" , add info: -
	AndroidXIntDef condition: "{ COLLAPSED, EXPANDED }" , add info: -
constraints in TeamNewPipe-NewPipe-2.0.0

CANNOT_BE_CLASSIFIED
version 1: TeamNewPipe-NewPipe-1.0.0
version 2: TeamNewPipe-NewPipe-2.0.0
compilation unit: 0038-TeamNewPipe-NewPipe-v0.18.1/app/src/main/java/us/shandian/giga/get/DownloadMission.java
method: -
constraints in TeamNewPipe-NewPipe-1.0.0
	AndroidXNonNull condition: "" , add info: -
constraints in TeamNewPipe-NewPipe-2.0.0

CANNOT_BE_CLASSIFIED
version 1: UriahShaulMandel-BaldPhone-1.0.0
version 2: UriahShaulMandel-BaldPhone-2.0.0
compilation unit: 0148-UriahShaulMandel-BaldPhone-75/app/src/main/java/com/bald/uriah/baldphone/activities/BaldActivity.java
method: -
constraints in UriahShaulMandel-BaldPhone-1.0.0
	AndroidXStyleRes condition: "" , add info: -
constraints in UriahShaulMandel-BaldPhone-2.0.0

CANNOT_BE_CLASSIFIED
version 1: UriahShaulMandel-BaldPhone-1.0.0
version 2: UriahShaulMandel-BaldPhone-2.0.0
compilation unit: 0148-UriahShaulMandel-BaldPhone-75/app/src/main/java/com/bald/uriah/baldphone/activities/HomeScreenActivity.java
method: -
constraints in UriahShaulMandel-BaldPhone-1.0.0
	AndroidXNonNull condition: "" , add info: -
constraints in UriahShaulMandel-BaldPhone-2.0.0

CANNOT_BE_CLASSIFIED
version 1: UriahShaulMandel-BaldPhone-1.0.0
version 2: UriahShaulMandel-BaldPhone-2.0.0
compilation unit: 0148-UriahShaulMandel-BaldPhone-75/app/src/main/java/com/bald/uriah/baldphone/activities/HomeScreenActivity.java
method: onReceive(Context,
constraints in UriahShaulMandel-BaldPhone-1.0.0
	AndroidXDrawableRes condition: "" , add info: -
constraints in UriahShaulMandel-BaldPhone-2.0.0

CANNOT_BE_CLASSIFIED
version 1: UriahShaulMandel-BaldPhone-1.0.0
version 2: UriahShaulMandel-BaldPhone-2.0.0
compilation unit: 0148-UriahShaulMandel-BaldPhone-75/app/src/main/java/com/bald/uriah/baldphone/activities/SettingsActivity.java
method: update(SettingsItem)
constraints in UriahShaulMandel-BaldPhone-1.0.0
	AndroidXStringRes condition: "" , add info: -
	AndroidXDrawableRes condition: "" , add info: -
constraints in UriahShaulMandel-BaldPhone-2.0.0

CANNOT_BE_CLASSIFIED
version 1: UriahShaulMandel-BaldPhone-1.0.0
version 2: UriahShaulMandel-BaldPhone-2.0.0
compilation unit: 0148-UriahShaulMandel-BaldPhone-75/app/src/main/java/com/bald/uriah/baldphone/activities/UpdatesActivity.java
method: apply()
constraints in UriahShaulMandel-BaldPhone-1.0.0
	JavaAssert condition: "true" , add info: -
constraints in UriahShaulMandel-BaldPhone-2.0.0

CANNOT_BE_CLASSIFIED
version 1: UriahShaulMandel-BaldPhone-1.0.0
version 2: UriahShaulMandel-BaldPhone-2.0.0
compilation unit: 0148-UriahShaulMandel-BaldPhone-75/app/src/main/java/com/bald/uriah/baldphone/adapters/AppsRecyclerViewAdapter.java
method: -
constraints in UriahShaulMandel-BaldPhone-1.0.0
	AndroidXColorInt condition: "" , add info: -
constraints in UriahShaulMandel-BaldPhone-2.0.0

CANNOT_BE_CLASSIFIED
version 1: UriahShaulMandel-BaldPhone-1.0.0
version 2: UriahShaulMandel-BaldPhone-2.0.0
compilation unit: 0148-UriahShaulMandel-BaldPhone-75/app/src/main/java/com/bald/uriah/baldphone/adapters/CallsRecyclerViewAdapter.java
method: -
constraints in UriahShaulMandel-BaldPhone-1.0.0
	AndroidXColorInt condition: "" , add info: -
constraints in UriahShaulMandel-BaldPhone-2.0.0

CANNOT_BE_CLASSIFIED
version 1: UriahShaulMandel-BaldPhone-1.0.0
version 2: UriahShaulMandel-BaldPhone-2.0.0
compilation unit: 0148-UriahShaulMandel-BaldPhone-75/app/src/main/java/com/bald/uriah/baldphone/adapters/CallsRecyclerViewAdapter.java
method: update(int)
constraints in UriahShaulMandel-BaldPhone-1.0.0
	AndroidXColorInt condition: "" , add info: -
constraints in UriahShaulMandel-BaldPhone-2.0.0

CANNOT_BE_CLASSIFIED
version 1: UriahShaulMandel-BaldPhone-1.0.0
version 2: UriahShaulMandel-BaldPhone-2.0.0
compilation unit: 0148-UriahShaulMandel-BaldPhone-75/app/src/main/java/com/bald/uriah/baldphone/adapters/CallsRecyclerViewAdapter.java
method: setType(int)
constraints in UriahShaulMandel-BaldPhone-1.0.0
	AndroidXColorRes condition: "" , add info: -
	AndroidXDrawableRes condition: "" , add info: -
	AndroidXStringRes condition: "" , add info: -
constraints in UriahShaulMandel-BaldPhone-2.0.0

CANNOT_BE_CLASSIFIED
version 1: UriahShaulMandel-BaldPhone-1.0.0
version 2: UriahShaulMandel-BaldPhone-2.0.0
compilation unit: 0148-UriahShaulMandel-BaldPhone-75/app/src/main/java/com/bald/uriah/baldphone/adapters/ContactRecyclerViewAdapter.java
method: -
constraints in UriahShaulMandel-BaldPhone-1.0.0
	AndroidXColorInt condition: "" , add info: -
constraints in UriahShaulMandel-BaldPhone-2.0.0

CANNOT_BE_CLASSIFIED
version 1: UriahShaulMandel-BaldPhone-1.0.0
version 2: UriahShaulMandel-BaldPhone-2.0.0
compilation unit: 0148-UriahShaulMandel-BaldPhone-75/app/src/main/java/com/bald/uriah/baldphone/adapters/HelpRecyclerViewAdapter.java
method: -
constraints in UriahShaulMandel-BaldPhone-1.0.0
	AndroidXStringRes condition: "" , add info: -
	AndroidXDrawableRes condition: "" , add info: -
constraints in UriahShaulMandel-BaldPhone-2.0.0

CANNOT_BE_CLASSIFIED
version 1: UriahShaulMandel-BaldPhone-1.0.0
version 2: UriahShaulMandel-BaldPhone-2.0.0
compilation unit: 0148-UriahShaulMandel-BaldPhone-75/app/src/main/java/com/bald/uriah/baldphone/adapters/NotificationRecyclerViewAdapter.java
method: -
constraints in UriahShaulMandel-BaldPhone-1.0.0
	AndroidXColorInt condition: "" , add info: -
constraints in UriahShaulMandel-BaldPhone-2.0.0

CANNOT_BE_CLASSIFIED
version 1: UriahShaulMandel-BaldPhone-1.0.0
version 2: UriahShaulMandel-BaldPhone-2.0.0
compilation unit: 0148-UriahShaulMandel-BaldPhone-75/app/src/main/java/com/bald/uriah/baldphone/databases/contacts/Contact.java
method: -
constraints in UriahShaulMandel-BaldPhone-1.0.0
	AndroidXNonNull condition: "" , add info: -
	AndroidXNonNull condition: "" , add info: -
	AndroidXNonNull condition: "" , add info: -
	AndroidXNonNull condition: "" , add info: -
	AndroidXNonNull condition: "" , add info: -
	AndroidXNonNull condition: "" , add info: -
	AndroidXNullable condition: "" , add info: -
constraints in UriahShaulMandel-BaldPhone-2.0.0

CANNOT_BE_CLASSIFIED
version 1: UriahShaulMandel-BaldPhone-1.0.0
version 2: UriahShaulMandel-BaldPhone-2.0.0
compilation unit: 0148-UriahShaulMandel-BaldPhone-75/app/src/main/java/com/bald/uriah/baldphone/databases/contacts/MiniContact.java
method: -
constraints in UriahShaulMandel-BaldPhone-1.0.0
	AndroidXNullable condition: "" , add info: -
constraints in UriahShaulMandel-BaldPhone-2.0.0

CANNOT_BE_CLASSIFIED
version 1: UriahShaulMandel-BaldPhone-1.0.0
version 2: UriahShaulMandel-BaldPhone-2.0.0
compilation unit: 0148-UriahShaulMandel-BaldPhone-75/app/src/main/java/com/bald/uriah/baldphone/databases/reminders/Reminder.java
method: -
constraints in UriahShaulMandel-BaldPhone-1.0.0
	AndroidXNullable condition: "" , add info: -
	AndroidXNullable condition: "" , add info: -
constraints in UriahShaulMandel-BaldPhone-2.0.0

CANNOT_BE_CLASSIFIED
version 1: UriahShaulMandel-BaldPhone-1.0.0
version 2: UriahShaulMandel-BaldPhone-2.0.0
compilation unit: 0148-UriahShaulMandel-BaldPhone-75/app/src/main/java/com/bald/uriah/baldphone/fragments_and_dialogs/tutorial_fragments/TutorialFragment2.java
method: -
constraints in UriahShaulMandel-BaldPhone-1.0.0
	AndroidXColorInt condition: "" , add info: -
constraints in UriahShaulMandel-BaldPhone-2.0.0

CANNOT_BE_CLASSIFIED
version 1: UriahShaulMandel-BaldPhone-1.0.0
version 2: UriahShaulMandel-BaldPhone-2.0.0
compilation unit: 0148-UriahShaulMandel-BaldPhone-75/app/src/main/java/com/bald/uriah/baldphone/keyboard/BaldKeyboard.java
method: BaldKeyboard(Context, View.OnClickListener, Runnable)
constraints in UriahShaulMandel-BaldPhone-1.0.0
	AndroidXKeep condition: "" , add info: -
constraints in UriahShaulMandel-BaldPhone-2.0.0

CANNOT_BE_CLASSIFIED
version 1: UriahShaulMandel-BaldPhone-1.0.0
version 2: UriahShaulMandel-BaldPhone-2.0.0
compilation unit: 0148-UriahShaulMandel-BaldPhone-75/app/src/main/java/com/bald/uriah/baldphone/keyboard/EnglishKeyboard.java
method: -
constraints in UriahShaulMandel-BaldPhone-1.0.0
	AndroidSuppressLint condition: ""ViewConstructor"" , add info: -
constraints in UriahShaulMandel-BaldPhone-2.0.0

CANNOT_BE_CLASSIFIED
version 1: UriahShaulMandel-BaldPhone-1.0.0
version 2: UriahShaulMandel-BaldPhone-2.0.0
compilation unit: 0148-UriahShaulMandel-BaldPhone-75/app/src/main/java/com/bald/uriah/baldphone/keyboard/HebrewKeyboard.java
method: -
constraints in UriahShaulMandel-BaldPhone-1.0.0
	AndroidSuppressLint condition: ""ViewConstructor"" , add info: -
constraints in UriahShaulMandel-BaldPhone-2.0.0

CANNOT_BE_CLASSIFIED
version 1: UriahShaulMandel-BaldPhone-1.0.0
version 2: UriahShaulMandel-BaldPhone-2.0.0
compilation unit: 0148-UriahShaulMandel-BaldPhone-75/app/src/main/java/com/bald/uriah/baldphone/keyboard/NumberKeyboard.java
method: -
constraints in UriahShaulMandel-BaldPhone-1.0.0
	AndroidSuppressLint condition: ""ViewConstructor"" , add info: -
constraints in UriahShaulMandel-BaldPhone-2.0.0

CANNOT_BE_CLASSIFIED
version 1: UriahShaulMandel-BaldPhone-1.0.0
version 2: UriahShaulMandel-BaldPhone-2.0.0
compilation unit: 0148-UriahShaulMandel-BaldPhone-75/app/src/main/java/com/bald/uriah/baldphone/services/NotificationListenerService.java
method: onListenerConnected()
constraints in UriahShaulMandel-BaldPhone-1.0.0
	AndroidXIntDef condition: "{ ACTIVITY_NONE, NOTIFICATIONS_ACTIVITY, NOTIFICATIONS_HOME_SCREEN }" , add info: -
constraints in UriahShaulMandel-BaldPhone-2.0.0

CANNOT_BE_CLASSIFIED
version 1: UriahShaulMandel-BaldPhone-1.0.0
version 2: UriahShaulMandel-BaldPhone-2.0.0
compilation unit: 0148-UriahShaulMandel-BaldPhone-75/app/src/main/java/com/bald/uriah/baldphone/utils/BaldToast.java
method: -
constraints in UriahShaulMandel-BaldPhone-1.0.0
	AndroidXLayoutRes condition: "" , add info: -
	AndroidXDrawableRes condition: "" , add info: -
	AndroidXColorRes condition: "" , add info: -
	AndroidXDrawableRes condition: "" , add info: -
	AndroidXColorRes condition: "" , add info: -
	AndroidXDrawableRes condition: "" , add info: -
	AndroidXColorRes condition: "" , add info: -
constraints in UriahShaulMandel-BaldPhone-2.0.0

CANNOT_BE_CLASSIFIED
version 1: UriahShaulMandel-BaldPhone-1.0.0
version 2: UriahShaulMandel-BaldPhone-2.0.0
compilation unit: 0148-UriahShaulMandel-BaldPhone-75/app/src/main/java/com/bald/uriah/baldphone/utils/BaldToast.java
method: build()
constraints in UriahShaulMandel-BaldPhone-1.0.0
	AndroidXDrawableRes condition: "" , add info: -
	AndroidXColorInt condition: "" , add info: -
	AndroidXIntDef condition: "{ TYPE_DEFAULT, TYPE_ERROR, TYPE_INFORMATIVE }" , add info: -
constraints in UriahShaulMandel-BaldPhone-2.0.0

CANNOT_BE_CLASSIFIED
version 1: UriahShaulMandel-BaldPhone-1.0.0
version 2: UriahShaulMandel-BaldPhone-2.0.0
compilation unit: 0148-UriahShaulMandel-BaldPhone-75/app/src/main/java/com/bald/uriah/baldphone/utils/BDB.java
method: -
constraints in UriahShaulMandel-BaldPhone-1.0.0
	AndroidXNonNull condition: "" , add info: -
	AndroidXNonNull condition: "" , add info: -
	AndroidXNullable condition: "" , add info: -
	AndroidXNullable condition: "" , add info: -
constraints in UriahShaulMandel-BaldPhone-2.0.0

CANNOT_BE_CLASSIFIED
version 1: UriahShaulMandel-BaldPhone-1.0.0
version 2: UriahShaulMandel-BaldPhone-2.0.0
compilation unit: 0148-UriahShaulMandel-BaldPhone-75/app/src/main/java/com/bald/uriah/baldphone/utils/BDialog.java
method: -
constraints in UriahShaulMandel-BaldPhone-1.0.0
	AndroidXNullable condition: "" , add info: -
constraints in UriahShaulMandel-BaldPhone-2.0.0

CANNOT_BE_CLASSIFIED
version 1: UriahShaulMandel-BaldPhone-1.0.0
version 2: UriahShaulMandel-BaldPhone-2.0.0
compilation unit: 0148-UriahShaulMandel-BaldPhone-75/app/src/main/java/com/bald/uriah/baldphone/utils/BPrefs.java
method: get(Context)
constraints in UriahShaulMandel-BaldPhone-1.0.0
	AndroidXStyleRes condition: "" , add info: -
constraints in UriahShaulMandel-BaldPhone-2.0.0

CANNOT_BE_CLASSIFIED
version 1: UriahShaulMandel-BaldPhone-1.0.0
version 2: UriahShaulMandel-BaldPhone-2.0.0
compilation unit: 0148-UriahShaulMandel-BaldPhone-75/app/src/main/java/com/bald/uriah/baldphone/views/BaldConstraintLayoutButton.java
method: BaldConstraintLayoutButton(Context)
constraints in UriahShaulMandel-BaldPhone-1.0.0
	AndroidSuppressLint condition: ""ClickableViewAccessibility"" , add info: -
constraints in UriahShaulMandel-BaldPhone-2.0.0

CANNOT_BE_CLASSIFIED
version 1: UriahShaulMandel-BaldPhone-1.0.0
version 2: UriahShaulMandel-BaldPhone-2.0.0
compilation unit: 0148-UriahShaulMandel-BaldPhone-75/app/src/main/java/com/bald/uriah/baldphone/views/BaldKeyboardView.java
method: BaldKeyboardView(Context, AttributeSet, int, int)
constraints in UriahShaulMandel-BaldPhone-1.0.0
	AndroidXRequiresApi condition: "[api = Build.VERSION_CODES.LOLLIPOP]" , add info: -
constraints in UriahShaulMandel-BaldPhone-2.0.0

CANNOT_BE_CLASSIFIED
version 1: UriahShaulMandel-BaldPhone-1.0.0
version 2: UriahShaulMandel-BaldPhone-2.0.0
compilation unit: 0148-UriahShaulMandel-BaldPhone-75/app/src/main/java/com/bald/uriah/baldphone/views/BaldMultipleSelection.java
method: -
constraints in UriahShaulMandel-BaldPhone-1.0.0
	AndroidXColorInt condition: "" , add info: -
	AndroidXColorInt condition: "" , add info: -
constraints in UriahShaulMandel-BaldPhone-2.0.0

CANNOT_BE_CLASSIFIED
version 1: UriahShaulMandel-BaldPhone-1.0.0
version 2: UriahShaulMandel-BaldPhone-2.0.0
compilation unit: 0148-UriahShaulMandel-BaldPhone-75/app/src/main/java/com/bald/uriah/baldphone/views/BaldMultipleSelection.java
method: BaldMultipleSelection(Context, AttributeSet, int, int)
constraints in UriahShaulMandel-BaldPhone-1.0.0
	AndroidXRequiresApi condition: "[value = 21]" , add info: -
constraints in UriahShaulMandel-BaldPhone-2.0.0

CANNOT_BE_CLASSIFIED
version 1: UriahShaulMandel-BaldPhone-1.0.0
version 2: UriahShaulMandel-BaldPhone-2.0.0
compilation unit: 0148-UriahShaulMandel-BaldPhone-75/app/src/main/java/com/bald/uriah/baldphone/views/BaldSwitch.java
method: -
constraints in UriahShaulMandel-BaldPhone-1.0.0
	AndroidXColorInt condition: "" , add info: -
	AndroidXColorInt condition: "" , add info: -
constraints in UriahShaulMandel-BaldPhone-2.0.0

CANNOT_BE_CLASSIFIED
version 1: UriahShaulMandel-BaldPhone-1.0.0
version 2: UriahShaulMandel-BaldPhone-2.0.0
compilation unit: 0148-UriahShaulMandel-BaldPhone-75/app/src/main/java/com/bald/uriah/baldphone/views/BaldTitleBar.java
method: BaldTitleBar(Context, AttributeSet, int, int)
constraints in UriahShaulMandel-BaldPhone-1.0.0
	AndroidXRequiresApi condition: "[api = Build.VERSION_CODES.LOLLIPOP]" , add info: -
constraints in UriahShaulMandel-BaldPhone-2.0.0

CANNOT_BE_CLASSIFIED
version 1: UriahShaulMandel-BaldPhone-1.0.0
version 2: UriahShaulMandel-BaldPhone-2.0.0
compilation unit: 0148-UriahShaulMandel-BaldPhone-75/app/src/main/java/com/bald/uriah/baldphone/views/BatteryView.java
method: setLevel(int,
constraints in UriahShaulMandel-BaldPhone-1.0.0
	AndroidXDrawableRes condition: "" , add info: -
constraints in UriahShaulMandel-BaldPhone-2.0.0

CANNOT_BE_CLASSIFIED
version 1: UriahShaulMandel-BaldPhone-1.0.0
version 2: UriahShaulMandel-BaldPhone-2.0.0
compilation unit: 0148-UriahShaulMandel-BaldPhone-75/app/src/main/java/com/bald/uriah/baldphone/views/home/HomeView.java
method: -
constraints in UriahShaulMandel-BaldPhone-1.0.0
	AndroidXNonNull condition: "" , add info: -
constraints in UriahShaulMandel-BaldPhone-2.0.0

CANNOT_BE_CLASSIFIED
version 1: UriahShaulMandel-BaldPhone-1.0.0
version 2: UriahShaulMandel-BaldPhone-2.0.0
compilation unit: 0148-UriahShaulMandel-BaldPhone-75/app/src/main/java/com/bald/uriah/baldphone/views/home/HomeViewFactory.java
method: populate(int)
constraints in UriahShaulMandel-BaldPhone-1.0.0
	AndroidXNonNull condition: "" , add info: -
constraints in UriahShaulMandel-BaldPhone-2.0.0

CANNOT_BE_CLASSIFIED
version 1: UriahShaulMandel-BaldPhone-1.0.0
version 2: UriahShaulMandel-BaldPhone-2.0.0
compilation unit: 0148-UriahShaulMandel-BaldPhone-75/app/src/main/java/com/bald/uriah/baldphone/views/ScrollingHelper.java
method: -
constraints in UriahShaulMandel-BaldPhone-1.0.0
	AndroidXIdRes condition: "" , add info: -
	AndroidXIdRes condition: "" , add info: -
constraints in UriahShaulMandel-BaldPhone-2.0.0

CANNOT_BE_CLASSIFIED
version 1: UriahShaulMandel-BaldPhone-1.0.0
version 2: UriahShaulMandel-BaldPhone-2.0.0
compilation unit: 0148-UriahShaulMandel-BaldPhone-75/app/src/main/java/com/bald/uriah/baldphone/views/ViewPagerHolder.java
method: ViewPagerHolder(Context, AttributeSet, int, int)
constraints in UriahShaulMandel-BaldPhone-1.0.0
	AndroidXRequiresApi condition: "[api = Build.VERSION_CODES.LOLLIPOP]" , add info: -
constraints in UriahShaulMandel-BaldPhone-2.0.0

CANNOT_BE_CLASSIFIED
version 1: agateau-pixelwheels-1.0.0
version 2: agateau-pixelwheels-2.0.0
compilation unit: 0396-agateau-pixelwheels-None/core/src/com/agateau/ui/animscript/BasicInstructionDefinition.java
method: parse(StreamTokenizer,
constraints in agateau-pixelwheels-1.0.0
	JavaAssert condition: "(def != null)" , add info: -
constraints in agateau-pixelwheels-2.0.0

CANNOT_BE_CLASSIFIED
version 1: agateau-pixelwheels-1.0.0
version 2: agateau-pixelwheels-2.0.0
compilation unit: 0396-agateau-pixelwheels-None/core/src/com/agateau/ui/uibuilder/UiBuilder.java
method: build(FileHandle,
constraints in agateau-pixelwheels-1.0.0
	JavaAssert condition: "(element != null)" , add info: -
constraints in agateau-pixelwheels-2.0.0

CANNOT_BE_CLASSIFIED
version 1: andOTP-andOTP-1.0.0
version 2: andOTP-andOTP-2.0.0
compilation unit: 0226-andOTP-andOTP-v0.2.4/app/src/main/java/org/shadowice/flocke/andotp/SecretKeyWrapper.java
method: SecretKeyWrapper(Context, String)
constraints in andOTP-andOTP-1.0.0
	AndroidSuppressLint condition: ""GetInstance"" , add info: -
constraints in andOTP-andOTP-2.0.0

CANNOT_BE_CLASSIFIED
version 1: ankidroid-Anki_Android-1.0.0
version 2: ankidroid-Anki_Android-2.0.0
compilation unit: 0066-ankidroid-Anki_Android-v2.15alpha18/AnkiDroid/src/main/java/com/ichi2/anki/AbstractFlashcardViewer.java
method: -
constraints in ankidroid-Anki_Android-1.0.0
	AndroidXVisibleForTesting condition: "" , add info: -
	AndroidXVisibleForTesting condition: "" , add info: -
	AndroidXNullable condition: "" , add info: -
constraints in ankidroid-Anki_Android-2.0.0

CANNOT_BE_CLASSIFIED
version 1: ankidroid-Anki_Android-1.0.0
version 2: ankidroid-Anki_Android-2.0.0
compilation unit: 0066-ankidroid-Anki_Android-v2.15alpha18/AnkiDroid/src/main/java/com/ichi2/anki/AbstractFlashcardViewer.java
method: dismiss(Collection.DismissType)
constraints in ankidroid-Anki_Android-1.0.0
	AndroidXVisibleForTesting condition: "" , add info: -
constraints in ankidroid-Anki_Android-2.0.0

CANNOT_BE_CLASSIFIED
version 1: ankidroid-Anki_Android-1.0.0
version 2: ankidroid-Anki_Android-2.0.0
compilation unit: 0066-ankidroid-Anki_Android-v2.15alpha18/AnkiDroid/src/main/java/com/ichi2/anki/analytics/AnkiDroidCrashReportDialog.java
method: -
constraints in ankidroid-Anki_Android-1.0.0
	AndroidSuppressLint condition: ""Registered"" , add info: -
constraints in ankidroid-Anki_Android-2.0.0

CANNOT_BE_CLASSIFIED
version 1: ankidroid-Anki_Android-1.0.0
version 2: ankidroid-Anki_Android-2.0.0
compilation unit: 0066-ankidroid-Anki_Android-v2.15alpha18/AnkiDroid/src/main/java/com/ichi2/anki/AnkiDroidApp.java
method: -
constraints in ankidroid-Anki_Android-1.0.0
	AndroidSuppressLint condition: ""NonConstantResourceId"" , add info: -
	AndroidXNullable condition: "" , add info: -
constraints in ankidroid-Anki_Android-2.0.0

CANNOT_BE_CLASSIFIED
version 1: ankidroid-Anki_Android-1.0.0
version 2: ankidroid-Anki_Android-2.0.0
compilation unit: 0066-ankidroid-Anki_Android-v2.15alpha18/AnkiDroid/src/main/java/com/ichi2/anki/CardBrowser.java
method: -
constraints in ankidroid-Anki_Android-1.0.0
	AndroidXNonNull condition: "" , add info: -
	AndroidXNullable condition: "" , add info: -
constraints in ankidroid-Anki_Android-2.0.0

CANNOT_BE_CLASSIFIED
version 1: ankidroid-Anki_Android-1.0.0
version 2: ankidroid-Anki_Android-2.0.0
compilation unit: 0066-ankidroid-Anki_Android-v2.15alpha18/AnkiDroid/src/main/java/com/ichi2/anki/CardBrowser.java
method: clear()
constraints in ankidroid-Anki_Android-1.0.0
	AndroidXVisibleForTesting condition: "" , add info: -
constraints in ankidroid-Anki_Android-2.0.0

CANNOT_BE_CLASSIFIED
version 1: ankidroid-Anki_Android-1.0.0
version 2: ankidroid-Anki_Android-2.0.0
compilation unit: 0066-ankidroid-Anki_Android-v2.15alpha18/AnkiDroid/src/main/java/com/ichi2/anki/CardTemplateEditor.java
method: -
constraints in ankidroid-Anki_Android-1.0.0
	AndroidXVisibleForTesting condition: "" , add info: -
constraints in ankidroid-Anki_Android-2.0.0

CANNOT_BE_CLASSIFIED
version 1: ankidroid-Anki_Android-1.0.0
version 2: ankidroid-Anki_Android-2.0.0
compilation unit: 0066-ankidroid-Anki_Android-v2.15alpha18/AnkiDroid/src/main/java/com/ichi2/anki/CardTemplatePreviewer.java
method: -
constraints in ankidroid-Anki_Android-1.0.0
	AndroidXNullable condition: "" , add info: -
constraints in ankidroid-Anki_Android-2.0.0

CANNOT_BE_CLASSIFIED
version 1: ankidroid-Anki_Android-1.0.0
version 2: ankidroid-Anki_Android-2.0.0
compilation unit: 0066-ankidroid-Anki_Android-v2.15alpha18/AnkiDroid/src/main/java/com/ichi2/anki/cardviewer/ViewerCommand.java
method: -
constraints in ankidroid-Anki_Android-1.0.0
	AndroidXIntDef condition: "{ COMMAND_NOTHING, COMMAND_SHOW_ANSWER, COMMAND_FLIP_OR_ANSWER_EASE1, COMMAND_FLIP_OR_ANSWER_EASE2, COMMAND_FLIP_OR_ANSWER_EASE3, COMMAND_FLIP_OR_ANSWER_EASE4, COMMAND_FLIP_OR_ANSWER_RECOMMENDED, COMMAND_FLIP_OR_ANSWER_BETTER_THAN_RECOMMENDED, COMMAND_UNDO, COMMAND_EDIT, COMMAND_MARK, COMMAND_LOOKUP, COMMAND_BURY_CARD, COMMAND_SUSPEND_CARD, COMMAND_DELETE, COMMAND_PLAY_MEDIA, COMMAND_EXIT, COMMAND_BURY_NOTE, COMMAND_SUSPEND_NOTE, COMMAND_TOGGLE_FLAG_RED, COMMAND_TOGGLE_FLAG_ORANGE, COMMAND_TOGGLE_FLAG_GREEN, COMMAND_TOGGLE_FLAG_BLUE, COMMAND_UNSET_FLAG, COMMAND_ANSWER_FIRST_BUTTON, COMMAND_ANSWER_SECOND_BUTTON, COMMAND_ANSWER_THIRD_BUTTON, COMMAND_ANSWER_FOURTH_BUTTON, COMMAND_ANSWER_RECOMMENDED, COMMAND_PAGE_UP, COMMAND_PAGE_DOWN, COMMAND_TAG, COMMAND_CARD_INFO, COMMAND_ABORT_AND_SYNC, COMMAND_RECORD_VOICE, COMMAND_REPLAY_VOICE, COMMAND_TOGGLE_WHITEBOARD }" , add info: -
constraints in ankidroid-Anki_Android-2.0.0

CANNOT_BE_CLASSIFIED
version 1: ankidroid-Anki_Android-1.0.0
version 2: ankidroid-Anki_Android-2.0.0
compilation unit: 0066-ankidroid-Anki_Android-v2.15alpha18/AnkiDroid/src/main/java/com/ichi2/anki/CollectionHelper.java
method: isCollectionLocked()
constraints in ankidroid-Anki_Android-1.0.0
	AndroidXVisibleForTesting condition: "" , add info: -
	AndroidXVisibleForTesting condition: "" , add info: -
constraints in ankidroid-Anki_Android-2.0.0

CANNOT_BE_CLASSIFIED
version 1: ankidroid-Anki_Android-1.0.0
version 2: ankidroid-Anki_Android-2.0.0
compilation unit: 0066-ankidroid-Anki_Android-v2.15alpha18/AnkiDroid/src/main/java/com/ichi2/anki/CollectionHelper.java
method: getCurrentAnkiDroidDirectory(Context)
constraints in ankidroid-Anki_Android-1.0.0
	AndroidXNullable condition: "" , add info: -
	AndroidXNullable condition: "" , add info: -
	AndroidXNullable condition: "" , add info: -
constraints in ankidroid-Anki_Android-2.0.0

CANNOT_BE_CLASSIFIED
version 1: ankidroid-Anki_Android-1.0.0
version 2: ankidroid-Anki_Android-2.0.0
compilation unit: 0066-ankidroid-Anki_Android-v2.15alpha18/AnkiDroid/src/main/java/com/ichi2/anki/DeckPicker.java
method: -
constraints in ankidroid-Anki_Android-1.0.0
	AndroidXNullable condition: "" , add info: -
	AndroidXVisibleForTesting condition: "" , add info: -
constraints in ankidroid-Anki_Android-2.0.0

CANNOT_BE_CLASSIFIED
version 1: ankidroid-Anki_Android-1.0.0
version 2: ankidroid-Anki_Android-2.0.0
compilation unit: 0066-ankidroid-Anki_Android-v2.15alpha18/AnkiDroid/src/main/java/com/ichi2/anki/DeckPicker.java
method: createSubdeckDialog()
constraints in ankidroid-Anki_Android-1.0.0
	AndroidXVisibleForTesting condition: "" , add info: -
constraints in ankidroid-Anki_Android-2.0.0

CANNOT_BE_CLASSIFIED
version 1: ankidroid-Anki_Android-1.0.0
version 2: ankidroid-Anki_Android-2.0.0
compilation unit: 0066-ankidroid-Anki_Android-v2.15alpha18/AnkiDroid/src/main/java/com/ichi2/anki/dialogs/CustomStudyDialog.java
method: -
constraints in ankidroid-Anki_Android-1.0.0
	AndroidXVisibleForTesting condition: "" , add info: -
constraints in ankidroid-Anki_Android-2.0.0

CANNOT_BE_CLASSIFIED
version 1: ankidroid-Anki_Android-1.0.0
version 2: ankidroid-Anki_Android-2.0.0
compilation unit: 0066-ankidroid-Anki_Android-v2.15alpha18/AnkiDroid/src/main/java/com/ichi2/anki/dialogs/DeckPickerContextMenu.java
method: -
constraints in ankidroid-Anki_Android-1.0.0
	AndroidXIntDef condition: "{ CONTEXT_MENU_RENAME_DECK, CONTEXT_MENU_DECK_OPTIONS, CONTEXT_MENU_CUSTOM_STUDY, CONTEXT_MENU_DELETE_DECK, CONTEXT_MENU_EXPORT_DECK, CONTEXT_MENU_UNBURY, CONTEXT_MENU_CUSTOM_STUDY_REBUILD, CONTEXT_MENU_CUSTOM_STUDY_EMPTY, CONTEXT_MENU_CREATE_SUBDECK, CONTEXT_MENU_CREATE_SHORTCUT }" , add info: -
constraints in ankidroid-Anki_Android-2.0.0

CANNOT_BE_CLASSIFIED
version 1: ankidroid-Anki_Android-1.0.0
version 2: ankidroid-Anki_Android-2.0.0
compilation unit: 0066-ankidroid-Anki_Android-v2.15alpha18/AnkiDroid/src/main/java/com/ichi2/anki/dialogs/HelpDialog.java
method: newArray(int)
constraints in ankidroid-Anki_Android-1.0.0
	AndroidXStringRes condition: "" , add info: -
constraints in ankidroid-Anki_Android-2.0.0

CANNOT_BE_CLASSIFIED
version 1: ankidroid-Anki_Android-1.0.0
version 2: ankidroid-Anki_Android-2.0.0
compilation unit: 0066-ankidroid-Anki_Android-v2.15alpha18/AnkiDroid/src/main/java/com/ichi2/anki/dialogs/LocaleSelectionDialog.java
method: onQueryTextChange(String)
constraints in ankidroid-Anki_Android-1.0.0
	AndroidXNonNull condition: "" , add info: -
constraints in ankidroid-Anki_Android-2.0.0

CANNOT_BE_CLASSIFIED
version 1: ankidroid-Anki_Android-1.0.0
version 2: ankidroid-Anki_Android-2.0.0
compilation unit: 0066-ankidroid-Anki_Android-v2.15alpha18/AnkiDroid/src/main/java/com/ichi2/anki/dialogs/ModelEditorContextMenu.java
method: -
constraints in ankidroid-Anki_Android-1.0.0
	AndroidXRequiresApi condition: "[api = Build.VERSION_CODES.N]" , add info: -
constraints in ankidroid-Anki_Android-2.0.0

CANNOT_BE_CLASSIFIED
version 1: ankidroid-Anki_Android-1.0.0
version 2: ankidroid-Anki_Android-2.0.0
compilation unit: 0066-ankidroid-Anki_Android-v2.15alpha18/AnkiDroid/src/main/java/com/ichi2/anki/dialogs/RecursivePictureMenu.java
method: setMenuBreadcrumbHeader(MaterialDialog)
constraints in ankidroid-Anki_Android-1.0.0
	AndroidXStringRes condition: "" , add info: -
	AndroidXDrawableRes condition: "" , add info: -
constraints in ankidroid-Anki_Android-2.0.0

CANNOT_BE_CLASSIFIED
version 1: ankidroid-Anki_Android-1.0.0
version 2: ankidroid-Anki_Android-2.0.0
compilation unit: 0066-ankidroid-Anki_Android-v2.15alpha18/AnkiDroid/src/main/java/com/ichi2/anki/FieldEditText.java
method: -
constraints in ankidroid-Anki_Android-1.0.0
	AndroidXNonNull condition: "" , add info: -
	AndroidXNullable condition: "" , add info: -
	AndroidXNullable condition: "" , add info: -
	AndroidXNullable condition: "" , add info: -
constraints in ankidroid-Anki_Android-2.0.0

CANNOT_BE_CLASSIFIED
version 1: ankidroid-Anki_Android-1.0.0
version 2: ankidroid-Anki_Android-2.0.0
compilation unit: 0066-ankidroid-Anki_Android-v2.15alpha18/AnkiDroid/src/main/java/com/ichi2/anki/IntentHandler.java
method: sendDoSyncMsg()
constraints in ankidroid-Anki_Android-1.0.0
	AndroidXVisibleForTesting condition: "" , add info: -
constraints in ankidroid-Anki_Android-2.0.0

CANNOT_BE_CLASSIFIED
version 1: ankidroid-Anki_Android-1.0.0
version 2: ankidroid-Anki_Android-2.0.0
compilation unit: 0066-ankidroid-Anki_Android-v2.15alpha18/AnkiDroid/src/main/java/com/ichi2/anki/multimediacard/AudioView.java
method: -
constraints in ankidroid-Anki_Android-1.0.0
	AndroidSuppressLint condition: ""ViewConstructor"" , add info: -
constraints in ankidroid-Anki_Android-2.0.0

CANNOT_BE_CLASSIFIED
version 1: ankidroid-Anki_Android-1.0.0
version 2: ankidroid-Anki_Android-2.0.0
compilation unit: 0066-ankidroid-Anki_Android-v2.15alpha18/AnkiDroid/src/main/java/com/ichi2/anki/multimediacard/fields/BasicImageFieldController.java
method: -
constraints in ankidroid-Anki_Android-1.0.0
	AndroidXVisibleForTesting condition: "" , add info: -
	AndroidXNullable condition: "" , add info: -
	AndroidXNullable condition: "" , add info: -
	AndroidXNullable condition: "" , add info: -
constraints in ankidroid-Anki_Android-2.0.0

CANNOT_BE_CLASSIFIED
version 1: ankidroid-Anki_Android-1.0.0
version 2: ankidroid-Anki_Android-2.0.0
compilation unit: 0066-ankidroid-Anki_Android-v2.15alpha18/AnkiDroid/src/main/java/com/ichi2/anki/multimediacard/fields/BasicImageFieldController.java
method: isShowingPreview()
constraints in ankidroid-Anki_Android-1.0.0
	AndroidXNullable condition: "" , add info: -
	AndroidXNullable condition: "" , add info: -
constraints in ankidroid-Anki_Android-2.0.0

CANNOT_BE_CLASSIFIED
version 1: ankidroid-Anki_Android-1.0.0
version 2: ankidroid-Anki_Android-2.0.0
compilation unit: 0066-ankidroid-Anki_Android-v2.15alpha18/AnkiDroid/src/main/java/com/ichi2/anki/NoteEditor.java
method: onNothingSelected(AdapterView<?>)
constraints in ankidroid-Anki_Android-1.0.0
	AndroidTargetApi condition: "23" , add info: -
	AndroidXRequiresApi condition: "Build.VERSION_CODES.N" , add info: -
constraints in ankidroid-Anki_Android-2.0.0

CANNOT_BE_CLASSIFIED
version 1: ankidroid-Anki_Android-1.0.0
version 2: ankidroid-Anki_Android-2.0.0
compilation unit: 0066-ankidroid-Anki_Android-v2.15alpha18/AnkiDroid/src/main/java/com/ichi2/anki/NoteEditor.java
method: -
constraints in ankidroid-Anki_Android-1.0.0
	AndroidXNullable condition: "" , add info: -
constraints in ankidroid-Anki_Android-2.0.0

CANNOT_BE_CLASSIFIED
version 1: ankidroid-Anki_Android-1.0.0
version 2: ankidroid-Anki_Android-2.0.0
compilation unit: 0066-ankidroid-Anki_Android-v2.15alpha18/AnkiDroid/src/main/java/com/ichi2/anki/NoteEditor.java
method: onItemSelected(AdapterView<?>,
constraints in ankidroid-Anki_Android-1.0.0
	AndroidXNonNull condition: "" , add info: -
constraints in ankidroid-Anki_Android-2.0.0

CANNOT_BE_CLASSIFIED
version 1: ankidroid-Anki_Android-1.0.0
version 2: ankidroid-Anki_Android-2.0.0
compilation unit: 0066-ankidroid-Anki_Android-v2.15alpha18/AnkiDroid/src/main/java/com/ichi2/anki/reviewer/ActionButtons.java
method: -
constraints in ankidroid-Anki_Android-1.0.0
	AndroidXIdRes condition: "" , add info: -
	AndroidXIdRes condition: "" , add info: -
constraints in ankidroid-Anki_Android-2.0.0

CANNOT_BE_CLASSIFIED
version 1: ankidroid-Anki_Android-1.0.0
version 2: ankidroid-Anki_Android-2.0.0
compilation unit: 0066-ankidroid-Anki_Android-v2.15alpha18/AnkiDroid/src/main/java/com/ichi2/anki/reviewer/ActionButtonStatus.java
method: -
constraints in ankidroid-Anki_Android-1.0.0
	AndroidXNonNull condition: "" , add info: -
constraints in ankidroid-Anki_Android-2.0.0

CANNOT_BE_CLASSIFIED
version 1: ankidroid-Anki_Android-1.0.0
version 2: ankidroid-Anki_Android-2.0.0
compilation unit: 0066-ankidroid-Anki_Android-v2.15alpha18/AnkiDroid/src/main/java/com/ichi2/anki/reviewer/CardMarker.java
method: -
constraints in ankidroid-Anki_Android-1.0.0
	AndroidXIntDef condition: "{ FLAG_NONE, FLAG_RED, FLAG_ORANGE, FLAG_GREEN, FLAG_BLUE }" , add info: -
	AndroidXNonNull condition: "" , add info: -
	AndroidXNonNull condition: "" , add info: -
constraints in ankidroid-Anki_Android-2.0.0

CANNOT_BE_CLASSIFIED
version 1: ankidroid-Anki_Android-1.0.0
version 2: ankidroid-Anki_Android-2.0.0
compilation unit: 0066-ankidroid-Anki_Android-v2.15alpha18/AnkiDroid/src/main/java/com/ichi2/anki/reviewer/PeripheralCommand.java
method: -
constraints in ankidroid-Anki_Android-1.0.0
	AndroidXNullable condition: "" , add info: -
	AndroidXNullable condition: "" , add info: -
	AndroidXNonNull condition: "" , add info: -
constraints in ankidroid-Anki_Android-2.0.0

CANNOT_BE_CLASSIFIED
version 1: ankidroid-Anki_Android-1.0.0
version 2: ankidroid-Anki_Android-2.0.0
compilation unit: 0066-ankidroid-Anki_Android-v2.15alpha18/AnkiDroid/src/main/java/com/ichi2/anki/Reviewer.java
method: getToastResourceId()
constraints in ankidroid-Anki_Android-1.0.0
	AndroidXVisibleForTesting condition: "" , add info: -
constraints in ankidroid-Anki_Android-2.0.0

CANNOT_BE_CLASSIFIED
version 1: ankidroid-Anki_Android-1.0.0
version 2: ankidroid-Anki_Android-2.0.0
compilation unit: 0066-ankidroid-Anki_Android-v2.15alpha18/AnkiDroid/src/main/java/com/ichi2/anki/Reviewer.java
method: onCreateOptionsMenu(Menu)
constraints in ankidroid-Anki_Android-1.0.0
	AndroidXNullable condition: "" , add info: -
	AndroidXDrawableRes condition: "" , add info: -
constraints in ankidroid-Anki_Android-2.0.0

CANNOT_BE_CLASSIFIED
version 1: ankidroid-Anki_Android-1.0.0
version 2: ankidroid-Anki_Android-2.0.0
compilation unit: 0066-ankidroid-Anki_Android-v2.15alpha18/AnkiDroid/src/main/java/com/ichi2/anki/StudyOptionsFragment.java
method: -
constraints in ankidroid-Anki_Android-1.0.0
	AndroidXNullable condition: "" , add info: -
constraints in ankidroid-Anki_Android-2.0.0

CANNOT_BE_CLASSIFIED
version 1: ankidroid-Anki_Android-1.0.0
version 2: ankidroid-Anki_Android-2.0.0
compilation unit: 0066-ankidroid-Anki_Android-v2.15alpha18/AnkiDroid/src/main/java/com/ichi2/anki/TemporaryModel.java
method: -
constraints in ankidroid-Anki_Android-1.0.0
	AndroidXNonNull condition: "" , add info: -
constraints in ankidroid-Anki_Android-2.0.0

CANNOT_BE_CLASSIFIED
version 1: ankidroid-Anki_Android-1.0.0
version 2: ankidroid-Anki_Android-2.0.0
compilation unit: 0066-ankidroid-Anki_Android-v2.15alpha18/AnkiDroid/src/main/java/com/ichi2/anki/Whiteboard.java
method: -
constraints in ankidroid-Anki_Android-1.0.0
	AndroidSuppressLint condition: ""ViewConstructor"" , add info: -
	AndroidXNullable condition: "" , add info: -
constraints in ankidroid-Anki_Android-2.0.0

CANNOT_BE_CLASSIFIED
version 1: ankidroid-Anki_Android-1.0.0
version 2: ankidroid-Anki_Android-2.0.0
compilation unit: 0066-ankidroid-Anki_Android-v2.15alpha18/AnkiDroid/src/main/java/com/ichi2/anki/widgets/DeckAdapter.java
method: getFilter()
constraints in ankidroid-Anki_Android-1.0.0
	AndroidXNonNull condition: "" , add info: -
constraints in ankidroid-Anki_Android-2.0.0

CANNOT_BE_CLASSIFIED
version 1: ankidroid-Anki_Android-1.0.0
version 2: ankidroid-Anki_Android-2.0.0
compilation unit: 0066-ankidroid-Anki_Android-v2.15alpha18/AnkiDroid/src/main/java/com/ichi2/async/CollectionTask.java
method: task(Collection,
constraints in ankidroid-Anki_Android-1.0.0
	AndroidXNonNull condition: "" , add info: -
constraints in ankidroid-Anki_Android-2.0.0

CANNOT_BE_CLASSIFIED
version 1: ankidroid-Anki_Android-1.0.0
version 2: ankidroid-Anki_Android-2.0.0
compilation unit: 0066-ankidroid-Anki_Android-v2.15alpha18/AnkiDroid/src/main/java/com/ichi2/async/Connection.java
method: onCancelled()
constraints in ankidroid-Anki_Android-1.0.0
	AndroidXNonNull condition: "" , add info: -
constraints in ankidroid-Anki_Android-2.0.0

CANNOT_BE_CLASSIFIED
version 1: ankidroid-Anki_Android-1.0.0
version 2: ankidroid-Anki_Android-2.0.0
compilation unit: 0066-ankidroid-Anki_Android-v2.15alpha18/AnkiDroid/src/main/java/com/ichi2/compat/CompatV23.java
method: -
constraints in ankidroid-Anki_Android-1.0.0
	AndroidTargetApi condition: "23" , add info: -
constraints in ankidroid-Anki_Android-2.0.0

CANNOT_BE_CLASSIFIED
version 1: ankidroid-Anki_Android-1.0.0
version 2: ankidroid-Anki_Android-2.0.0
compilation unit: 0066-ankidroid-Anki_Android-v2.15alpha18/AnkiDroid/src/main/java/com/ichi2/compat/CompatV24.java
method: -
constraints in ankidroid-Anki_Android-1.0.0
	AndroidTargetApi condition: "24" , add info: -
constraints in ankidroid-Anki_Android-2.0.0

CANNOT_BE_CLASSIFIED
version 1: ankidroid-Anki_Android-1.0.0
version 2: ankidroid-Anki_Android-2.0.0
compilation unit: 0066-ankidroid-Anki_Android-v2.15alpha18/AnkiDroid/src/main/java/com/ichi2/compat/CompatV26.java
method: -
constraints in ankidroid-Anki_Android-1.0.0
	AndroidTargetApi condition: "26" , add info: -
constraints in ankidroid-Anki_Android-2.0.0

CANNOT_BE_CLASSIFIED
version 1: ankidroid-Anki_Android-1.0.0
version 2: ankidroid-Anki_Android-2.0.0
compilation unit: 0066-ankidroid-Anki_Android-v2.15alpha18/AnkiDroid/src/main/java/com/ichi2/compat/CompatV28.java
method: -
constraints in ankidroid-Anki_Android-1.0.0
	AndroidTargetApi condition: "28" , add info: -
constraints in ankidroid-Anki_Android-2.0.0

CANNOT_BE_CLASSIFIED
version 1: ankidroid-Anki_Android-1.0.0
version 2: ankidroid-Anki_Android-2.0.0
compilation unit: 0066-ankidroid-Anki_Android-v2.15alpha18/AnkiDroid/src/main/java/com/ichi2/compat/customtabs/CustomTabActivityHelper.java
method: -
constraints in ankidroid-Anki_Android-1.0.0
	AndroidXNullable condition: "" , add info: -
	AndroidXNullable condition: "" , add info: -
	AndroidXNullable condition: "" , add info: -
constraints in ankidroid-Anki_Android-2.0.0

CANNOT_BE_CLASSIFIED
version 1: ankidroid-Anki_Android-1.0.0
version 2: ankidroid-Anki_Android-2.0.0
compilation unit: 0066-ankidroid-Anki_Android-v2.15alpha18/AnkiDroid/src/main/java/com/ichi2/libanki/Card.java
method: flush(boolean)
constraints in ankidroid-Anki_Android-1.0.0
	JavaAssert condition: "(mDue < Long.parseLong("4294967296"))" , add info: -
constraints in ankidroid-Anki_Android-2.0.0

CANNOT_BE_CLASSIFIED
version 1: ankidroid-Anki_Android-1.0.0
version 2: ankidroid-Anki_Android-2.0.0
compilation unit: 0066-ankidroid-Anki_Android-v2.15alpha18/AnkiDroid/src/main/java/com/ichi2/libanki/Card.java
method: flushSched()
constraints in ankidroid-Anki_Android-1.0.0
	JavaAssert condition: "(mDue < Long.parseLong("4294967296"))" , add info: -
constraints in ankidroid-Anki_Android-2.0.0

CANNOT_BE_CLASSIFIED
version 1: ankidroid-Anki_Android-1.0.0
version 2: ankidroid-Anki_Android-2.0.0
compilation unit: 0066-ankidroid-Anki_Android-v2.15alpha18/AnkiDroid/src/main/java/com/ichi2/libanki/Card.java
method: isNew()
constraints in ankidroid-Anki_Android-1.0.0
	AndroidXNonNull condition: "" , add info: -
	AndroidXNullable condition: "" , add info: -
constraints in ankidroid-Anki_Android-2.0.0

CANNOT_BE_CLASSIFIED
version 1: ankidroid-Anki_Android-1.0.0
version 2: ankidroid-Anki_Android-2.0.0
compilation unit: 0066-ankidroid-Anki_Android-v2.15alpha18/AnkiDroid/src/main/java/com/ichi2/libanki/Collection.java
method: setUserFlag(int,
constraints in ankidroid-Anki_Android-1.0.0
	JavaAssert condition: "(0 <= flag && flag <= 7)" , add info: -
constraints in ankidroid-Anki_Android-2.0.0

CANNOT_BE_CLASSIFIED
version 1: ankidroid-Anki_Android-1.0.0
version 2: ankidroid-Anki_Android-2.0.0
compilation unit: 0066-ankidroid-Anki_Android-v2.15alpha18/AnkiDroid/src/main/java/com/ichi2/libanki/Collection.java
method: changeSchedulerVer(Integer)
constraints in ankidroid-Anki_Android-1.0.0
	AndroidSuppressLint condition: ""VisibleForTests"" , add info: -
constraints in ankidroid-Anki_Android-2.0.0

CANNOT_BE_CLASSIFIED
version 1: ankidroid-Anki_Android-1.0.0
version 2: ankidroid-Anki_Android-2.0.0
compilation unit: 0066-ankidroid-Anki_Android-v2.15alpha18/AnkiDroid/src/main/java/com/ichi2/libanki/Consts.java
method: -
constraints in ankidroid-Anki_Android-1.0.0
	AndroidXIntDef condition: "{ NEW_CARDS_DISTRIBUTE, NEW_CARDS_LAST, NEW_CARDS_FIRST }" , add info: -
	AndroidXIntDef condition: "{ NEW_CARDS_RANDOM, NEW_CARDS_DUE }" , add info: -
	AndroidXIntDef condition: "{ QUEUE_TYPE_MANUALLY_BURIED, QUEUE_TYPE_SIBLING_BURIED, QUEUE_TYPE_SUSPENDED, QUEUE_TYPE_NEW, QUEUE_TYPE_LRN, QUEUE_TYPE_REV, QUEUE_TYPE_DAY_LEARN_RELEARN, QUEUE_TYPE_PREVIEW }" , add info: -
	AndroidXIntDef condition: "{ CARD_TYPE_NEW, CARD_TYPE_LRN, CARD_TYPE_REV, CARD_TYPE_RELEARNING }" , add info: -
	AndroidXIntDef condition: "{ REM_CARD, REM_NOTE, REM_DECK }" , add info: -
	AndroidXIntDef condition: "{ DYN_OLDEST, DYN_RANDOM, DYN_SMALLINT, DYN_BIGINT, DYN_LAPSES, DYN_ADDED, DYN_DUE, DYN_REVADDED, DYN_DUEPRIORITY }" , add info: -
	AndroidXIntDef condition: "{ MODEL_STD, MODEL_CLOZE }" , add info: -
	AndroidXIntDef condition: "{ BUTTON_ONE, BUTTON_TWO, BUTTON_THREE, BUTTON_FOUR }" , add info: -
	AndroidXIntDef condition: "{ REVLOG_LRN, REVLOG_REV, REVLOG_RELRN, REVLOG_CRAM }" , add info: -
constraints in ankidroid-Anki_Android-2.0.0

CANNOT_BE_CLASSIFIED
version 1: ankidroid-Anki_Android-1.0.0
version 2: ankidroid-Anki_Android-2.0.0
compilation unit: 0066-ankidroid-Anki_Android-v2.15alpha18/AnkiDroid/src/main/java/com/ichi2/libanki/Decks.java
method: confForDid(long)
constraints in ankidroid-Anki_Android-1.0.0
	JavaAssert condition: "deck != null" , add info: -
constraints in ankidroid-Anki_Android-2.0.0

CANNOT_BE_CLASSIFIED
version 1: ankidroid-Anki_Android-1.0.0
version 2: ankidroid-Anki_Android-2.0.0
compilation unit: 0066-ankidroid-Anki_Android-v2.15alpha18/AnkiDroid/src/main/java/com/ichi2/libanki/Decks.java
method: remConf(long)
constraints in ankidroid-Anki_Android-1.0.0
	JavaAssert condition: "id != 1" , add info: -
constraints in ankidroid-Anki_Android-2.0.0

CANNOT_BE_CLASSIFIED
version 1: ankidroid-Anki_Android-1.0.0
version 2: ankidroid-Anki_Android-2.0.0
compilation unit: 0066-ankidroid-Anki_Android-v2.15alpha18/AnkiDroid/src/main/java/com/ichi2/libanki/importer/NoteImporter.java
method: -
constraints in ankidroid-Anki_Android-1.0.0
	AndroidXNullable condition: "" , add info: -
	AndroidXNullable condition: "" , add info: -
constraints in ankidroid-Anki_Android-2.0.0

CANNOT_BE_CLASSIFIED
version 1: ankidroid-Anki_Android-1.0.0
version 2: ankidroid-Anki_Android-2.0.0
compilation unit: 0066-ankidroid-Anki_Android-v2.15alpha18/AnkiDroid/src/main/java/com/ichi2/libanki/importer/python/CsvSniffer.java
method: -
constraints in ankidroid-Anki_Android-1.0.0
	AndroidXRequiresApi condition: "Build.VERSION_CODES.O" , add info: -
constraints in ankidroid-Anki_Android-2.0.0

CANNOT_BE_CLASSIFIED
version 1: ankidroid-Anki_Android-1.0.0
version 2: ankidroid-Anki_Android-2.0.0
compilation unit: 0066-ankidroid-Anki_Android-v2.15alpha18/AnkiDroid/src/main/java/com/ichi2/libanki/importer/TextImporter.java
method: -
constraints in ankidroid-Anki_Android-1.0.0
	AndroidXRequiresApi condition: "[api = Build.VERSION_CODES.O]" , add info: -
constraints in ankidroid-Anki_Android-2.0.0

CANNOT_BE_CLASSIFIED
version 1: ankidroid-Anki_Android-1.0.0
version 2: ankidroid-Anki_Android-2.0.0
compilation unit: 0066-ankidroid-Anki_Android-v2.15alpha18/AnkiDroid/src/main/java/com/ichi2/libanki/importer/TextImporter.java
method: open()
constraints in ankidroid-Anki_Android-1.0.0
	AndroidXRequiresApi condition: "[api = Build.VERSION_CODES.O]" , add info: -
constraints in ankidroid-Anki_Android-2.0.0

CANNOT_BE_CLASSIFIED
version 1: ankidroid-Anki_Android-1.0.0
version 2: ankidroid-Anki_Android-2.0.0
compilation unit: 0066-ankidroid-Anki_Android-v2.15alpha18/AnkiDroid/src/main/java/com/ichi2/libanki/Models.java
method: change(Model,
constraints in ankidroid-Anki_Android-1.0.0
	JavaAssert condition: "(newModel.getLong("id") == m.getLong("id")) || (fmap != null && cmap != null)" , add info: -
constraints in ankidroid-Anki_Android-2.0.0

CANNOT_BE_CLASSIFIED
version 1: ankidroid-Anki_Android-1.0.0
version 2: ankidroid-Anki_Android-2.0.0
compilation unit: 0066-ankidroid-Anki_Android-v2.15alpha18/AnkiDroid/src/main/java/com/ichi2/libanki/Models.java
method: -
constraints in ankidroid-Anki_Android-1.0.0
	AndroidXVisibleForTesting condition: "" , add info: -
	AndroidXVisibleForTesting condition: "" , add info: -
	AndroidXVisibleForTesting condition: "" , add info: -
constraints in ankidroid-Anki_Android-2.0.0

CANNOT_BE_CLASSIFIED
version 1: ankidroid-Anki_Android-1.0.0
version 2: ankidroid-Anki_Android-2.0.0
compilation unit: 0066-ankidroid-Anki_Android-v2.15alpha18/AnkiDroid/src/main/java/com/ichi2/libanki/Note.java
method: Note(Collection, Model, Long)
constraints in ankidroid-Anki_Android-1.0.0
	JavaAssert condition: "!(model != null && id != null)" , add info: -
constraints in ankidroid-Anki_Android-2.0.0

CANNOT_BE_CLASSIFIED
version 1: ankidroid-Anki_Android-1.0.0
version 2: ankidroid-Anki_Android-2.0.0
compilation unit: 0066-ankidroid-Anki_Android-v2.15alpha18/AnkiDroid/src/main/java/com/ichi2/libanki/Note.java
method: flush(Long,
constraints in ankidroid-Anki_Android-1.0.0
	JavaAssert condition: "mScm == mCol.getScm()" , add info: -
constraints in ankidroid-Anki_Android-2.0.0

CANNOT_BE_CLASSIFIED
version 1: ankidroid-Anki_Android-1.0.0
version 2: ankidroid-Anki_Android-2.0.0
compilation unit: 0066-ankidroid-Anki_Android-v2.15alpha18/AnkiDroid/src/main/java/com/ichi2/libanki/sched/AbstractDeckTreeNode.java
method: -
constraints in ankidroid-Anki_Android-1.0.0
	AndroidXNullable condition: "" , add info: -
constraints in ankidroid-Anki_Android-2.0.0

CANNOT_BE_CLASSIFIED
version 1: ankidroid-Anki_Android-1.0.0
version 2: ankidroid-Anki_Android-2.0.0
compilation unit: 0066-ankidroid-Anki_Android-v2.15alpha18/AnkiDroid/src/main/java/com/ichi2/libanki/sched/Sched.java
method: -
constraints in ankidroid-Anki_Android-1.0.0
	AndroidXNonNull condition: "" , add info: -
constraints in ankidroid-Anki_Android-2.0.0

CANNOT_BE_CLASSIFIED
version 1: ankidroid-Anki_Android-1.0.0
version 2: ankidroid-Anki_Android-2.0.0
compilation unit: 0066-ankidroid-Anki_Android-v2.15alpha18/AnkiDroid/src/main/java/com/ichi2/libanki/sched/SchedV2.java
method: -
constraints in ankidroid-Anki_Android-1.0.0
	AndroidXNullable condition: "" , add info: -
	AndroidXNonNull condition: "" , add info: -
	AndroidXNonNull condition: "" , add info: -
	AndroidXNonNull condition: "" , add info: -
	AndroidXNonNull condition: "" , add info: -
	AndroidXNonNull condition: "" , add info: -
	AndroidXNonNull condition: "" , add info: -
	AndroidXNonNull condition: "" , add info: -
	AndroidXNullable condition: "" , add info: -
	AndroidXNullable condition: "" , add info: -
constraints in ankidroid-Anki_Android-2.0.0

CANNOT_BE_CLASSIFIED
version 1: ankidroid-Anki_Android-1.0.0
version 2: ankidroid-Anki_Android-2.0.0
compilation unit: 0066-ankidroid-Anki_Android-v2.15alpha18/AnkiDroid/src/main/java/com/ichi2/libanki/sched/SchedV2.java
method: _deckNewLimit(long,
constraints in ankidroid-Anki_Android-1.0.0
	AndroidXNonNull condition: "" , add info: -
constraints in ankidroid-Anki_Android-2.0.0

CANNOT_BE_CLASSIFIED
version 1: ankidroid-Anki_Android-1.0.0
version 2: ankidroid-Anki_Android-2.0.0
compilation unit: 0066-ankidroid-Anki_Android-v2.15alpha18/AnkiDroid/src/main/java/com/ichi2/libanki/Sound.java
method: notifyConfigurationChanged(VideoView)
constraints in ankidroid-Anki_Android-1.0.0
	AndroidXNullable condition: "" , add info: -
constraints in ankidroid-Anki_Android-2.0.0

CANNOT_BE_CLASSIFIED
version 1: ankidroid-Anki_Android-1.0.0
version 2: ankidroid-Anki_Android-2.0.0
compilation unit: 0066-ankidroid-Anki_Android-v2.15alpha18/AnkiDroid/src/main/java/com/ichi2/libanki/StdModels.java
method: -
constraints in ankidroid-Anki_Android-1.0.0
	AndroidXStringRes condition: "" , add info: -
constraints in ankidroid-Anki_Android-2.0.0

CANNOT_BE_CLASSIFIED
version 1: ankidroid-Anki_Android-1.0.0
version 2: ankidroid-Anki_Android-2.0.0
compilation unit: 0066-ankidroid-Anki_Android-v2.15alpha18/AnkiDroid/src/main/java/com/ichi2/ui/ActionBarOverflow.java
method: -
constraints in ankidroid-Anki_Android-1.0.0
	AndroidXNullable condition: "" , add info: -
	AndroidXNullable condition: "" , add info: -
	AndroidXNullable condition: "" , add info: -
	AndroidXNullable condition: "" , add info: -
constraints in ankidroid-Anki_Android-2.0.0

CANNOT_BE_CLASSIFIED
version 1: ankidroid-Anki_Android-1.0.0
version 2: ankidroid-Anki_Android-2.0.0
compilation unit: 0066-ankidroid-Anki_Android-v2.15alpha18/AnkiDroid/src/main/java/com/ichi2/ui/BadgeDrawable.java
method: -
constraints in ankidroid-Anki_Android-1.0.0
	AndroidXRequiresApi condition: "[api = Build.VERSION_CODES.M]" , add info: -
constraints in ankidroid-Anki_Android-2.0.0

CANNOT_BE_CLASSIFIED
version 1: ankidroid-Anki_Android-1.0.0
version 2: ankidroid-Anki_Android-2.0.0
compilation unit: 0066-ankidroid-Anki_Android-v2.15alpha18/AnkiDroid/src/main/java/com/ichi2/ui/TextInputEditField.java
method: -
constraints in ankidroid-Anki_Android-1.0.0
	AndroidXRequiresApi condition: "Build.VERSION_CODES.O" , add info: -
constraints in ankidroid-Anki_Android-2.0.0

CANNOT_BE_CLASSIFIED
version 1: ankidroid-Anki_Android-1.0.0
version 2: ankidroid-Anki_Android-2.0.0
compilation unit: 0066-ankidroid-Anki_Android-v2.15alpha18/AnkiDroid/src/main/java/com/ichi2/ui/TextInputEditField.java
method: autofill(AutofillValue)
constraints in ankidroid-Anki_Android-1.0.0
	AndroidXRequiresApi condition: "Build.VERSION_CODES.O" , add info: -
constraints in ankidroid-Anki_Android-2.0.0

CANNOT_BE_CLASSIFIED
version 1: ankidroid-Anki_Android-1.0.0
version 2: ankidroid-Anki_Android-2.0.0
compilation unit: 0066-ankidroid-Anki_Android-v2.15alpha18/AnkiDroid/src/main/java/com/ichi2/utils/Assert.java
method: that(boolean,
constraints in ankidroid-Anki_Android-1.0.0
	JetBrainsContract condition: ""false, _, _ -> fail"" , add info: -
constraints in ankidroid-Anki_Android-2.0.0

CANNOT_BE_CLASSIFIED
version 1: austinhuang0131-instagrabber-1.0.0
version 2: austinhuang0131-instagrabber-2.0.0
compilation unit: 0240-austinhuang0131-instagrabber-v16.6_a9/app/src/main/java/awais/instagrabber/activities/PostViewer.java
method: -
constraints in austinhuang0131-instagrabber-1.0.0
	AndroidSuppressLint condition: ""ClickableViewAccessibility"" , add info: -
constraints in austinhuang0131-instagrabber-2.0.0

CANNOT_BE_CLASSIFIED
version 1: austinhuang0131-instagrabber-1.0.0
version 2: austinhuang0131-instagrabber-2.0.0
compilation unit: 0240-austinhuang0131-instagrabber-v16.6_a9/app/src/main/java/awais/instagrabber/asyncs/DownloadAsync.java
method: DownloadAsync(Context, String, File, FetchListener<File>)
constraints in austinhuang0131-instagrabber-1.0.0
	AndroidXStringRes condition: "" , add info: -
constraints in austinhuang0131-instagrabber-2.0.0

CANNOT_BE_CLASSIFIED
version 1: austinhuang0131-instagrabber-1.0.0
version 2: austinhuang0131-instagrabber-2.0.0
compilation unit: 0240-austinhuang0131-instagrabber-v16.6_a9/app/src/main/java/awais/instagrabber/customviews/MouseDrawer.java
method: onSaveInstanceState()
constraints in austinhuang0131-instagrabber-1.0.0
	JavaAssert condition: "superState != null" , add info: -
constraints in austinhuang0131-instagrabber-2.0.0

CANNOT_BE_CLASSIFIED
version 1: austinhuang0131-instagrabber-1.0.0
version 2: austinhuang0131-instagrabber-2.0.0
compilation unit: 0240-austinhuang0131-instagrabber-v16.6_a9/app/src/main/java/awais/instagrabber/customviews/MouseDrawer.java
method: -
constraints in austinhuang0131-instagrabber-1.0.0
	AndroidSuppressLint condition: ""RtlHardcoded"" , add info: -
	AndroidXIntDef condition: "{ ViewDragHelper.STATE_IDLE, ViewDragHelper.STATE_DRAGGING, ViewDragHelper.STATE_SETTLING }" , add info: -
	AndroidXIntDef condition: "[value = { Gravity.NO_GRAVITY, Gravity.LEFT, Gravity.RIGHT, GravityCompat.START, GravityCompat.END }, flag = true]" , add info: -
constraints in austinhuang0131-instagrabber-2.0.0

CANNOT_BE_CLASSIFIED
version 1: austinhuang0131-instagrabber-1.0.0
version 2: austinhuang0131-instagrabber-2.0.0
compilation unit: 0240-austinhuang0131-instagrabber-v16.6_a9/app/src/main/java/awais/instagrabber/MainHelper.java
method: onClick(View)
constraints in austinhuang0131-instagrabber-1.0.0
	AndroidXNonNull condition: "" , add info: -
constraints in austinhuang0131-instagrabber-2.0.0

CANNOT_BE_CLASSIFIED
version 1: austinhuang0131-instagrabber-1.0.0
version 2: austinhuang0131-instagrabber-2.0.0
compilation unit: 0240-austinhuang0131-instagrabber-v16.6_a9/app/src/main/java/awais/instagrabber/utils/ExportImportUtils.java
method: -
constraints in austinhuang0131-instagrabber-1.0.0
	AndroidXIntDef condition: "[value = { FLAG_COOKIES, FLAG_FAVORITES, FLAG_SETTINGS }, flag = true]" , add info: -
constraints in austinhuang0131-instagrabber-2.0.0

CANNOT_BE_CLASSIFIED
version 1: austinhuang0131-instagrabber-1.0.0
version 2: austinhuang0131-instagrabber-2.0.0
compilation unit: 0240-austinhuang0131-instagrabber-v16.6_a9/app/src/main/java/awais/instagrabber/utils/SettingsHelper.java
method: putBoolean(String,
constraints in austinhuang0131-instagrabber-1.0.0
	AndroidXStringDef condition: "{ COOKIE, FOLDER_PATH, DATE_TIME_FORMAT, DATE_TIME_SELECTION, CUSTOM_DATE_TIME_FORMAT }" , add info: -
	AndroidXStringDef condition: "{ DOWNLOAD_USER_FOLDER, BOTTOM_TOOLBAR, FOLDER_SAVE_TO, AUTOPLAY_VIDEOS, SHOW_QUICK_ACCESS_DIALOG, MUTED_VIDEOS, AUTOLOAD_POSTS, SHOW_FEED, CUSTOM_DATE_TIME_FORMAT_ENABLED }" , add info: -
	AndroidXStringDef condition: "{ APP_THEME, APP_LANGUAGE, PROFILE_FETCH_MODE, PREV_INSTALL_VERSION }" , add info: -
constraints in austinhuang0131-instagrabber-2.0.0

CANNOT_BE_CLASSIFIED
version 1: austinhuang0131-instagrabber-1.0.0
version 2: austinhuang0131-instagrabber-2.0.0
compilation unit: 0240-austinhuang0131-instagrabber-v16.6_a9/app/src/main/java/awais/instagrabber/utils/Utils.java
method: -
constraints in austinhuang0131-instagrabber-1.0.0
	AndroidSuppressLint condition: ""StaticFieldLeak"" , add info: -
constraints in austinhuang0131-instagrabber-2.0.0

CANNOT_BE_CLASSIFIED
version 1: barbeau-gpstest-1.0.0
version 2: barbeau-gpstest-2.0.0
compilation unit: 0168-barbeau-gpstest-v3.5.5/GPSTest/src/main/java/com/android/gpstest/GpsStatusFragment.java
method: -
constraints in barbeau-gpstest-1.0.0
	AndroidSuppressLint condition: ""SimpleDateFormat"" , add info: -
constraints in barbeau-gpstest-2.0.0

CANNOT_BE_CLASSIFIED
version 1: beemdevelopment-Aegis-1.0.0
version 2: beemdevelopment-Aegis-2.0.0
compilation unit: 0080-beemdevelopment-Aegis-v0.4.1/app/src/main/java/com/beemdevelopment/aegis/helpers/FingerprintUiHelper.java
method: -
constraints in beemdevelopment-Aegis-1.0.0
	AndroidXRequiresApi condition: "[api = Build.VERSION_CODES.M]" , add info: -
constraints in beemdevelopment-Aegis-2.0.0

CANNOT_BE_CLASSIFIED
version 1: beemdevelopment-Aegis-1.0.0
version 2: beemdevelopment-Aegis-2.0.0
compilation unit: 0080-beemdevelopment-Aegis-v0.4.1/app/src/main/java/com/beemdevelopment/aegis/ui/preferences/SwitchPreference.java
method: SwitchPreference(Context, AttributeSet, int, int)
constraints in beemdevelopment-Aegis-1.0.0
	AndroidXRequiresApi condition: "[api = Build.VERSION_CODES.LOLLIPOP]" , add info: -
constraints in beemdevelopment-Aegis-2.0.0

CANNOT_BE_CLASSIFIED
version 1: beemdevelopment-Aegis-1.0.0
version 2: beemdevelopment-Aegis-2.0.0
compilation unit: 0080-beemdevelopment-Aegis-v0.4.1/app/src/main/java/com/beemdevelopment/aegis/ui/views/PeriodProgressBar.java
method: PeriodProgressBar(Context, AttributeSet, int, int)
constraints in beemdevelopment-Aegis-1.0.0
	AndroidXRequiresApi condition: "[api = Build.VERSION_CODES.LOLLIPOP]" , add info: -
constraints in beemdevelopment-Aegis-2.0.0

CANNOT_BE_CLASSIFIED
version 1: billthefarmer-diary-1.0.0
version 2: billthefarmer-diary-2.0.0
compilation unit: 0368-billthefarmer-diary-v1.47/src/main/java/org/billthefarmer/diary/Diary.java
method: onActionModeStarted(ActionMode)
constraints in billthefarmer-diary-1.0.0
	AndroidSuppressLint condition: ""StaticFieldLeak"" , add info: -
constraints in billthefarmer-diary-2.0.0

CANNOT_BE_CLASSIFIED
version 1: billthefarmer-editor-1.0.0
version 2: billthefarmer-editor-2.0.0
compilation unit: 0108-billthefarmer-editor-v1.24/src/main/java/org/billthefarmer/editor/Editor.java
method: onQueryTextSubmit(String)
constraints in billthefarmer-editor-1.0.0
	AndroidSuppressLint condition: ""StaticFieldLeak"" , add info: -
constraints in billthefarmer-editor-2.0.0

CANNOT_BE_CLASSIFIED
version 1: blockstream-green_android-1.0.0
version 2: blockstream-green_android-2.0.0
compilation unit: 0268-blockstream-green_android-release_3.1.9/app/src/main/java/com/greenaddress/greenbits/ui/components/SwipeButton.java
method: SwipeButton(Context, AttributeSet, int, int)
constraints in blockstream-green_android-1.0.0
	AndroidTargetApi condition: "21" , add info: -
constraints in blockstream-green_android-2.0.0

CANNOT_BE_CLASSIFIED
version 1: blockstream-green_android-1.0.0
version 2: blockstream-green_android-2.0.0
compilation unit: 0268-blockstream-green_android-release_3.1.9/bitcoinj/core/src/main/java/org/bitcoinj/core/Block.java
method: -
constraints in blockstream-green_android-1.0.0
	JSR305Nullable condition: "" , add info: -
constraints in blockstream-green_android-2.0.0

CANNOT_BE_CLASSIFIED
version 1: blockstream-green_android-1.0.0
version 2: blockstream-green_android-2.0.0
compilation unit: 0268-blockstream-green_android-release_3.1.9/bitcoinj/core/src/main/java/org/bitcoinj/core/ChildMessage.java
method: -
constraints in blockstream-green_android-1.0.0
	JSR305Nullable condition: "" , add info: -
constraints in blockstream-green_android-2.0.0

CANNOT_BE_CLASSIFIED
version 1: blockstream-green_android-1.0.0
version 2: blockstream-green_android-2.0.0
compilation unit: 0268-blockstream-green_android-release_3.1.9/bitcoinj/core/src/main/java/org/bitcoinj/core/InsufficientMoneyException.java
method: -
constraints in blockstream-green_android-1.0.0
	JSR305Nullable condition: "" , add info: -
constraints in blockstream-green_android-2.0.0

CANNOT_BE_CLASSIFIED
version 1: blockstream-green_android-1.0.0
version 2: blockstream-green_android-2.0.0
compilation unit: 0268-blockstream-green_android-release_3.1.9/bitcoinj/core/src/main/java/org/bitcoinj/core/Peer.java
method: -
constraints in blockstream-green_android-1.0.0
	JSR305Nullable condition: "" , add info: -
constraints in blockstream-green_android-2.0.0

CANNOT_BE_CLASSIFIED
version 1: blockstream-green_android-1.0.0
version 2: blockstream-green_android-2.0.0
compilation unit: 0268-blockstream-green_android-release_3.1.9/bitcoinj/core/src/main/java/org/bitcoinj/core/Peer.java
method: GetDataRequest(Sha256Hash, SettableFuture)
constraints in blockstream-green_android-1.0.0
	JSR305Nullable condition: "" , add info: -
constraints in blockstream-green_android-2.0.0

CANNOT_BE_CLASSIFIED
version 1: blockstream-green_android-1.0.0
version 2: blockstream-green_android-2.0.0
compilation unit: 0268-blockstream-green_android-release_3.1.9/bitcoinj/core/src/main/java/org/bitcoinj/core/PeerGroup.java
method: -
constraints in blockstream-green_android-1.0.0
	JSR305Nullable condition: "" , add info: -
	JSR305Nullable condition: "" , add info: -
constraints in blockstream-green_android-2.0.0

CANNOT_BE_CLASSIFIED
version 1: blockstream-green_android-1.0.0
version 2: blockstream-green_android-2.0.0
compilation unit: 0268-blockstream-green_android-release_3.1.9/bitcoinj/core/src/main/java/org/bitcoinj/core/PeerGroup.java
method: run()
constraints in blockstream-green_android-1.0.0
	JSR305Nullable condition: "" , add info: -
	JSR305Nullable condition: "" , add info: -
constraints in blockstream-green_android-2.0.0

CANNOT_BE_CLASSIFIED
version 1: blockstream-green_android-1.0.0
version 2: blockstream-green_android-2.0.0
compilation unit: 0268-blockstream-green_android-release_3.1.9/bitcoinj/core/src/main/java/org/bitcoinj/core/Transaction.java
method: compare(Transaction,
constraints in blockstream-green_android-1.0.0
	JSR305Nullable condition: "" , add info: -
	JSR305Nullable condition: "" , add info: -
	JSR305Nullable condition: "" , add info: -
constraints in blockstream-green_android-2.0.0

CANNOT_BE_CLASSIFIED
version 1: blockstream-green_android-1.0.0
version 2: blockstream-green_android-2.0.0
compilation unit: 0268-blockstream-green_android-release_3.1.9/bitcoinj/core/src/main/java/org/bitcoinj/core/Transaction.java
method: hasWitness()
constraints in blockstream-green_android-1.0.0
	JSR305Nullable condition: "" , add info: -
	JSR305Nullable condition: "" , add info: -
constraints in blockstream-green_android-2.0.0

CANNOT_BE_CLASSIFIED
version 1: blockstream-green_android-1.0.0
version 2: blockstream-green_android-2.0.0
compilation unit: 0268-blockstream-green_android-release_3.1.9/bitcoinj/core/src/main/java/org/bitcoinj/core/TransactionBroadcast.java
method: onBroadcastProgress(double)
constraints in blockstream-green_android-1.0.0
	JSR305Nullable condition: "" , add info: -
	JSR305Nullable condition: "" , add info: -
constraints in blockstream-green_android-2.0.0

CANNOT_BE_CLASSIFIED
version 1: blockstream-green_android-1.0.0
version 2: blockstream-green_android-2.0.0
compilation unit: 0268-blockstream-green_android-release_3.1.9/bitcoinj/core/src/main/java/org/bitcoinj/core/TransactionInput.java
method: -
constraints in blockstream-green_android-1.0.0
	JSR305Nullable condition: "" , add info: -
constraints in blockstream-green_android-2.0.0

CANNOT_BE_CLASSIFIED
version 1: blockstream-green_android-1.0.0
version 2: blockstream-green_android-2.0.0
compilation unit: 0268-blockstream-green_android-release_3.1.9/bitcoinj/core/src/main/java/org/bitcoinj/core/TransactionOutput.java
method: -
constraints in blockstream-green_android-1.0.0
	JSR305Nullable condition: "" , add info: -
constraints in blockstream-green_android-2.0.0

CANNOT_BE_CLASSIFIED
version 1: blockstream-green_android-1.0.0
version 2: blockstream-green_android-2.0.0
compilation unit: 0268-blockstream-green_android-release_3.1.9/bitcoinj/core/src/main/java/org/bitcoinj/crypto/LazyECPoint.java
method: -
constraints in blockstream-green_android-1.0.0
	JSR305Nullable condition: "" , add info: -
constraints in blockstream-green_android-2.0.0

CANNOT_BE_CLASSIFIED
version 1: blockstream-green_android-1.0.0
version 2: blockstream-green_android-2.0.0
compilation unit: 0268-blockstream-green_android-release_3.1.9/bitcoinj/core/src/main/java/org/bitcoinj/kits/WalletAppKit.java
method: -
constraints in blockstream-green_android-1.0.0
	JSR305Nullable condition: "" , add info: -
	JSR305Nullable condition: "" , add info: -
constraints in blockstream-green_android-2.0.0

CANNOT_BE_CLASSIFIED
version 1: blockstream-green_android-1.0.0
version 2: blockstream-green_android-2.0.0
compilation unit: 0268-blockstream-green_android-release_3.1.9/bitcoinj/core/src/main/java/org/bitcoinj/net/ConnectionHandler.java
method: -
constraints in blockstream-green_android-1.0.0
	JSR305CONCURRENTGuardedBy condition: ""lock"" , add info: -
	JSR305CONCURRENTGuardedBy condition: ""lock"" , add info: -
	JSR305CONCURRENTGuardedBy condition: ""lock"" , add info: -
	JSR305CONCURRENTGuardedBy condition: ""lock"" , add info: -
	JSR305CONCURRENTGuardedBy condition: ""lock"" , add info: -
	JSR305CONCURRENTGuardedBy condition: ""lock"" , add info: -
	JSR305CONCURRENTGuardedBy condition: ""lock"" , add info: -
constraints in blockstream-green_android-2.0.0

CANNOT_BE_CLASSIFIED
version 1: blockstream-green_android-1.0.0
version 2: blockstream-green_android-2.0.0
compilation unit: 0268-blockstream-green_android-release_3.1.9/bitcoinj/core/src/main/java/org/bitcoinj/net/discovery/HttpDiscovery.java
method: -
constraints in blockstream-green_android-1.0.0
	JSR305Nullable condition: "" , add info: -
constraints in blockstream-green_android-2.0.0

CANNOT_BE_CLASSIFIED
version 1: blockstream-green_android-1.0.0
version 2: blockstream-green_android-2.0.0
compilation unit: 0268-blockstream-green_android-release_3.1.9/bitcoinj/core/src/main/java/org/bitcoinj/net/ProtobufConnection.java
method: connectionClosed(ProtobufConnection<MessageType>)
constraints in blockstream-green_android-1.0.0
	JSR305CONCURRENTGuardedBy condition: ""lock"" , add info: -
	JSR305CONCURRENTGuardedBy condition: ""lock"" , add info: -
constraints in blockstream-green_android-2.0.0

CANNOT_BE_CLASSIFIED
version 1: blockstream-green_android-1.0.0
version 2: blockstream-green_android-2.0.0
compilation unit: 0268-blockstream-green_android-release_3.1.9/bitcoinj/core/src/main/java/org/bitcoinj/protocols/channels/PaymentIncrementAck.java
method: -
constraints in blockstream-green_android-1.0.0
	JSR305Nullable condition: "" , add info: -
constraints in blockstream-green_android-2.0.0

CANNOT_BE_CLASSIFIED
version 1: blockstream-green_android-1.0.0
version 2: blockstream-green_android-2.0.0
compilation unit: 0268-blockstream-green_android-release_3.1.9/bitcoinj/core/src/main/java/org/bitcoinj/protocols/payments/PaymentProtocol.java
method: parseTransactionsFromPaymentMessage(NetworkParameters,
constraints in blockstream-green_android-1.0.0
	JSR305Nullable condition: "" , add info: -
constraints in blockstream-green_android-2.0.0

CANNOT_BE_CLASSIFIED
version 1: blockstream-green_android-1.0.0
version 2: blockstream-green_android-2.0.0
compilation unit: 0268-blockstream-green_android-release_3.1.9/bitcoinj/core/src/main/java/org/bitcoinj/protocols/payments/PaymentSession.java
method: -
constraints in blockstream-green_android-1.0.0
	JSR305Nullable condition: "" , add info: -
constraints in blockstream-green_android-2.0.0

CANNOT_BE_CLASSIFIED
version 1: blockstream-green_android-1.0.0
version 2: blockstream-green_android-2.0.0
compilation unit: 0268-blockstream-green_android-release_3.1.9/bitcoinj/core/src/main/java/org/bitcoinj/script/ScriptChunk.java
method: -
constraints in blockstream-green_android-1.0.0
	JSR305Nullable condition: "" , add info: -
constraints in blockstream-green_android-2.0.0

CANNOT_BE_CLASSIFIED
version 1: blockstream-green_android-1.0.0
version 2: blockstream-green_android-2.0.0
compilation unit: 0268-blockstream-green_android-release_3.1.9/bitcoinj/core/src/main/java/org/bitcoinj/utils/BaseTaggableObject.java
method: -
constraints in blockstream-green_android-1.0.0
	JSR305Nullable condition: "" , add info: -
constraints in blockstream-green_android-2.0.0

CANNOT_BE_CLASSIFIED
version 1: blockstream-green_android-1.0.0
version 2: blockstream-green_android-2.0.0
compilation unit: 0268-blockstream-green_android-release_3.1.9/bitcoinj/core/src/main/java/org/bitcoinj/utils/DaemonThreadFactory.java
method: -
constraints in blockstream-green_android-1.0.0
	JSR305Nullable condition: "" , add info: -
constraints in blockstream-green_android-2.0.0

CANNOT_BE_CLASSIFIED
version 1: blockstream-green_android-1.0.0
version 2: blockstream-green_android-2.0.0
compilation unit: 0268-blockstream-green_android-release_3.1.9/bitcoinj/core/src/main/java/org/bitcoinj/utils/Threading.java
method: run()
constraints in blockstream-green_android-1.0.0
	JSR305Nullable condition: "" , add info: -
constraints in blockstream-green_android-2.0.0

CANNOT_BE_CLASSIFIED
version 1: blockstream-green_android-1.0.0
version 2: blockstream-green_android-2.0.0
compilation unit: 0268-blockstream-green_android-release_3.1.9/bitcoinj/core/src/main/java/org/bitcoinj/wallet/BasicKeyChain.java
method: -
constraints in blockstream-green_android-1.0.0
	JSR305Nullable condition: "" , add info: -
constraints in blockstream-green_android-2.0.0

CANNOT_BE_CLASSIFIED
version 1: blockstream-green_android-1.0.0
version 2: blockstream-green_android-2.0.0
compilation unit: 0268-blockstream-green_android-release_3.1.9/bitcoinj/core/src/main/java/org/bitcoinj/wallet/DefaultRiskAnalysis.java
method: -
constraints in blockstream-green_android-1.0.0
	JSR305Nullable condition: "" , add info: -
constraints in blockstream-green_android-2.0.0

CANNOT_BE_CLASSIFIED
version 1: blockstream-green_android-1.0.0
version 2: blockstream-green_android-2.0.0
compilation unit: 0268-blockstream-green_android-release_3.1.9/bitcoinj/core/src/main/java/org/bitcoinj/wallet/DeterministicKeyChain.java
method: -
constraints in blockstream-green_android-1.0.0
	JSR305Nullable condition: "" , add info: -
	JSR305Nullable condition: "" , add info: -
constraints in blockstream-green_android-2.0.0

CANNOT_BE_CLASSIFIED
version 1: blockstream-green_android-1.0.0
version 2: blockstream-green_android-2.0.0
compilation unit: 0268-blockstream-green_android-release_3.1.9/bitcoinj/core/src/main/java/org/bitcoinj/wallet/DeterministicSeed.java
method: -
constraints in blockstream-green_android-1.0.0
	JSR305Nullable condition: "" , add info: -
	JSR305Nullable condition: "" , add info: -
	JSR305Nullable condition: "" , add info: -
	JSR305Nullable condition: "" , add info: -
constraints in blockstream-green_android-2.0.0

CANNOT_BE_CLASSIFIED
version 1: blockstream-green_android-1.0.0
version 2: blockstream-green_android-2.0.0
compilation unit: 0268-blockstream-green_android-release_3.1.9/bitcoinj/core/src/main/java/org/bitcoinj/wallet/KeyChainGroup.java
method: -
constraints in blockstream-green_android-1.0.0
	JSR305Nullable condition: "" , add info: -
constraints in blockstream-green_android-2.0.0

CANNOT_BE_CLASSIFIED
version 1: blockstream-green_android-1.0.0
version 2: blockstream-green_android-2.0.0
compilation unit: 0268-blockstream-green_android-release_3.1.9/bitcoinj/core/src/main/java/org/bitcoinj/wallet/Wallet.java
method: removeEldestEntry(Map.Entry<Sha256Hash,
constraints in blockstream-green_android-1.0.0
	JSR305Nullable condition: "" , add info: -
	JSR305Nullable condition: "" , add info: -
constraints in blockstream-green_android-2.0.0

CANNOT_BE_CLASSIFIED
version 1: blockstream-green_android-1.0.0
version 2: blockstream-green_android-2.0.0
compilation unit: 0268-blockstream-green_android-release_3.1.9/bitcoinj/wallettemplate/src/main/java/wallettemplate/controls/NotificationBarPane.java
method: -
constraints in blockstream-green_android-1.0.0
	JSR305Nullable condition: "" , add info: -
constraints in blockstream-green_android-2.0.0

CANNOT_BE_CLASSIFIED
version 1: blockstream-green_android-1.0.0
version 2: blockstream-green_android-2.0.0
compilation unit: 0268-blockstream-green_android-release_3.1.9/bitcoinj/wallettemplate/src/main/java/wallettemplate/Main.java
method: done()
constraints in blockstream-green_android-1.0.0
	JSR305Nullable condition: "" , add info: -
constraints in blockstream-green_android-2.0.0

CANNOT_BE_CLASSIFIED
version 1: cSploit-android-1.0.0
version 2: cSploit-android-2.0.0
compilation unit: 0328-cSploit-android-v1.2.3/cSploit/src/org/csploit/android/gui/dialogs/ChangelogDialog.java
method: ChangelogDialog(Activity)
constraints in cSploit-android-1.0.0
	AndroidSuppressLint condition: ""SetJavaScriptEnabled"" , add info: -
constraints in cSploit-android-2.0.0

CANNOT_BE_CLASSIFIED
version 1: cSploit-android-1.0.0
version 2: cSploit-android-2.0.0
compilation unit: 0328-cSploit-android-v1.2.3/cSploit/src/org/csploit/android/gui/dialogs/CustomFilterDialog.java
method: onClick(DialogInterface,
constraints in cSploit-android-1.0.0
	JavaAssert condition: "view != null" , add info: -
constraints in cSploit-android-2.0.0

CANNOT_BE_CLASSIFIED
version 1: cSploit-android-1.0.0
version 2: cSploit-android-2.0.0
compilation unit: 0328-cSploit-android-v1.2.3/cSploit/src/org/csploit/android/gui/dialogs/RedirectionDialog.java
method: onClick(DialogInterface,
constraints in cSploit-android-1.0.0
	JavaAssert condition: "view != null" , add info: -
constraints in cSploit-android-2.0.0

CANNOT_BE_CLASSIFIED
version 1: cSploit-android-1.0.0
version 2: cSploit-android-2.0.0
compilation unit: 0328-cSploit-android-v1.2.3/cSploit/src/org/csploit/android/MainActivity.java
method: -
constraints in cSploit-android-1.0.0
	AndroidSuppressLint condition: ""NewApi"" , add info: -
constraints in cSploit-android-2.0.0

CANNOT_BE_CLASSIFIED
version 1: ccrama-Slide-1.0.0
version 2: ccrama-Slide-2.0.0
compilation unit: 0236-ccrama-Slide-v4.0alpha/app/src/main/java/me/ccrama/redditslide/util/Base64.java
method: encode(byte[],
constraints in ccrama-Slide-1.0.0
	JavaAssert condition: "(e == outBuff.length)" , add info: -
constraints in ccrama-Slide-2.0.0

CANNOT_BE_CLASSIFIED
version 1: ccrama-Slide-1.0.0
version 2: ccrama-Slide-2.0.0
compilation unit: 0236-ccrama-Slide-v4.0alpha/app/src/main/java/me/ccrama/redditslide/Views/MediaVideoView.java
method: MediaVideoView(Context, AttributeSet, int, int)
constraints in ccrama-Slide-1.0.0
	AndroidTargetApi condition: "Build.VERSION_CODES.LOLLIPOP" , add info: -
constraints in ccrama-Slide-2.0.0

CANNOT_BE_CLASSIFIED
version 1: ccrama-Slide-1.0.0
version 2: ccrama-Slide-2.0.0
compilation unit: 0236-ccrama-Slide-v4.0alpha/app/src/main/java/me/ccrama/redditslide/Views/TouchImageView.java
method: run()
constraints in ccrama-Slide-1.0.0
	AndroidTargetApi condition: "VERSION_CODES.GINGERBREAD" , add info: -
constraints in ccrama-Slide-2.0.0

CANNOT_BE_CLASSIFIED
version 1: chandevel-Clover-1.0.0
version 2: chandevel-Clover-2.0.0
compilation unit: 0150-chandevel-Clover-v1.0/Clover/src/com/micromobs/android/floatlabel/FloatLabelEditText.java
method: -
constraints in chandevel-Clover-1.0.0
	AndroidTargetApi condition: "11" , add info: -
constraints in chandevel-Clover-2.0.0

CANNOT_BE_CLASSIFIED
version 1: chandevel-Clover-1.0.0
version 2: chandevel-Clover-2.0.0
compilation unit: 0150-chandevel-Clover-v1.0/Clover/src/uk/co/senab/photoview/gestures/EclairGestureDetector.java
method: -
constraints in chandevel-Clover-1.0.0
	AndroidTargetApi condition: "5" , add info: -
constraints in chandevel-Clover-2.0.0

CANNOT_BE_CLASSIFIED
version 1: chandevel-Clover-1.0.0
version 2: chandevel-Clover-2.0.0
compilation unit: 0150-chandevel-Clover-v1.0/Clover/src/uk/co/senab/photoview/gestures/FroyoGestureDetector.java
method: -
constraints in chandevel-Clover-1.0.0
	AndroidTargetApi condition: "8" , add info: -
constraints in chandevel-Clover-2.0.0

CANNOT_BE_CLASSIFIED
version 1: chandevel-Clover-1.0.0
version 2: chandevel-Clover-2.0.0
compilation unit: 0150-chandevel-Clover-v1.0/Clover/src/uk/co/senab/photoview/PhotoViewAttacher.java
method: -
constraints in chandevel-Clover-1.0.0
	AndroidSuppressLint condition: ""FloatMath"" , add info: -
constraints in chandevel-Clover-2.0.0

CANNOT_BE_CLASSIFIED
version 1: chandevel-Clover-1.0.0
version 2: chandevel-Clover-2.0.0
compilation unit: 0150-chandevel-Clover-v1.0/Clover/src/uk/co/senab/photoview/scrollerproxy/GingerScroller.java
method: -
constraints in chandevel-Clover-1.0.0
	AndroidTargetApi condition: "9" , add info: -
constraints in chandevel-Clover-2.0.0

CANNOT_BE_CLASSIFIED
version 1: chandevel-Clover-1.0.0
version 2: chandevel-Clover-2.0.0
compilation unit: 0150-chandevel-Clover-v1.0/Clover/src/uk/co/senab/photoview/scrollerproxy/IcsScroller.java
method: -
constraints in chandevel-Clover-1.0.0
	AndroidTargetApi condition: "14" , add info: -
constraints in chandevel-Clover-2.0.0

CANNOT_BE_CLASSIFIED
version 1: citiususc-calendula-1.0.0
version 2: citiususc-calendula-2.0.0
compilation unit: 0244-citiususc-calendula-v1.0/Calendula/src/main/java/es/usc/citius/servando/calendula/activities/SettingsActivity.java
method: onPreferenceChange(Preference,
constraints in citiususc-calendula-1.0.0
	AndroidTargetApi condition: "Build.VERSION_CODES.HONEYCOMB" , add info: -
constraints in citiususc-calendula-2.0.0

CANNOT_BE_CLASSIFIED
version 1: citiususc-calendula-1.0.0
version 2: citiususc-calendula-2.0.0
compilation unit: 0244-citiususc-calendula-v1.0/Calendula/src/main/java/es/usc/citius/servando/calendula/activities/SettingsActivity.java
method: onCreate(Bundle)
constraints in citiususc-calendula-1.0.0
	AndroidTargetApi condition: "Build.VERSION_CODES.HONEYCOMB" , add info: -
constraints in citiususc-calendula-2.0.0

CANNOT_BE_CLASSIFIED
version 1: commons_app-apps_android_commons-1.0.0
version 2: commons_app-apps_android_commons-2.0.0
compilation unit: 0158-commons_app-apps_android_commons-v2.4/app/src/main/java/fr/free/nrw/commons/media/MediaDetailPagerFragment.java
method: MediaDetailPagerFragment(Boolean)
constraints in commons_app-apps_android_commons-1.0.0
	AndroidSuppressLint condition: ""ValidFragment"" , add info: -
constraints in commons_app-apps_android_commons-2.0.0

CANNOT_BE_CLASSIFIED
version 1: connectbot-connectbot-1.0.0
version 2: connectbot-connectbot-2.0.0
compilation unit: 0254-connectbot-connectbot-git_v1.9.7_58_g00d31597/app/src/main/java/org/connectbot/AppCompatListActivity.java
method: ItemViewHolder(View)
constraints in connectbot-connectbot-1.0.0
	AndroidXVisibleForTesting condition: "" , add info: -
constraints in connectbot-connectbot-2.0.0

CANNOT_BE_CLASSIFIED
version 1: connectbot-connectbot-1.0.0
version 2: connectbot-connectbot-2.0.0
compilation unit: 0254-connectbot-connectbot-git_v1.9.7_58_g00d31597/app/src/main/java/org/connectbot/ConsoleActivity.java
method: onMenuItemClick(MenuItem)
constraints in connectbot-connectbot-1.0.0
	AndroidSuppressLint condition: ""InflateParams"" , add info: -
constraints in connectbot-connectbot-2.0.0

CANNOT_BE_CLASSIFIED
version 1: connectbot-connectbot-1.0.0
version 2: connectbot-connectbot-2.0.0
compilation unit: 0254-connectbot-connectbot-git_v1.9.7_58_g00d31597/app/src/main/java/org/connectbot/ConsoleActivity.java
method: -
constraints in connectbot-connectbot-1.0.0
	AndroidXNullable condition: "" , add info: -
	AndroidXNullable condition: "" , add info: -
constraints in connectbot-connectbot-2.0.0

CANNOT_BE_CLASSIFIED
version 1: connectbot-connectbot-1.0.0
version 2: connectbot-connectbot-2.0.0
compilation unit: 0254-connectbot-connectbot-git_v1.9.7_58_g00d31597/app/src/main/java/org/connectbot/HelpActivity.java
method: onClick(View)
constraints in connectbot-connectbot-1.0.0
	AndroidSuppressLint condition: ""InflateParams"" , add info: -
constraints in connectbot-connectbot-2.0.0

CANNOT_BE_CLASSIFIED
version 1: connectbot-connectbot-1.0.0
version 2: connectbot-connectbot-2.0.0
compilation unit: 0254-connectbot-connectbot-git_v1.9.7_58_g00d31597/app/src/main/java/org/connectbot/HostListActivity.java
method: onHostStatusChanged()
constraints in connectbot-connectbot-1.0.0
	AndroidXVisibleForTesting condition: "" , add info: -
constraints in connectbot-connectbot-2.0.0

CANNOT_BE_CLASSIFIED
version 1: connectbot-connectbot-1.0.0
version 2: connectbot-connectbot-2.0.0
compilation unit: 0254-connectbot-connectbot-git_v1.9.7_58_g00d31597/app/src/main/java/org/connectbot/HostListActivity.java
method: onClick(DialogInterface,
constraints in connectbot-connectbot-1.0.0
	AndroidXVisibleForTesting condition: "" , add info: -
constraints in connectbot-connectbot-2.0.0

CANNOT_BE_CLASSIFIED
version 1: connectbot-connectbot-1.0.0
version 2: connectbot-connectbot-2.0.0
compilation unit: 0254-connectbot-connectbot-git_v1.9.7_58_g00d31597/app/src/main/java/org/connectbot/HostListActivity.java
method: onBindViewHolder(ItemViewHolder,
constraints in connectbot-connectbot-1.0.0
	AndroidXStyleRes condition: "" , add info: -
	AndroidXStyleRes condition: "" , add info: -
constraints in connectbot-connectbot-2.0.0

CANNOT_BE_CLASSIFIED
version 1: connectbot-connectbot-1.0.0
version 2: connectbot-connectbot-2.0.0
compilation unit: 0254-connectbot-connectbot-git_v1.9.7_58_g00d31597/app/src/main/java/org/connectbot/PubkeyListActivity.java
method: onClick(DialogInterface,
constraints in connectbot-connectbot-1.0.0
	AndroidXVisibleForTesting condition: "" , add info: -
constraints in connectbot-connectbot-2.0.0

CANNOT_BE_CLASSIFIED
version 1: connectbot-connectbot-1.0.0
version 2: connectbot-connectbot-2.0.0
compilation unit: 0254-connectbot-connectbot-git_v1.9.7_58_g00d31597/app/src/main/java/org/connectbot/service/KeyEventUtil.java
method: appendForApi(StringBuilder,
constraints in connectbot-connectbot-1.0.0
	AndroidTargetApi condition: "9" , add info: -
	AndroidTargetApi condition: "12" , add info: -
	AndroidTargetApi condition: "13" , add info: -
constraints in connectbot-connectbot-2.0.0

CANNOT_BE_CLASSIFIED
version 1: connectbot-connectbot-1.0.0
version 2: connectbot-connectbot-2.0.0
compilation unit: 0254-connectbot-connectbot-git_v1.9.7_58_g00d31597/app/src/main/java/org/connectbot/StrictModeSetup.java
method: -
constraints in connectbot-connectbot-1.0.0
	AndroidTargetApi condition: "9" , add info: -
constraints in connectbot-connectbot-2.0.0

CANNOT_BE_CLASSIFIED
version 1: connectbot-connectbot-1.0.0
version 2: connectbot-connectbot-2.0.0
compilation unit: 0254-connectbot-connectbot-git_v1.9.7_58_g00d31597/app/src/main/java/org/connectbot/transport/Local.java
method: Local(Killer)
constraints in connectbot-connectbot-1.0.0
	AndroidXVisibleForTesting condition: "" , add info: -
constraints in connectbot-connectbot-2.0.0

CANNOT_BE_CLASSIFIED
version 1: connectbot-connectbot-1.0.0
version 2: connectbot-connectbot-2.0.0
compilation unit: 0254-connectbot-connectbot-git_v1.9.7_58_g00d31597/app/src/main/java/org/connectbot/util/SwitchCompatPreference.java
method: SwitchCompatPreference(Context, AttributeSet, int, int)
constraints in connectbot-connectbot-1.0.0
	AndroidTargetApi condition: "Build.VERSION_CODES.LOLLIPOP" , add info: -
constraints in connectbot-connectbot-2.0.0

CANNOT_BE_CLASSIFIED
version 1: connectbot-connectbot-1.0.0
version 2: connectbot-connectbot-2.0.0
compilation unit: 0254-connectbot-connectbot-git_v1.9.7_58_g00d31597/app/src/main/java/org/connectbot/util/TerminalTextViewOverlay.java
method: -
constraints in connectbot-connectbot-1.0.0
	AndroidTargetApi condition: "11" , add info: -
constraints in connectbot-connectbot-2.0.0

CANNOT_BE_CLASSIFIED
version 1: connectbot-connectbot-1.0.0
version 2: connectbot-connectbot-2.0.0
compilation unit: 0254-connectbot-connectbot-git_v1.9.7_58_g00d31597/app/src/main/java/org/connectbot/views/CheckableMenuItem.java
method: onClick(View)
constraints in connectbot-connectbot-1.0.0
	AndroidXDrawableRes condition: "" , add info: -
	AndroidXStringRes condition: "" , add info: -
	AndroidXStringRes condition: "" , add info: -
constraints in connectbot-connectbot-2.0.0

CANNOT_BE_CLASSIFIED
version 1: cyclestreets-android-1.0.0
version 2: cyclestreets-android-2.0.0
compilation unit: 0392-cyclestreets-android-RELEASE_2_2/libraries/cyclestreets-core/src/main/java/net/cyclestreets/util/Base64.java
method: encodeBytes(byte[])
constraints in cyclestreets-android-1.0.0
	JavaAssert condition: "false" , add info: ex.getMessage()
	JavaAssert condition: "encoded != null" , add info: -
constraints in cyclestreets-android-2.0.0

CANNOT_BE_CLASSIFIED
version 1: cyclestreets-android-1.0.0
version 2: cyclestreets-android-2.0.0
compilation unit: 0392-cyclestreets-android-RELEASE_2_2/libraries/cyclestreets-core/src/main/java/net/cyclestreets/util/Base64.java
method: encodeBytes(byte[],
constraints in cyclestreets-android-1.0.0
	JavaAssert condition: "false" , add info: ex.getMessage()
	JavaAssert condition: "encoded != null" , add info: -
constraints in cyclestreets-android-2.0.0

CANNOT_BE_CLASSIFIED
version 1: cyclestreets-android-1.0.0
version 2: cyclestreets-android-2.0.0
compilation unit: 0392-cyclestreets-android-RELEASE_2_2/libraries/cyclestreets-core/src/main/java/net/cyclestreets/util/Base64.java
method: encodeBytesToBytes(byte[])
constraints in cyclestreets-android-1.0.0
	JavaAssert condition: "false" , add info: "IOExceptions only come from GZipping, which is turned off: " + ex.getMessage()
constraints in cyclestreets-android-2.0.0

CANNOT_BE_CLASSIFIED
version 1: daneren2005-Subsonic-1.0.0
version 2: daneren2005-Subsonic-2.0.0
compilation unit: 0386-daneren2005-Subsonic-5.1/app/src/main/java/github/daneren2005/dsub/service/AutoMediaBrowserService.java
method: -
constraints in daneren2005-Subsonic-1.0.0
	AndroidTargetApi condition: "Build.VERSION_CODES.LOLLIPOP" , add info: -
constraints in daneren2005-Subsonic-2.0.0

CANNOT_BE_CLASSIFIED
version 1: daneren2005-Subsonic-1.0.0
version 2: daneren2005-Subsonic-2.0.0
compilation unit: 0386-daneren2005-Subsonic-5.1/app/src/main/java/github/daneren2005/dsub/service/sync/MostRecentSyncAdapter.java
method: MostRecentSyncAdapter(Context, boolean, boolean)
constraints in daneren2005-Subsonic-1.0.0
	AndroidTargetApi condition: "14" , add info: -
constraints in daneren2005-Subsonic-2.0.0

CANNOT_BE_CLASSIFIED
version 1: daneren2005-Subsonic-1.0.0
version 2: daneren2005-Subsonic-2.0.0
compilation unit: 0386-daneren2005-Subsonic-5.1/app/src/main/java/github/daneren2005/dsub/service/sync/PlaylistSyncAdapter.java
method: PlaylistSyncAdapter(Context, boolean, boolean)
constraints in daneren2005-Subsonic-1.0.0
	AndroidTargetApi condition: "14" , add info: -
constraints in daneren2005-Subsonic-2.0.0

CANNOT_BE_CLASSIFIED
version 1: daneren2005-Subsonic-1.0.0
version 2: daneren2005-Subsonic-2.0.0
compilation unit: 0386-daneren2005-Subsonic-5.1/app/src/main/java/github/daneren2005/dsub/service/sync/PodcastSyncAdapter.java
method: PodcastSyncAdapter(Context, boolean, boolean)
constraints in daneren2005-Subsonic-1.0.0
	AndroidTargetApi condition: "14" , add info: -
constraints in daneren2005-Subsonic-2.0.0

CANNOT_BE_CLASSIFIED
version 1: daneren2005-Subsonic-1.0.0
version 2: daneren2005-Subsonic-2.0.0
compilation unit: 0386-daneren2005-Subsonic-5.1/app/src/main/java/github/daneren2005/dsub/service/sync/StarredSyncAdapter.java
method: StarredSyncAdapter(Context, boolean, boolean)
constraints in daneren2005-Subsonic-1.0.0
	AndroidTargetApi condition: "14" , add info: -
constraints in daneren2005-Subsonic-2.0.0

CANNOT_BE_CLASSIFIED
version 1: daneren2005-Subsonic-1.0.0
version 2: daneren2005-Subsonic-2.0.0
compilation unit: 0386-daneren2005-Subsonic-5.1/app/src/main/java/github/daneren2005/dsub/service/sync/SubsonicSyncAdapter.java
method: SubsonicSyncAdapter(Context, boolean, boolean)
constraints in daneren2005-Subsonic-1.0.0
	AndroidTargetApi condition: "14" , add info: -
constraints in daneren2005-Subsonic-2.0.0

CANNOT_BE_CLASSIFIED
version 1: daneren2005-Subsonic-1.0.0
version 2: daneren2005-Subsonic-2.0.0
compilation unit: 0386-daneren2005-Subsonic-5.1/app/src/main/java/github/daneren2005/dsub/util/compat/RemoteControlClientICS.java
method: -
constraints in daneren2005-Subsonic-1.0.0
	AndroidTargetApi condition: "14" , add info: -
constraints in daneren2005-Subsonic-2.0.0

CANNOT_BE_CLASSIFIED
version 1: daneren2005-Subsonic-1.0.0
version 2: daneren2005-Subsonic-2.0.0
compilation unit: 0386-daneren2005-Subsonic-5.1/app/src/main/java/github/daneren2005/dsub/util/compat/RemoteControlClientJB.java
method: -
constraints in daneren2005-Subsonic-1.0.0
	AndroidTargetApi condition: "18" , add info: -
constraints in daneren2005-Subsonic-2.0.0

CANNOT_BE_CLASSIFIED
version 1: daneren2005-Subsonic-1.0.0
version 2: daneren2005-Subsonic-2.0.0
compilation unit: 0386-daneren2005-Subsonic-5.1/app/src/main/java/github/daneren2005/dsub/util/compat/RemoteControlClientLP.java
method: -
constraints in daneren2005-Subsonic-1.0.0
	AndroidTargetApi condition: "Build.VERSION_CODES.LOLLIPOP" , add info: -
constraints in daneren2005-Subsonic-2.0.0

CANNOT_BE_CLASSIFIED
version 1: daneren2005-Subsonic-1.0.0
version 2: daneren2005-Subsonic-2.0.0
compilation unit: 0386-daneren2005-Subsonic-5.1/app/src/main/java/github/daneren2005/dsub/view/RecyclingImageView.java
method: RecyclingImageView(Context, AttributeSet, int, int)
constraints in daneren2005-Subsonic-1.0.0
	AndroidTargetApi condition: "Build.VERSION_CODES.LOLLIPOP" , add info: -
constraints in daneren2005-Subsonic-2.0.0

CANNOT_BE_CLASSIFIED
version 1: deltachat-deltachat_android-1.0.0
version 2: deltachat-deltachat_android-2.0.0
compilation unit: 0116-deltachat-deltachat_android-None/src/org/thoughtcrime/securesms/attachments/Attachment.java
method: -
constraints in deltachat-deltachat_android-1.0.0
	AndroidXNonNull condition: "" , add info: -
	AndroidXNullable condition: "" , add info: -
	AndroidXNullable condition: "" , add info: -
	AndroidXNullable condition: "" , add info: -
constraints in deltachat-deltachat_android-2.0.0

CANNOT_BE_CLASSIFIED
version 1: deltachat-deltachat_android-1.0.0
version 2: deltachat-deltachat_android-2.0.0
compilation unit: 0116-deltachat-deltachat_android-None/src/org/thoughtcrime/securesms/attachments/AttachmentServer.java
method: run()
constraints in deltachat-deltachat_android-1.0.0
	AndroidXNonNull condition: "" , add info: -
	AndroidXNonNull condition: "" , add info: -
constraints in deltachat-deltachat_android-2.0.0

CANNOT_BE_CLASSIFIED
version 1: deltachat-deltachat_android-1.0.0
version 2: deltachat-deltachat_android-2.0.0
compilation unit: 0116-deltachat-deltachat_android-None/src/org/thoughtcrime/securesms/attachments/UriAttachment.java
method: -
constraints in deltachat-deltachat_android-1.0.0
	AndroidXNonNull condition: "" , add info: -
	AndroidXNullable condition: "" , add info: -
constraints in deltachat-deltachat_android-2.0.0

CANNOT_BE_CLASSIFIED
version 1: deltachat-deltachat_android-1.0.0
version 2: deltachat-deltachat_android-2.0.0
compilation unit: 0116-deltachat-deltachat_android-None/src/org/thoughtcrime/securesms/audio/AudioCodec.java
method: -
constraints in deltachat-deltachat_android-1.0.0
	AndroidTargetApi condition: "Build.VERSION_CODES.JELLY_BEAN" , add info: -
constraints in deltachat-deltachat_android-2.0.0

CANNOT_BE_CLASSIFIED
version 1: deltachat-deltachat_android-1.0.0
version 2: deltachat-deltachat_android-2.0.0
compilation unit: 0116-deltachat-deltachat_android-None/src/org/thoughtcrime/securesms/audio/AudioRecorder.java
method: -
constraints in deltachat-deltachat_android-1.0.0
	AndroidTargetApi condition: "Build.VERSION_CODES.JELLY_BEAN" , add info: -
constraints in deltachat-deltachat_android-2.0.0

CANNOT_BE_CLASSIFIED
version 1: deltachat-deltachat_android-1.0.0
version 2: deltachat-deltachat_android-2.0.0
compilation unit: 0116-deltachat-deltachat_android-None/src/org/thoughtcrime/securesms/audio/AudioSlidePlayer.java
method: -
constraints in deltachat-deltachat_android-1.0.0
	AndroidXNonNull condition: "" , add info: -
	AndroidXNonNull condition: "" , add info: -
	AndroidXNonNull condition: "" , add info: -
	AndroidXNonNull condition: "" , add info: -
	AndroidXNonNull condition: "" , add info: -
	AndroidXNullable condition: "" , add info: -
	AndroidXNullable condition: "" , add info: -
constraints in deltachat-deltachat_android-2.0.0

CANNOT_BE_CLASSIFIED
version 1: deltachat-deltachat_android-1.0.0
version 2: deltachat-deltachat_android-2.0.0
compilation unit: 0116-deltachat-deltachat_android-None/src/org/thoughtcrime/securesms/BaseConversationItem.java
method: -
constraints in deltachat-deltachat_android-1.0.0
	AndroidXNonNull condition: "" , add info: -
constraints in deltachat-deltachat_android-2.0.0

CANNOT_BE_CLASSIFIED
version 1: deltachat-deltachat_android-1.0.0
version 2: deltachat-deltachat_android-2.0.0
compilation unit: 0116-deltachat-deltachat_android-None/src/org/thoughtcrime/securesms/components/AttachmentTypeSelector.java
method: -
constraints in deltachat-deltachat_android-1.0.0
	AndroidXNonNull condition: "" , add info: -
	AndroidXNonNull condition: "" , add info: -
	AndroidXNonNull condition: "" , add info: -
	AndroidXNonNull condition: "" , add info: -
	AndroidXNonNull condition: "" , add info: -
	AndroidXNonNull condition: "" , add info: -
	AndroidXNonNull condition: "" , add info: -
	AndroidXNonNull condition: "" , add info: -
	AndroidXNonNull condition: "" , add info: -
	AndroidXNonNull condition: "" , add info: -
	AndroidXNullable condition: "" , add info: -
	AndroidXNullable condition: "" , add info: -
constraints in deltachat-deltachat_android-2.0.0

CANNOT_BE_CLASSIFIED
version 1: deltachat-deltachat_android-1.0.0
version 2: deltachat-deltachat_android-2.0.0
compilation unit: 0116-deltachat-deltachat_android-None/src/org/thoughtcrime/securesms/components/AudioView.java
method: -
constraints in deltachat-deltachat_android-1.0.0
	AndroidXNonNull condition: "" , add info: -
	AndroidXNonNull condition: "" , add info: -
	AndroidXNonNull condition: "" , add info: -
	AndroidXNonNull condition: "" , add info: -
	AndroidXNonNull condition: "" , add info: -
	AndroidXNonNull condition: "" , add info: -
	AndroidXNullable condition: "" , add info: -
constraints in deltachat-deltachat_android-2.0.0

CANNOT_BE_CLASSIFIED
version 1: deltachat-deltachat_android-1.0.0
version 2: deltachat-deltachat_android-2.0.0
compilation unit: 0116-deltachat-deltachat_android-None/src/org/thoughtcrime/securesms/components/AvatarSelector.java
method: -
constraints in deltachat-deltachat_android-1.0.0
	AndroidXNonNull condition: "" , add info: -
	AndroidXNonNull condition: "" , add info: -
	AndroidXNonNull condition: "" , add info: -
	AndroidXNonNull condition: "" , add info: -
	AndroidXNonNull condition: "" , add info: -
	AndroidXNonNull condition: "" , add info: -
	AndroidXNullable condition: "" , add info: -
constraints in deltachat-deltachat_android-2.0.0

CANNOT_BE_CLASSIFIED
version 1: deltachat-deltachat_android-1.0.0
version 2: deltachat-deltachat_android-2.0.0
compilation unit: 0116-deltachat-deltachat_android-None/src/org/thoughtcrime/securesms/components/camera/CameraView.java
method: -
constraints in deltachat-deltachat_android-1.0.0
	AndroidXNonNull condition: "" , add info: -
	AndroidXNullable condition: "" , add info: -
	AndroidXNonNull condition: "" , add info: -
constraints in deltachat-deltachat_android-2.0.0

CANNOT_BE_CLASSIFIED
version 1: deltachat-deltachat_android-1.0.0
version 2: deltachat-deltachat_android-2.0.0
compilation unit: 0116-deltachat-deltachat_android-None/src/org/thoughtcrime/securesms/components/ComposeText.java
method: -
constraints in deltachat-deltachat_android-1.0.0
	AndroidXNullable condition: "" , add info: -
constraints in deltachat-deltachat_android-2.0.0

CANNOT_BE_CLASSIFIED
version 1: deltachat-deltachat_android-1.0.0
version 2: deltachat-deltachat_android-2.0.0
compilation unit: 0116-deltachat-deltachat_android-None/src/org/thoughtcrime/securesms/components/DocumentView.java
method: -
constraints in deltachat-deltachat_android-1.0.0
	AndroidXNonNull condition: "" , add info: -
	AndroidXNonNull condition: "" , add info: -
	AndroidXNonNull condition: "" , add info: -
	AndroidXNullable condition: "" , add info: -
constraints in deltachat-deltachat_android-2.0.0

CANNOT_BE_CLASSIFIED
version 1: deltachat-deltachat_android-1.0.0
version 2: deltachat-deltachat_android-2.0.0
compilation unit: 0116-deltachat-deltachat_android-None/src/org/thoughtcrime/securesms/components/DocumentView.java
method: setEnabled(boolean)
constraints in deltachat-deltachat_android-1.0.0
	AndroidXNonNull condition: "" , add info: -
constraints in deltachat-deltachat_android-2.0.0

CANNOT_BE_CLASSIFIED
version 1: deltachat-deltachat_android-1.0.0
version 2: deltachat-deltachat_android-2.0.0
compilation unit: 0116-deltachat-deltachat_android-None/src/org/thoughtcrime/securesms/components/emoji/CompositeEmojiPageModel.java
method: -
constraints in deltachat-deltachat_android-1.0.0
	AndroidXAttrRes condition: "" , add info: -
	AndroidXNonNull condition: "" , add info: -
constraints in deltachat-deltachat_android-2.0.0

CANNOT_BE_CLASSIFIED
version 1: deltachat-deltachat_android-1.0.0
version 2: deltachat-deltachat_android-2.0.0
compilation unit: 0116-deltachat-deltachat_android-None/src/org/thoughtcrime/securesms/components/emoji/MediaKeyboard.java
method: -
constraints in deltachat-deltachat_android-1.0.0
	AndroidXNullable condition: "" , add info: -
constraints in deltachat-deltachat_android-2.0.0

CANNOT_BE_CLASSIFIED
version 1: deltachat-deltachat_android-1.0.0
version 2: deltachat-deltachat_android-2.0.0
compilation unit: 0116-deltachat-deltachat_android-None/src/org/thoughtcrime/securesms/components/emoji/StaticEmojiPageModel.java
method: -
constraints in deltachat-deltachat_android-1.0.0
	AndroidXAttrRes condition: "" , add info: -
	AndroidXNonNull condition: "" , add info: -
	AndroidXNullable condition: "" , add info: -
constraints in deltachat-deltachat_android-2.0.0

CANNOT_BE_CLASSIFIED
version 1: deltachat-deltachat_android-1.0.0
version 2: deltachat-deltachat_android-2.0.0
compilation unit: 0116-deltachat-deltachat_android-None/src/org/thoughtcrime/securesms/components/HidingLinearLayout.java
method: HidingLinearLayout(Context, AttributeSet, int)
constraints in deltachat-deltachat_android-1.0.0
	AndroidTargetApi condition: "Build.VERSION_CODES.HONEYCOMB" , add info: -
constraints in deltachat-deltachat_android-2.0.0

CANNOT_BE_CLASSIFIED
version 1: deltachat-deltachat_android-1.0.0
version 2: deltachat-deltachat_android-2.0.0
compilation unit: 0116-deltachat-deltachat_android-None/src/org/thoughtcrime/securesms/components/InputPanel.java
method: InputPanel(Context, AttributeSet, int)
constraints in deltachat-deltachat_android-1.0.0
	AndroidTargetApi condition: "Build.VERSION_CODES.HONEYCOMB" , add info: -
constraints in deltachat-deltachat_android-2.0.0

CANNOT_BE_CLASSIFIED
version 1: deltachat-deltachat_android-1.0.0
version 2: deltachat-deltachat_android-2.0.0
compilation unit: 0116-deltachat-deltachat_android-None/src/org/thoughtcrime/securesms/components/InputPanel.java
method: -
constraints in deltachat-deltachat_android-1.0.0
	AndroidXNullable condition: "" , add info: -
constraints in deltachat-deltachat_android-2.0.0

CANNOT_BE_CLASSIFIED
version 1: deltachat-deltachat_android-1.0.0
version 2: deltachat-deltachat_android-2.0.0
compilation unit: 0116-deltachat-deltachat_android-None/src/org/thoughtcrime/securesms/components/MicrophoneRecorderView.java
method: -
constraints in deltachat-deltachat_android-1.0.0
	AndroidXNullable condition: "" , add info: -
	AndroidXNonNull condition: "" , add info: -
constraints in deltachat-deltachat_android-2.0.0

CANNOT_BE_CLASSIFIED
version 1: deltachat-deltachat_android-1.0.0
version 2: deltachat-deltachat_android-2.0.0
compilation unit: 0116-deltachat-deltachat_android-None/src/org/thoughtcrime/securesms/components/QuoteView.java
method: QuoteView(Context, AttributeSet, int, int)
constraints in deltachat-deltachat_android-1.0.0
	AndroidXRequiresApi condition: "[api = Build.VERSION_CODES.LOLLIPOP]" , add info: -
constraints in deltachat-deltachat_android-2.0.0

CANNOT_BE_CLASSIFIED
version 1: deltachat-deltachat_android-1.0.0
version 2: deltachat-deltachat_android-2.0.0
compilation unit: 0116-deltachat-deltachat_android-None/src/org/thoughtcrime/securesms/components/RecentPhotoViewRail.java
method: -
constraints in deltachat-deltachat_android-1.0.0
	AndroidXNonNull condition: "" , add info: -
	AndroidXNullable condition: "" , add info: -
constraints in deltachat-deltachat_android-2.0.0

CANNOT_BE_CLASSIFIED
version 1: deltachat-deltachat_android-1.0.0
version 2: deltachat-deltachat_android-2.0.0
compilation unit: 0116-deltachat-deltachat_android-None/src/org/thoughtcrime/securesms/components/RecentPhotoViewRail.java
method: onLoaderReset(Loader<Cursor>)
constraints in deltachat-deltachat_android-1.0.0
	AndroidXNonNull condition: "" , add info: -
	AndroidXNullable condition: "" , add info: -
constraints in deltachat-deltachat_android-2.0.0

CANNOT_BE_CLASSIFIED
version 1: deltachat-deltachat_android-1.0.0
version 2: deltachat-deltachat_android-2.0.0
compilation unit: 0116-deltachat-deltachat_android-None/src/org/thoughtcrime/securesms/components/RecyclerViewFastScroller.java
method: -
constraints in deltachat-deltachat_android-1.0.0
	AndroidXNonNull condition: "" , add info: -
	AndroidXNonNull condition: "" , add info: -
	AndroidXNullable condition: "" , add info: -
constraints in deltachat-deltachat_android-2.0.0

CANNOT_BE_CLASSIFIED
version 1: deltachat-deltachat_android-1.0.0
version 2: deltachat-deltachat_android-2.0.0
compilation unit: 0116-deltachat-deltachat_android-None/src/org/thoughtcrime/securesms/components/reminder/DozeReminder.java
method: -
constraints in deltachat-deltachat_android-1.0.0
	AndroidSuppressLint condition: ""BatteryLife"" , add info: -
constraints in deltachat-deltachat_android-2.0.0

CANNOT_BE_CLASSIFIED
version 1: deltachat-deltachat_android-1.0.0
version 2: deltachat-deltachat_android-2.0.0
compilation unit: 0116-deltachat-deltachat_android-None/src/org/thoughtcrime/securesms/components/RemovableEditableMediaView.java
method: -
constraints in deltachat-deltachat_android-1.0.0
	AndroidXNonNull condition: "" , add info: -
	AndroidXNonNull condition: "" , add info: -
	AndroidXNullable condition: "" , add info: -
constraints in deltachat-deltachat_android-2.0.0

CANNOT_BE_CLASSIFIED
version 1: deltachat-deltachat_android-1.0.0
version 2: deltachat-deltachat_android-2.0.0
compilation unit: 0116-deltachat-deltachat_android-None/src/org/thoughtcrime/securesms/components/RepeatableImageKey.java
method: RepeatableImageKey(Context, AttributeSet, int, int)
constraints in deltachat-deltachat_android-1.0.0
	AndroidTargetApi condition: "VERSION_CODES.LOLLIPOP" , add info: -
constraints in deltachat-deltachat_android-2.0.0

CANNOT_BE_CLASSIFIED
version 1: deltachat-deltachat_android-1.0.0
version 2: deltachat-deltachat_android-2.0.0
compilation unit: 0116-deltachat-deltachat_android-None/src/org/thoughtcrime/securesms/components/SquareFrameLayout.java
method: SquareFrameLayout(Context, AttributeSet, int)
constraints in deltachat-deltachat_android-1.0.0
	AndroidTargetApi condition: "VERSION_CODES.HONEYCOMB" , add info: -
constraints in deltachat-deltachat_android-2.0.0

CANNOT_BE_CLASSIFIED
version 1: deltachat-deltachat_android-1.0.0
version 2: deltachat-deltachat_android-2.0.0
compilation unit: 0116-deltachat-deltachat_android-None/src/org/thoughtcrime/securesms/components/SwitchPreferenceCompat.java
method: SwitchPreferenceCompat(Context, AttributeSet, int, int)
constraints in deltachat-deltachat_android-1.0.0
	AndroidTargetApi condition: "Build.VERSION_CODES.LOLLIPOP" , add info: -
constraints in deltachat-deltachat_android-2.0.0

CANNOT_BE_CLASSIFIED
version 1: deltachat-deltachat_android-1.0.0
version 2: deltachat-deltachat_android-2.0.0
compilation unit: 0116-deltachat-deltachat_android-None/src/org/thoughtcrime/securesms/connect/AccountManager.java
method: rollbackAccountCreation(Activity)
constraints in deltachat-deltachat_android-1.0.0
	AndroidXNullable condition: "" , add info: -
	AndroidXNullable condition: "" , add info: -
	AndroidXNullable condition: "" , add info: -
constraints in deltachat-deltachat_android-2.0.0

CANNOT_BE_CLASSIFIED
version 1: deltachat-deltachat_android-1.0.0
version 2: deltachat-deltachat_android-2.0.0
compilation unit: 0116-deltachat-deltachat_android-None/src/org/thoughtcrime/securesms/connect/ApplicationDcContext.java
method: -
constraints in deltachat-deltachat_android-1.0.0
	AndroidXIntDef condition: "{ RECIPIENT_TYPE_CHAT, RECIPIENT_TYPE_CONTACT }" , add info: -
constraints in deltachat-deltachat_android-2.0.0

CANNOT_BE_CLASSIFIED
version 1: deltachat-deltachat_android-1.0.0
version 2: deltachat-deltachat_android-2.0.0
compilation unit: 0116-deltachat-deltachat_android-None/src/org/thoughtcrime/securesms/connect/FetchWorker.java
method: -
constraints in deltachat-deltachat_android-1.0.0
	AndroidXNonNull condition: "" , add info: -
constraints in deltachat-deltachat_android-2.0.0

CANNOT_BE_CLASSIFIED
version 1: deltachat-deltachat_android-1.0.0
version 2: deltachat-deltachat_android-2.0.0
compilation unit: 0116-deltachat-deltachat_android-None/src/org/thoughtcrime/securesms/connect/ForegroundDetector.java
method: -
constraints in deltachat-deltachat_android-1.0.0
	AndroidSuppressLint condition: ""NewApi"" , add info: -
constraints in deltachat-deltachat_android-2.0.0

CANNOT_BE_CLASSIFIED
version 1: deltachat-deltachat_android-1.0.0
version 2: deltachat-deltachat_android-2.0.0
compilation unit: 0116-deltachat-deltachat_android-None/src/org/thoughtcrime/securesms/contacts/avatars/MyProfileContactPhoto.java
method: -
constraints in deltachat-deltachat_android-1.0.0
	AndroidXNonNull condition: "" , add info: -
	AndroidXNonNull condition: "" , add info: -
constraints in deltachat-deltachat_android-2.0.0

CANNOT_BE_CLASSIFIED
version 1: deltachat-deltachat_android-1.0.0
version 2: deltachat-deltachat_android-2.0.0
compilation unit: 0116-deltachat-deltachat_android-None/src/org/thoughtcrime/securesms/contacts/avatars/SystemContactPhoto.java
method: -
constraints in deltachat-deltachat_android-1.0.0
	AndroidXNonNull condition: "" , add info: -
	AndroidXNonNull condition: "" , add info: -
constraints in deltachat-deltachat_android-2.0.0

CANNOT_BE_CLASSIFIED
version 1: deltachat-deltachat_android-1.0.0
version 2: deltachat-deltachat_android-2.0.0
compilation unit: 0116-deltachat-deltachat_android-None/src/org/thoughtcrime/securesms/contacts/ContactSelectionListAdapter.java
method: -
constraints in deltachat-deltachat_android-1.0.0
	AndroidXNonNull condition: "" , add info: -
	AndroidXNonNull condition: "" , add info: -
	AndroidXNonNull condition: "" , add info: -
constraints in deltachat-deltachat_android-2.0.0

CANNOT_BE_CLASSIFIED
version 1: deltachat-deltachat_android-1.0.0
version 2: deltachat-deltachat_android-2.0.0
compilation unit: 0116-deltachat-deltachat_android-None/src/org/thoughtcrime/securesms/ConversationActivity.java
method: -
constraints in deltachat-deltachat_android-1.0.0
	AndroidSuppressLint condition: ""StaticFieldLeak"" , add info: -
constraints in deltachat-deltachat_android-2.0.0

CANNOT_BE_CLASSIFIED
version 1: deltachat-deltachat_android-1.0.0
version 2: deltachat-deltachat_android-2.0.0
compilation unit: 0116-deltachat-deltachat_android-None/src/org/thoughtcrime/securesms/ConversationAdapter.java
method: -
constraints in deltachat-deltachat_android-1.0.0
	AndroidXNullable condition: "" , add info: -
	AndroidXNonNull condition: "" , add info: -
	AndroidXNonNull condition: "" , add info: -
	AndroidXNonNull condition: "" , add info: -
	AndroidXNonNull condition: "" , add info: -
	AndroidXNonNull condition: "" , add info: -
	AndroidXNonNull condition: "" , add info: -
	AndroidXNonNull condition: "" , add info: -
	AndroidXNonNull condition: "" , add info: -
constraints in deltachat-deltachat_android-2.0.0

CANNOT_BE_CLASSIFIED
version 1: deltachat-deltachat_android-1.0.0
version 2: deltachat-deltachat_android-2.0.0
compilation unit: 0116-deltachat-deltachat_android-None/src/org/thoughtcrime/securesms/ConversationFragment.java
method: -
constraints in deltachat-deltachat_android-1.0.0
	AndroidSuppressLint condition: ""StaticFieldLeak"" , add info: -
constraints in deltachat-deltachat_android-2.0.0

CANNOT_BE_CLASSIFIED
version 1: deltachat-deltachat_android-1.0.0
version 2: deltachat-deltachat_android-2.0.0
compilation unit: 0116-deltachat-deltachat_android-None/src/org/thoughtcrime/securesms/ConversationItem.java
method: -
constraints in deltachat-deltachat_android-1.0.0
	AndroidXNullable condition: "" , add info: -
	AndroidXNonNull condition: "" , add info: -
	AndroidXNonNull condition: "" , add info: -
	AndroidXNonNull condition: "" , add info: -
	AndroidXNonNull condition: "" , add info: -
	AndroidXNullable condition: "" , add info: -
constraints in deltachat-deltachat_android-2.0.0

CANNOT_BE_CLASSIFIED
version 1: deltachat-deltachat_android-1.0.0
version 2: deltachat-deltachat_android-2.0.0
compilation unit: 0116-deltachat-deltachat_android-None/src/org/thoughtcrime/securesms/ConversationListAdapter.java
method: -
constraints in deltachat-deltachat_android-1.0.0
	AndroidXNonNull condition: "" , add info: -
	AndroidXNonNull condition: "" , add info: -
	AndroidXNonNull condition: "" , add info: -
	AndroidXNonNull condition: "" , add info: -
	AndroidXNonNull condition: "" , add info: -
	AndroidXNullable condition: "" , add info: -
constraints in deltachat-deltachat_android-2.0.0

CANNOT_BE_CLASSIFIED
version 1: deltachat-deltachat_android-1.0.0
version 2: deltachat-deltachat_android-2.0.0
compilation unit: 0116-deltachat-deltachat_android-None/src/org/thoughtcrime/securesms/ConversationListItemAction.java
method: ConversationListItemAction(Context, AttributeSet, int)
constraints in deltachat-deltachat_android-1.0.0
	AndroidTargetApi condition: "Build.VERSION_CODES.HONEYCOMB" , add info: -
constraints in deltachat-deltachat_android-2.0.0

CANNOT_BE_CLASSIFIED
version 1: deltachat-deltachat_android-1.0.0
version 2: deltachat-deltachat_android-2.0.0
compilation unit: 0116-deltachat-deltachat_android-None/src/org/thoughtcrime/securesms/ConversationListItemInboxZero.java
method: ConversationListItemInboxZero(Context, AttributeSet, int, int)
constraints in deltachat-deltachat_android-1.0.0
	AndroidXRequiresApi condition: "[api = Build.VERSION_CODES.LOLLIPOP]" , add info: -
constraints in deltachat-deltachat_android-2.0.0

CANNOT_BE_CLASSIFIED
version 1: deltachat-deltachat_android-1.0.0
version 2: deltachat-deltachat_android-2.0.0
compilation unit: 0116-deltachat-deltachat_android-None/src/org/thoughtcrime/securesms/CreateProfileActivity.java
method: -
constraints in deltachat-deltachat_android-1.0.0
	AndroidSuppressLint condition: ""StaticFieldLeak"" , add info: -
constraints in deltachat-deltachat_android-2.0.0

CANNOT_BE_CLASSIFIED
version 1: deltachat-deltachat_android-1.0.0
version 2: deltachat-deltachat_android-2.0.0
compilation unit: 0116-deltachat-deltachat_android-None/src/org/thoughtcrime/securesms/database/CursorRecyclerViewAdapter.java
method: -
constraints in deltachat-deltachat_android-1.0.0
	AndroidXVisibleForTesting condition: "" , add info: -
	AndroidXVisibleForTesting condition: "" , add info: -
	AndroidXVisibleForTesting condition: "" , add info: -
	AndroidXVisibleForTesting condition: "" , add info: -
	AndroidXNullable condition: "" , add info: -
	AndroidXNullable condition: "" , add info: -
constraints in deltachat-deltachat_android-2.0.0

CANNOT_BE_CLASSIFIED
version 1: deltachat-deltachat_android-1.0.0
version 2: deltachat-deltachat_android-2.0.0
compilation unit: 0116-deltachat-deltachat_android-None/src/org/thoughtcrime/securesms/database/model/ThreadRecord.java
method: -
constraints in deltachat-deltachat_android-1.0.0
	AndroidXNullable condition: "" , add info: -
constraints in deltachat-deltachat_android-2.0.0

CANNOT_BE_CLASSIFIED
version 1: deltachat-deltachat_android-1.0.0
version 2: deltachat-deltachat_android-2.0.0
compilation unit: 0116-deltachat-deltachat_android-None/src/org/thoughtcrime/securesms/imageeditor/HiddenEditText.java
method: -
constraints in deltachat-deltachat_android-1.0.0
	AndroidSuppressLint condition: ""InlinedApi"" , add info: -
	AndroidXNullable condition: "" , add info: -
	AndroidXNullable condition: "" , add info: -
	AndroidXNullable condition: "" , add info: -
	AndroidXNullable condition: "" , add info: -
constraints in deltachat-deltachat_android-2.0.0

CANNOT_BE_CLASSIFIED
version 1: deltachat-deltachat_android-1.0.0
version 2: deltachat-deltachat_android-2.0.0
compilation unit: 0116-deltachat-deltachat_android-None/src/org/thoughtcrime/securesms/imageeditor/ImageEditorView.java
method: -
constraints in deltachat-deltachat_android-1.0.0
	AndroidXNonNull condition: "" , add info: -
	AndroidXColorInt condition: "" , add info: -
	AndroidXNonNull condition: "" , add info: -
	AndroidXNullable condition: "" , add info: -
	AndroidXNullable condition: "" , add info: -
	AndroidXNullable condition: "" , add info: -
constraints in deltachat-deltachat_android-2.0.0

CANNOT_BE_CLASSIFIED
version 1: deltachat-deltachat_android-1.0.0
version 2: deltachat-deltachat_android-2.0.0
compilation unit: 0116-deltachat-deltachat_android-None/src/org/thoughtcrime/securesms/imageeditor/model/EditorElement.java
method: -
constraints in deltachat-deltachat_android-1.0.0
	AndroidXNullable condition: "" , add info: -
	AndroidXNonNull condition: "" , add info: -
	AndroidXNonNull condition: "" , add info: -
constraints in deltachat-deltachat_android-2.0.0

CANNOT_BE_CLASSIFIED
version 1: deltachat-deltachat_android-1.0.0
version 2: deltachat-deltachat_android-2.0.0
compilation unit: 0116-deltachat-deltachat_android-None/src/org/thoughtcrime/securesms/imageeditor/model/EditorModel.java
method: -
constraints in deltachat-deltachat_android-1.0.0
	AndroidXNonNull condition: "" , add info: -
constraints in deltachat-deltachat_android-2.0.0

CANNOT_BE_CLASSIFIED
version 1: deltachat-deltachat_android-1.0.0
version 2: deltachat-deltachat_android-2.0.0
compilation unit: 0116-deltachat-deltachat_android-None/src/org/thoughtcrime/securesms/imageeditor/model/UndoRedoStacks.java
method: -
constraints in deltachat-deltachat_android-1.0.0
	AndroidXNonNull condition: "" , add info: -
constraints in deltachat-deltachat_android-2.0.0

CANNOT_BE_CLASSIFIED
version 1: deltachat-deltachat_android-1.0.0
version 2: deltachat-deltachat_android-2.0.0
compilation unit: 0116-deltachat-deltachat_android-None/src/org/thoughtcrime/securesms/imageeditor/RendererContext.java
method: -
constraints in deltachat-deltachat_android-1.0.0
	AndroidXNonNull condition: "" , add info: -
	AndroidXNonNull condition: "" , add info: -
	AndroidXNonNull condition: "" , add info: -
	AndroidXNonNull condition: "" , add info: -
	AndroidXNonNull condition: "" , add info: -
constraints in deltachat-deltachat_android-2.0.0

CANNOT_BE_CLASSIFIED
version 1: deltachat-deltachat_android-1.0.0
version 2: deltachat-deltachat_android-2.0.0
compilation unit: 0116-deltachat-deltachat_android-None/src/org/thoughtcrime/securesms/imageeditor/renderers/BezierDrawingRenderer.java
method: -
constraints in deltachat-deltachat_android-1.0.0
	AndroidXNullable condition: "" , add info: -
constraints in deltachat-deltachat_android-2.0.0

CANNOT_BE_CLASSIFIED
version 1: deltachat-deltachat_android-1.0.0
version 2: deltachat-deltachat_android-2.0.0
compilation unit: 0116-deltachat-deltachat_android-None/src/org/thoughtcrime/securesms/imageeditor/renderers/CropAreaRenderer.java
method: -
constraints in deltachat-deltachat_android-1.0.0
	AndroidXColorRes condition: "" , add info: -
constraints in deltachat-deltachat_android-2.0.0

CANNOT_BE_CLASSIFIED
version 1: deltachat-deltachat_android-1.0.0
version 2: deltachat-deltachat_android-2.0.0
compilation unit: 0116-deltachat-deltachat_android-None/src/org/thoughtcrime/securesms/imageeditor/renderers/MultiLineTextRenderer.java
method: -
constraints in deltachat-deltachat_android-1.0.0
	AndroidXNonNull condition: "" , add info: -
	AndroidXColorInt condition: "" , add info: -
constraints in deltachat-deltachat_android-2.0.0

CANNOT_BE_CLASSIFIED
version 1: deltachat-deltachat_android-1.0.0
version 2: deltachat-deltachat_android-2.0.0
compilation unit: 0116-deltachat-deltachat_android-None/src/org/thoughtcrime/securesms/imageeditor/renderers/OvalGuideRenderer.java
method: -
constraints in deltachat-deltachat_android-1.0.0
	AndroidXColorRes condition: "" , add info: -
constraints in deltachat-deltachat_android-2.0.0

CANNOT_BE_CLASSIFIED
version 1: deltachat-deltachat_android-1.0.0
version 2: deltachat-deltachat_android-2.0.0
compilation unit: 0116-deltachat-deltachat_android-None/src/org/thoughtcrime/securesms/imageeditor/ThumbDragEditSession.java
method: -
constraints in deltachat-deltachat_android-1.0.0
	AndroidXNonNull condition: "" , add info: -
constraints in deltachat-deltachat_android-2.0.0

CANNOT_BE_CLASSIFIED
version 1: deltachat-deltachat_android-1.0.0
version 2: deltachat-deltachat_android-2.0.0
compilation unit: 0116-deltachat-deltachat_android-None/src/org/thoughtcrime/securesms/LogViewFragment.java
method: -
constraints in deltachat-deltachat_android-1.0.0
	AndroidXNonNull condition: "" , add info: -
constraints in deltachat-deltachat_android-2.0.0

CANNOT_BE_CLASSIFIED
version 1: deltachat-deltachat_android-1.0.0
version 2: deltachat-deltachat_android-2.0.0
compilation unit: 0116-deltachat-deltachat_android-None/src/org/thoughtcrime/securesms/MediaPreviewActivity.java
method: -
constraints in deltachat-deltachat_android-1.0.0
	AndroidXNullable condition: "" , add info: -
constraints in deltachat-deltachat_android-2.0.0

CANNOT_BE_CLASSIFIED
version 1: deltachat-deltachat_android-1.0.0
version 2: deltachat-deltachat_android-2.0.0
compilation unit: 0116-deltachat-deltachat_android-None/src/org/thoughtcrime/securesms/MediaPreviewActivity.java
method: onCreate(Bundle,
constraints in deltachat-deltachat_android-1.0.0
	AndroidXNullable condition: "" , add info: -
constraints in deltachat-deltachat_android-2.0.0

CANNOT_BE_CLASSIFIED
version 1: deltachat-deltachat_android-1.0.0
version 2: deltachat-deltachat_android-2.0.0
compilation unit: 0116-deltachat-deltachat_android-None/src/org/thoughtcrime/securesms/MediaPreviewActivity.java
method: pause(int)
constraints in deltachat-deltachat_android-1.0.0
	AndroidXNullable condition: "" , add info: -
	AndroidXNonNull condition: "" , add info: -
	AndroidXNonNull condition: "" , add info: -
constraints in deltachat-deltachat_android-2.0.0

CANNOT_BE_CLASSIFIED
version 1: deltachat-deltachat_android-1.0.0
version 2: deltachat-deltachat_android-2.0.0
compilation unit: 0116-deltachat-deltachat_android-None/src/org/thoughtcrime/securesms/mms/AttachmentManager.java
method: -
constraints in deltachat-deltachat_android-1.0.0
	AndroidXNonNull condition: "" , add info: -
	AndroidXNonNull condition: "" , add info: -
	AndroidXNonNull condition: "" , add info: -
	AndroidXNonNull condition: "" , add info: -
	AndroidXNonNull condition: "" , add info: -
	AndroidXNullable condition: "" , add info: -
	AndroidXNullable condition: "" , add info: -
constraints in deltachat-deltachat_android-2.0.0

CANNOT_BE_CLASSIFIED
version 1: deltachat-deltachat_android-1.0.0
version 2: deltachat-deltachat_android-2.0.0
compilation unit: 0116-deltachat-deltachat_android-None/src/org/thoughtcrime/securesms/mms/DecryptableStreamUriLoader.java
method: teardown()
constraints in deltachat-deltachat_android-1.0.0
	AndroidXNonNull condition: "" , add info: -
constraints in deltachat-deltachat_android-2.0.0

CANNOT_BE_CLASSIFIED
version 1: deltachat-deltachat_android-1.0.0
version 2: deltachat-deltachat_android-2.0.0
compilation unit: 0116-deltachat-deltachat_android-None/src/org/thoughtcrime/securesms/NewConversationActivity.java
method: onCreate(Bundle,
constraints in deltachat-deltachat_android-1.0.0
	JavaAssert condition: "getSupportActionBar() != null" , add info: -
constraints in deltachat-deltachat_android-2.0.0

CANNOT_BE_CLASSIFIED
version 1: deltachat-deltachat_android-1.0.0
version 2: deltachat-deltachat_android-2.0.0
compilation unit: 0116-deltachat-deltachat_android-None/src/org/thoughtcrime/securesms/notifications/NotificationCenter.java
method: -
constraints in deltachat-deltachat_android-1.0.0
	AndroidXNonNull condition: "" , add info: -
	AndroidXNonNull condition: "" , add info: -
constraints in deltachat-deltachat_android-2.0.0

CANNOT_BE_CLASSIFIED
version 1: deltachat-deltachat_android-1.0.0
version 2: deltachat-deltachat_android-2.0.0
compilation unit: 0116-deltachat-deltachat_android-None/src/org/thoughtcrime/securesms/permissions/PermissionsRequest.java
method: -
constraints in deltachat-deltachat_android-1.0.0
	AndroidXNullable condition: "" , add info: -
	AndroidXNullable condition: "" , add info: -
	AndroidXNullable condition: "" , add info: -
	AndroidXNullable condition: "" , add info: -
	AndroidXNullable condition: "" , add info: -
	AndroidXNullable condition: "" , add info: -
	AndroidXNullable condition: "" , add info: -
constraints in deltachat-deltachat_android-2.0.0

CANNOT_BE_CLASSIFIED
version 1: deltachat-deltachat_android-1.0.0
version 2: deltachat-deltachat_android-2.0.0
compilation unit: 0116-deltachat-deltachat_android-None/src/org/thoughtcrime/securesms/preferences/widgets/ProfilePreference.java
method: ProfilePreference(Context, AttributeSet, int, int)
constraints in deltachat-deltachat_android-1.0.0
	AndroidXRequiresApi condition: "[api = Build.VERSION_CODES.LOLLIPOP]" , add info: -
constraints in deltachat-deltachat_android-2.0.0

CANNOT_BE_CLASSIFIED
version 1: deltachat-deltachat_android-1.0.0
version 2: deltachat-deltachat_android-2.0.0
compilation unit: 0116-deltachat-deltachat_android-None/src/org/thoughtcrime/securesms/ProfileSettingsAdapter.java
method: -
constraints in deltachat-deltachat_android-1.0.0
	AndroidXNonNull condition: "" , add info: -
	AndroidXNonNull condition: "" , add info: -
	AndroidXNonNull condition: "" , add info: -
	AndroidXNonNull condition: "" , add info: -
constraints in deltachat-deltachat_android-2.0.0

CANNOT_BE_CLASSIFIED
version 1: deltachat-deltachat_android-1.0.0
version 2: deltachat-deltachat_android-2.0.0
compilation unit: 0116-deltachat-deltachat_android-None/src/org/thoughtcrime/securesms/providers/PersistentBlobProvider.java
method: getInstance()
constraints in deltachat-deltachat_android-1.0.0
	AndroidSuppressLint condition: ""UseSparseArrays"" , add info: -
constraints in deltachat-deltachat_android-2.0.0

CANNOT_BE_CLASSIFIED
version 1: deltachat-deltachat_android-1.0.0
version 2: deltachat-deltachat_android-2.0.0
compilation unit: 0116-deltachat-deltachat_android-None/src/org/thoughtcrime/securesms/qr/QrActivity.java
method: onCreate(Bundle)
constraints in deltachat-deltachat_android-1.0.0
	JavaAssert condition: "getSupportActionBar() != null" , add info: -
constraints in deltachat-deltachat_android-2.0.0

CANNOT_BE_CLASSIFIED
version 1: deltachat-deltachat_android-1.0.0
version 2: deltachat-deltachat_android-2.0.0
compilation unit: 0116-deltachat-deltachat_android-None/src/org/thoughtcrime/securesms/qr/QrShowActivity.java
method: onCreate(Bundle)
constraints in deltachat-deltachat_android-1.0.0
	JavaAssert condition: "supportActionBar != null" , add info: -
constraints in deltachat-deltachat_android-2.0.0

CANNOT_BE_CLASSIFIED
version 1: deltachat-deltachat_android-1.0.0
version 2: deltachat-deltachat_android-2.0.0
compilation unit: 0116-deltachat-deltachat_android-None/src/org/thoughtcrime/securesms/recipients/Recipient.java
method: -
constraints in deltachat-deltachat_android-1.0.0
	AndroidXNonNull condition: "" , add info: -
	AndroidXNullable condition: "" , add info: -
	AndroidXNullable condition: "" , add info: -
	AndroidXNullable condition: "" , add info: -
	AndroidXNullable condition: "" , add info: -
	AndroidXNullable condition: "" , add info: -
	AndroidXNullable condition: "" , add info: -
constraints in deltachat-deltachat_android-2.0.0

CANNOT_BE_CLASSIFIED
version 1: deltachat-deltachat_android-1.0.0
version 2: deltachat-deltachat_android-2.0.0
compilation unit: 0116-deltachat-deltachat_android-None/src/org/thoughtcrime/securesms/RegistrationActivity.java
method: -
constraints in deltachat-deltachat_android-1.0.0
	AndroidXNullable condition: "" , add info: -
constraints in deltachat-deltachat_android-2.0.0

CANNOT_BE_CLASSIFIED
version 1: deltachat-deltachat_android-1.0.0
version 2: deltachat-deltachat_android-2.0.0
compilation unit: 0116-deltachat-deltachat_android-None/src/org/thoughtcrime/securesms/scribbles/ImageEditorFragment.java
method: -
constraints in deltachat-deltachat_android-1.0.0
	AndroidXNullable condition: "" , add info: -
constraints in deltachat-deltachat_android-2.0.0

CANNOT_BE_CLASSIFIED
version 1: deltachat-deltachat_android-1.0.0
version 2: deltachat-deltachat_android-2.0.0
compilation unit: 0116-deltachat-deltachat_android-None/src/org/thoughtcrime/securesms/scribbles/ImageEditorHud.java
method: -
constraints in deltachat-deltachat_android-1.0.0
	AndroidXNonNull condition: "" , add info: -
	AndroidXNullable condition: "" , add info: -
constraints in deltachat-deltachat_android-2.0.0

CANNOT_BE_CLASSIFIED
version 1: deltachat-deltachat_android-1.0.0
version 2: deltachat-deltachat_android-2.0.0
compilation unit: 0116-deltachat-deltachat_android-None/src/org/thoughtcrime/securesms/scribbles/ScribbleActivity.java
method: -
constraints in deltachat-deltachat_android-1.0.0
	AndroidXRequiresApi condition: "19" , add info: -
constraints in deltachat-deltachat_android-2.0.0

CANNOT_BE_CLASSIFIED
version 1: deltachat-deltachat_android-1.0.0
version 2: deltachat-deltachat_android-2.0.0
compilation unit: 0116-deltachat-deltachat_android-None/src/org/thoughtcrime/securesms/scribbles/UriGlideRenderer.java
method: -
constraints in deltachat-deltachat_android-1.0.0
	AndroidXNullable condition: "" , add info: -
	AndroidXNullable condition: "" , add info: -
	AndroidXNullable condition: "" , add info: -
constraints in deltachat-deltachat_android-2.0.0

CANNOT_BE_CLASSIFIED
version 1: deltachat-deltachat_android-1.0.0
version 2: deltachat-deltachat_android-2.0.0
compilation unit: 0116-deltachat-deltachat_android-None/src/org/thoughtcrime/securesms/scribbles/widget/VerticalSlideColorPicker.java
method: VerticalSlideColorPicker(Context, AttributeSet, int, int)
constraints in deltachat-deltachat_android-1.0.0
	AndroidTargetApi condition: "Build.VERSION_CODES.LOLLIPOP" , add info: -
constraints in deltachat-deltachat_android-2.0.0

CANNOT_BE_CLASSIFIED
version 1: deltachat-deltachat_android-1.0.0
version 2: deltachat-deltachat_android-2.0.0
compilation unit: 0116-deltachat-deltachat_android-None/src/org/thoughtcrime/securesms/search/SearchListAdapter.java
method: -
constraints in deltachat-deltachat_android-1.0.0
	AndroidXNonNull condition: "" , add info: -
constraints in deltachat-deltachat_android-2.0.0

CANNOT_BE_CLASSIFIED
version 1: deltachat-deltachat_android-1.0.0
version 2: deltachat-deltachat_android-2.0.0
compilation unit: 0116-deltachat-deltachat_android-None/src/org/thoughtcrime/securesms/service/DirectShareService.java
method: -
constraints in deltachat-deltachat_android-1.0.0
	AndroidXRequiresApi condition: "[api = Build.VERSION_CODES.M]" , add info: -
constraints in deltachat-deltachat_android-2.0.0

CANNOT_BE_CLASSIFIED
version 1: deltachat-deltachat_android-1.0.0
version 2: deltachat-deltachat_android-2.0.0
compilation unit: 0116-deltachat-deltachat_android-None/src/org/thoughtcrime/securesms/service/GenericForegroundService.java
method: -
constraints in deltachat-deltachat_android-1.0.0
	AndroidXNullable condition: "" , add info: -
constraints in deltachat-deltachat_android-2.0.0

CANNOT_BE_CLASSIFIED
version 1: deltachat-deltachat_android-1.0.0
version 2: deltachat-deltachat_android-2.0.0
compilation unit: 0116-deltachat-deltachat_android-None/src/org/thoughtcrime/securesms/service/GenericForegroundService.java
method: isForegroundTaskStarted()
constraints in deltachat-deltachat_android-1.0.0
	AndroidXNonNull condition: "" , add info: -
	AndroidXNonNull condition: "" , add info: -
	AndroidXNonNull condition: "" , add info: -
	AndroidXDrawableRes condition: "" , add info: -
constraints in deltachat-deltachat_android-2.0.0

CANNOT_BE_CLASSIFIED
version 1: deltachat-deltachat_android-1.0.0
version 2: deltachat-deltachat_android-2.0.0
compilation unit: 0116-deltachat-deltachat_android-None/src/org/thoughtcrime/securesms/service/NotificationController.java
method: -
constraints in deltachat-deltachat_android-1.0.0
	AndroidXNonNull condition: "" , add info: -
constraints in deltachat-deltachat_android-2.0.0

CANNOT_BE_CLASSIFIED
version 1: deltachat-deltachat_android-1.0.0
version 2: deltachat-deltachat_android-2.0.0
compilation unit: 0116-deltachat-deltachat_android-None/src/org/thoughtcrime/securesms/TransportOption.java
method: -
constraints in deltachat-deltachat_android-1.0.0
	AndroidXNonNull condition: "" , add info: -
	AndroidXNonNull condition: "" , add info: -
	AndroidXNonNull condition: "" , add info: -
constraints in deltachat-deltachat_android-2.0.0

CANNOT_BE_CLASSIFIED
version 1: deltachat-deltachat_android-1.0.0
version 2: deltachat-deltachat_android-2.0.0
compilation unit: 0116-deltachat-deltachat_android-None/src/org/thoughtcrime/securesms/util/ListenableFutureTask.java
method: -
constraints in deltachat-deltachat_android-1.0.0
	AndroidXNullable condition: "" , add info: -
	AndroidXNullable condition: "" , add info: -
constraints in deltachat-deltachat_android-2.0.0

CANNOT_BE_CLASSIFIED
version 1: deltachat-deltachat_android-1.0.0
version 2: deltachat-deltachat_android-2.0.0
compilation unit: 0116-deltachat-deltachat_android-None/src/org/thoughtcrime/securesms/util/LongClickCopySpan.java
method: -
constraints in deltachat-deltachat_android-1.0.0
	AndroidXColorInt condition: "" , add info: -
constraints in deltachat-deltachat_android-2.0.0

CANNOT_BE_CLASSIFIED
version 1: deltachat-deltachat_android-1.0.0
version 2: deltachat-deltachat_android-2.0.0
compilation unit: 0116-deltachat-deltachat_android-None/src/org/thoughtcrime/securesms/util/LongClickMovementMethod.java
method: -
constraints in deltachat-deltachat_android-1.0.0
	AndroidSuppressLint condition: ""StaticFieldLeak"" , add info: -
constraints in deltachat-deltachat_android-2.0.0

CANNOT_BE_CLASSIFIED
version 1: deltachat-deltachat_android-1.0.0
version 2: deltachat-deltachat_android-2.0.0
compilation unit: 0116-deltachat-deltachat_android-None/src/org/thoughtcrime/securesms/util/SelectedRecipientsAdapter.java
method: -
constraints in deltachat-deltachat_android-1.0.0
	AndroidXNonNull condition: "" , add info: -
	AndroidXNullable condition: "" , add info: -
	AndroidXNonNull condition: "" , add info: -
	AndroidXNonNull condition: "" , add info: -
constraints in deltachat-deltachat_android-2.0.0

CANNOT_BE_CLASSIFIED
version 1: deltachat-deltachat_android-1.0.0
version 2: deltachat-deltachat_android-2.0.0
compilation unit: 0116-deltachat-deltachat_android-None/src/org/thoughtcrime/securesms/util/task/SnackbarAsyncTask.java
method: -
constraints in deltachat-deltachat_android-1.0.0
	AndroidXNullable condition: "" , add info: -
	AndroidXNullable condition: "" , add info: -
constraints in deltachat-deltachat_android-2.0.0

CANNOT_BE_CLASSIFIED
version 1: deltachat-deltachat_android-1.0.0
version 2: deltachat-deltachat_android-2.0.0
compilation unit: 0116-deltachat-deltachat_android-None/src/org/thoughtcrime/securesms/video/recode/InputSurface.java
method: -
constraints in deltachat-deltachat_android-1.0.0
	AndroidTargetApi condition: "17" , add info: -
constraints in deltachat-deltachat_android-2.0.0

CANNOT_BE_CLASSIFIED
version 1: deltachat-deltachat_android-1.0.0
version 2: deltachat-deltachat_android-2.0.0
compilation unit: 0116-deltachat-deltachat_android-None/src/org/thoughtcrime/securesms/video/recode/MP4Builder.java
method: -
constraints in deltachat-deltachat_android-1.0.0
	AndroidTargetApi condition: "16" , add info: -
constraints in deltachat-deltachat_android-2.0.0

CANNOT_BE_CLASSIFIED
version 1: deltachat-deltachat_android-1.0.0
version 2: deltachat-deltachat_android-2.0.0
compilation unit: 0116-deltachat-deltachat_android-None/src/org/thoughtcrime/securesms/video/recode/Mp4Movie.java
method: -
constraints in deltachat-deltachat_android-1.0.0
	AndroidTargetApi condition: "16" , add info: -
constraints in deltachat-deltachat_android-2.0.0

CANNOT_BE_CLASSIFIED
version 1: deltachat-deltachat_android-1.0.0
version 2: deltachat-deltachat_android-2.0.0
compilation unit: 0116-deltachat-deltachat_android-None/src/org/thoughtcrime/securesms/video/recode/OutputSurface.java
method: -
constraints in deltachat-deltachat_android-1.0.0
	AndroidTargetApi condition: "16" , add info: -
constraints in deltachat-deltachat_android-2.0.0

CANNOT_BE_CLASSIFIED
version 1: deltachat-deltachat_android-1.0.0
version 2: deltachat-deltachat_android-2.0.0
compilation unit: 0116-deltachat-deltachat_android-None/src/org/thoughtcrime/securesms/video/recode/TextureRenderer.java
method: -
constraints in deltachat-deltachat_android-1.0.0
	AndroidTargetApi condition: "16" , add info: -
constraints in deltachat-deltachat_android-2.0.0

CANNOT_BE_CLASSIFIED
version 1: deltachat-deltachat_android-1.0.0
version 2: deltachat-deltachat_android-2.0.0
compilation unit: 0116-deltachat-deltachat_android-None/src/org/thoughtcrime/securesms/video/recode/Track.java
method: -
constraints in deltachat-deltachat_android-1.0.0
	AndroidTargetApi condition: "16" , add info: -
constraints in deltachat-deltachat_android-2.0.0

CANNOT_BE_CLASSIFIED
version 1: deltachat-deltachat_android-1.0.0
version 2: deltachat-deltachat_android-2.0.0
compilation unit: 0116-deltachat-deltachat_android-None/src/org/thoughtcrime/securesms/video/VideoPlayer.java
method: -
constraints in deltachat-deltachat_android-1.0.0
	AndroidXNullable condition: "" , add info: -
	AndroidXNullable condition: "" , add info: -
	AndroidXNullable condition: "" , add info: -
	AndroidXNullable condition: "" , add info: -
	AndroidXNullable condition: "" , add info: -
constraints in deltachat-deltachat_android-2.0.0

CANNOT_BE_CLASSIFIED
version 1: devgianlu-Aria2App-1.0.0
version 2: devgianlu-Aria2App-2.0.0
compilation unit: 0208-devgianlu-Aria2App-v5.3.0/app/src/main/java/com/gianlu/aria2app/Activities/MoreAboutDownload/Files/FilesAdapter.java
method: -
constraints in devgianlu-Aria2App-1.0.0
	AndroidXUiThread condition: "" , add info: -
constraints in devgianlu-Aria2App-2.0.0

CANNOT_BE_CLASSIFIED
version 1: devgianlu-Aria2App-1.0.0
version 2: devgianlu-Aria2App-2.0.0
compilation unit: 0208-devgianlu-Aria2App-v5.3.0/app/src/main/java/com/gianlu/aria2app/Activities/MoreAboutDownload/Peers/PeersAdapter.java
method: -
constraints in devgianlu-Aria2App-1.0.0
	AndroidXUiThread condition: "" , add info: -
constraints in devgianlu-Aria2App-2.0.0

CANNOT_BE_CLASSIFIED
version 1: devgianlu-Aria2App-1.0.0
version 2: devgianlu-Aria2App-2.0.0
compilation unit: 0208-devgianlu-Aria2App-v5.3.0/app/src/main/java/com/gianlu/aria2app/Activities/MoreAboutDownload/Servers/ServersAdapter.java
method: -
constraints in devgianlu-Aria2App-1.0.0
	AndroidXUiThread condition: "" , add info: -
constraints in devgianlu-Aria2App-2.0.0

CANNOT_BE_CLASSIFIED
version 1: devgianlu-Aria2App-1.0.0
version 2: devgianlu-Aria2App-2.0.0
compilation unit: 0208-devgianlu-Aria2App-v5.3.0/app/src/main/java/com/gianlu/aria2app/InAppAria2/Aria2ConfigProvider.java
method: -
constraints in devgianlu-Aria2App-1.0.0
	AndroidXKeep condition: "" , add info: -
constraints in devgianlu-Aria2App-2.0.0

CANNOT_BE_CLASSIFIED
version 1: devgianlu-Aria2App-1.0.0
version 2: devgianlu-Aria2App-2.0.0
compilation unit: 0208-devgianlu-Aria2App-v5.3.0/app/src/main/java/com/gianlu/aria2app/Main/FloatingActionsMenuBehavior.java
method: -
constraints in devgianlu-Aria2App-1.0.0
	AndroidXKeep condition: "" , add info: -
constraints in devgianlu-Aria2App-2.0.0

CANNOT_BE_CLASSIFIED
version 1: devgianlu-Aria2App-1.0.0
version 2: devgianlu-Aria2App-2.0.0
compilation unit: 0208-devgianlu-Aria2App-v5.3.0/app/src/main/java/com/gianlu/aria2app/NetIO/Downloader/FetchHelper.java
method: onDownloads(List<Download>)
constraints in devgianlu-Aria2App-1.0.0
	AndroidXUiThread condition: "" , add info: -
constraints in devgianlu-Aria2App-2.0.0

CANNOT_BE_CLASSIFIED
version 1: devgianlu-Aria2App-1.0.0
version 2: devgianlu-Aria2App-2.0.0
compilation unit: 0208-devgianlu-Aria2App-v5.3.0/app/src/main/java/com/gianlu/aria2app/NetIO/Downloader/FetchHelper.java
method: onFetchDownloadCount(int)
constraints in devgianlu-Aria2App-1.0.0
	AndroidXUiThread condition: "" , add info: -
constraints in devgianlu-Aria2App-2.0.0

CANNOT_BE_CLASSIFIED
version 1: devgianlu-Aria2App-1.0.0
version 2: devgianlu-Aria2App-2.0.0
compilation unit: 0208-devgianlu-Aria2App-v5.3.0/app/src/main/java/com/gianlu/aria2app/NetIO/OnConnect.java
method: -
constraints in devgianlu-Aria2App-1.0.0
	AndroidXUiThread condition: "" , add info: -
constraints in devgianlu-Aria2App-2.0.0

CANNOT_BE_CLASSIFIED
version 1: devgianlu-Aria2App-1.0.0
version 2: devgianlu-Aria2App-2.0.0
compilation unit: 0208-devgianlu-Aria2App-v5.3.0/app/src/main/java/com/gianlu/aria2app/NetIO/Search/SearchApi.java
method: cacheSearchEngines()
constraints in devgianlu-Aria2App-1.0.0
	AndroidXUiThread condition: "" , add info: -
constraints in devgianlu-Aria2App-2.0.0

CANNOT_BE_CLASSIFIED
version 1: devgianlu-Aria2App-1.0.0
version 2: devgianlu-Aria2App-2.0.0
compilation unit: 0208-devgianlu-Aria2App-v5.3.0/app/src/main/java/com/gianlu/aria2app/NetIO/WebSocketClient.java
method: batch(BatchSandbox<R>,
constraints in devgianlu-Aria2App-1.0.0
	AndroidXWorkerThread condition: "" , add info: -
constraints in devgianlu-Aria2App-2.0.0

CANNOT_BE_CLASSIFIED
version 1: devgianlu-Aria2App-1.0.0
version 2: devgianlu-Aria2App-2.0.0
compilation unit: 0208-devgianlu-Aria2App-v5.3.0/app/src/main/java/com/gianlu/aria2app/ProfilesManager/ChooserTargetsCache.java
method: -
constraints in devgianlu-Aria2App-1.0.0
	AndroidXRequiresApi condition: "[api = Build.VERSION_CODES.M]" , add info: -
constraints in devgianlu-Aria2App-2.0.0

CANNOT_BE_CLASSIFIED
version 1: devgianlu-Aria2App-1.0.0
version 2: devgianlu-Aria2App-2.0.0
compilation unit: 0208-devgianlu-Aria2App-v5.3.0/app/src/main/java/com/gianlu/aria2app/Services/ProfileChooserService.java
method: -
constraints in devgianlu-Aria2App-1.0.0
	AndroidXRequiresApi condition: "[api = Build.VERSION_CODES.M]" , add info: -
constraints in devgianlu-Aria2App-2.0.0

CANNOT_BE_CLASSIFIED
version 1: devgianlu-Aria2App-1.0.0
version 2: devgianlu-Aria2App-2.0.0
compilation unit: 0208-devgianlu-Aria2App-v5.3.0/app/src/main/java/com/gianlu/aria2app/Tutorial/DownloadCardsTutorial.java
method: DownloadCardsTutorial()
constraints in devgianlu-Aria2App-1.0.0
	AndroidXKeep condition: "" , add info: -
constraints in devgianlu-Aria2App-2.0.0

CANNOT_BE_CLASSIFIED
version 1: devgianlu-Aria2App-1.0.0
version 2: devgianlu-Aria2App-2.0.0
compilation unit: 0208-devgianlu-Aria2App-v5.3.0/app/src/main/java/com/gianlu/aria2app/Tutorial/DownloadsToolbarTutorial.java
method: DownloadsToolbarTutorial()
constraints in devgianlu-Aria2App-1.0.0
	AndroidXKeep condition: "" , add info: -
constraints in devgianlu-Aria2App-2.0.0

CANNOT_BE_CLASSIFIED
version 1: devgianlu-Aria2App-1.0.0
version 2: devgianlu-Aria2App-2.0.0
compilation unit: 0208-devgianlu-Aria2App-v5.3.0/app/src/main/java/com/gianlu/aria2app/Tutorial/FilesTutorial.java
method: FilesTutorial()
constraints in devgianlu-Aria2App-1.0.0
	AndroidXKeep condition: "" , add info: -
constraints in devgianlu-Aria2App-2.0.0

CANNOT_BE_CLASSIFIED
version 1: devgianlu-Aria2App-1.0.0
version 2: devgianlu-Aria2App-2.0.0
compilation unit: 0208-devgianlu-Aria2App-v5.3.0/app/src/main/java/com/gianlu/aria2app/Tutorial/FoldersTutorial.java
method: FoldersTutorial()
constraints in devgianlu-Aria2App-1.0.0
	AndroidXKeep condition: "" , add info: -
constraints in devgianlu-Aria2App-2.0.0

CANNOT_BE_CLASSIFIED
version 1: devgianlu-Aria2App-1.0.0
version 2: devgianlu-Aria2App-2.0.0
compilation unit: 0208-devgianlu-Aria2App-v5.3.0/app/src/main/java/com/gianlu/aria2app/Tutorial/PeersServersTutorial.java
method: PeersServersTutorial()
constraints in devgianlu-Aria2App-1.0.0
	AndroidXKeep condition: "" , add info: -
constraints in devgianlu-Aria2App-2.0.0

CANNOT_BE_CLASSIFIED
version 1: devgianlu-PretendYoureXyzzyAndroid-1.0.0
version 2: devgianlu-PretendYoureXyzzyAndroid-2.0.0
compilation unit: 0032-devgianlu-PretendYoureXyzzyAndroid-v3.2.0/app/src/main/java/com/gianlu/pretendyourexyzzy/cards/PyxCardsGroupView.java
method: -
constraints in devgianlu-PretendYoureXyzzyAndroid-1.0.0
	AndroidSuppressLint condition: ""ViewConstructor"" , add info: -
constraints in devgianlu-PretendYoureXyzzyAndroid-2.0.0

CANNOT_BE_CLASSIFIED
version 1: devgianlu-PretendYoureXyzzyAndroid-1.0.0
version 2: devgianlu-PretendYoureXyzzyAndroid-2.0.0
compilation unit: 0032-devgianlu-PretendYoureXyzzyAndroid-v3.2.0/app/src/main/java/com/gianlu/pretendyourexyzzy/main/FloatingActionButtonBehavior.java
method: -
constraints in devgianlu-PretendYoureXyzzyAndroid-1.0.0
	AndroidXKeep condition: "" , add info: -
constraints in devgianlu-PretendYoureXyzzyAndroid-2.0.0

CANNOT_BE_CLASSIFIED
version 1: devgianlu-PretendYoureXyzzyAndroid-1.0.0
version 2: devgianlu-PretendYoureXyzzyAndroid-2.0.0
compilation unit: 0032-devgianlu-PretendYoureXyzzyAndroid-v3.2.0/app/src/main/java/com/gianlu/pretendyourexyzzy/main/FloatingActionsMenuBehavior.java
method: -
constraints in devgianlu-PretendYoureXyzzyAndroid-1.0.0
	AndroidXKeep condition: "" , add info: -
constraints in devgianlu-PretendYoureXyzzyAndroid-2.0.0

CANNOT_BE_CLASSIFIED
version 1: devgianlu-PretendYoureXyzzyAndroid-1.0.0
version 2: devgianlu-PretendYoureXyzzyAndroid-2.0.0
compilation unit: 0032-devgianlu-PretendYoureXyzzyAndroid-v3.2.0/app/src/main/java/com/gianlu/pretendyourexyzzy/main/ongoinggame/GameLayout.java
method: -
constraints in devgianlu-PretendYoureXyzzyAndroid-1.0.0
	AndroidXUiThread condition: "" , add info: -
constraints in devgianlu-PretendYoureXyzzyAndroid-2.0.0

CANNOT_BE_CLASSIFIED
version 1: devgianlu-PretendYoureXyzzyAndroid-1.0.0
version 2: devgianlu-PretendYoureXyzzyAndroid-2.0.0
compilation unit: 0032-devgianlu-PretendYoureXyzzyAndroid-v3.2.0/app/src/main/java/com/gianlu/pretendyourexyzzy/main/ongoinggame/SensitiveGameData.java
method: playerIsSpectator()
constraints in devgianlu-PretendYoureXyzzyAndroid-1.0.0
	AndroidXUiThread condition: "" , add info: -
constraints in devgianlu-PretendYoureXyzzyAndroid-2.0.0

CANNOT_BE_CLASSIFIED
version 1: devgianlu-PretendYoureXyzzyAndroid-1.0.0
version 2: devgianlu-PretendYoureXyzzyAndroid-2.0.0
compilation unit: 0032-devgianlu-PretendYoureXyzzyAndroid-v3.2.0/app/src/main/java/com/gianlu/pretendyourexyzzy/tutorial/CreateGameTutorial.java
method: CreateGameTutorial()
constraints in devgianlu-PretendYoureXyzzyAndroid-1.0.0
	AndroidXKeep condition: "" , add info: -
constraints in devgianlu-PretendYoureXyzzyAndroid-2.0.0

CANNOT_BE_CLASSIFIED
version 1: devgianlu-PretendYoureXyzzyAndroid-1.0.0
version 2: devgianlu-PretendYoureXyzzyAndroid-2.0.0
compilation unit: 0032-devgianlu-PretendYoureXyzzyAndroid-v3.2.0/app/src/main/java/com/gianlu/pretendyourexyzzy/tutorial/GamesTutorial.java
method: GamesTutorial()
constraints in devgianlu-PretendYoureXyzzyAndroid-1.0.0
	AndroidXKeep condition: "" , add info: -
constraints in devgianlu-PretendYoureXyzzyAndroid-2.0.0

CANNOT_BE_CLASSIFIED
version 1: devgianlu-PretendYoureXyzzyAndroid-1.0.0
version 2: devgianlu-PretendYoureXyzzyAndroid-2.0.0
compilation unit: 0032-devgianlu-PretendYoureXyzzyAndroid-v3.2.0/app/src/main/java/com/gianlu/pretendyourexyzzy/tutorial/HowToPlayTutorial.java
method: HowToPlayTutorial()
constraints in devgianlu-PretendYoureXyzzyAndroid-1.0.0
	AndroidXKeep condition: "" , add info: -
constraints in devgianlu-PretendYoureXyzzyAndroid-2.0.0

CANNOT_BE_CLASSIFIED
version 1: devgianlu-PretendYoureXyzzyAndroid-1.0.0
version 2: devgianlu-PretendYoureXyzzyAndroid-2.0.0
compilation unit: 0032-devgianlu-PretendYoureXyzzyAndroid-v3.2.0/app/src/main/java/com/gianlu/pretendyourexyzzy/tutorial/LoginTutorial.java
method: LoginTutorial()
constraints in devgianlu-PretendYoureXyzzyAndroid-1.0.0
	AndroidXKeep condition: "" , add info: -
constraints in devgianlu-PretendYoureXyzzyAndroid-2.0.0

CANNOT_BE_CLASSIFIED
version 1: dkanada-gelli-1.0.0
version 2: dkanada-gelli-2.0.0
compilation unit: 0048-dkanada-gelli-v1.0.0/app/src/main/java/com/dkanada/gramophone/adapter/base/MediaEntryViewHolder.java
method: -
constraints in dkanada-gelli-1.0.0
	AndroidXNullable condition: "" , add info: -
	AndroidXNullable condition: "" , add info: -
	AndroidXNullable condition: "" , add info: -
	AndroidXNullable condition: "" , add info: -
	AndroidXNullable condition: "" , add info: -
	AndroidXNullable condition: "" , add info: -
	AndroidXNullable condition: "" , add info: -
	AndroidXNullable condition: "" , add info: -
	AndroidXNullable condition: "" , add info: -
constraints in dkanada-gelli-2.0.0

CANNOT_BE_CLASSIFIED
version 1: dkanada-gelli-1.0.0
version 2: dkanada-gelli-2.0.0
compilation unit: 0048-dkanada-gelli-v1.0.0/app/src/main/java/com/dkanada/gramophone/adapter/MusicLibraryPagerAdapter.java
method: -
constraints in dkanada-gelli-1.0.0
	AndroidXNonNull condition: "" , add info: -
constraints in dkanada-gelli-2.0.0

CANNOT_BE_CLASSIFIED
version 1: dkanada-gelli-1.0.0
version 2: dkanada-gelli-2.0.0
compilation unit: 0048-dkanada-gelli-v1.0.0/app/src/main/java/com/dkanada/gramophone/adapter/song/ArtistSongAdapter.java
method: -
constraints in dkanada-gelli-1.0.0
	AndroidXNullable condition: "" , add info: -
	AndroidXNonNull condition: "" , add info: -
constraints in dkanada-gelli-2.0.0

CANNOT_BE_CLASSIFIED
version 1: dkanada-gelli-1.0.0
version 2: dkanada-gelli-2.0.0
compilation unit: 0048-dkanada-gelli-v1.0.0/app/src/main/java/com/dkanada/gramophone/provider/QueueStore.java
method: -
constraints in dkanada-gelli-1.0.0
	AndroidXNullable condition: "" , add info: -
constraints in dkanada-gelli-2.0.0

CANNOT_BE_CLASSIFIED
version 1: dkanada-gelli-1.0.0
version 2: dkanada-gelli-2.0.0
compilation unit: 0048-dkanada-gelli-v1.0.0/app/src/main/java/com/dkanada/gramophone/service/MediaButtonIntentReceiver.java
method: -
constraints in dkanada-gelli-1.0.0
	AndroidSuppressLint condition: ""HandlerLeak"" , add info: -
constraints in dkanada-gelli-2.0.0

CANNOT_BE_CLASSIFIED
version 1: dkanada-gelli-1.0.0
version 2: dkanada-gelli-2.0.0
compilation unit: 0048-dkanada-gelli-v1.0.0/app/src/main/java/com/dkanada/gramophone/service/MusicService.java
method: onBind(Intent)
constraints in dkanada-gelli-1.0.0
	AndroidXNonNull condition: "" , add info: -
constraints in dkanada-gelli-2.0.0

CANNOT_BE_CLASSIFIED
version 1: dkanada-gelli-1.0.0
version 2: dkanada-gelli-2.0.0
compilation unit: 0048-dkanada-gelli-v1.0.0/app/src/main/java/com/dkanada/gramophone/service/MusicService.java
method: onTrackEnded()
constraints in dkanada-gelli-1.0.0
	AndroidXNonNull condition: "" , add info: -
constraints in dkanada-gelli-2.0.0

CANNOT_BE_CLASSIFIED
version 1: dkanada-gelli-1.0.0
version 2: dkanada-gelli-2.0.0
compilation unit: 0048-dkanada-gelli-v1.0.0/app/src/main/java/com/dkanada/gramophone/shortcuts/AppShortcutIconGenerator.java
method: -
constraints in dkanada-gelli-1.0.0
	AndroidXRequiresApi condition: "Build.VERSION_CODES.N_MR1" , add info: -
constraints in dkanada-gelli-2.0.0

CANNOT_BE_CLASSIFIED
version 1: dkanada-gelli-1.0.0
version 2: dkanada-gelli-2.0.0
compilation unit: 0048-dkanada-gelli-v1.0.0/app/src/main/java/com/dkanada/gramophone/shortcuts/DynamicShortcutManager.java
method: -
constraints in dkanada-gelli-1.0.0
	AndroidTargetApi condition: "Build.VERSION_CODES.N_MR1" , add info: -
constraints in dkanada-gelli-2.0.0

CANNOT_BE_CLASSIFIED
version 1: dkanada-gelli-1.0.0
version 2: dkanada-gelli-2.0.0
compilation unit: 0048-dkanada-gelli-v1.0.0/app/src/main/java/com/dkanada/gramophone/shortcuts/shortcuttype/BaseShortcutType.java
method: -
constraints in dkanada-gelli-1.0.0
	AndroidTargetApi condition: "Build.VERSION_CODES.N_MR1" , add info: -
constraints in dkanada-gelli-2.0.0

CANNOT_BE_CLASSIFIED
version 1: dkanada-gelli-1.0.0
version 2: dkanada-gelli-2.0.0
compilation unit: 0048-dkanada-gelli-v1.0.0/app/src/main/java/com/dkanada/gramophone/shortcuts/shortcuttype/FrequentShortcutType.java
method: -
constraints in dkanada-gelli-1.0.0
	AndroidTargetApi condition: "Build.VERSION_CODES.N_MR1" , add info: -
constraints in dkanada-gelli-2.0.0

CANNOT_BE_CLASSIFIED
version 1: dkanada-gelli-1.0.0
version 2: dkanada-gelli-2.0.0
compilation unit: 0048-dkanada-gelli-v1.0.0/app/src/main/java/com/dkanada/gramophone/shortcuts/shortcuttype/LatestShortcutType.java
method: -
constraints in dkanada-gelli-1.0.0
	AndroidTargetApi condition: "Build.VERSION_CODES.N_MR1" , add info: -
constraints in dkanada-gelli-2.0.0

CANNOT_BE_CLASSIFIED
version 1: dkanada-gelli-1.0.0
version 2: dkanada-gelli-2.0.0
compilation unit: 0048-dkanada-gelli-v1.0.0/app/src/main/java/com/dkanada/gramophone/shortcuts/shortcuttype/ShuffleShortcutType.java
method: -
constraints in dkanada-gelli-1.0.0
	AndroidTargetApi condition: "Build.VERSION_CODES.N_MR1" , add info: -
constraints in dkanada-gelli-2.0.0

CANNOT_BE_CLASSIFIED
version 1: dkanada-gelli-1.0.0
version 2: dkanada-gelli-2.0.0
compilation unit: 0048-dkanada-gelli-v1.0.0/app/src/main/java/com/dkanada/gramophone/ui/activities/MainActivity.java
method: createContentView()
constraints in dkanada-gelli-1.0.0
	AndroidSuppressLint condition: ""InflateParams"" , add info: -
constraints in dkanada-gelli-2.0.0

CANNOT_BE_CLASSIFIED
version 1: dkanada-gelli-1.0.0
version 2: dkanada-gelli-2.0.0
compilation unit: 0048-dkanada-gelli-v1.0.0/app/src/main/java/com/dkanada/gramophone/ui/activities/MainActivity.java
method: -
constraints in dkanada-gelli-1.0.0
	AndroidXNullable condition: "" , add info: -
	AndroidXNullable condition: "" , add info: -
	AndroidXNullable condition: "" , add info: -
constraints in dkanada-gelli-2.0.0

CANNOT_BE_CLASSIFIED
version 1: dkanada-gelli-1.0.0
version 2: dkanada-gelli-2.0.0
compilation unit: 0048-dkanada-gelli-v1.0.0/app/src/main/java/com/dkanada/gramophone/ui/activities/PlaylistDetailActivity.java
method: -
constraints in dkanada-gelli-1.0.0
	AndroidXNonNull condition: "" , add info: -
constraints in dkanada-gelli-2.0.0

CANNOT_BE_CLASSIFIED
version 1: dkanada-gelli-1.0.0
version 2: dkanada-gelli-2.0.0
compilation unit: 0048-dkanada-gelli-v1.0.0/app/src/main/java/com/dkanada/gramophone/ui/fragments/player/card/CardPlayerFragment.java
method: -
constraints in dkanada-gelli-1.0.0
	AndroidXNullable condition: "" , add info: -
constraints in dkanada-gelli-2.0.0

CANNOT_BE_CLASSIFIED
version 1: dkanada-gelli-1.0.0
version 2: dkanada-gelli-2.0.0
compilation unit: 0048-dkanada-gelli-v1.0.0/app/src/main/java/com/dkanada/gramophone/ui/fragments/player/NowPlayingScreen.java
method: -
constraints in dkanada-gelli-1.0.0
	AndroidXStringRes condition: "" , add info: -
	AndroidXDrawableRes condition: "" , add info: -
constraints in dkanada-gelli-2.0.0

CANNOT_BE_CLASSIFIED
version 1: dkanada-gelli-1.0.0
version 2: dkanada-gelli-2.0.0
compilation unit: 0048-dkanada-gelli-v1.0.0/app/src/main/java/com/dkanada/gramophone/views/HeightFitSquareLayout.java
method: HeightFitSquareLayout(Context, AttributeSet, int, int)
constraints in dkanada-gelli-1.0.0
	AndroidTargetApi condition: "Build.VERSION_CODES.LOLLIPOP" , add info: -
constraints in dkanada-gelli-2.0.0

CANNOT_BE_CLASSIFIED
version 1: dkanada-gelli-1.0.0
version 2: dkanada-gelli-2.0.0
compilation unit: 0048-dkanada-gelli-v1.0.0/app/src/main/java/com/dkanada/gramophone/views/WidthFitSquareLayout.java
method: WidthFitSquareLayout(Context, AttributeSet, int, int)
constraints in dkanada-gelli-1.0.0
	AndroidTargetApi condition: "Build.VERSION_CODES.LOLLIPOP" , add info: -
constraints in dkanada-gelli-2.0.0

CANNOT_BE_CLASSIFIED
version 1: dslul-openboard-1.0.0
version 2: dslul-openboard-2.0.0
compilation unit: 0318-dslul-openboard-v1.0/app/src/main/java/org/dslul/openboard/inputmethod/compat/UserManagerCompatUtils.java
method: -
constraints in dslul-openboard-1.0.0
	AndroidXIntDef condition: "{ LOCK_STATE_UNKNOWN, LOCK_STATE_UNLOCKED, LOCK_STATE_LOCKED }" , add info: -
constraints in dslul-openboard-2.0.0

CANNOT_BE_CLASSIFIED
version 1: dslul-openboard-1.0.0
version 2: dslul-openboard-2.0.0
compilation unit: 0318-dslul-openboard-v1.0/app/src/main/java/org/dslul/openboard/inputmethod/compat/ViewOutlineProviderCompatUtilsLXX.java
method: -
constraints in dslul-openboard-1.0.0
	AndroidTargetApi condition: "Build.VERSION_CODES.LOLLIPOP" , add info: -
constraints in dslul-openboard-2.0.0

CANNOT_BE_CLASSIFIED
version 1: dslul-openboard-1.0.0
version 2: dslul-openboard-2.0.0
compilation unit: 0318-dslul-openboard-v1.0/app/src/main/java/org/dslul/openboard/inputmethod/keyboard/internal/KeyboardBuilder.java
method: -
constraints in dslul-openboard-1.0.0
	JSR305Nonnull condition: "" , add info: -
constraints in dslul-openboard-2.0.0

CANNOT_BE_CLASSIFIED
version 1: dslul-openboard-1.0.0
version 2: dslul-openboard-2.0.0
compilation unit: 0318-dslul-openboard-v1.0/app/src/main/java/org/dslul/openboard/inputmethod/keyboard/internal/KeyboardParams.java
method: -
constraints in dslul-openboard-1.0.0
	JSR305Nullable condition: "" , add info: -
	JSR305Nonnull condition: "" , add info: -
	JSR305Nonnull condition: "" , add info: -
	JSR305Nonnull condition: "" , add info: -
	JSR305Nonnull condition: "" , add info: -
	JSR305Nonnull condition: "" , add info: -
	JSR305Nonnull condition: "" , add info: -
	JSR305Nonnull condition: "" , add info: -
	JSR305Nonnull condition: "" , add info: -
constraints in dslul-openboard-2.0.0

CANNOT_BE_CLASSIFIED
version 1: dslul-openboard-1.0.0
version 2: dslul-openboard-2.0.0
compilation unit: 0318-dslul-openboard-v1.0/app/src/main/java/org/dslul/openboard/inputmethod/keyboard/internal/KeyDrawParams.java
method: -
constraints in dslul-openboard-1.0.0
	JSR305Nonnull condition: "" , add info: -
constraints in dslul-openboard-2.0.0

CANNOT_BE_CLASSIFIED
version 1: dslul-openboard-1.0.0
version 2: dslul-openboard-2.0.0
compilation unit: 0318-dslul-openboard-v1.0/app/src/main/java/org/dslul/openboard/inputmethod/keyboard/internal/KeyStylesSet.java
method: -
constraints in dslul-openboard-1.0.0
	JSR305Nonnull condition: "" , add info: -
	JSR305Nonnull condition: "" , add info: -
	JSR305Nonnull condition: "" , add info: -
	JSR305Nonnull condition: "" , add info: -
constraints in dslul-openboard-2.0.0

CANNOT_BE_CLASSIFIED
version 1: dslul-openboard-1.0.0
version 2: dslul-openboard-2.0.0
compilation unit: 0318-dslul-openboard-v1.0/app/src/main/java/org/dslul/openboard/inputmethod/keyboard/internal/KeyVisualAttributes.java
method: -
constraints in dslul-openboard-1.0.0
	JSR305Nullable condition: "" , add info: -
constraints in dslul-openboard-2.0.0

CANNOT_BE_CLASSIFIED
version 1: dslul-openboard-1.0.0
version 2: dslul-openboard-2.0.0
compilation unit: 0318-dslul-openboard-v1.0/app/src/main/java/org/dslul/openboard/inputmethod/keyboard/internal/MoreKeySpec.java
method: -
constraints in dslul-openboard-1.0.0
	JSR305Nullable condition: "" , add info: -
	JSR305Nullable condition: "" , add info: -
constraints in dslul-openboard-2.0.0

CANNOT_BE_CLASSIFIED
version 1: dslul-openboard-1.0.0
version 2: dslul-openboard-2.0.0
compilation unit: 0318-dslul-openboard-v1.0/app/src/main/java/org/dslul/openboard/inputmethod/keyboard/Key.java
method: -
constraints in dslul-openboard-1.0.0
	JSR305Nonnull condition: "" , add info: -
	JSR305Nullable condition: "" , add info: -
	JSR305Nullable condition: "" , add info: -
	JSR305Nullable condition: "" , add info: -
constraints in dslul-openboard-2.0.0

CANNOT_BE_CLASSIFIED
version 1: dslul-openboard-1.0.0
version 2: dslul-openboard-2.0.0
compilation unit: 0318-dslul-openboard-v1.0/app/src/main/java/org/dslul/openboard/inputmethod/keyboard/Keyboard.java
method: -
constraints in dslul-openboard-1.0.0
	JSR305Nonnull condition: "" , add info: -
	JSR305Nonnull condition: "" , add info: -
	JSR305Nonnull condition: "" , add info: -
	JSR305Nonnull condition: "" , add info: -
	JSR305Nonnull condition: "" , add info: -
	JSR305Nonnull condition: "" , add info: -
	JSR305Nonnull condition: "" , add info: -
constraints in dslul-openboard-2.0.0

CANNOT_BE_CLASSIFIED
version 1: dslul-openboard-1.0.0
version 2: dslul-openboard-2.0.0
compilation unit: 0318-dslul-openboard-v1.0/app/src/main/java/org/dslul/openboard/inputmethod/keyboard/KeyboardLayoutSet.java
method: -
constraints in dslul-openboard-1.0.0
	JSR305Nonnull condition: "" , add info: -
	JSR305Nonnull condition: "" , add info: -
constraints in dslul-openboard-2.0.0

CANNOT_BE_CLASSIFIED
version 1: dslul-openboard-1.0.0
version 2: dslul-openboard-2.0.0
compilation unit: 0318-dslul-openboard-v1.0/app/src/main/java/org/dslul/openboard/inputmethod/keyboard/KeyboardView.java
method: -
constraints in dslul-openboard-1.0.0
	JSR305Nullable condition: "" , add info: -
	JSR305Nonnull condition: "" , add info: -
	JSR305Nonnull condition: "" , add info: -
	JSR305Nonnull condition: "" , add info: -
constraints in dslul-openboard-2.0.0

CANNOT_BE_CLASSIFIED
version 1: dslul-openboard-1.0.0
version 2: dslul-openboard-2.0.0
compilation unit: 0318-dslul-openboard-v1.0/app/src/main/java/org/dslul/openboard/inputmethod/keyboard/PointerTracker.java
method: PointerTrackerParams(TypedArray)
constraints in dslul-openboard-1.0.0
	JSR305Nonnull condition: "" , add info: -
constraints in dslul-openboard-2.0.0

CANNOT_BE_CLASSIFIED
version 1: dslul-openboard-1.0.0
version 2: dslul-openboard-2.0.0
compilation unit: 0318-dslul-openboard-v1.0/app/src/main/java/org/dslul/openboard/inputmethod/keyboard/ProximityInfo.java
method: -
constraints in dslul-openboard-1.0.0
	JSR305Nonnull condition: "" , add info: -
	JSR305Nonnull condition: "" , add info: -
	JSR305Nonnull condition: "" , add info: -
constraints in dslul-openboard-2.0.0

CANNOT_BE_CLASSIFIED
version 1: dslul-openboard-1.0.0
version 2: dslul-openboard-2.0.0
compilation unit: 0318-dslul-openboard-v1.0/app/src/main/java/org/dslul/openboard/inputmethod/latin/common/ComposedData.java
method: -
constraints in dslul-openboard-1.0.0
	JSR305Nonnull condition: "" , add info: -
	JSR305Nonnull condition: "" , add info: -
constraints in dslul-openboard-2.0.0

CANNOT_BE_CLASSIFIED
version 1: dslul-openboard-1.0.0
version 2: dslul-openboard-2.0.0
compilation unit: 0318-dslul-openboard-v1.0/app/src/main/java/org/dslul/openboard/inputmethod/latin/common/ResizableIntArray.java
method: -
constraints in dslul-openboard-1.0.0
	JSR305Nonnull condition: "" , add info: -
constraints in dslul-openboard-2.0.0

CANNOT_BE_CLASSIFIED
version 1: dslul-openboard-1.0.0
version 2: dslul-openboard-2.0.0
compilation unit: 0318-dslul-openboard-v1.0/app/src/main/java/org/dslul/openboard/inputmethod/latin/common/StringUtils.java
method: -
constraints in dslul-openboard-1.0.0
	JSR305Nonnull condition: "" , add info: -
constraints in dslul-openboard-2.0.0

CANNOT_BE_CLASSIFIED
version 1: dslul-openboard-1.0.0
version 2: dslul-openboard-2.0.0
compilation unit: 0318-dslul-openboard-v1.0/app/src/main/java/org/dslul/openboard/inputmethod/latin/makedict/DictionaryHeader.java
method: -
constraints in dslul-openboard-1.0.0
	JSR305Nonnull condition: "" , add info: -
	JSR305Nonnull condition: "" , add info: -
	JSR305Nonnull condition: "" , add info: -
	JSR305Nonnull condition: "" , add info: -
	JSR305Nonnull condition: "" , add info: -
constraints in dslul-openboard-2.0.0

CANNOT_BE_CLASSIFIED
version 1: dslul-openboard-1.0.0
version 2: dslul-openboard-2.0.0
compilation unit: 0318-dslul-openboard-v1.0/app/src/main/java/org/dslul/openboard/inputmethod/latin/NgramContext.java
method: -
constraints in dslul-openboard-1.0.0
	JSR305Nonnull condition: "" , add info: -
	JSR305Nonnull condition: "" , add info: -
constraints in dslul-openboard-2.0.0

CANNOT_BE_CLASSIFIED
version 1: dslul-openboard-1.0.0
version 2: dslul-openboard-2.0.0
compilation unit: 0318-dslul-openboard-v1.0/app/src/main/java/org/dslul/openboard/inputmethod/latin/NgramContext.java
method: getEmptyPrevWordsContext(int)
constraints in dslul-openboard-1.0.0
	JSR305Nonnull condition: "" , add info: -
	JSR305Nonnull condition: "" , add info: -
constraints in dslul-openboard-2.0.0

CANNOT_BE_CLASSIFIED
version 1: dslul-openboard-1.0.0
version 2: dslul-openboard-2.0.0
compilation unit: 0318-dslul-openboard-v1.0/app/src/main/java/org/dslul/openboard/inputmethod/latin/RichInputMethodSubtype.java
method: -
constraints in dslul-openboard-1.0.0
	JSR305Nonnull condition: "" , add info: -
	JSR305Nonnull condition: "" , add info: -
	JSR305Nonnull condition: "" , add info: -
constraints in dslul-openboard-2.0.0

CANNOT_BE_CLASSIFIED
version 1: dslul-openboard-1.0.0
version 2: dslul-openboard-2.0.0
compilation unit: 0318-dslul-openboard-v1.0/app/src/main/java/org/dslul/openboard/inputmethod/latin/settings/SettingsValues.java
method: -
constraints in dslul-openboard-1.0.0
	JSR305Nonnull condition: "" , add info: -
	JSR305Nullable condition: "" , add info: -
constraints in dslul-openboard-2.0.0

CANNOT_BE_CLASSIFIED
version 1: dslul-openboard-1.0.0
version 2: dslul-openboard-2.0.0
compilation unit: 0318-dslul-openboard-v1.0/app/src/main/java/org/dslul/openboard/inputmethod/latin/SuggestedWords.java
method: -
constraints in dslul-openboard-1.0.0
	JSR305Nonnull condition: "" , add info: -
	JSR305Nullable condition: "" , add info: -
	JSR305Nonnull condition: "" , add info: -
	JSR305Nullable condition: "" , add info: -
constraints in dslul-openboard-2.0.0

CANNOT_BE_CLASSIFIED
version 1: dslul-openboard-1.0.0
version 2: dslul-openboard-2.0.0
compilation unit: 0318-dslul-openboard-v1.0/app/src/main/java/org/dslul/openboard/inputmethod/latin/utils/DictionaryInfoUtils.java
method: -
constraints in dslul-openboard-1.0.0
	JSR305Nonnull condition: "" , add info: -
	JSR305Nonnull condition: "" , add info: -
	JSR305Nullable condition: "" , add info: -
	JSR305Nullable condition: "" , add info: -
constraints in dslul-openboard-2.0.0

CANNOT_BE_CLASSIFIED
version 1: farmerbb-Taskbar-1.0.0
version 2: farmerbb-Taskbar-2.0.0
compilation unit: 0166-farmerbb-Taskbar-183/app/src/compat-26/java/com/farmerbb/taskbar/util/CompatUtils.java
method: -
constraints in farmerbb-Taskbar-1.0.0
	AndroidTargetApi condition: "Build.VERSION_CODES.O" , add info: -
constraints in farmerbb-Taskbar-2.0.0

CANNOT_BE_CLASSIFIED
version 1: farmerbb-Taskbar-1.0.0
version 2: farmerbb-Taskbar-2.0.0
compilation unit: 0166-farmerbb-Taskbar-183/app/src/compat-27/java/com/farmerbb/taskbar/util/CompatUtils.java
method: -
constraints in farmerbb-Taskbar-1.0.0
	AndroidTargetApi condition: "Build.VERSION_CODES.O" , add info: -
constraints in farmerbb-Taskbar-2.0.0

CANNOT_BE_CLASSIFIED
version 1: farmerbb-Taskbar-1.0.0
version 2: farmerbb-Taskbar-2.0.0
compilation unit: 0166-farmerbb-Taskbar-183/app/src/main/java/com/farmerbb/taskbar/activity/IconPackActivity.java
method: getView(int,
constraints in farmerbb-Taskbar-1.0.0
	JavaAssert condition: "entry != null" , add info: -
constraints in farmerbb-Taskbar-2.0.0

CANNOT_BE_CLASSIFIED
version 1: farmerbb-Taskbar-1.0.0
version 2: farmerbb-Taskbar-2.0.0
compilation unit: 0166-farmerbb-Taskbar-183/app/src/main/java/com/farmerbb/taskbar/adapter/StartMenuAdapter.java
method: getView(int,
constraints in farmerbb-Taskbar-1.0.0
	JavaAssert condition: "entry != null" , add info: -
constraints in farmerbb-Taskbar-2.0.0

CANNOT_BE_CLASSIFIED
version 1: farmerbb-Taskbar-1.0.0
version 2: farmerbb-Taskbar-2.0.0
compilation unit: 0166-farmerbb-Taskbar-183/app/src/main/java/com/farmerbb/taskbar/service/QuickSettingsTileService.java
method: -
constraints in farmerbb-Taskbar-1.0.0
	AndroidTargetApi condition: "Build.VERSION_CODES.N" , add info: -
constraints in farmerbb-Taskbar-2.0.0

CANNOT_BE_CLASSIFIED
version 1: farmerbb-Taskbar-1.0.0
version 2: farmerbb-Taskbar-2.0.0
compilation unit: 0166-farmerbb-Taskbar-183/app/src/playstore/java/com/farmerbb/taskbar/activity/IconPackApplyActivity.java
method: onCreate(Bundle)
constraints in farmerbb-Taskbar-1.0.0
	AndroidSuppressLint condition: ""InlinedApi"" , add info: -
constraints in farmerbb-Taskbar-2.0.0

CANNOT_BE_CLASSIFIED
version 1: federicoiosue-Omni_Notes-1.0.0
version 2: federicoiosue-Omni_Notes-2.0.0
compilation unit: 0342-federicoiosue-Omni_Notes-5.2.7/omniNotes/src/main/java/it/feio/android/omninotes/BaseActivity.java
method: -
constraints in federicoiosue-Omni_Notes-1.0.0
	AndroidSuppressLint condition: ""Registered"" , add info: -
constraints in federicoiosue-Omni_Notes-2.0.0

CANNOT_BE_CLASSIFIED
version 1: federicoiosue-Omni_Notes-1.0.0
version 2: federicoiosue-Omni_Notes-2.0.0
compilation unit: 0342-federicoiosue-Omni_Notes-5.2.7/omniNotes/src/main/java/it/feio/android/omninotes/CategoryActivity.java
method: save(Bitmap)
constraints in federicoiosue-Omni_Notes-1.0.0
	JavaAssert condition: "bitmap != null" , add info: -
constraints in federicoiosue-Omni_Notes-2.0.0

CANNOT_BE_CLASSIFIED
version 1: federicoiosue-Omni_Notes-1.0.0
version 2: federicoiosue-Omni_Notes-2.0.0
compilation unit: 0342-federicoiosue-Omni_Notes-5.2.7/omniNotes/src/main/java/it/feio/android/omninotes/DetailFragment.java
method: getCurrentNote()
constraints in federicoiosue-Omni_Notes-1.0.0
	AndroidSuppressLint condition: ""InlinedApi"" , add info: -
constraints in federicoiosue-Omni_Notes-2.0.0

CANNOT_BE_CLASSIFIED
version 1: federicoiosue-Omni_Notes-1.0.0
version 2: federicoiosue-Omni_Notes-2.0.0
compilation unit: 0342-federicoiosue-Omni_Notes-5.2.7/omniNotes/src/main/java/it/feio/android/omninotes/services/NotificationListener.java
method: -
constraints in federicoiosue-Omni_Notes-1.0.0
	AndroidTargetApi condition: "Build.VERSION_CODES.JELLY_BEAN_MR2" , add info: -
constraints in federicoiosue-Omni_Notes-2.0.0

CANNOT_BE_CLASSIFIED
version 1: federicoiosue-Omni_Notes-1.0.0
version 2: federicoiosue-Omni_Notes-2.0.0
compilation unit: 0342-federicoiosue-Omni_Notes-5.2.7/omniNotes/src/main/java/it/feio/android/omninotes/widget/ListRemoteViewsFactory.java
method: -
constraints in federicoiosue-Omni_Notes-1.0.0
	AndroidTargetApi condition: "Build.VERSION_CODES.HONEYCOMB" , add info: -
constraints in federicoiosue-Omni_Notes-2.0.0

CANNOT_BE_CLASSIFIED
version 1: federicoiosue-Omni_Notes-1.0.0
version 2: federicoiosue-Omni_Notes-2.0.0
compilation unit: 0342-federicoiosue-Omni_Notes-5.2.7/omniNotes/src/main/java/it/feio/android/omninotes/widget/ListWidgetProvider.java
method: -
constraints in federicoiosue-Omni_Notes-1.0.0
	AndroidTargetApi condition: "Build.VERSION_CODES.ICE_CREAM_SANDWICH" , add info: -
constraints in federicoiosue-Omni_Notes-2.0.0

CANNOT_BE_CLASSIFIED
version 1: federicoiosue-Omni_Notes-1.0.0
version 2: federicoiosue-Omni_Notes-2.0.0
compilation unit: 0342-federicoiosue-Omni_Notes-5.2.7/omniNotes/src/main/java/it/feio/android/omninotes/widget/ListWidgetService.java
method: -
constraints in federicoiosue-Omni_Notes-1.0.0
	AndroidTargetApi condition: "Build.VERSION_CODES.HONEYCOMB" , add info: -
constraints in federicoiosue-Omni_Notes-2.0.0

CANNOT_BE_CLASSIFIED
version 1: forrestguice-SuntimesCalendars-1.0.0
version 2: forrestguice-SuntimesCalendars-2.0.0
compilation unit: 0102-forrestguice-SuntimesCalendars-v0.1.0/app/src/main/java/com/forrestguice/suntimeswidget/calendar/SuntimesCalendarActivity.java
method: onRestoreInstanceState(Bundle)
constraints in forrestguice-SuntimesCalendars-1.0.0
	AndroidTargetApi condition: "Build.VERSION_CODES.HONEYCOMB" , add info: -
constraints in forrestguice-SuntimesCalendars-2.0.0

CANNOT_BE_CLASSIFIED
version 1: forrestguice-SuntimesCalendars-1.0.0
version 2: forrestguice-SuntimesCalendars-2.0.0
compilation unit: 0102-forrestguice-SuntimesCalendars-v0.1.0/app/src/main/java/com/forrestguice/suntimeswidget/calendar/SuntimesCalendarAdapter.java
method: -
constraints in forrestguice-SuntimesCalendars-1.0.0
	AndroidTargetApi condition: "14" , add info: -
constraints in forrestguice-SuntimesCalendars-2.0.0

CANNOT_BE_CLASSIFIED
version 1: forrestguice-SuntimesCalendars-1.0.0
version 2: forrestguice-SuntimesCalendars-2.0.0
compilation unit: 0102-forrestguice-SuntimesCalendars-v0.1.0/app/src/main/java/com/forrestguice/suntimeswidget/calendar/SuntimesCalendarSyncAdapter.java
method: -
constraints in forrestguice-SuntimesCalendars-1.0.0
	AndroidTargetApi condition: "Build.VERSION_CODES.HONEYCOMB" , add info: -
constraints in forrestguice-SuntimesCalendars-2.0.0

CANNOT_BE_CLASSIFIED
version 1: forrestguice-SuntimesWidget-1.0.0
version 2: forrestguice-SuntimesWidget-2.0.0
compilation unit: 0178-forrestguice-SuntimesWidget-v0.11.3/app/src/main/java/com/forrestguice/suntimeswidget/AboutDialog.java
method: onCreateDialog(Bundle)
constraints in forrestguice-SuntimesWidget-1.0.0
	AndroidSuppressLint condition: ""InflateParams"" , add info: -
constraints in forrestguice-SuntimesWidget-2.0.0

CANNOT_BE_CLASSIFIED
version 1: forrestguice-SuntimesWidget-1.0.0
version 2: forrestguice-SuntimesWidget-2.0.0
compilation unit: 0178-forrestguice-SuntimesWidget-v0.11.3/app/src/main/java/com/forrestguice/suntimeswidget/alarmclock/ui/AlarmLabelDialog.java
method: onCreateDialog(Bundle)
constraints in forrestguice-SuntimesWidget-1.0.0
	AndroidSuppressLint condition: ""InflateParams"" , add info: -
constraints in forrestguice-SuntimesWidget-2.0.0

CANNOT_BE_CLASSIFIED
version 1: forrestguice-SuntimesWidget-1.0.0
version 2: forrestguice-SuntimesWidget-2.0.0
compilation unit: 0178-forrestguice-SuntimesWidget-v0.11.3/app/src/main/java/com/forrestguice/suntimeswidget/alarmclock/ui/AlarmOffsetDialog.java
method: -
constraints in forrestguice-SuntimesWidget-1.0.0
	AndroidTargetApi condition: "11" , add info: -
constraints in forrestguice-SuntimesWidget-2.0.0

CANNOT_BE_CLASSIFIED
version 1: forrestguice-SuntimesWidget-1.0.0
version 2: forrestguice-SuntimesWidget-2.0.0
compilation unit: 0178-forrestguice-SuntimesWidget-v0.11.3/app/src/main/java/com/forrestguice/suntimeswidget/alarmclock/ui/AlarmOffsetDialog.java
method: onCreateDialog(Bundle)
constraints in forrestguice-SuntimesWidget-1.0.0
	AndroidSuppressLint condition: ""InflateParams"" , add info: -
constraints in forrestguice-SuntimesWidget-2.0.0

CANNOT_BE_CLASSIFIED
version 1: forrestguice-SuntimesWidget-1.0.0
version 2: forrestguice-SuntimesWidget-2.0.0
compilation unit: 0178-forrestguice-SuntimesWidget-v0.11.3/app/src/main/java/com/forrestguice/suntimeswidget/alarmclock/ui/AlarmRepeatDialog.java
method: onCreateDialog(Bundle)
constraints in forrestguice-SuntimesWidget-1.0.0
	AndroidSuppressLint condition: ""InflateParams"" , add info: -
constraints in forrestguice-SuntimesWidget-2.0.0

CANNOT_BE_CLASSIFIED
version 1: forrestguice-SuntimesWidget-1.0.0
version 2: forrestguice-SuntimesWidget-2.0.0
compilation unit: 0178-forrestguice-SuntimesWidget-v0.11.3/app/src/main/java/com/forrestguice/suntimeswidget/alarmclock/ui/AlarmTimeDialog.java
method: onCreateDialog(Bundle)
constraints in forrestguice-SuntimesWidget-1.0.0
	AndroidSuppressLint condition: ""InflateParams"" , add info: -
constraints in forrestguice-SuntimesWidget-2.0.0

CANNOT_BE_CLASSIFIED
version 1: forrestguice-SuntimesWidget-1.0.0
version 2: forrestguice-SuntimesWidget-2.0.0
compilation unit: 0178-forrestguice-SuntimesWidget-v0.11.3/app/src/main/java/com/forrestguice/suntimeswidget/AlarmDialog.java
method: onCreateDialog(Bundle)
constraints in forrestguice-SuntimesWidget-1.0.0
	AndroidSuppressLint condition: ""InflateParams"" , add info: -
constraints in forrestguice-SuntimesWidget-2.0.0

CANNOT_BE_CLASSIFIED
version 1: forrestguice-SuntimesWidget-1.0.0
version 2: forrestguice-SuntimesWidget-2.0.0
compilation unit: 0178-forrestguice-SuntimesWidget-v0.11.3/app/src/main/java/com/forrestguice/suntimeswidget/calculator/SuntimesCalculatorDescriptorListAdapter.java
method: SuntimesCalculatorDescriptorListAdapter(Context, int, int, SuntimesCalculatorDescriptor[])
constraints in forrestguice-SuntimesWidget-1.0.0
	AndroidSuppressLint condition: ""ResourceType"" , add info: -
constraints in forrestguice-SuntimesWidget-2.0.0

CANNOT_BE_CLASSIFIED
version 1: forrestguice-SuntimesWidget-1.0.0
version 2: forrestguice-SuntimesWidget-2.0.0
compilation unit: 0178-forrestguice-SuntimesWidget-v0.11.3/app/src/main/java/com/forrestguice/suntimeswidget/HelpDialog.java
method: onCreateDialog(Bundle)
constraints in forrestguice-SuntimesWidget-1.0.0
	AndroidSuppressLint condition: ""InflateParams"" , add info: -
constraints in forrestguice-SuntimesWidget-2.0.0

CANNOT_BE_CLASSIFIED
version 1: forrestguice-SuntimesWidget-1.0.0
version 2: forrestguice-SuntimesWidget-2.0.0
compilation unit: 0178-forrestguice-SuntimesWidget-v0.11.3/app/src/main/java/com/forrestguice/suntimeswidget/settings/EditTextPreference.java
method: EditTextPreference(Context, AttributeSet, int)
constraints in forrestguice-SuntimesWidget-1.0.0
	AndroidTargetApi condition: "21" , add info: -
constraints in forrestguice-SuntimesWidget-2.0.0

CANNOT_BE_CLASSIFIED
version 1: forrestguice-SuntimesWidget-1.0.0
version 2: forrestguice-SuntimesWidget-2.0.0
compilation unit: 0178-forrestguice-SuntimesWidget-v0.11.3/app/src/main/java/com/forrestguice/suntimeswidget/settings/EditTextPreference.java
method: EditTextPreference(Context, AttributeSet, int, int)
constraints in forrestguice-SuntimesWidget-1.0.0
	AndroidTargetApi condition: "21" , add info: -
constraints in forrestguice-SuntimesWidget-2.0.0

CANNOT_BE_CLASSIFIED
version 1: forrestguice-SuntimesWidget-1.0.0
version 2: forrestguice-SuntimesWidget-2.0.0
compilation unit: 0178-forrestguice-SuntimesWidget-v0.11.3/app/src/main/java/com/forrestguice/suntimeswidget/settings/LengthPreference.java
method: LengthPreference(Context, AttributeSet, int)
constraints in forrestguice-SuntimesWidget-1.0.0
	AndroidTargetApi condition: "21" , add info: -
constraints in forrestguice-SuntimesWidget-2.0.0

CANNOT_BE_CLASSIFIED
version 1: forrestguice-SuntimesWidget-1.0.0
version 2: forrestguice-SuntimesWidget-2.0.0
compilation unit: 0178-forrestguice-SuntimesWidget-v0.11.3/app/src/main/java/com/forrestguice/suntimeswidget/settings/LengthPreference.java
method: LengthPreference(Context, AttributeSet, int, int)
constraints in forrestguice-SuntimesWidget-1.0.0
	AndroidTargetApi condition: "21" , add info: -
constraints in forrestguice-SuntimesWidget-2.0.0

CANNOT_BE_CLASSIFIED
version 1: forrestguice-SuntimesWidget-1.0.0
version 2: forrestguice-SuntimesWidget-2.0.0
compilation unit: 0178-forrestguice-SuntimesWidget-v0.11.3/app/src/main/java/com/forrestguice/suntimeswidget/settings/ListPreference.java
method: ListPreference(Context, AttributeSet, int)
constraints in forrestguice-SuntimesWidget-1.0.0
	AndroidTargetApi condition: "21" , add info: -
constraints in forrestguice-SuntimesWidget-2.0.0

CANNOT_BE_CLASSIFIED
version 1: forrestguice-SuntimesWidget-1.0.0
version 2: forrestguice-SuntimesWidget-2.0.0
compilation unit: 0178-forrestguice-SuntimesWidget-v0.11.3/app/src/main/java/com/forrestguice/suntimeswidget/settings/ListPreference.java
method: ListPreference(Context, AttributeSet, int, int)
constraints in forrestguice-SuntimesWidget-1.0.0
	AndroidTargetApi condition: "21" , add info: -
constraints in forrestguice-SuntimesWidget-2.0.0

CANNOT_BE_CLASSIFIED
version 1: forrestguice-SuntimesWidget-1.0.0
version 2: forrestguice-SuntimesWidget-2.0.0
compilation unit: 0178-forrestguice-SuntimesWidget-v0.11.3/app/src/main/java/com/forrestguice/suntimeswidget/settings/MillisecondPickerPreference.java
method: -
constraints in forrestguice-SuntimesWidget-1.0.0
	AndroidTargetApi condition: "11" , add info: -
constraints in forrestguice-SuntimesWidget-2.0.0

CANNOT_BE_CLASSIFIED
version 1: forrestguice-SuntimesWidget-1.0.0
version 2: forrestguice-SuntimesWidget-2.0.0
compilation unit: 0178-forrestguice-SuntimesWidget-v0.11.3/app/src/main/java/com/forrestguice/suntimeswidget/settings/MillisecondPickerPreference.java
method: MillisecondPickerPreference(Context)
constraints in forrestguice-SuntimesWidget-1.0.0
	AndroidTargetApi condition: "21" , add info: -
constraints in forrestguice-SuntimesWidget-2.0.0

CANNOT_BE_CLASSIFIED
version 1: forrestguice-SuntimesWidget-1.0.0
version 2: forrestguice-SuntimesWidget-2.0.0
compilation unit: 0178-forrestguice-SuntimesWidget-v0.11.3/app/src/main/java/com/forrestguice/suntimeswidget/settings/MillisecondPickerPreference.java
method: MillisecondPickerPreference(Context, AttributeSet, int)
constraints in forrestguice-SuntimesWidget-1.0.0
	AndroidTargetApi condition: "21" , add info: -
constraints in forrestguice-SuntimesWidget-2.0.0

CANNOT_BE_CLASSIFIED
version 1: forrestguice-SuntimesWidget-1.0.0
version 2: forrestguice-SuntimesWidget-2.0.0
compilation unit: 0178-forrestguice-SuntimesWidget-v0.11.3/app/src/main/java/com/forrestguice/suntimeswidget/settings/MillisecondPickerPreference.java
method: MillisecondPickerPreference(Context, AttributeSet, int, int)
constraints in forrestguice-SuntimesWidget-1.0.0
	AndroidTargetApi condition: "21" , add info: -
constraints in forrestguice-SuntimesWidget-2.0.0

CANNOT_BE_CLASSIFIED
version 1: forrestguice-SuntimesWidget-1.0.0
version 2: forrestguice-SuntimesWidget-2.0.0
compilation unit: 0178-forrestguice-SuntimesWidget-v0.11.3/app/src/main/java/com/forrestguice/suntimeswidget/settings/SummaryListPreference.java
method: SummaryListPreference(Context, AttributeSet, int)
constraints in forrestguice-SuntimesWidget-1.0.0
	AndroidTargetApi condition: "21" , add info: -
constraints in forrestguice-SuntimesWidget-2.0.0

CANNOT_BE_CLASSIFIED
version 1: forrestguice-SuntimesWidget-1.0.0
version 2: forrestguice-SuntimesWidget-2.0.0
compilation unit: 0178-forrestguice-SuntimesWidget-v0.11.3/app/src/main/java/com/forrestguice/suntimeswidget/settings/SummaryListPreference.java
method: SummaryListPreference(Context, AttributeSet, int, int)
constraints in forrestguice-SuntimesWidget-1.0.0
	AndroidTargetApi condition: "21" , add info: -
constraints in forrestguice-SuntimesWidget-2.0.0

CANNOT_BE_CLASSIFIED
version 1: forrestguice-SuntimesWidget-1.0.0
version 2: forrestguice-SuntimesWidget-2.0.0
compilation unit: 0178-forrestguice-SuntimesWidget-v0.11.3/app/src/main/java/com/forrestguice/suntimeswidget/settings/ThemePreference.java
method: ThemePreference(Context, AttributeSet, int)
constraints in forrestguice-SuntimesWidget-1.0.0
	AndroidTargetApi condition: "21" , add info: -
constraints in forrestguice-SuntimesWidget-2.0.0

CANNOT_BE_CLASSIFIED
version 1: forrestguice-SuntimesWidget-1.0.0
version 2: forrestguice-SuntimesWidget-2.0.0
compilation unit: 0178-forrestguice-SuntimesWidget-v0.11.3/app/src/main/java/com/forrestguice/suntimeswidget/settings/ThemePreference.java
method: ThemePreference(Context, AttributeSet, int, int)
constraints in forrestguice-SuntimesWidget-1.0.0
	AndroidTargetApi condition: "21" , add info: -
constraints in forrestguice-SuntimesWidget-2.0.0

CANNOT_BE_CLASSIFIED
version 1: forrestguice-SuntimesWidget-1.0.0
version 2: forrestguice-SuntimesWidget-2.0.0
compilation unit: 0178-forrestguice-SuntimesWidget-v0.11.3/app/src/main/java/com/forrestguice/suntimeswidget/settings/WidgetTimezones.java
method: onActionItemClicked(int)
constraints in forrestguice-SuntimesWidget-1.0.0
	AndroidTargetApi condition: "11" , add info: -
constraints in forrestguice-SuntimesWidget-2.0.0

CANNOT_BE_CLASSIFIED
version 1: forrestguice-SuntimesWidget-1.0.0
version 2: forrestguice-SuntimesWidget-2.0.0
compilation unit: 0178-forrestguice-SuntimesWidget-v0.11.3/app/src/main/java/com/forrestguice/suntimeswidget/SuntimesSettingsActivity.java
method: rebuildActivity()
constraints in forrestguice-SuntimesWidget-1.0.0
	AndroidTargetApi condition: "Build.VERSION_CODES.HONEYCOMB" , add info: -
constraints in forrestguice-SuntimesWidget-2.0.0

CANNOT_BE_CLASSIFIED
version 1: forrestguice-SuntimesWidget-1.0.0
version 2: forrestguice-SuntimesWidget-2.0.0
compilation unit: 0178-forrestguice-SuntimesWidget-v0.11.3/app/src/main/java/com/forrestguice/suntimeswidget/SuntimesSettingsActivity.java
method: onAttach(Activity)
constraints in forrestguice-SuntimesWidget-1.0.0
	AndroidTargetApi condition: "Build.VERSION_CODES.HONEYCOMB" , add info: -
constraints in forrestguice-SuntimesWidget-2.0.0

CANNOT_BE_CLASSIFIED
version 1: forrestguice-SuntimesWidget-1.0.0
version 2: forrestguice-SuntimesWidget-2.0.0
compilation unit: 0178-forrestguice-SuntimesWidget-v0.11.3/app/src/main/java/com/forrestguice/suntimeswidget/SuntimesSettingsActivity.java
method: onPreferenceClick(Preference)
constraints in forrestguice-SuntimesWidget-1.0.0
	AndroidTargetApi condition: "Build.VERSION_CODES.HONEYCOMB" , add info: -
constraints in forrestguice-SuntimesWidget-2.0.0

CANNOT_BE_CLASSIFIED
version 1: forrestguice-SuntimesWidget-1.0.0
version 2: forrestguice-SuntimesWidget-2.0.0
compilation unit: 0178-forrestguice-SuntimesWidget-v0.11.3/app/src/main/java/com/forrestguice/suntimeswidget/SuntimesSettingsActivity.java
method: onCreate(Bundle)
constraints in forrestguice-SuntimesWidget-1.0.0
	AndroidTargetApi condition: "Build.VERSION_CODES.HONEYCOMB" , add info: -
	AndroidTargetApi condition: "Build.VERSION_CODES.HONEYCOMB" , add info: -
constraints in forrestguice-SuntimesWidget-2.0.0

CANNOT_BE_CLASSIFIED
version 1: forrestguice-SuntimesWidget-1.0.0
version 2: forrestguice-SuntimesWidget-2.0.0
compilation unit: 0178-forrestguice-SuntimesWidget-v0.11.3/app/src/main/java/com/forrestguice/suntimeswidget/SuntimesSettingsActivity.java
method: onFinished(Integer)
constraints in forrestguice-SuntimesWidget-1.0.0
	AndroidTargetApi condition: "Build.VERSION_CODES.HONEYCOMB" , add info: -
constraints in forrestguice-SuntimesWidget-2.0.0

CANNOT_BE_CLASSIFIED
version 1: forrestguice-SuntimesWidget-1.0.0
version 2: forrestguice-SuntimesWidget-2.0.0
compilation unit: 0178-forrestguice-SuntimesWidget-v0.11.3/app/src/main/java/com/forrestguice/suntimeswidget/SuntimesWidget1Service.java
method: -
constraints in forrestguice-SuntimesWidget-1.0.0
	AndroidTargetApi condition: "14" , add info: -
constraints in forrestguice-SuntimesWidget-2.0.0

CANNOT_BE_CLASSIFIED
version 1: forrestguice-SuntimesWidget-1.0.0
version 2: forrestguice-SuntimesWidget-2.0.0
compilation unit: 0178-forrestguice-SuntimesWidget-v0.11.3/app/src/main/java/com/forrestguice/suntimeswidget/SuntimesWidget1Service.java
method: onGetViewFactory(Intent)
constraints in forrestguice-SuntimesWidget-1.0.0
	AndroidTargetApi condition: "14" , add info: -
constraints in forrestguice-SuntimesWidget-2.0.0

CANNOT_BE_CLASSIFIED
version 1: forrestguice-SuntimesWidget-1.0.0
version 2: forrestguice-SuntimesWidget-2.0.0
compilation unit: 0178-forrestguice-SuntimesWidget-v0.11.3/app/src/main/java/com/forrestguice/suntimeswidget/TimeDateDialog.java
method: onCreateDialog(Bundle)
constraints in forrestguice-SuntimesWidget-1.0.0
	AndroidSuppressLint condition: ""InflateParams"" , add info: -
constraints in forrestguice-SuntimesWidget-2.0.0

CANNOT_BE_CLASSIFIED
version 1: forrestguice-SuntimesWidget-1.0.0
version 2: forrestguice-SuntimesWidget-2.0.0
compilation unit: 0178-forrestguice-SuntimesWidget-v0.11.3/app/src/main/java/com/forrestguice/suntimeswidget/TimeZoneDialog.java
method: onCreateDialog(Bundle)
constraints in forrestguice-SuntimesWidget-1.0.0
	AndroidSuppressLint condition: ""InflateParams"" , add info: -
constraints in forrestguice-SuntimesWidget-2.0.0

CANNOT_BE_CLASSIFIED
version 1: fossasia-neurolab_android-1.0.0
version 2: fossasia-neurolab_android-2.0.0
compilation unit: 0086-fossasia-neurolab_android-v1.0.0/app/src/main/java/io/neurolab/main/NFBServer.java
method: -
constraints in fossasia-neurolab_android-1.0.0
	AndroidTargetApi condition: "Build.VERSION_CODES.LOLLIPOP" , add info: -
constraints in fossasia-neurolab_android-2.0.0

CANNOT_BE_CLASSIFIED
version 1: fossasia-neurolab_android-1.0.0
version 2: fossasia-neurolab_android-2.0.0
compilation unit: 0086-fossasia-neurolab_android-v1.0.0/app/src/main/java/io/neurolab/settings/NeuroSettings.java
method: -
constraints in fossasia-neurolab_android-1.0.0
	AndroidTargetApi condition: "Build.VERSION_CODES.LOLLIPOP" , add info: -
constraints in fossasia-neurolab_android-2.0.0

CANNOT_BE_CLASSIFIED
version 1: fossasia-neurolab_android-1.0.0
version 2: fossasia-neurolab_android-2.0.0
compilation unit: 0086-fossasia-neurolab_android-v1.0.0/app/src/main/java/io/neurolab/tools/BaselineCorrectionFunction.java
method: -
constraints in fossasia-neurolab_android-1.0.0
	AndroidTargetApi condition: "24" , add info: -
constraints in fossasia-neurolab_android-2.0.0

CANNOT_BE_CLASSIFIED
version 1: fossasia-open_event_organizer_android-1.0.0
version 2: fossasia-open_event_organizer_android-2.0.0
compilation unit: 0078-fossasia-open_event_organizer_android-v1.1.0/app/src/main/java/com/eventyay/organizer/core/event/about/AboutEventPresenter.java
method: -
constraints in fossasia-open_event_organizer_android-1.0.0
	AndroidXNullable condition: "" , add info: -
constraints in fossasia-open_event_organizer_android-2.0.0

CANNOT_BE_CLASSIFIED
version 1: fossasia-open_event_organizer_android-1.0.0
version 2: fossasia-open_event_organizer_android-2.0.0
compilation unit: 0078-fossasia-open_event_organizer_android-v1.1.0/app/src/main/java/com/eventyay/organizer/core/orders/detail/adapter/OrderDetailsPrintAdapter.java
method: -
constraints in fossasia-open_event_organizer_android-1.0.0
	AndroidXRequiresApi condition: "[api = Build.VERSION_CODES.KITKAT]" , add info: -
constraints in fossasia-open_event_organizer_android-2.0.0

CANNOT_BE_CLASSIFIED
version 1: fossasia-open_event_organizer_android-1.0.0
version 2: fossasia-open_event_organizer_android-2.0.0
compilation unit: 0078-fossasia-open_event_organizer_android-v1.1.0/app/src/main/java/com/eventyay/organizer/core/ticket/detail/TicketPrintAdapter.java
method: -
constraints in fossasia-open_event_organizer_android-1.0.0
	AndroidXRequiresApi condition: "[api = Build.VERSION_CODES.KITKAT]" , add info: -
constraints in fossasia-open_event_organizer_android-2.0.0

CANNOT_BE_CLASSIFIED
version 1: fossasia-open_event_organizer_android-1.0.0
version 2: fossasia-open_event_organizer_android-2.0.0
compilation unit: 0078-fossasia-open_event_organizer_android-v1.1.0/app/src/main/java/com/eventyay/organizer/OrgaProvider.java
method: -
constraints in fossasia-open_event_organizer_android-1.0.0
	AndroidSuppressLint condition: ""StaticFieldLeak"" , add info: -
constraints in fossasia-open_event_organizer_android-2.0.0

CANNOT_BE_CLASSIFIED
version 1: fossasia-pslab_android-1.0.0
version 2: fossasia-pslab_android-2.0.0
compilation unit: 0112-fossasia-pslab_android-v2.0.0/app/src/main/java/io/pslab/experimentsetup/Multi_instrument/CapacitorReactanceExperiment.java
method: onClick(MaterialDialog,
constraints in fossasia-pslab_android-1.0.0
	JavaAssert condition: "customView != null" , add info: -
constraints in fossasia-pslab_android-2.0.0

CANNOT_BE_CLASSIFIED
version 1: fossasia-pslab_android-1.0.0
version 2: fossasia-pslab_android-2.0.0
compilation unit: 0112-fossasia-pslab_android-v2.0.0/app/src/main/java/io/pslab/experimentsetup/Multi_instrument/InductorReactanceExperiment.java
method: onClick(MaterialDialog,
constraints in fossasia-pslab_android-1.0.0
	JavaAssert condition: "customView != null" , add info: -
constraints in fossasia-pslab_android-2.0.0

CANNOT_BE_CLASSIFIED
version 1: fossasia-pslab_android-1.0.0
version 2: fossasia-pslab_android-2.0.0
compilation unit: 0112-fossasia-pslab_android-v2.0.0/app/src/main/java/io/pslab/experimentsetup/Multi_instrument/InvertingOpAmpExperiment.java
method: onClick(MaterialDialog,
constraints in fossasia-pslab_android-1.0.0
	JavaAssert condition: "customView != null" , add info: -
constraints in fossasia-pslab_android-2.0.0

CANNOT_BE_CLASSIFIED
version 1: fossasia-pslab_android-1.0.0
version 2: fossasia-pslab_android-2.0.0
compilation unit: 0112-fossasia-pslab_android-v2.0.0/app/src/main/java/io/pslab/experimentsetup/Multi_instrument/LRPhaseShiftExperiment.java
method: onClick(MaterialDialog,
constraints in fossasia-pslab_android-1.0.0
	JavaAssert condition: "customView != null" , add info: -
constraints in fossasia-pslab_android-2.0.0

CANNOT_BE_CLASSIFIED
version 1: fossasia-pslab_android-1.0.0
version 2: fossasia-pslab_android-2.0.0
compilation unit: 0112-fossasia-pslab_android-v2.0.0/app/src/main/java/io/pslab/experimentsetup/Multi_instrument/NonInvertingOpAmpExperiment.java
method: onClick(MaterialDialog,
constraints in fossasia-pslab_android-1.0.0
	JavaAssert condition: "customView != null" , add info: -
constraints in fossasia-pslab_android-2.0.0

CANNOT_BE_CLASSIFIED
version 1: fossasia-pslab_android-1.0.0
version 2: fossasia-pslab_android-2.0.0
compilation unit: 0112-fossasia-pslab_android-v2.0.0/app/src/main/java/io/pslab/experimentsetup/Multi_instrument/PrecisionRectifierExperiment.java
method: onClick(MaterialDialog,
constraints in fossasia-pslab_android-1.0.0
	JavaAssert condition: "customView != null" , add info: -
constraints in fossasia-pslab_android-2.0.0

CANNOT_BE_CLASSIFIED
version 1: fossasia-pslab_android-1.0.0
version 2: fossasia-pslab_android-2.0.0
compilation unit: 0112-fossasia-pslab_android-v2.0.0/app/src/main/java/io/pslab/experimentsetup/Multi_instrument/RCIntegralandderivativeexperiment.java
method: onClick(MaterialDialog,
constraints in fossasia-pslab_android-1.0.0
	JavaAssert condition: "customView != null" , add info: -
constraints in fossasia-pslab_android-2.0.0

CANNOT_BE_CLASSIFIED
version 1: fossasia-pslab_android-1.0.0
version 2: fossasia-pslab_android-2.0.0
compilation unit: 0112-fossasia-pslab_android-v2.0.0/app/src/main/java/io/pslab/experimentsetup/Multi_instrument/RCPhaseShiftExperiment.java
method: onClick(MaterialDialog,
constraints in fossasia-pslab_android-1.0.0
	JavaAssert condition: "customView != null" , add info: -
constraints in fossasia-pslab_android-2.0.0

CANNOT_BE_CLASSIFIED
version 1: fossasia-pslab_android-1.0.0
version 2: fossasia-pslab_android-2.0.0
compilation unit: 0112-fossasia-pslab_android-v2.0.0/app/src/main/java/io/pslab/experimentsetup/Multi_instrument/SummingJunctionExperiment.java
method: onClick(MaterialDialog,
constraints in fossasia-pslab_android-1.0.0
	JavaAssert condition: "customView != null" , add info: -
constraints in fossasia-pslab_android-2.0.0

CANNOT_BE_CLASSIFIED
version 1: fossasia-pslab_android-1.0.0
version 2: fossasia-pslab_android-2.0.0
compilation unit: 0112-fossasia-pslab_android-v2.0.0/app/src/main/java/io/pslab/experimentsetup/Multi_instrument/ZenerSetupFragment.java
method: onClick(MaterialDialog,
constraints in fossasia-pslab_android-1.0.0
	JavaAssert condition: "customView != null" , add info: -
constraints in fossasia-pslab_android-2.0.0

CANNOT_BE_CLASSIFIED
version 1: fossasia-pslab_android-1.0.0
version 2: fossasia-pslab_android-2.0.0
compilation unit: 0112-fossasia-pslab_android-v2.0.0/app/src/main/java/io/pslab/experimentsetup/Oscilloscope/NFETOutputCharacteristicsExperiment.java
method: onClick(MaterialDialog,
constraints in fossasia-pslab_android-1.0.0
	JavaAssert condition: "customView != null" , add info: -
constraints in fossasia-pslab_android-2.0.0

CANNOT_BE_CLASSIFIED
version 1: fossasia-pslab_android-1.0.0
version 2: fossasia-pslab_android-2.0.0
compilation unit: 0112-fossasia-pslab_android-v2.0.0/app/src/main/java/io/pslab/experimentsetup/Oscilloscope/NFETTransferCharacteristicsExperiment.java
method: onClick(MaterialDialog,
constraints in fossasia-pslab_android-1.0.0
	JavaAssert condition: "customView != null" , add info: -
constraints in fossasia-pslab_android-2.0.0

CANNOT_BE_CLASSIFIED
version 1: fossasia-pslab_android-1.0.0
version 2: fossasia-pslab_android-2.0.0
compilation unit: 0112-fossasia-pslab_android-v2.0.0/app/src/main/java/io/pslab/experimentsetup/Oscilloscope/TransistorAmplifierExperiment.java
method: onClick(MaterialDialog,
constraints in fossasia-pslab_android-1.0.0
	JavaAssert condition: "customView != null" , add info: -
constraints in fossasia-pslab_android-2.0.0

CANNOT_BE_CLASSIFIED
version 1: fossasia-pslab_android-1.0.0
version 2: fossasia-pslab_android-2.0.0
compilation unit: 0112-fossasia-pslab_android-v2.0.0/app/src/main/java/io/pslab/experimentsetup/Oscilloscope/TransistorCBSetup.java
method: onClick(MaterialDialog,
constraints in fossasia-pslab_android-1.0.0
	JavaAssert condition: "customView != null" , add info: -
constraints in fossasia-pslab_android-2.0.0

CANNOT_BE_CLASSIFIED
version 1: fossasia-pslab_android-1.0.0
version 2: fossasia-pslab_android-2.0.0
compilation unit: 0112-fossasia-pslab_android-v2.0.0/app/src/main/java/io/pslab/experimentsetup/Oscilloscope/TransistorCEInputCharacteristicsExperiment.java
method: onClick(MaterialDialog,
constraints in fossasia-pslab_android-1.0.0
	JavaAssert condition: "customView != null" , add info: -
constraints in fossasia-pslab_android-2.0.0

CANNOT_BE_CLASSIFIED
version 1: fossasia-pslab_android-1.0.0
version 2: fossasia-pslab_android-2.0.0
compilation unit: 0112-fossasia-pslab_android-v2.0.0/app/src/main/java/io/pslab/experimentsetup/Oscilloscope/TransistorCEOutputSetup.java
method: onClick(MaterialDialog,
constraints in fossasia-pslab_android-1.0.0
	JavaAssert condition: "customView != null" , add info: -
constraints in fossasia-pslab_android-2.0.0

CANNOT_BE_CLASSIFIED
version 1: fossasia-pslab_android-1.0.0
version 2: fossasia-pslab_android-2.0.0
compilation unit: 0112-fossasia-pslab_android-v2.0.0/app/src/main/java/io/pslab/experimentsetup/Oscilloscope/TransistorTransferExperiment.java
method: onClick(MaterialDialog,
constraints in fossasia-pslab_android-1.0.0
	JavaAssert condition: "customView != null" , add info: -
constraints in fossasia-pslab_android-2.0.0

CANNOT_BE_CLASSIFIED
version 1: fossasia-pslab_android-1.0.0
version 2: fossasia-pslab_android-2.0.0
compilation unit: 0112-fossasia-pslab_android-v2.0.0/app/src/main/java/io/pslab/experimentsetup/Sensors/LightDependentResistorExperiment.java
method: onClick(MaterialDialog,
constraints in fossasia-pslab_android-1.0.0
	JavaAssert condition: "customView != null" , add info: -
constraints in fossasia-pslab_android-2.0.0

CANNOT_BE_CLASSIFIED
version 1: fossasia-pslab_android-1.0.0
version 2: fossasia-pslab_android-2.0.0
compilation unit: 0112-fossasia-pslab_android-v2.0.0/app/src/main/java/io/pslab/items/SquareImageButton.java
method: -
constraints in fossasia-pslab_android-1.0.0
	AndroidSuppressLint condition: ""AppCompatCustomView"" , add info: -
constraints in fossasia-pslab_android-2.0.0

CANNOT_BE_CLASSIFIED
version 1: fr3ts0n-AndrOBD-1.0.0
version 2: fr3ts0n-AndrOBD-2.0.0
compilation unit: 0300-fr3ts0n-AndrOBD-V1.4.2/src/com/fr3ts0n/ecu/gui/androbd/BtCommService.java
method: -
constraints in fr3ts0n-AndrOBD-1.0.0
	AndroidSuppressLint condition: ""NewApi"" , add info: -
constraints in fr3ts0n-AndrOBD-2.0.0

CANNOT_BE_CLASSIFIED
version 1: grzegorznittner-chanu-1.0.0
version 2: grzegorznittner-chanu-2.0.0
compilation unit: 0130-grzegorznittner-chanu-v2.0.1/app/src/com/chanapps/four/fragment/BlocklistViewAllDialogFragment.java
method: getView(int,
constraints in grzegorznittner-chanu-1.0.0
	JavaAssert condition: "convertView != null" , add info: -
constraints in grzegorznittner-chanu-2.0.0

CANNOT_BE_CLASSIFIED
version 1: gsantner-markor-1.0.0
version 2: gsantner-markor-2.0.0
compilation unit: 0096-gsantner-markor-v1.7.7/app/src/main/java/net/gsantner/opoc/preference/FontPreferenceCompat.java
method: FontPreferenceCompat(Context, AttributeSet, int)
constraints in gsantner-markor-1.0.0
	AndroidTargetApi condition: "Build.VERSION_CODES.LOLLIPOP" , add info: -
constraints in gsantner-markor-2.0.0

CANNOT_BE_CLASSIFIED
version 1: gsantner-markor-1.0.0
version 2: gsantner-markor-2.0.0
compilation unit: 0096-gsantner-markor-v1.7.7/app/src/main/java/net/gsantner/opoc/preference/FontPreferenceCompat.java
method: FontPreferenceCompat(Context, AttributeSet, int, int)
constraints in gsantner-markor-1.0.0
	AndroidTargetApi condition: "Build.VERSION_CODES.LOLLIPOP" , add info: -
constraints in gsantner-markor-2.0.0

CANNOT_BE_CLASSIFIED
version 1: gsantner-markor-1.0.0
version 2: gsantner-markor-2.0.0
compilation unit: 0096-gsantner-markor-v1.7.7/app/src/main/java/net/gsantner/opoc/preference/LanguagePreferenceCompat.java
method: LanguagePreferenceCompat(Context, AttributeSet, int)
constraints in gsantner-markor-1.0.0
	AndroidTargetApi condition: "Build.VERSION_CODES.LOLLIPOP" , add info: -
constraints in gsantner-markor-2.0.0

CANNOT_BE_CLASSIFIED
version 1: gsantner-markor-1.0.0
version 2: gsantner-markor-2.0.0
compilation unit: 0096-gsantner-markor-v1.7.7/app/src/main/java/net/gsantner/opoc/preference/LanguagePreferenceCompat.java
method: LanguagePreferenceCompat(Context, AttributeSet, int, int)
constraints in gsantner-markor-1.0.0
	AndroidTargetApi condition: "Build.VERSION_CODES.LOLLIPOP" , add info: -
constraints in gsantner-markor-2.0.0

CANNOT_BE_CLASSIFIED
version 1: gsantner-markor-1.0.0
version 2: gsantner-markor-2.0.0
compilation unit: 0096-gsantner-markor-v1.7.7/app/src/main/java/net/gsantner/opoc/util/ContextUtils.java
method: isConnectedToInternet()
constraints in gsantner-markor-1.0.0
	AndroidSuppressLint condition: ""MissingPermission"" , add info: -
constraints in gsantner-markor-2.0.0

CANNOT_BE_CLASSIFIED
version 1: gsantner-markor-1.0.0
version 2: gsantner-markor-2.0.0
compilation unit: 0096-gsantner-markor-v1.7.7/app/src/main/java/net/gsantner/opoc/util/ContextUtils.java
method: setSubMenuIconsVisiblity(Menu,
constraints in gsantner-markor-1.0.0
	AndroidSuppressLint condition: ""PrivateApi"" , add info: -
constraints in gsantner-markor-2.0.0

CANNOT_BE_CLASSIFIED
version 1: gsantner-memetastic-1.0.0
version 2: gsantner-memetastic-2.0.0
compilation unit: 0094-gsantner-memetastic-v1.3.1/app/src/main/java/io/github/gsantner/memetastic/service/AssetUpdater.java
method: -
constraints in gsantner-memetastic-1.0.0
	AndroidSuppressLint condition: ""SimpleDateFormat"" , add info: -
constraints in gsantner-memetastic-2.0.0

CANNOT_BE_CLASSIFIED
version 1: gsantner-memetastic-1.0.0
version 2: gsantner-memetastic-2.0.0
compilation unit: 0094-gsantner-memetastic-v1.3.1/app/src/main/java/net/gsantner/opoc/ui/LanguagePreference.java
method: LanguagePreference(Context, AttributeSet, int)
constraints in gsantner-memetastic-1.0.0
	AndroidTargetApi condition: "Build.VERSION_CODES.LOLLIPOP" , add info: -
constraints in gsantner-memetastic-2.0.0

CANNOT_BE_CLASSIFIED
version 1: gsantner-memetastic-1.0.0
version 2: gsantner-memetastic-2.0.0
compilation unit: 0094-gsantner-memetastic-v1.3.1/app/src/main/java/net/gsantner/opoc/ui/LanguagePreference.java
method: LanguagePreference(Context, AttributeSet, int, int)
constraints in gsantner-memetastic-1.0.0
	AndroidTargetApi condition: "Build.VERSION_CODES.LOLLIPOP" , add info: -
constraints in gsantner-memetastic-2.0.0

CANNOT_BE_CLASSIFIED
version 1: haiwen-seadroid-1.0.0
version 2: haiwen-seadroid-2.0.0
compilation unit: 0248-haiwen-seadroid-2.2.4/app/src/main/java/com/seafile/seadroid2/data/StorageManagerKitKat.java
method: -
constraints in haiwen-seadroid-1.0.0
	AndroidTargetApi condition: "Build.VERSION_CODES.KITKAT" , add info: -
constraints in haiwen-seadroid-2.0.0

CANNOT_BE_CLASSIFIED
version 1: haiwen-seadroid-1.0.0
version 2: haiwen-seadroid-2.0.0
compilation unit: 0248-haiwen-seadroid-2.2.4/app/src/main/java/com/seafile/seadroid2/data/StorageManagerLollipop.java
method: -
constraints in haiwen-seadroid-1.0.0
	AndroidTargetApi condition: "Build.VERSION_CODES.LOLLIPOP" , add info: -
constraints in haiwen-seadroid-2.0.0

CANNOT_BE_CLASSIFIED
version 1: haiwen-seadroid-1.0.0
version 2: haiwen-seadroid-2.0.0
compilation unit: 0248-haiwen-seadroid-2.2.4/app/src/main/java/com/seafile/seadroid2/play/OnTransitionListener.java
method: -
constraints in haiwen-seadroid-1.0.0
	AndroidTargetApi condition: "Build.VERSION_CODES.KITKAT" , add info: -
constraints in haiwen-seadroid-2.0.0

CANNOT_BE_CLASSIFIED
version 1: haiwen-seadroid-1.0.0
version 2: haiwen-seadroid-2.0.0
compilation unit: 0248-haiwen-seadroid-2.2.4/app/src/main/java/com/seafile/seadroid2/provider/SeafileProvider.java
method: -
constraints in haiwen-seadroid-1.0.0
	AndroidTargetApi condition: "Build.VERSION_CODES.LOLLIPOP" , add info: -
constraints in haiwen-seadroid-2.0.0

CANNOT_BE_CLASSIFIED
version 1: haiwen-seadroid-1.0.0
version 2: haiwen-seadroid-2.0.0
compilation unit: 0248-haiwen-seadroid-2.2.4/app/src/main/java/com/seafile/seadroid2/ui/dialog/SslConfirmDialog.java
method: SslConfirmDialog(Account, Listener)
constraints in haiwen-seadroid-1.0.0
	AndroidSuppressLint condition: ""ValidFragment"" , add info: -
constraints in haiwen-seadroid-2.0.0

CANNOT_BE_CLASSIFIED
version 1: haiwen-seadroid-1.0.0
version 2: haiwen-seadroid-2.0.0
compilation unit: 0248-haiwen-seadroid-2.2.4/app/src/main/java/com/seafile/seadroid2/ui/dialog/SslConfirmDialog.java
method: SslConfirmDialog(Account, X509Certificate, Listener)
constraints in haiwen-seadroid-1.0.0
	AndroidSuppressLint condition: ""ValidFragment"" , add info: -
constraints in haiwen-seadroid-2.0.0

CANNOT_BE_CLASSIFIED
version 1: haiwen-seadroid-1.0.0
version 2: haiwen-seadroid-2.0.0
compilation unit: 0248-haiwen-seadroid-2.2.4/app/src/main/java/com/seafile/seadroid2/ui/SwitchPreferenceCompat.java
method: SwitchPreferenceCompat(Context, AttributeSet, int, int)
constraints in haiwen-seadroid-1.0.0
	AndroidTargetApi condition: "Build.VERSION_CODES.LOLLIPOP" , add info: -
constraints in haiwen-seadroid-2.0.0

CANNOT_BE_CLASSIFIED
version 1: haiwen-seadroid-1.0.0
version 2: haiwen-seadroid-2.0.0
compilation unit: 0248-haiwen-seadroid-2.2.4/app/src/main/java/com/seafile/seadroid2/util/ContactsDialog.java
method: -
constraints in haiwen-seadroid-1.0.0
	AndroidSuppressLint condition: ""ValidFragment"" , add info: -
constraints in haiwen-seadroid-2.0.0

CANNOT_BE_CLASSIFIED
version 1: haiwen-seadroid-1.0.0
version 2: haiwen-seadroid-2.0.0
compilation unit: 0248-haiwen-seadroid-2.2.4/app/src/main/java/com/seafile/seadroid2/util/UtilsJellyBean.java
method: -
constraints in haiwen-seadroid-1.0.0
	AndroidTargetApi condition: "Build.VERSION_CODES.JELLY_BEAN" , add info: -
constraints in haiwen-seadroid-2.0.0

CANNOT_BE_CLASSIFIED
version 1: inputmice-lttrs_android-1.0.0
version 2: inputmice-lttrs_android-2.0.0
compilation unit: 0216-inputmice-lttrs_android-0.1.0/app/src/main/java/rs/ltt/android/database/LttrsDatabase.java
method: -
constraints in inputmice-lttrs_android-1.0.0
	AndroidSuppressLint condition: ""UseSparseArrays"" , add info: -
constraints in inputmice-lttrs_android-2.0.0

CANNOT_BE_CLASSIFIED
version 1: inputmice-lttrs_android-1.0.0
version 2: inputmice-lttrs_android-2.0.0
compilation unit: 0216-inputmice-lttrs_android-0.1.0/app/src/main/java/rs/ltt/android/entity/AccountEntity.java
method: -
constraints in inputmice-lttrs_android-1.0.0
	AndroidXNonNull condition: "" , add info: -
constraints in inputmice-lttrs_android-2.0.0

CANNOT_BE_CLASSIFIED
version 1: inputmice-lttrs_android-1.0.0
version 2: inputmice-lttrs_android-2.0.0
compilation unit: 0216-inputmice-lttrs_android-0.1.0/app/src/main/java/rs/ltt/android/entity/EmailBodyPartEntity.java
method: -
constraints in inputmice-lttrs_android-1.0.0
	AndroidXNonNull condition: "" , add info: -
	AndroidXNonNull condition: "" , add info: -
	AndroidXNonNull condition: "" , add info: -
constraints in inputmice-lttrs_android-2.0.0

CANNOT_BE_CLASSIFIED
version 1: inputmice-lttrs_android-1.0.0
version 2: inputmice-lttrs_android-2.0.0
compilation unit: 0216-inputmice-lttrs_android-0.1.0/app/src/main/java/rs/ltt/android/entity/EmailBodyValueEntity.java
method: -
constraints in inputmice-lttrs_android-1.0.0
	AndroidXNonNull condition: "" , add info: -
	AndroidXNonNull condition: "" , add info: -
constraints in inputmice-lttrs_android-2.0.0

CANNOT_BE_CLASSIFIED
version 1: inputmice-lttrs_android-1.0.0
version 2: inputmice-lttrs_android-2.0.0
compilation unit: 0216-inputmice-lttrs_android-0.1.0/app/src/main/java/rs/ltt/android/entity/EmailEmailAddressEntity.java
method: -
constraints in inputmice-lttrs_android-1.0.0
	AndroidXNonNull condition: "" , add info: -
	AndroidXNonNull condition: "" , add info: -
	AndroidXNonNull condition: "" , add info: -
constraints in inputmice-lttrs_android-2.0.0

CANNOT_BE_CLASSIFIED
version 1: inputmice-lttrs_android-1.0.0
version 2: inputmice-lttrs_android-2.0.0
compilation unit: 0216-inputmice-lttrs_android-0.1.0/app/src/main/java/rs/ltt/android/entity/EmailEntity.java
method: -
constraints in inputmice-lttrs_android-1.0.0
	AndroidXNonNull condition: "" , add info: -
constraints in inputmice-lttrs_android-2.0.0

CANNOT_BE_CLASSIFIED
version 1: inputmice-lttrs_android-1.0.0
version 2: inputmice-lttrs_android-2.0.0
compilation unit: 0216-inputmice-lttrs_android-0.1.0/app/src/main/java/rs/ltt/android/entity/EmailInReplyToEntity.java
method: -
constraints in inputmice-lttrs_android-1.0.0
	AndroidXNonNull condition: "" , add info: -
	AndroidXNonNull condition: "" , add info: -
constraints in inputmice-lttrs_android-2.0.0

CANNOT_BE_CLASSIFIED
version 1: inputmice-lttrs_android-1.0.0
version 2: inputmice-lttrs_android-2.0.0
compilation unit: 0216-inputmice-lttrs_android-0.1.0/app/src/main/java/rs/ltt/android/entity/EmailKeywordEntity.java
method: -
constraints in inputmice-lttrs_android-1.0.0
	AndroidXNonNull condition: "" , add info: -
	AndroidXNonNull condition: "" , add info: -
constraints in inputmice-lttrs_android-2.0.0

CANNOT_BE_CLASSIFIED
version 1: inputmice-lttrs_android-1.0.0
version 2: inputmice-lttrs_android-2.0.0
compilation unit: 0216-inputmice-lttrs_android-0.1.0/app/src/main/java/rs/ltt/android/entity/EmailMailboxEntity.java
method: -
constraints in inputmice-lttrs_android-1.0.0
	AndroidXNonNull condition: "" , add info: -
	AndroidXNonNull condition: "" , add info: -
constraints in inputmice-lttrs_android-2.0.0

CANNOT_BE_CLASSIFIED
version 1: inputmice-lttrs_android-1.0.0
version 2: inputmice-lttrs_android-2.0.0
compilation unit: 0216-inputmice-lttrs_android-0.1.0/app/src/main/java/rs/ltt/android/entity/EmailMessageIdEntity.java
method: -
constraints in inputmice-lttrs_android-1.0.0
	AndroidXNonNull condition: "" , add info: -
	AndroidXNonNull condition: "" , add info: -
constraints in inputmice-lttrs_android-2.0.0

CANNOT_BE_CLASSIFIED
version 1: inputmice-lttrs_android-1.0.0
version 2: inputmice-lttrs_android-2.0.0
compilation unit: 0216-inputmice-lttrs_android-0.1.0/app/src/main/java/rs/ltt/android/entity/EntityStateEntity.java
method: -
constraints in inputmice-lttrs_android-1.0.0
	AndroidXNonNull condition: "" , add info: -
constraints in inputmice-lttrs_android-2.0.0

CANNOT_BE_CLASSIFIED
version 1: inputmice-lttrs_android-1.0.0
version 2: inputmice-lttrs_android-2.0.0
compilation unit: 0216-inputmice-lttrs_android-0.1.0/app/src/main/java/rs/ltt/android/entity/IdentityEmailAddressEntity.java
method: -
constraints in inputmice-lttrs_android-1.0.0
	AndroidXNonNull condition: "" , add info: -
	AndroidXNonNull condition: "" , add info: -
constraints in inputmice-lttrs_android-2.0.0

CANNOT_BE_CLASSIFIED
version 1: inputmice-lttrs_android-1.0.0
version 2: inputmice-lttrs_android-2.0.0
compilation unit: 0216-inputmice-lttrs_android-0.1.0/app/src/main/java/rs/ltt/android/entity/IdentityEntity.java
method: -
constraints in inputmice-lttrs_android-1.0.0
	AndroidXNonNull condition: "" , add info: -
constraints in inputmice-lttrs_android-2.0.0

CANNOT_BE_CLASSIFIED
version 1: inputmice-lttrs_android-1.0.0
version 2: inputmice-lttrs_android-2.0.0
compilation unit: 0216-inputmice-lttrs_android-0.1.0/app/src/main/java/rs/ltt/android/entity/KeywordOverwriteEntity.java
method: -
constraints in inputmice-lttrs_android-1.0.0
	AndroidXNonNull condition: "" , add info: -
	AndroidXNonNull condition: "" , add info: -
constraints in inputmice-lttrs_android-2.0.0

CANNOT_BE_CLASSIFIED
version 1: inputmice-lttrs_android-1.0.0
version 2: inputmice-lttrs_android-2.0.0
compilation unit: 0216-inputmice-lttrs_android-0.1.0/app/src/main/java/rs/ltt/android/entity/MailboxEntity.java
method: -
constraints in inputmice-lttrs_android-1.0.0
	AndroidXNonNull condition: "" , add info: -
constraints in inputmice-lttrs_android-2.0.0

CANNOT_BE_CLASSIFIED
version 1: inputmice-lttrs_android-1.0.0
version 2: inputmice-lttrs_android-2.0.0
compilation unit: 0216-inputmice-lttrs_android-0.1.0/app/src/main/java/rs/ltt/android/entity/MailboxOverwriteEntity.java
method: -
constraints in inputmice-lttrs_android-1.0.0
	AndroidXNonNull condition: "" , add info: -
	AndroidXNonNull condition: "" , add info: -
	AndroidXNonNull condition: "" , add info: -
constraints in inputmice-lttrs_android-2.0.0

CANNOT_BE_CLASSIFIED
version 1: inputmice-lttrs_android-1.0.0
version 2: inputmice-lttrs_android-2.0.0
compilation unit: 0216-inputmice-lttrs_android-0.1.0/app/src/main/java/rs/ltt/android/entity/QueryItemEntity.java
method: -
constraints in inputmice-lttrs_android-1.0.0
	AndroidXNonNull condition: "" , add info: -
constraints in inputmice-lttrs_android-2.0.0

CANNOT_BE_CLASSIFIED
version 1: inputmice-lttrs_android-1.0.0
version 2: inputmice-lttrs_android-2.0.0
compilation unit: 0216-inputmice-lttrs_android-0.1.0/app/src/main/java/rs/ltt/android/entity/QueryItemOverwriteEntity.java
method: -
constraints in inputmice-lttrs_android-1.0.0
	AndroidXNonNull condition: "" , add info: -
	AndroidXNonNull condition: "" , add info: -
	AndroidXNonNull condition: "" , add info: -
constraints in inputmice-lttrs_android-2.0.0

CANNOT_BE_CLASSIFIED
version 1: inputmice-lttrs_android-1.0.0
version 2: inputmice-lttrs_android-2.0.0
compilation unit: 0216-inputmice-lttrs_android-0.1.0/app/src/main/java/rs/ltt/android/entity/ThreadEntity.java
method: -
constraints in inputmice-lttrs_android-1.0.0
	AndroidXNonNull condition: "" , add info: -
constraints in inputmice-lttrs_android-2.0.0

CANNOT_BE_CLASSIFIED
version 1: inputmice-lttrs_android-1.0.0
version 2: inputmice-lttrs_android-2.0.0
compilation unit: 0216-inputmice-lttrs_android-0.1.0/app/src/main/java/rs/ltt/android/entity/ThreadItemEntity.java
method: -
constraints in inputmice-lttrs_android-1.0.0
	AndroidXNonNull condition: "" , add info: -
	AndroidXNonNull condition: "" , add info: -
constraints in inputmice-lttrs_android-2.0.0

CANNOT_BE_CLASSIFIED
version 1: inputmice-lttrs_android-1.0.0
version 2: inputmice-lttrs_android-2.0.0
compilation unit: 0216-inputmice-lttrs_android-0.1.0/app/src/main/java/rs/ltt/android/ui/BindingAdapters.java
method: setRole(ImageView,
constraints in inputmice-lttrs_android-1.0.0
	AndroidXDrawableRes condition: "" , add info: -
constraints in inputmice-lttrs_android-2.0.0

CANNOT_BE_CLASSIFIED
version 1: jackpal-Android_Terminal_Emulator-1.0.0
version 2: jackpal-Android_Terminal_Emulator-2.0.0
compilation unit: 0390-jackpal-Android_Terminal_Emulator-None/emulatorview/src/main/java/jackpal/androidterm/emulatorview/compat/ClipboardManagerCompatV11.java
method: -
constraints in jackpal-Android_Terminal_Emulator-1.0.0
	AndroidSuppressLint condition: ""NewApi"" , add info: -
constraints in jackpal-Android_Terminal_Emulator-2.0.0

CANNOT_BE_CLASSIFIED
version 1: jackpal-Android_Terminal_Emulator-1.0.0
version 2: jackpal-Android_Terminal_Emulator-2.0.0
compilation unit: 0390-jackpal-Android_Terminal_Emulator-None/libtermexec/src/main/java/jackpal/androidterm/TermExec.java
method: sendSignal(int,
constraints in jackpal-Android_Terminal_Emulator-1.0.0
	AndroidTargetApi condition: "Build.VERSION_CODES.HONEYCOMB_MR1" , add info: -
constraints in jackpal-Android_Terminal_Emulator-2.0.0

CANNOT_BE_CLASSIFIED
version 1: jackpal-Android_Terminal_Emulator-1.0.0
version 2: jackpal-Android_Terminal_Emulator-2.0.0
compilation unit: 0390-jackpal-Android_Terminal_Emulator-None/term/src/main/java/jackpal/androidterm/compat/Base64.java
method: encode(byte[],
constraints in jackpal-Android_Terminal_Emulator-1.0.0
	JavaAssert condition: "encoder.op == output_len" , add info: -
constraints in jackpal-Android_Terminal_Emulator-2.0.0

CANNOT_BE_CLASSIFIED
version 1: jackpal-Android_Terminal_Emulator-1.0.0
version 2: jackpal-Android_Terminal_Emulator-2.0.0
compilation unit: 0390-jackpal-Android_Terminal_Emulator-None/term/src/main/java/jackpal/androidterm/compat/Base64.java
method: process(byte[],
constraints in jackpal-Android_Terminal_Emulator-1.0.0
	JavaAssert condition: "tailLen == 0" , add info: -
	JavaAssert condition: "p == len" , add info: -
constraints in jackpal-Android_Terminal_Emulator-2.0.0

CANNOT_BE_CLASSIFIED
version 1: jackpal-Android_Terminal_Emulator-1.0.0
version 2: jackpal-Android_Terminal_Emulator-2.0.0
compilation unit: 0390-jackpal-Android_Terminal_Emulator-None/tests/emulatorview-test/src/jackpal/androidterm/emulatorview/TermKeyListenerTest.java
method: write(int)
constraints in jackpal-Android_Terminal_Emulator-1.0.0
	AndroidTargetApi condition: "3" , add info: -
constraints in jackpal-Android_Terminal_Emulator-2.0.0

CANNOT_BE_CLASSIFIED
version 1: jonasoreland-runnerup-1.0.0
version 2: jonasoreland-runnerup-2.0.0
compilation unit: 0286-jonasoreland-runnerup-v2.0.1.3/app/latest/java/org/runnerup/util/MapWrapper.java
method: onDestroy()
constraints in jonasoreland-runnerup-1.0.0
	AndroidSuppressLint condition: ""StaticFieldLeak"" , add info: -
constraints in jonasoreland-runnerup-2.0.0

CANNOT_BE_CLASSIFIED
version 1: jonasoreland-runnerup-1.0.0
version 2: jonasoreland-runnerup-2.0.0
compilation unit: 0286-jonasoreland-runnerup-v2.0.1.3/app/src/org/runnerup/export/oauth2client/OAuth2Activity.java
method: -
constraints in jonasoreland-runnerup-1.0.0
	AndroidSuppressLint condition: ""SetJavaScriptEnabled"" , add info: -
constraints in jonasoreland-runnerup-2.0.0

CANNOT_BE_CLASSIFIED
version 1: jonasoreland-runnerup-1.0.0
version 2: jonasoreland-runnerup-2.0.0
compilation unit: 0286-jonasoreland-runnerup-v2.0.1.3/app/src/org/runnerup/util/GraphWrapper.java
method: GraphWrapper(Context, LinearLayout, LinearLayout, Formatter, SQLiteDatabase, long)
constraints in jonasoreland-runnerup-1.0.0
	AndroidSuppressLint condition: ""ObsoleteSdkInt"" , add info: -
constraints in jonasoreland-runnerup-2.0.0

CANNOT_BE_CLASSIFIED
version 1: jonasoreland-runnerup-1.0.0
version 2: jonasoreland-runnerup-2.0.0
compilation unit: 0286-jonasoreland-runnerup-v2.0.1.3/app/src/org/runnerup/util/GraphWrapper.java
method: LoadParam(Context, SQLiteDatabase, long)
constraints in jonasoreland-runnerup-1.0.0
	AndroidSuppressLint condition: ""StaticFieldLeak"" , add info: -
constraints in jonasoreland-runnerup-2.0.0

CANNOT_BE_CLASSIFIED
version 1: jonasoreland-runnerup-1.0.0
version 2: jonasoreland-runnerup-2.0.0
compilation unit: 0286-jonasoreland-runnerup-v2.0.1.3/app/src/org/runnerup/view/HRSettingsActivity.java
method: log(HRProvider,
constraints in jonasoreland-runnerup-1.0.0
	AndroidSuppressLint condition: ""InflateParams"" , add info: -
constraints in jonasoreland-runnerup-2.0.0

CANNOT_BE_CLASSIFIED
version 1: jonasoreland-runnerup-1.0.0
version 2: jonasoreland-runnerup-2.0.0
compilation unit: 0286-jonasoreland-runnerup-v2.0.1.3/app/src/org/runnerup/view/StepButton.java
method: onClick(View)
constraints in jonasoreland-runnerup-1.0.0
	AndroidSuppressLint condition: ""InflateParams"" , add info: -
constraints in jonasoreland-runnerup-2.0.0

CANNOT_BE_CLASSIFIED
version 1: jonasoreland-runnerup-1.0.0
version 2: jonasoreland-runnerup-2.0.0
compilation unit: 0286-jonasoreland-runnerup-v2.0.1.3/app/src/org/runnerup/workout/feedback/RUTextToSpeech.java
method: emit()
constraints in jonasoreland-runnerup-1.0.0
	AndroidTargetApi condition: "Build.VERSION_CODES.JELLY_BEAN_MR2" , add info: -
constraints in jonasoreland-runnerup-2.0.0

CANNOT_BE_CLASSIFIED
version 1: jonasoreland-runnerup-1.0.0
version 2: jonasoreland-runnerup-2.0.0
compilation unit: 0286-jonasoreland-runnerup-v2.0.1.3/hrdevice/src/org/runnerup/hr/AndroidBLEHRProvider.java
method: -
constraints in jonasoreland-runnerup-1.0.0
	AndroidTargetApi condition: "Build.VERSION_CODES.JELLY_BEAN_MR2" , add info: -
constraints in jonasoreland-runnerup-2.0.0

CANNOT_BE_CLASSIFIED
version 1: jonasoreland-runnerup-1.0.0
version 2: jonasoreland-runnerup-2.0.0
compilation unit: 0286-jonasoreland-runnerup-v2.0.1.3/hrdevice/src/org/runnerup/hr/Bt20Base.java
method: -
constraints in jonasoreland-runnerup-1.0.0
	AndroidTargetApi condition: "Build.VERSION_CODES.GINGERBREAD_MR1" , add info: -
constraints in jonasoreland-runnerup-2.0.0

CANNOT_BE_CLASSIFIED
version 1: k9mail-k_9-1.0.0
version 2: k9mail-k_9-2.0.0
compilation unit: 0060-k9mail-k_9-5.704/app/core/src/main/java/com/fsck/k9/autocrypt/AutocryptGossipHeader.java
method: -
constraints in k9mail-k_9-1.0.0
	AndroidXNonNull condition: "" , add info: -
	AndroidXNonNull condition: "" , add info: -
constraints in k9mail-k_9-2.0.0

CANNOT_BE_CLASSIFIED
version 1: k9mail-k_9-1.0.0
version 2: k9mail-k_9-2.0.0
compilation unit: 0060-k9mail-k_9-5.704/app/core/src/main/java/com/fsck/k9/autocrypt/AutocryptHeader.java
method: -
constraints in k9mail-k_9-1.0.0
	AndroidXNonNull condition: "" , add info: -
	AndroidXNonNull condition: "" , add info: -
	AndroidXNonNull condition: "" , add info: -
constraints in k9mail-k_9-2.0.0

CANNOT_BE_CLASSIFIED
version 1: k9mail-k_9-1.0.0
version 2: k9mail-k_9-2.0.0
compilation unit: 0060-k9mail-k_9-5.704/app/core/src/main/java/com/fsck/k9/helper/ReplyToParser.java
method: ReplyToAddresses(List<Address>, List<Address>)
constraints in k9mail-k_9-1.0.0
	AndroidXVisibleForTesting condition: "" , add info: -
constraints in k9mail-k_9-2.0.0

CANNOT_BE_CLASSIFIED
version 1: k9mail-k_9-1.0.0
version 2: k9mail-k_9-2.0.0
compilation unit: 0060-k9mail-k_9-5.704/app/core/src/main/java/com/fsck/k9/helper/ReplyToParser.java
method: ReplyToAddresses(Address[])
constraints in k9mail-k_9-1.0.0
	AndroidXVisibleForTesting condition: "" , add info: -
constraints in k9mail-k_9-2.0.0

CANNOT_BE_CLASSIFIED
version 1: k9mail-k_9-1.0.0
version 2: k9mail-k_9-2.0.0
compilation unit: 0060-k9mail-k_9-5.704/app/core/src/main/java/com/fsck/k9/mailstore/CryptoResultAnnotation.java
method: -
constraints in k9mail-k_9-1.0.0
	AndroidXNonNull condition: "" , add info: -
constraints in k9mail-k_9-2.0.0

CANNOT_BE_CLASSIFIED
version 1: k9mail-k_9-1.0.0
version 2: k9mail-k_9-2.0.0
compilation unit: 0060-k9mail-k_9-5.704/app/core/src/main/java/com/fsck/k9/mailstore/DeferredFileBody.java
method: -
constraints in k9mail-k_9-1.0.0
	AndroidXNullable condition: "" , add info: -
constraints in k9mail-k_9-2.0.0

CANNOT_BE_CLASSIFIED
version 1: k9mail-k_9-1.0.0
version 2: k9mail-k_9-2.0.0
compilation unit: 0060-k9mail-k_9-5.704/app/core/src/main/java/com/fsck/k9/message/AutocryptStatusInteractor.java
method: RecipientAutocryptStatus(RecipientAutocryptStatusType, PendingIntent)
constraints in k9mail-k_9-1.0.0
	AndroidXVisibleForTesting condition: "" , add info: -
constraints in k9mail-k_9-2.0.0

CANNOT_BE_CLASSIFIED
version 1: k9mail-k_9-1.0.0
version 2: k9mail-k_9-2.0.0
compilation unit: 0060-k9mail-k_9-5.704/app/core/src/main/java/com/fsck/k9/preferences/SettingsImporter.java
method: String>
constraints in k9mail-k_9-1.0.0
	AndroidXVisibleForTesting condition: "" , add info: -
	AndroidXVisibleForTesting condition: "" , add info: -
	AndroidXVisibleForTesting condition: "" , add info: -
	AndroidXVisibleForTesting condition: "" , add info: -
constraints in k9mail-k_9-2.0.0

CANNOT_BE_CLASSIFIED
version 1: k9mail-k_9-1.0.0
version 2: k9mail-k_9-2.0.0
compilation unit: 0060-k9mail-k_9-5.704/app/core/src/main/java/com/fsck/k9/Preferences.java
method: getPreferences(Context)
constraints in k9mail-k_9-1.0.0
	AndroidXGuardedBy condition: ""accountLock"" , add info: -
	AndroidXGuardedBy condition: ""accountLock"" , add info: -
	AndroidXGuardedBy condition: ""accountLock"" , add info: -
constraints in k9mail-k_9-2.0.0

CANNOT_BE_CLASSIFIED
version 1: k9mail-k_9-1.0.0
version 2: k9mail-k_9-2.0.0
compilation unit: 0060-k9mail-k_9-5.704/app/k9mail/src/main/java/com/fsck/k9/directshare/K9ChooserTargetService.java
method: -
constraints in k9mail-k_9-1.0.0
	AndroidTargetApi condition: "Build.VERSION_CODES.M" , add info: -
constraints in k9mail-k_9-2.0.0

CANNOT_BE_CLASSIFIED
version 1: k9mail-k_9-1.0.0
version 2: k9mail-k_9-2.0.0
compilation unit: 0060-k9mail-k_9-5.704/app/storage/src/main/java/com/fsck/k9/storage/migrations/MigrationTo51.java
method: db51MigrateMessageFormat(SQLiteDatabase,
constraints in k9mail-k_9-1.0.0
	AndroidXVisibleForTesting condition: "" , add info: -
constraints in k9mail-k_9-2.0.0

CANNOT_BE_CLASSIFIED
version 1: k9mail-k_9-1.0.0
version 2: k9mail-k_9-2.0.0
compilation unit: 0060-k9mail-k_9-5.704/app/storage/src/main/java/com/fsck/k9/storage/migrations/MigrationTo60.java
method: migratePendingCommands(SQLiteDatabase)
constraints in k9mail-k_9-1.0.0
	AndroidXVisibleForTesting condition: "" , add info: -
constraints in k9mail-k_9-2.0.0

CANNOT_BE_CLASSIFIED
version 1: k9mail-k_9-1.0.0
version 2: k9mail-k_9-2.0.0
compilation unit: 0060-k9mail-k_9-5.704/app/ui/src/main/java/com/fsck/k9/activity/compose/PgpEnabledErrorDialog.java
method: onCreateDialog(Bundle)
constraints in k9mail-k_9-1.0.0
	AndroidSuppressLint condition: ""InflateParams"" , add info: -
constraints in k9mail-k_9-2.0.0

CANNOT_BE_CLASSIFIED
version 1: k9mail-k_9-1.0.0
version 2: k9mail-k_9-2.0.0
compilation unit: 0060-k9mail-k_9-5.704/app/ui/src/main/java/com/fsck/k9/activity/compose/PgpEncryptDescriptionDialog.java
method: onCreateDialog(Bundle)
constraints in k9mail-k_9-1.0.0
	AndroidSuppressLint condition: ""InflateParams"" , add info: -
constraints in k9mail-k_9-2.0.0

CANNOT_BE_CLASSIFIED
version 1: k9mail-k_9-1.0.0
version 2: k9mail-k_9-2.0.0
compilation unit: 0060-k9mail-k_9-5.704/app/ui/src/main/java/com/fsck/k9/activity/compose/PgpInlineDialog.java
method: onCreateDialog(Bundle)
constraints in k9mail-k_9-1.0.0
	AndroidSuppressLint condition: ""InflateParams"" , add info: -
constraints in k9mail-k_9-2.0.0

CANNOT_BE_CLASSIFIED
version 1: k9mail-k_9-1.0.0
version 2: k9mail-k_9-2.0.0
compilation unit: 0060-k9mail-k_9-5.704/app/ui/src/main/java/com/fsck/k9/activity/compose/PgpSignOnlyDialog.java
method: onCreateDialog(Bundle)
constraints in k9mail-k_9-1.0.0
	AndroidSuppressLint condition: ""InflateParams"" , add info: -
constraints in k9mail-k_9-2.0.0

CANNOT_BE_CLASSIFIED
version 1: k9mail-k_9-1.0.0
version 2: k9mail-k_9-2.0.0
compilation unit: 0060-k9mail-k_9-5.704/app/ui/src/main/java/com/fsck/k9/activity/compose/RecipientPresenter.java
method: -
constraints in k9mail-k_9-1.0.0
	AndroidXNullable condition: "" , add info: -
constraints in k9mail-k_9-2.0.0

CANNOT_BE_CLASSIFIED
version 1: k9mail-k_9-1.0.0
version 2: k9mail-k_9-2.0.0
compilation unit: 0060-k9mail-k_9-5.704/app/ui/src/main/java/com/fsck/k9/activity/MessageLoaderHelper.java
method: -
constraints in k9mail-k_9-1.0.0
	AndroidXNullable condition: "" , add info: -
constraints in k9mail-k_9-2.0.0

CANNOT_BE_CLASSIFIED
version 1: k9mail-k_9-1.0.0
version 2: k9mail-k_9-2.0.0
compilation unit: 0060-k9mail-k_9-5.704/app/ui/src/main/java/com/fsck/k9/ui/crypto/MessageCryptoHelper.java
method: -
constraints in k9mail-k_9-1.0.0
	AndroidXNullable condition: "" , add info: -
constraints in k9mail-k_9-2.0.0

CANNOT_BE_CLASSIFIED
version 1: k9mail-k_9-1.0.0
version 2: k9mail-k_9-2.0.0
compilation unit: 0060-k9mail-k_9-5.704/app/ui/src/main/java/com/fsck/k9/ui/dialog/ApgDeprecationWarningDialog.java
method: ApgDeprecationWarningDialog(Context)
constraints in k9mail-k_9-1.0.0
	AndroidSuppressLint condition: ""InflateParams"" , add info: -
constraints in k9mail-k_9-2.0.0

CANNOT_BE_CLASSIFIED
version 1: k9mail-k_9-1.0.0
version 2: k9mail-k_9-2.0.0
compilation unit: 0060-k9mail-k_9-5.704/app/ui/src/main/java/com/fsck/k9/ui/message/LocalMessageExtractorLoader.java
method: -
constraints in k9mail-k_9-1.0.0
	AndroidXNullable condition: "" , add info: -
constraints in k9mail-k_9-2.0.0

CANNOT_BE_CLASSIFIED
version 1: k9mail-k_9-1.0.0
version 2: k9mail-k_9-2.0.0
compilation unit: 0060-k9mail-k_9-5.704/app/ui/src/main/java/com/fsck/k9/view/K9WebViewClient.java
method: -
constraints in k9mail-k_9-1.0.0
	AndroidXNullable condition: "" , add info: -
constraints in k9mail-k_9-2.0.0

CANNOT_BE_CLASSIFIED
version 1: k9mail-k_9-1.0.0
version 2: k9mail-k_9-2.0.0
compilation unit: 0060-k9mail-k_9-5.704/app/ui/src/main/java/com/fsck/k9/view/MessageCryptoDisplayStatus.java
method: -
constraints in k9mail-k_9-1.0.0
	AndroidXAttrRes condition: "" , add info: -
	AndroidXDrawableRes condition: "" , add info: -
	AndroidXStringRes condition: "" , add info: -
	AndroidXStringRes condition: "" , add info: -
constraints in k9mail-k_9-2.0.0

CANNOT_BE_CLASSIFIED
version 1: k9mail-k_9-1.0.0
version 2: k9mail-k_9-2.0.0
compilation unit: 0060-k9mail-k_9-5.704/app/ui/src/main/java/com/fsck/k9/view/RecipientSelectView.java
method: -
constraints in k9mail-k_9-1.0.0
	AndroidXNullable condition: "" , add info: -
	AndroidXNullable condition: "" , add info: -
constraints in k9mail-k_9-2.0.0

CANNOT_BE_CLASSIFIED
version 1: k9mail-k_9-1.0.0
version 2: k9mail-k_9-2.0.0
compilation unit: 0060-k9mail-k_9-5.704/app/ui/src/main/java/com/fsck/k9/view/RecipientSelectView.java
method: RecipientTokenSpan(View, Recipient, int)
constraints in k9mail-k_9-1.0.0
	AndroidXNullable condition: "" , add info: -
	AndroidXNonNull condition: "" , add info: -
	AndroidXNullable condition: "" , add info: -
	AndroidXNonNull condition: "" , add info: -
constraints in k9mail-k_9-2.0.0

CANNOT_BE_CLASSIFIED
version 1: k9mail-k_9-1.0.0
version 2: k9mail-k_9-2.0.0
compilation unit: 0060-k9mail-k_9-5.704/mail/common/src/main/java/com/fsck/k9/mail/Address.java
method: -
constraints in k9mail-k_9-1.0.0
	AndroidXNonNull condition: "" , add info: -
constraints in k9mail-k_9-2.0.0

CANNOT_BE_CLASSIFIED
version 1: k9mail-k_9-1.0.0
version 2: k9mail-k_9-2.0.0
compilation unit: 0060-k9mail-k_9-5.704/mail/common/src/main/java/com/fsck/k9/mail/internet/TextBody.java
method: -
constraints in k9mail-k_9-1.0.0
	AndroidXNullable condition: "" , add info: -
	AndroidXNullable condition: "" , add info: -
constraints in k9mail-k_9-2.0.0

CANNOT_BE_CLASSIFIED
version 1: k9mail-k_9-1.0.0
version 2: k9mail-k_9-2.0.0
compilation unit: 0060-k9mail-k_9-5.704/mail/protocols/imap/src/test/java/com/fsck/k9/mail/store/imap/mockserver/MockImapServer.java
method: -
constraints in k9mail-k_9-1.0.0
	AndroidSuppressLint condition: ""NewApi"" , add info: -
constraints in k9mail-k_9-2.0.0

CANNOT_BE_CLASSIFIED
version 1: k9mail-k_9-1.0.0
version 2: k9mail-k_9-2.0.0
compilation unit: 0060-k9mail-k_9-5.704/mail/protocols/pop3/src/main/java/com/fsck/k9/mail/store/pop3/Pop3Folder.java
method: -
constraints in k9mail-k_9-1.0.0
	AndroidSuppressLint condition: ""UseSparseArrays"" , add info: -
constraints in k9mail-k_9-2.0.0

CANNOT_BE_CLASSIFIED
version 1: k9mail-k_9-1.0.0
version 2: k9mail-k_9-2.0.0
compilation unit: 0060-k9mail-k_9-5.704/mail/protocols/pop3/src/test/java/com/fsck/k9/mail/store/pop3/MockPop3Server.java
method: -
constraints in k9mail-k_9-1.0.0
	AndroidSuppressLint condition: ""NewApi"" , add info: -
constraints in k9mail-k_9-2.0.0

CANNOT_BE_CLASSIFIED
version 1: k9mail-k_9-1.0.0
version 2: k9mail-k_9-2.0.0
compilation unit: 0060-k9mail-k_9-5.704/mail/protocols/smtp/src/test/java/com/fsck/k9/mail/transport/mockServer/MockSmtpServer.java
method: -
constraints in k9mail-k_9-1.0.0
	AndroidSuppressLint condition: ""NewApi"" , add info: -
constraints in k9mail-k_9-2.0.0

CANNOT_BE_CLASSIFIED
version 1: k9mail-k_9-1.0.0
version 2: k9mail-k_9-2.0.0
compilation unit: 0060-k9mail-k_9-5.704/mail/testing/src/main/java/com/fsck/k9/mail/helpers/VeryTrustingTrustManager.java
method: -
constraints in k9mail-k_9-1.0.0
	AndroidSuppressLint condition: ""TrustAllX509TrustManager"" , add info: -
constraints in k9mail-k_9-2.0.0

CANNOT_BE_CLASSIFIED
version 1: k9mail-k_9-1.0.0
version 2: k9mail-k_9-2.0.0
compilation unit: 0060-k9mail-k_9-5.704/plugins/openpgp-api-lib/openpgp-api/src/main/java/org/openintents/openpgp/OpenPgpApiManager.java
method: -
constraints in k9mail-k_9-1.0.0
	AndroidXNullable condition: "" , add info: -
	AndroidXNullable condition: "" , add info: -
constraints in k9mail-k_9-2.0.0

CANNOT_BE_CLASSIFIED
version 1: konradrenner-kolabnotes_android-1.0.0
version 2: konradrenner-kolabnotes_android-2.0.0
compilation unit: 0374-konradrenner-kolabnotes_android-2.1.2/app/src/main/java/org/kore/kolabnotes/android/setting/SettingsActivity.java
method: isValidFragment(String)
constraints in konradrenner-kolabnotes_android-1.0.0
	AndroidTargetApi condition: "Build.VERSION_CODES.HONEYCOMB" , add info: -
constraints in konradrenner-kolabnotes_android-2.0.0

CANNOT_BE_CLASSIFIED
version 1: konradrenner-kolabnotes_android-1.0.0
version 2: konradrenner-kolabnotes_android-2.0.0
compilation unit: 0374-konradrenner-kolabnotes_android-2.1.2/app/src/main/java/org/kore/kolabnotes/android/setting/SettingsActivity.java
method: onCreate(Bundle)
constraints in konradrenner-kolabnotes_android-1.0.0
	AndroidTargetApi condition: "Build.VERSION_CODES.HONEYCOMB" , add info: -
	AndroidTargetApi condition: "Build.VERSION_CODES.HONEYCOMB" , add info: -
constraints in konradrenner-kolabnotes_android-2.0.0

CANNOT_BE_CLASSIFIED
version 1: marq24-UUID0xFD6FTracer-1.0.0
version 2: marq24-UUID0xFD6FTracer-2.0.0
compilation unit: 0294-marq24-UUID0xFD6FTracer-0.9.0.1/app/src/main/java/com/emacberry/uuid0xfd6ftracer/NotificationHelper.java
method: getBaseNotificationChannelId(Context)
constraints in marq24-UUID0xFD6FTracer-1.0.0
	AndroidTargetApi condition: "Build.VERSION_CODES.O" , add info: -
constraints in marq24-UUID0xFD6FTracer-2.0.0

CANNOT_BE_CLASSIFIED
version 1: marq24-UUID0xFD6FTracer-1.0.0
version 2: marq24-UUID0xFD6FTracer-2.0.0
compilation unit: 0294-marq24-UUID0xFD6FTracer-0.9.0.1/app/src/main/java/com/emacberry/uuid0xfd6ftracer/ui/main/SectionsPagerAdapter.java
method: -
constraints in marq24-UUID0xFD6FTracer-1.0.0
	AndroidXStringRes condition: "" , add info: -
constraints in marq24-UUID0xFD6FTracer-2.0.0

CANNOT_BE_CLASSIFIED
version 1: marunjar-anewjkuapp-1.0.0
version 2: marunjar-anewjkuapp-2.0.0
compilation unit: 0120-marunjar-anewjkuapp-v0.32/aNewJKUApp/src/main/java/org/voidsink/anewjkuapp/calendar/CalendarContractWrapper.java
method: -
constraints in marunjar-anewjkuapp-1.0.0
	AndroidSuppressLint condition: ""NewApi"" , add info: -
constraints in marunjar-anewjkuapp-2.0.0

CANNOT_BE_CLASSIFIED
version 1: marunjar-anewjkuapp-1.0.0
version 2: marunjar-anewjkuapp-2.0.0
compilation unit: 0120-marunjar-anewjkuapp-v0.32/aNewJKUApp/src/main/java/org/voidsink/anewjkuapp/fragment/GradeDetailFragment.java
method: -
constraints in marunjar-anewjkuapp-1.0.0
	AndroidSuppressLint condition: ""ValidFragment"" , add info: -
constraints in marunjar-anewjkuapp-2.0.0

CANNOT_BE_CLASSIFIED
version 1: marunjar-anewjkuapp-1.0.0
version 2: marunjar-anewjkuapp-2.0.0
compilation unit: 0120-marunjar-anewjkuapp-v0.32/aNewJKUApp/src/main/java/org/voidsink/anewjkuapp/fragment/LvaDetailFragment.java
method: LvaDetailFragment(List<String>)
constraints in marunjar-anewjkuapp-1.0.0
	AndroidSuppressLint condition: ""ValidFragment"" , add info: -
constraints in marunjar-anewjkuapp-2.0.0

CANNOT_BE_CLASSIFIED
version 1: marunjar-anewjkuapp-1.0.0
version 2: marunjar-anewjkuapp-2.0.0
compilation unit: 0120-marunjar-anewjkuapp-v0.32/aNewJKUApp/src/main/java/org/voidsink/anewjkuapp/fragment/StatFragmentDetail.java
method: -
constraints in marunjar-anewjkuapp-1.0.0
	AndroidSuppressLint condition: ""ValidFragment"" , add info: -
constraints in marunjar-anewjkuapp-2.0.0

CANNOT_BE_CLASSIFIED
version 1: marunjar-anewjkuapp-1.0.0
version 2: marunjar-anewjkuapp-2.0.0
compilation unit: 0120-marunjar-anewjkuapp-v0.32/aNewJKUApp/src/main/java/org/voidsink/anewjkuapp/KusssCalendarSyncAdapter.java
method: KusssCalendarSyncAdapter(Context, boolean, boolean)
constraints in marunjar-anewjkuapp-1.0.0
	AndroidTargetApi condition: "Build.VERSION_CODES.HONEYCOMB" , add info: -
constraints in marunjar-anewjkuapp-2.0.0

CANNOT_BE_CLASSIFIED
version 1: marunjar-anewjkuapp-1.0.0
version 2: marunjar-anewjkuapp-2.0.0
compilation unit: 0120-marunjar-anewjkuapp-v0.32/aNewJKUApp/src/main/java/org/voidsink/anewjkuapp/KusssSyncAdapter.java
method: KusssSyncAdapter(Context, boolean, boolean)
constraints in marunjar-anewjkuapp-1.0.0
	AndroidTargetApi condition: "Build.VERSION_CODES.HONEYCOMB" , add info: -
constraints in marunjar-anewjkuapp-2.0.0

CANNOT_BE_CLASSIFIED
version 1: mathisdt-trackworktime-1.0.0
version 2: mathisdt-trackworktime-2.0.0
compilation unit: 0002-mathisdt-trackworktime-v1.0.0/app/src/main/java/org/zephyrsoft/trackworktime/backup/DbBackupHelper.java
method: -
constraints in mathisdt-trackworktime-1.0.0
	AndroidTargetApi condition: "Build.VERSION_CODES.FROYO" , add info: -
constraints in mathisdt-trackworktime-2.0.0

CANNOT_BE_CLASSIFIED
version 1: mathisdt-trackworktime-1.0.0
version 2: mathisdt-trackworktime-2.0.0
compilation unit: 0002-mathisdt-trackworktime-v1.0.0/app/src/main/java/org/zephyrsoft/trackworktime/backup/WorkTimeTrackerBackupAgentHelper.java
method: -
constraints in mathisdt-trackworktime-1.0.0
	AndroidTargetApi condition: "Build.VERSION_CODES.FROYO" , add info: -
constraints in mathisdt-trackworktime-2.0.0

CANNOT_BE_CLASSIFIED
version 1: mathisdt-trackworktime-1.0.0
version 2: mathisdt-trackworktime-2.0.0
compilation unit: 0002-mathisdt-trackworktime-v1.0.0/app/src/main/java/org/zephyrsoft/trackworktime/backup/WorkTimeTrackerBackupManager.java
method: WorkTimeTrackerBackupManager(Context)
constraints in mathisdt-trackworktime-1.0.0
	AndroidTargetApi condition: "Build.VERSION_CODES.FROYO" , add info: -
constraints in mathisdt-trackworktime-2.0.0

CANNOT_BE_CLASSIFIED
version 1: mozilla_mobile-focus_android-1.0.0
version 2: mozilla_mobile-focus_android-2.0.0
compilation unit: 0262-mozilla_mobile-focus_android-v8.2.0/app/src/main/java/org/mozilla/focus/webview/LinkHandler.java
method: -
constraints in mozilla_mobile-focus_android-1.0.0
	AndroidXNullable condition: "" , add info: -
constraints in mozilla_mobile-focus_android-2.0.0

CANNOT_BE_CLASSIFIED
version 1: mozilla_mobile-focus_android-1.0.0
version 2: mozilla_mobile-focus_android-2.0.0
compilation unit: 0262-mozilla_mobile-focus_android-v8.2.0/app/src/main/java/org/mozilla/focus/widget/ResizableKeyboardViewDelegate.java
method: -
constraints in mozilla_mobile-focus_android-1.0.0
	AndroidXNullable condition: "" , add info: -
constraints in mozilla_mobile-focus_android-2.0.0

CANNOT_BE_CLASSIFIED
version 1: mpcjanssen-simpletask_android-1.0.0
version 2: mpcjanssen-simpletask_android-2.0.0
compilation unit: 0276-mpcjanssen-simpletask_android-6.2.0/src/main/java/com/mobeta/android/dslv/SimpleFloatViewManager.java
method: -
constraints in mpcjanssen-simpletask_android-1.0.0
	JetBrainsNullable condition: "" , add info: -
constraints in mpcjanssen-simpletask_android-2.0.0

CANNOT_BE_CLASSIFIED
version 1: mtotschnig-MyExpenses-1.0.0
version 2: mtotschnig-MyExpenses-2.0.0
compilation unit: 0076-mtotschnig-MyExpenses-r113/src/com/android/calendar/CalendarContractCompat.java
method: -
constraints in mtotschnig-MyExpenses-1.0.0
	AndroidSuppressLint condition: "{ "NewApi", "InlinedApi" }" , add info: -
constraints in mtotschnig-MyExpenses-2.0.0

CANNOT_BE_CLASSIFIED
version 1: nerzhul-ncsms_android-1.0.0
version 2: nerzhul-ncsms_android-2.0.0
compilation unit: 0054-nerzhul-ncsms_android-1.0.0/src/main/java/fr/unix_experience/owncloud_sms/activities/LoginActivity.java
method: -
constraints in nerzhul-ncsms_android-1.0.0
	AndroidTargetApi condition: "Build.VERSION_CODES.HONEYCOMB" , add info: -
constraints in nerzhul-ncsms_android-2.0.0

CANNOT_BE_CLASSIFIED
version 1: nerzhul-ncsms_android-1.0.0
version 2: nerzhul-ncsms_android-2.0.0
compilation unit: 0054-nerzhul-ncsms_android-1.0.0/src/main/java/fr/unix_experience/owncloud_sms/activities/remote_account/ContactListActivity.java
method: onCreate(Bundle)
constraints in nerzhul-ncsms_android-1.0.0
	JavaAssert condition: "getIntent().getExtras() != null" , add info: -
	JavaAssert condition: "accountName != null" , add info: -
	JavaAssert condition: "contactPhoneListView != null" , add info: -
	JavaAssert condition: "sp != null" , add info: -
constraints in nerzhul-ncsms_android-2.0.0

CANNOT_BE_CLASSIFIED
version 1: nerzhul-ncsms_android-1.0.0
version 2: nerzhul-ncsms_android-2.0.0
compilation unit: 0054-nerzhul-ncsms_android-1.0.0/src/main/java/fr/unix_experience/owncloud_sms/activities/remote_account/ContactListActivity.java
method: onNothingSelected(AdapterView<?>)
constraints in nerzhul-ncsms_android-1.0.0
	JavaAssert condition: "contactProgressBar != null" , add info: -
constraints in nerzhul-ncsms_android-2.0.0

CANNOT_BE_CLASSIFIED
version 1: nerzhul-ncsms_android-1.0.0
version 2: nerzhul-ncsms_android-2.0.0
compilation unit: 0054-nerzhul-ncsms_android-1.0.0/src/main/java/fr/unix_experience/owncloud_sms/activities/virtual/VirtualSettingsActivity.java
method: bindPreferenceStringToValue(Preference,
constraints in nerzhul-ncsms_android-1.0.0
	AndroidTargetApi condition: "Build.VERSION_CODES.HONEYCOMB" , add info: -
constraints in nerzhul-ncsms_android-2.0.0

CANNOT_BE_CLASSIFIED
version 1: nerzhul-ncsms_android-1.0.0
version 2: nerzhul-ncsms_android-2.0.0
compilation unit: 0054-nerzhul-ncsms_android-1.0.0/src/main/java/fr/unix_experience/owncloud_sms/providers/AndroidVersionProvider.java
method: AndroidVersionProvider(Context)
constraints in nerzhul-ncsms_android-1.0.0
	JavaAssert condition: "(context != null)" , add info: -
constraints in nerzhul-ncsms_android-2.0.0

CANNOT_BE_CLASSIFIED
version 1: nextcloud-android-1.0.0
version 2: nextcloud-android-2.0.0
compilation unit: 0056-nextcloud-android-stable_3.11.1/src/androidTest/java/com/owncloud/android/util/EncryptionTestIT.java
method: -
constraints in nextcloud-android-1.0.0
	AndroidXRequiresApi condition: "[api = Build.VERSION_CODES.KITKAT]" , add info: -
constraints in nextcloud-android-2.0.0

CANNOT_BE_CLASSIFIED
version 1: nextcloud-android-1.0.0
version 2: nextcloud-android-2.0.0
compilation unit: 0056-nextcloud-android-stable_3.11.1/src/main/java/com/owncloud/android/datamodel/FileSystemDataSet.java
method: -
constraints in nextcloud-android-1.0.0
	AndroidXNullable condition: "" , add info: -
constraints in nextcloud-android-2.0.0

CANNOT_BE_CLASSIFIED
version 1: nextcloud-android-1.0.0
version 2: nextcloud-android-2.0.0
compilation unit: 0056-nextcloud-android-stable_3.11.1/src/main/java/com/owncloud/android/operations/RemoveRemoteEncryptedFileOperation.java
method: -
constraints in nextcloud-android-1.0.0
	AndroidXRequiresApi condition: "[api = Build.VERSION_CODES.KITKAT]" , add info: -
constraints in nextcloud-android-2.0.0

CANNOT_BE_CLASSIFIED
version 1: nextcloud-android-1.0.0
version 2: nextcloud-android-2.0.0
compilation unit: 0056-nextcloud-android-stable_3.11.1/src/main/java/com/owncloud/android/providers/DocumentsStorageProvider.java
method: -
constraints in nextcloud-android-1.0.0
	AndroidTargetApi condition: "Build.VERSION_CODES.KITKAT" , add info: -
constraints in nextcloud-android-2.0.0

CANNOT_BE_CLASSIFIED
version 1: nextcloud-android-1.0.0
version 2: nextcloud-android-2.0.0
compilation unit: 0056-nextcloud-android-stable_3.11.1/src/main/java/com/owncloud/android/ui/activity/RequestCredentialsActivity.java
method: -
constraints in nextcloud-android-1.0.0
	AndroidXRequiresApi condition: "Build.VERSION_CODES.M" , add info: -
constraints in nextcloud-android-2.0.0

CANNOT_BE_CLASSIFIED
version 1: nextcloud-android-1.0.0
version 2: nextcloud-android-2.0.0
compilation unit: 0056-nextcloud-android-stable_3.11.1/src/main/java/com/owncloud/android/ui/activity/RichDocumentsEditorWebView.java
method: -
constraints in nextcloud-android-1.0.0
	AndroidXRequiresApi condition: "[api = Build.VERSION_CODES.LOLLIPOP]" , add info: -
constraints in nextcloud-android-2.0.0

CANNOT_BE_CLASSIFIED
version 1: nextcloud-android-1.0.0
version 2: nextcloud-android-2.0.0
compilation unit: 0056-nextcloud-android-stable_3.11.1/src/main/java/com/owncloud/android/ui/activity/UserInfoActivity.java
method: onMessageEvent(TokenPushEvent)
constraints in nextcloud-android-1.0.0
	AndroidXDrawableRes condition: "" , add info: -
constraints in nextcloud-android-2.0.0

CANNOT_BE_CLASSIFIED
version 1: nextcloud-android-1.0.0
version 2: nextcloud-android-2.0.0
compilation unit: 0056-nextcloud-android-stable_3.11.1/src/main/java/com/owncloud/android/ui/adapter/PrintAdapter.java
method: -
constraints in nextcloud-android-1.0.0
	AndroidXRequiresApi condition: "[api = Build.VERSION_CODES.LOLLIPOP]" , add info: -
constraints in nextcloud-android-2.0.0

CANNOT_BE_CLASSIFIED
version 1: nextcloud-android-1.0.0
version 2: nextcloud-android-2.0.0
compilation unit: 0056-nextcloud-android-stable_3.11.1/src/main/java/com/owncloud/android/ui/asynctasks/PrintAsyncTask.java
method: -
constraints in nextcloud-android-1.0.0
	AndroidXRequiresApi condition: "[api = Build.VERSION_CODES.LOLLIPOP]" , add info: -
constraints in nextcloud-android-2.0.0

CANNOT_BE_CLASSIFIED
version 1: nextcloud-android-1.0.0
version 2: nextcloud-android-2.0.0
compilation unit: 0056-nextcloud-android-stable_3.11.1/src/main/java/com/owncloud/android/utils/DataHolderUtil.java
method: -
constraints in nextcloud-android-1.0.0
	AndroidSuppressLint condition: ""TrulyRandom"" , add info: -
constraints in nextcloud-android-2.0.0

CANNOT_BE_CLASSIFIED
version 1: nextcloud-android-1.0.0
version 2: nextcloud-android-2.0.0
compilation unit: 0056-nextcloud-android-stable_3.11.1/src/main/java/com/owncloud/android/utils/DeviceCredentialUtils.java
method: -
constraints in nextcloud-android-1.0.0
	AndroidXRequiresApi condition: "Build.VERSION_CODES.M" , add info: -
constraints in nextcloud-android-2.0.0

CANNOT_BE_CLASSIFIED
version 1: nextcloud-android-1.0.0
version 2: nextcloud-android-2.0.0
compilation unit: 0056-nextcloud-android-stable_3.11.1/src/main/java/com/owncloud/android/utils/DisplayUtils.java
method: useCompatVectorIfNeeded()
constraints in nextcloud-android-1.0.0
	AndroidSuppressLint condition: ""RestrictedApi"" , add info: -
constraints in nextcloud-android-2.0.0

CANNOT_BE_CLASSIFIED
version 1: nextcloud-android-1.0.0
version 2: nextcloud-android-2.0.0
compilation unit: 0056-nextcloud-android-stable_3.11.1/src/main/java/com/owncloud/android/utils/svg/SvgSoftwareLayerSetter.java
method: -
constraints in nextcloud-android-1.0.0
	AndroidTargetApi condition: "Build.VERSION_CODES.HONEYCOMB" , add info: -
constraints in nextcloud-android-2.0.0

CANNOT_BE_CLASSIFIED
version 1: nextcloud-android-1.0.0
version 2: nextcloud-android-2.0.0
compilation unit: 0056-nextcloud-android-stable_3.11.1/src/main/java/org/nextcloud/providers/cursors/FileCursor.java
method: -
constraints in nextcloud-android-1.0.0
	AndroidTargetApi condition: "Build.VERSION_CODES.KITKAT" , add info: -
constraints in nextcloud-android-2.0.0

CANNOT_BE_CLASSIFIED
version 1: nextcloud-android-1.0.0
version 2: nextcloud-android-2.0.0
compilation unit: 0056-nextcloud-android-stable_3.11.1/src/main/java/org/nextcloud/providers/cursors/RootCursor.java
method: -
constraints in nextcloud-android-1.0.0
	AndroidTargetApi condition: "Build.VERSION_CODES.KITKAT" , add info: -
constraints in nextcloud-android-2.0.0

CANNOT_BE_CLASSIFIED
version 1: niccokunzmann-coloring_book-1.0.0
version 2: niccokunzmann-coloring_book-2.0.0
compilation unit: 0258-niccokunzmann-coloring_book-None/src/main/java/org/androidsoft/coloring/util/ScreenUtils.java
method: collapse()
constraints in niccokunzmann-coloring_book-1.0.0
	AndroidSuppressLint condition: ""WrongConstant"" , add info: -
constraints in niccokunzmann-coloring_book-2.0.0

CANNOT_BE_CLASSIFIED
version 1: niccokunzmann-mundraub_android-1.0.0
version 2: niccokunzmann-mundraub_android-2.0.0
compilation unit: 0126-niccokunzmann-mundraub_android-v1.206/app/src/main/java/eu/quelltext/mundraub/activities/PlantListActivity.java
method: onResume()
constraints in niccokunzmann-mundraub_android-1.0.0
	JavaAssert condition: "recyclerView != null" , add info: -
constraints in niccokunzmann-mundraub_android-2.0.0

CANNOT_BE_CLASSIFIED
version 1: nikclayton-android_squeezer-1.0.0
version 2: nikclayton-android_squeezer-2.0.0
compilation unit: 0134-nikclayton-android_squeezer-None/Squeezer/src/main/java/uk/org/ngo/squeezer/ConnectActivity.java
method: -
constraints in nikclayton-android_squeezer-1.0.0
	AndroidXIntDef condition: "{ MANUAL_DISCONNECT, CONNECTION_FAILED, LOGIN_FAILED, INVALID_URL }" , add info: -
constraints in nikclayton-android_squeezer-2.0.0

CANNOT_BE_CLASSIFIED
version 1: nikclayton-android_squeezer-1.0.0
version 2: nikclayton-android_squeezer-2.0.0
compilation unit: 0134-nikclayton-android_squeezer-None/Squeezer/src/main/java/uk/org/ngo/squeezer/framework/BaseActivity.java
method: -
constraints in nikclayton-android_squeezer-1.0.0
	AndroidXNullable condition: "" , add info: -
	AndroidXNullable condition: "" , add info: -
constraints in nikclayton-android_squeezer-2.0.0

CANNOT_BE_CLASSIFIED
version 1: nikclayton-android_squeezer-1.0.0
version 2: nikclayton-android_squeezer-2.0.0
compilation unit: 0134-nikclayton-android_squeezer-None/Squeezer/src/main/java/uk/org/ngo/squeezer/framework/BaseActivity.java
method: onEventMainThread(DisplayEvent)
constraints in nikclayton-android_squeezer-1.0.0
	AndroidXDrawableRes condition: "" , add info: -
constraints in nikclayton-android_squeezer-2.0.0

CANNOT_BE_CLASSIFIED
version 1: nikclayton-android_squeezer-1.0.0
version 2: nikclayton-android_squeezer-2.0.0
compilation unit: 0134-nikclayton-android_squeezer-None/Squeezer/src/main/java/uk/org/ngo/squeezer/framework/ViewParamItemView.java
method: -
constraints in nikclayton-android_squeezer-1.0.0
	AndroidXIntDef condition: "[flag = true, value = { VIEW_PARAM_ICON, VIEW_PARAM_TWO_LINE, VIEW_PARAM_CONTEXT_BUTTON }]" , add info: -
constraints in nikclayton-android_squeezer-2.0.0

CANNOT_BE_CLASSIFIED
version 1: nikclayton-android_squeezer-1.0.0
version 2: nikclayton-android_squeezer-2.0.0
compilation unit: 0134-nikclayton-android_squeezer-None/Squeezer/src/main/java/uk/org/ngo/squeezer/homescreenwidgets/RemoteButton.java
method: -
constraints in nikclayton-android_squeezer-1.0.0
	AndroidXDrawableRes condition: "" , add info: -
	AndroidXStringRes condition: "" , add info: -
constraints in nikclayton-android_squeezer-2.0.0

CANNOT_BE_CLASSIFIED
version 1: nikclayton-android_squeezer-1.0.0
version 2: nikclayton-android_squeezer-2.0.0
compilation unit: 0134-nikclayton-android_squeezer-None/Squeezer/src/main/java/uk/org/ngo/squeezer/itemlist/dialog/ArtworkListLayout.java
method: -
constraints in nikclayton-android_squeezer-1.0.0
	AndroidXStringRes condition: "" , add info: -
constraints in nikclayton-android_squeezer-2.0.0

CANNOT_BE_CLASSIFIED
version 1: nikclayton-android_squeezer-1.0.0
version 2: nikclayton-android_squeezer-2.0.0
compilation unit: 0134-nikclayton-android_squeezer-None/Squeezer/src/main/java/uk/org/ngo/squeezer/model/CurrentPlaylistItem.java
method: -
constraints in nikclayton-android_squeezer-1.0.0
	AndroidXNonNull condition: "" , add info: -
constraints in nikclayton-android_squeezer-2.0.0

CANNOT_BE_CLASSIFIED
version 1: nikclayton-android_squeezer-1.0.0
version 2: nikclayton-android_squeezer-2.0.0
compilation unit: 0134-nikclayton-android_squeezer-None/Squeezer/src/main/java/uk/org/ngo/squeezer/model/DisplayMessage.java
method: -
constraints in nikclayton-android_squeezer-1.0.0
	AndroidXNonNull condition: "" , add info: -
constraints in nikclayton-android_squeezer-2.0.0

CANNOT_BE_CLASSIFIED
version 1: nikclayton-android_squeezer-1.0.0
version 2: nikclayton-android_squeezer-2.0.0
compilation unit: 0134-nikclayton-android_squeezer-None/Squeezer/src/main/java/uk/org/ngo/squeezer/model/JiveItem.java
method: createFromParcel(Parcel)
constraints in nikclayton-android_squeezer-1.0.0
	AndroidXNonNull condition: "" , add info: -
	AndroidXNonNull condition: "" , add info: -
constraints in nikclayton-android_squeezer-2.0.0

CANNOT_BE_CLASSIFIED
version 1: nikclayton-android_squeezer-1.0.0
version 2: nikclayton-android_squeezer-2.0.0
compilation unit: 0134-nikclayton-android_squeezer-None/Squeezer/src/main/java/uk/org/ngo/squeezer/model/MenuStatusMessage.java
method: -
constraints in nikclayton-android_squeezer-1.0.0
	AndroidXNonNull condition: "" , add info: -
	AndroidXNonNull condition: "" , add info: -
	AndroidXNonNull condition: "" , add info: -
constraints in nikclayton-android_squeezer-2.0.0

CANNOT_BE_CLASSIFIED
version 1: nikclayton-android_squeezer-1.0.0
version 2: nikclayton-android_squeezer-2.0.0
compilation unit: 0134-nikclayton-android_squeezer-None/Squeezer/src/main/java/uk/org/ngo/squeezer/model/MusicFolderItem.java
method: -
constraints in nikclayton-android_squeezer-1.0.0
	AndroidXNonNull condition: "" , add info: -
constraints in nikclayton-android_squeezer-2.0.0

CANNOT_BE_CLASSIFIED
version 1: nikclayton-android_squeezer-1.0.0
version 2: nikclayton-android_squeezer-2.0.0
compilation unit: 0134-nikclayton-android_squeezer-None/Squeezer/src/main/java/uk/org/ngo/squeezer/model/PlayerState.java
method: describeContents()
constraints in nikclayton-android_squeezer-1.0.0
	AndroidXNonNull condition: "" , add info: -
	AndroidXNullable condition: "" , add info: -
	AndroidXNonNull condition: "" , add info: -
	AndroidXNonNull condition: "" , add info: -
constraints in nikclayton-android_squeezer-2.0.0

CANNOT_BE_CLASSIFIED
version 1: nikclayton-android_squeezer-1.0.0
version 2: nikclayton-android_squeezer-2.0.0
compilation unit: 0134-nikclayton-android_squeezer-None/Squeezer/src/main/java/uk/org/ngo/squeezer/model/PlayerState.java
method: setSubscriptionType(PlayerSubscriptionType)
constraints in nikclayton-android_squeezer-1.0.0
	AndroidXStringDef condition: "{ PLAY_STATE_PLAY, PLAY_STATE_PAUSE, PLAY_STATE_STOP }" , add info: -
constraints in nikclayton-android_squeezer-2.0.0

CANNOT_BE_CLASSIFIED
version 1: nikclayton-android_squeezer-1.0.0
version 2: nikclayton-android_squeezer-2.0.0
compilation unit: 0134-nikclayton-android_squeezer-None/Squeezer/src/main/java/uk/org/ngo/squeezer/model/Song.java
method: -
constraints in nikclayton-android_squeezer-1.0.0
	AndroidXNonNull condition: "" , add info: -
constraints in nikclayton-android_squeezer-2.0.0

CANNOT_BE_CLASSIFIED
version 1: nikclayton-android_squeezer-1.0.0
version 2: nikclayton-android_squeezer-2.0.0
compilation unit: 0134-nikclayton-android_squeezer-None/Squeezer/src/main/java/uk/org/ngo/squeezer/model/Window.java
method: -
constraints in nikclayton-android_squeezer-1.0.0
	AndroidXNonNull condition: "" , add info: -
constraints in nikclayton-android_squeezer-2.0.0

CANNOT_BE_CLASSIFIED
version 1: nikclayton-android_squeezer-1.0.0
version 2: nikclayton-android_squeezer-2.0.0
compilation unit: 0134-nikclayton-android_squeezer-None/Squeezer/src/main/java/uk/org/ngo/squeezer/NowPlayingFragment.java
method: -
constraints in nikclayton-android_squeezer-1.0.0
	AndroidXNullable condition: "" , add info: -
	AndroidXNullable condition: "" , add info: -
	AndroidXNullable condition: "" , add info: -
	AndroidXNullable condition: "" , add info: -
constraints in nikclayton-android_squeezer-2.0.0

CANNOT_BE_CLASSIFIED
version 1: nikclayton-android_squeezer-1.0.0
version 2: nikclayton-android_squeezer-2.0.0
compilation unit: 0134-nikclayton-android_squeezer-None/Squeezer/src/main/java/uk/org/ngo/squeezer/service/BaseClient.java
method: -
constraints in nikclayton-android_squeezer-1.0.0
	AndroidXNonNull condition: "" , add info: -
constraints in nikclayton-android_squeezer-2.0.0

CANNOT_BE_CLASSIFIED
version 1: nikclayton-android_squeezer-1.0.0
version 2: nikclayton-android_squeezer-2.0.0
compilation unit: 0134-nikclayton-android_squeezer-None/Squeezer/src/main/java/uk/org/ngo/squeezer/service/CometClient.java
method: -
constraints in nikclayton-android_squeezer-1.0.0
	AndroidXNonNull condition: "" , add info: -
	AndroidXNullable condition: "" , add info: -
constraints in nikclayton-android_squeezer-2.0.0

CANNOT_BE_CLASSIFIED
version 1: nikclayton-android_squeezer-1.0.0
version 2: nikclayton-android_squeezer-2.0.0
compilation unit: 0134-nikclayton-android_squeezer-None/Squeezer/src/main/java/uk/org/ngo/squeezer/service/ConnectionState.java
method: -
constraints in nikclayton-android_squeezer-1.0.0
	AndroidXIntDef condition: "{ DISCONNECTED, CONNECTION_STARTED, CONNECTION_FAILED, CONNECTION_COMPLETED, RECONNECT }" , add info: -
constraints in nikclayton-android_squeezer-2.0.0

CANNOT_BE_CLASSIFIED
version 1: nikclayton-android_squeezer-1.0.0
version 2: nikclayton-android_squeezer-2.0.0
compilation unit: 0134-nikclayton-android_squeezer-None/Squeezer/src/main/java/uk/org/ngo/squeezer/service/event/AlertEvent.java
method: -
constraints in nikclayton-android_squeezer-1.0.0
	AndroidXNonNull condition: "" , add info: -
constraints in nikclayton-android_squeezer-2.0.0

CANNOT_BE_CLASSIFIED
version 1: nikclayton-android_squeezer-1.0.0
version 2: nikclayton-android_squeezer-2.0.0
compilation unit: 0134-nikclayton-android_squeezer-None/Squeezer/src/main/java/uk/org/ngo/squeezer/service/event/DisplayEvent.java
method: -
constraints in nikclayton-android_squeezer-1.0.0
	AndroidXNonNull condition: "" , add info: -
constraints in nikclayton-android_squeezer-2.0.0

CANNOT_BE_CLASSIFIED
version 1: nikclayton-android_squeezer-1.0.0
version 2: nikclayton-android_squeezer-2.0.0
compilation unit: 0134-nikclayton-android_squeezer-None/Squeezer/src/main/java/uk/org/ngo/squeezer/service/event/HomeMenuEvent.java
method: -
constraints in nikclayton-android_squeezer-1.0.0
	AndroidXNonNull condition: "" , add info: -
constraints in nikclayton-android_squeezer-2.0.0

CANNOT_BE_CLASSIFIED
version 1: nikclayton-android_squeezer-1.0.0
version 2: nikclayton-android_squeezer-2.0.0
compilation unit: 0134-nikclayton-android_squeezer-None/Squeezer/src/main/java/uk/org/ngo/squeezer/service/event/MusicChanged.java
method: -
constraints in nikclayton-android_squeezer-1.0.0
	AndroidXNonNull condition: "" , add info: -
	AndroidXNonNull condition: "" , add info: -
constraints in nikclayton-android_squeezer-2.0.0

CANNOT_BE_CLASSIFIED
version 1: nikclayton-android_squeezer-1.0.0
version 2: nikclayton-android_squeezer-2.0.0
compilation unit: 0134-nikclayton-android_squeezer-None/Squeezer/src/main/java/uk/org/ngo/squeezer/service/event/PlayerStateChanged.java
method: -
constraints in nikclayton-android_squeezer-1.0.0
	AndroidXNonNull condition: "" , add info: -
constraints in nikclayton-android_squeezer-2.0.0

CANNOT_BE_CLASSIFIED
version 1: nikclayton-android_squeezer-1.0.0
version 2: nikclayton-android_squeezer-2.0.0
compilation unit: 0134-nikclayton-android_squeezer-None/Squeezer/src/main/java/uk/org/ngo/squeezer/service/event/PlayerVolume.java
method: -
constraints in nikclayton-android_squeezer-1.0.0
	AndroidXNonNull condition: "" , add info: -
constraints in nikclayton-android_squeezer-2.0.0

CANNOT_BE_CLASSIFIED
version 1: nikclayton-android_squeezer-1.0.0
version 2: nikclayton-android_squeezer-2.0.0
compilation unit: 0134-nikclayton-android_squeezer-None/Squeezer/src/main/java/uk/org/ngo/squeezer/service/event/PlaylistChanged.java
method: -
constraints in nikclayton-android_squeezer-1.0.0
	AndroidXNonNull condition: "" , add info: -
constraints in nikclayton-android_squeezer-2.0.0

CANNOT_BE_CLASSIFIED
version 1: nikclayton-android_squeezer-1.0.0
version 2: nikclayton-android_squeezer-2.0.0
compilation unit: 0134-nikclayton-android_squeezer-None/Squeezer/src/main/java/uk/org/ngo/squeezer/service/event/PlayStatusChanged.java
method: -
constraints in nikclayton-android_squeezer-1.0.0
	AndroidXNonNull condition: "" , add info: -
	AndroidXNonNull condition: "" , add info: -
constraints in nikclayton-android_squeezer-2.0.0

CANNOT_BE_CLASSIFIED
version 1: nikclayton-android_squeezer-1.0.0
version 2: nikclayton-android_squeezer-2.0.0
compilation unit: 0134-nikclayton-android_squeezer-None/Squeezer/src/main/java/uk/org/ngo/squeezer/service/event/PowerStatusChanged.java
method: -
constraints in nikclayton-android_squeezer-1.0.0
	AndroidXNonNull condition: "" , add info: -
constraints in nikclayton-android_squeezer-2.0.0

CANNOT_BE_CLASSIFIED
version 1: nikclayton-android_squeezer-1.0.0
version 2: nikclayton-android_squeezer-2.0.0
compilation unit: 0134-nikclayton-android_squeezer-None/Squeezer/src/main/java/uk/org/ngo/squeezer/service/event/RepeatStatusChanged.java
method: -
constraints in nikclayton-android_squeezer-1.0.0
	AndroidXNonNull condition: "" , add info: -
	AndroidXNonNull condition: "" , add info: -
constraints in nikclayton-android_squeezer-2.0.0

CANNOT_BE_CLASSIFIED
version 1: nikclayton-android_squeezer-1.0.0
version 2: nikclayton-android_squeezer-2.0.0
compilation unit: 0134-nikclayton-android_squeezer-None/Squeezer/src/main/java/uk/org/ngo/squeezer/service/event/ShuffleStatusChanged.java
method: -
constraints in nikclayton-android_squeezer-1.0.0
	AndroidXNonNull condition: "" , add info: -
	AndroidXNonNull condition: "" , add info: -
constraints in nikclayton-android_squeezer-2.0.0

CANNOT_BE_CLASSIFIED
version 1: nikclayton-android_squeezer-1.0.0
version 2: nikclayton-android_squeezer-2.0.0
compilation unit: 0134-nikclayton-android_squeezer-None/Squeezer/src/main/java/uk/org/ngo/squeezer/service/event/SongTimeChanged.java
method: -
constraints in nikclayton-android_squeezer-1.0.0
	AndroidXNonNull condition: "" , add info: -
constraints in nikclayton-android_squeezer-2.0.0

CANNOT_BE_CLASSIFIED
version 1: nikclayton-android_squeezer-1.0.0
version 2: nikclayton-android_squeezer-2.0.0
compilation unit: 0134-nikclayton-android_squeezer-None/Squeezer/src/main/java/uk/org/ngo/squeezer/service/SlimDelegate.java
method: -
constraints in nikclayton-android_squeezer-1.0.0
	AndroidXNonNull condition: "" , add info: -
constraints in nikclayton-android_squeezer-2.0.0

CANNOT_BE_CLASSIFIED
version 1: nikclayton-android_squeezer-1.0.0
version 2: nikclayton-android_squeezer-2.0.0
compilation unit: 0134-nikclayton-android_squeezer-None/Squeezer/src/main/java/uk/org/ngo/squeezer/service/SqueezeService.java
method: -
constraints in nikclayton-android_squeezer-1.0.0
	AndroidXNonNull condition: "" , add info: -
constraints in nikclayton-android_squeezer-2.0.0

CANNOT_BE_CLASSIFIED
version 1: nikclayton-android_squeezer-1.0.0
version 2: nikclayton-android_squeezer-2.0.0
compilation unit: 0134-nikclayton-android_squeezer-None/Squeezer/src/main/java/uk/org/ngo/squeezer/util/AsyncTask.java
method: scheduleNext()
constraints in nikclayton-android_squeezer-1.0.0
	AndroidXIntDef condition: "{ PENDING, RUNNING, FINISHED }" , add info: -
constraints in nikclayton-android_squeezer-2.0.0

CANNOT_BE_CLASSIFIED
version 1: nikclayton-android_squeezer-1.0.0
version 2: nikclayton-android_squeezer-2.0.0
compilation unit: 0134-nikclayton-android_squeezer-None/Squeezer/src/main/java/uk/org/ngo/squeezer/util/ImageWorker.java
method: -
constraints in nikclayton-android_squeezer-1.0.0
	AndroidXIntDef condition: "{ MESSAGE_CLEAR, MESSAGE_INIT_DISK_CACHE, MESSAGE_FLUSH, MESSAGE_CLOSE, MESSAGE_CLEAR_MEMORY_CACHE }" , add info: -
constraints in nikclayton-android_squeezer-2.0.0

CANNOT_BE_CLASSIFIED
version 1: nikclayton-android_squeezer-1.0.0
version 2: nikclayton-android_squeezer-2.0.0
compilation unit: 0134-nikclayton-android_squeezer-None/Squeezer/src/main/java/uk/org/ngo/squeezer/util/ImageWorker.java
method: getBitmapWorkerTask(ImageView)
constraints in nikclayton-android_squeezer-1.0.0
	AndroidXNonNull condition: "" , add info: -
	AndroidXNonNull condition: "" , add info: -
constraints in nikclayton-android_squeezer-2.0.0

CANNOT_BE_CLASSIFIED
version 1: nikclayton-android_squeezer-1.0.0
version 2: nikclayton-android_squeezer-2.0.0
compilation unit: 0134-nikclayton-android_squeezer-None/Squeezer/src/main/java/uk/org/ngo/squeezer/util/ThemeManager.java
method: -
constraints in nikclayton-android_squeezer-1.0.0
	AndroidXStyleRes condition: "" , add info: -
	AndroidXStringRes condition: "" , add info: -
	AndroidXStyleRes condition: "" , add info: -
constraints in nikclayton-android_squeezer-2.0.0

CANNOT_BE_CLASSIFIED
version 1: nikclayton-android_squeezer-1.0.0
version 2: nikclayton-android_squeezer-2.0.0
compilation unit: 0134-nikclayton-android_squeezer-None/Squeezer/src/main/java/uk/org/ngo/squeezer/VolumePanel.java
method: VolumePanel(BaseActivity)
constraints in nikclayton-android_squeezer-1.0.0
	AndroidSuppressLint condition: "{ "InflateParams" }" , add info: -
constraints in nikclayton-android_squeezer-2.0.0

CANNOT_BE_CLASSIFIED
version 1: nikclayton-android_squeezer-1.0.0
version 2: nikclayton-android_squeezer-2.0.0
compilation unit: 0134-nikclayton-android_squeezer-None/Squeezer/src/main/java/uk/org/ngo/squeezer/widget/SquareImageView.java
method: -
constraints in nikclayton-android_squeezer-1.0.0
	AndroidSuppressLint condition: ""NewApi"" , add info: -
constraints in nikclayton-android_squeezer-2.0.0

CANNOT_BE_CLASSIFIED
version 1: nikclayton-android_squeezer-1.0.0
version 2: nikclayton-android_squeezer-2.0.0
compilation unit: 0134-nikclayton-android_squeezer-None/Squeezer/src/main/java/uk/org/ngo/squeezer/widget/SquareImageView.java
method: SquareImageView(Context)
constraints in nikclayton-android_squeezer-1.0.0
	AndroidSuppressLint condition: ""NewApi"" , add info: -
constraints in nikclayton-android_squeezer-2.0.0

CANNOT_BE_CLASSIFIED
version 1: nikclayton-android_squeezer-1.0.0
version 2: nikclayton-android_squeezer-2.0.0
compilation unit: 0134-nikclayton-android_squeezer-None/Squeezer/src/main/java/uk/org/ngo/squeezer/widget/SquareImageView.java
method: SquareImageView(Context, AttributeSet)
constraints in nikclayton-android_squeezer-1.0.0
	AndroidSuppressLint condition: ""NewApi"" , add info: -
constraints in nikclayton-android_squeezer-2.0.0

CANNOT_BE_CLASSIFIED
version 1: nikclayton-android_squeezer-1.0.0
version 2: nikclayton-android_squeezer-2.0.0
compilation unit: 0134-nikclayton-android_squeezer-None/Squeezer/src/main/java/uk/org/ngo/squeezer/widget/SquareImageView.java
method: SquareImageView(Context, AttributeSet, int)
constraints in nikclayton-android_squeezer-1.0.0
	AndroidSuppressLint condition: ""NewApi"" , add info: -
constraints in nikclayton-android_squeezer-2.0.0

CANNOT_BE_CLASSIFIED
version 1: nikita36078-J2ME_Loader-1.0.0
version 2: nikita36078-J2ME_Loader-2.0.0
compilation unit: 0320-nikita36078-J2ME_Loader-1.4.1/app/src/main/java/ru/playsoftware/j2meloader/base/BaseActivity.java
method: -
constraints in nikita36078-J2ME_Loader-1.0.0
	AndroidSuppressLint condition: ""Registered"" , add info: -
constraints in nikita36078-J2ME_Loader-2.0.0

CANNOT_BE_CLASSIFIED
version 1: nilsbraden-ttrss_reader_fork-1.0.0
version 2: nilsbraden-ttrss_reader_fork-2.0.0
compilation unit: 0050-nilsbraden-ttrss_reader_fork-Test_Issue_#331/ttrssreader/src/main/java/org/ttrssreader/controllers/Data.java
method: -
constraints in nilsbraden-ttrss_reader_fork-1.0.0
	AndroidSuppressLint condition: ""UseSparseArrays"" , add info: -
constraints in nilsbraden-ttrss_reader_fork-2.0.0

CANNOT_BE_CLASSIFIED
version 1: nilsbraden-ttrss_reader_fork-1.0.0
version 2: nilsbraden-ttrss_reader_fork-2.0.0
compilation unit: 0050-nilsbraden-ttrss_reader_fork-Test_Issue_#331/ttrssreader/src/main/java/org/ttrssreader/utils/WakeLocker.java
method: -
constraints in nilsbraden-ttrss_reader_fork-1.0.0
	AndroidSuppressLint condition: ""Wakelock"" , add info: -
constraints in nilsbraden-ttrss_reader_fork-2.0.0

CANNOT_BE_CLASSIFIED
version 1: oliexdev-openScale-1.0.0
version 2: oliexdev-openScale-2.0.0
compilation unit: 0106-oliexdev-openScale-v1.6.1/android_app/app/src/main/java/com/health/openscale/core/utils/PolynomialFitter.java
method: PolynomialFitter(int)
constraints in oliexdev-openScale-1.0.0
	JavaAssert condition: "degree > 0" , add info: -
constraints in oliexdev-openScale-2.0.0

CANNOT_BE_CLASSIFIED
version 1: oliexdev-openScale-1.0.0
version 2: oliexdev-openScale-2.0.0
compilation unit: 0106-oliexdev-openScale-v1.6.1/android_app/app/src/main/java/com/health/openscale/core/utils/PolynomialFitter.java
method: addPoint(double,
constraints in oliexdev-openScale-1.0.0
	JavaAssert condition: "!Double.isInfinite(x) && !Double.isNaN(x)" , add info: -
	JavaAssert condition: "!Double.isInfinite(y) && !Double.isNaN(y)" , add info: -
constraints in oliexdev-openScale-2.0.0

CANNOT_BE_CLASSIFIED
version 1: opacapp-opacclient-1.0.0
version 2: opacapp-opacclient-2.0.0
compilation unit: 0164-opacapp-opacclient-2.0.20/src/de/geeksfactory/opacclient/apis/Bibliotheca.java
method: account(Account)
constraints in opacapp-opacclient-1.0.0
	JavaAssert condition: "(doc.select(".kontozeile_center table").get(0).select("tr").size() > 0)" , add info: -
	JavaAssert condition: "(exemplartrs.size() == medien.size())" , add info: -
	JavaAssert condition: "(doc.select(".kontozeile_center table").get(1).select("tr").size() > 0)" , add info: -
	JavaAssert condition: "(exemplartrs.size() == reservations.size())" , add info: -
constraints in opacapp-opacclient-2.0.0

CANNOT_BE_CLASSIFIED
version 1: opacapp-opacclient-1.0.0
version 2: opacapp-opacclient-2.0.0
compilation unit: 0164-opacapp-opacclient-2.0.20/src/de/geeksfactory/opacclient/apis/IOpac.java
method: parse_medialist(List<ContentValues>,
constraints in opacapp-opacclient-1.0.0
	JavaAssert condition: "(trs > 0)" , add info: -
	JavaAssert condition: "(medien.size() == trs - 1)" , add info: -
constraints in opacapp-opacclient-2.0.0

CANNOT_BE_CLASSIFIED
version 1: opacapp-opacclient-1.0.0
version 2: opacapp-opacclient-2.0.0
compilation unit: 0164-opacapp-opacclient-2.0.20/src/de/geeksfactory/opacclient/apis/IOpac.java
method: parse_reslist(List<ContentValues>,
constraints in opacapp-opacclient-1.0.0
	JavaAssert condition: "(trs > 0)" , add info: -
	JavaAssert condition: "(medien.size() == trs - 1)" , add info: -
constraints in opacapp-opacclient-2.0.0

CANNOT_BE_CLASSIFIED
version 1: opacapp-opacclient-1.0.0
version 2: opacapp-opacclient-2.0.0
compilation unit: 0164-opacapp-opacclient-2.0.20/src/de/geeksfactory/opacclient/apis/SISIS.java
method: parse_medialist(List<ContentValues>,
constraints in opacapp-opacclient-1.0.0
	JavaAssert condition: "(trs > 0)" , add info: -
	JavaAssert condition: "(medien.size() == trs - 1)" , add info: -
constraints in opacapp-opacclient-2.0.0

CANNOT_BE_CLASSIFIED
version 1: opacapp-opacclient-1.0.0
version 2: opacapp-opacclient-2.0.0
compilation unit: 0164-opacapp-opacclient-2.0.20/src/de/geeksfactory/opacclient/apis/SISIS.java
method: parse_reslist(String,
constraints in opacapp-opacclient-1.0.0
	JavaAssert condition: "(trs > 0)" , add info: -
	JavaAssert condition: "(reservations.size() == trs - 1)" , add info: -
constraints in opacapp-opacclient-2.0.0

CANNOT_BE_CLASSIFIED
version 1: opacapp-opacclient-1.0.0
version 2: opacapp-opacclient-2.0.0
compilation unit: 0164-opacapp-opacclient-2.0.20/src/de/geeksfactory/opacclient/apis/SISIS.java
method: account(Account)
constraints in opacapp-opacclient-1.0.0
	JavaAssert condition: "(resultNum == medien.size())" , add info: -
	JavaAssert condition: "(resultNum == reserved.size())" , add info: -
constraints in opacapp-opacclient-2.0.0

CANNOT_BE_CLASSIFIED
version 1: osmandapp-Osmand-1.0.0
version 2: osmandapp-Osmand-2.0.0
compilation unit: 0010-osmandapp-Osmand-2.0.0/OsmAnd/src/com/github/ksoichiro/android/observablescrollview/TouchInterceptionFrameLayout.java
method: TouchInterceptionFrameLayout(Context, AttributeSet, int, int)
constraints in osmandapp-Osmand-1.0.0
	AndroidTargetApi condition: "Build.VERSION_CODES.LOLLIPOP" , add info: -
constraints in osmandapp-Osmand-2.0.0

CANNOT_BE_CLASSIFIED
version 1: osmandapp-Osmand-1.0.0
version 2: osmandapp-Osmand-2.0.0
compilation unit: 0010-osmandapp-Osmand-2.0.0/OsmAnd/src/net/osmand/plus/activities/OsmandActionBarActivity.java
method: -
constraints in osmandapp-Osmand-1.0.0
	AndroidSuppressLint condition: ""Registered"" , add info: -
constraints in osmandapp-Osmand-2.0.0

CANNOT_BE_CLASSIFIED
version 1: osmandapp-Osmand-1.0.0
version 2: osmandapp-Osmand-2.0.0
compilation unit: 0010-osmandapp-Osmand-2.0.0/OsmAnd/src/net/osmand/plus/activities/OsmandInAppPurchaseActivity.java
method: -
constraints in osmandapp-Osmand-1.0.0
	AndroidSuppressLint condition: ""Registered"" , add info: -
constraints in osmandapp-Osmand-2.0.0

CANNOT_BE_CLASSIFIED
version 1: osmandapp-Osmand-1.0.0
version 2: osmandapp-Osmand-2.0.0
compilation unit: 0010-osmandapp-Osmand-2.0.0/OsmAnd/src/net/osmand/plus/activities/search/SearchByNameAbstractActivity.java
method: -
constraints in osmandapp-Osmand-1.0.0
	AndroidSuppressLint condition: ""NewApi"" , add info: -
constraints in osmandapp-Osmand-2.0.0

CANNOT_BE_CLASSIFIED
version 1: osmandapp-Osmand-1.0.0
version 2: osmandapp-Osmand-2.0.0
compilation unit: 0010-osmandapp-Osmand-2.0.0/OsmAnd/src/net/osmand/plus/dashboard/DashLocationFragment.java
method: -
constraints in osmandapp-Osmand-1.0.0
	AndroidSuppressLint condition: ""ResourceAsColor"" , add info: -
constraints in osmandapp-Osmand-2.0.0

CANNOT_BE_CLASSIFIED
version 1: osmandapp-Osmand-1.0.0
version 2: osmandapp-Osmand-2.0.0
compilation unit: 0010-osmandapp-Osmand-2.0.0/OsmAnd/src/net/osmand/plus/download/DownloadIndexesThread.java
method: -
constraints in osmandapp-Osmand-1.0.0
	AndroidSuppressLint condition: "{ "NewApi", "DefaultLocale" }" , add info: -
constraints in osmandapp-Osmand-2.0.0

CANNOT_BE_CLASSIFIED
version 1: osmandapp-Osmand-1.0.0
version 2: osmandapp-Osmand-2.0.0
compilation unit: 0010-osmandapp-Osmand-2.0.0/OsmAnd/src/net/osmand/plus/download/DownloadResourceGroup.java
method: -
constraints in osmandapp-Osmand-1.0.0
	AndroidSuppressLint condition: ""DefaultLocale"" , add info: -
constraints in osmandapp-Osmand-2.0.0

CANNOT_BE_CLASSIFIED
version 1: osmandapp-Osmand-1.0.0
version 2: osmandapp-Osmand-2.0.0
compilation unit: 0010-osmandapp-Osmand-2.0.0/OsmAnd/src/net/osmand/plus/helpers/GpxUiHelper.java
method: getUnits()
constraints in osmandapp-Osmand-1.0.0
	AndroidSuppressLint condition: ""ViewConstructor"" , add info: -
constraints in osmandapp-Osmand-2.0.0

CANNOT_BE_CLASSIFIED
version 1: osmandapp-Osmand-1.0.0
version 2: osmandapp-Osmand-2.0.0
compilation unit: 0010-osmandapp-Osmand-2.0.0/OsmAnd/src/net/osmand/plus/inapp/InAppPurchaseHelper.java
method: fetchInAppPurchase(InAppPurchase,
constraints in osmandapp-Osmand-1.0.0
	AndroidSuppressLint condition: ""StaticFieldLeak"" , add info: -
constraints in osmandapp-Osmand-2.0.0

CANNOT_BE_CLASSIFIED
version 1: osmandapp-Osmand-1.0.0
version 2: osmandapp-Osmand-2.0.0
compilation unit: 0010-osmandapp-Osmand-2.0.0/OsmAnd/src/net/osmand/plus/inapp/util/Base64.java
method: encode(byte[],
constraints in osmandapp-Osmand-1.0.0
	JavaAssert condition: "(e == outBuff.length)" , add info: -
constraints in osmandapp-Osmand-2.0.0

CANNOT_BE_CLASSIFIED
version 1: osmandapp-Osmand-1.0.0
version 2: osmandapp-Osmand-2.0.0
compilation unit: 0010-osmandapp-Osmand-2.0.0/OsmAnd/src/net/osmand/plus/liveupdates/LiveUpdatesSettingsDialogFragment.java
method: onCreateDialog(Bundle)
constraints in osmandapp-Osmand-1.0.0
	JavaAssert condition: "fileName != null" , add info: -
	JavaAssert condition: "localIndexInfo != null" , add info: -
constraints in osmandapp-Osmand-2.0.0

CANNOT_BE_CLASSIFIED
version 1: osmandapp-Osmand-1.0.0
version 2: osmandapp-Osmand-2.0.0
compilation unit: 0010-osmandapp-Osmand-2.0.0/OsmAnd/src/net/osmand/plus/liveupdates/ReportsFragment.java
method: onSearchResult(CountryItem)
constraints in osmandapp-Osmand-1.0.0
	AndroidSuppressLint condition: ""SimpleDateFormat"" , add info: -
constraints in osmandapp-Osmand-2.0.0

CANNOT_BE_CLASSIFIED
version 1: osmandapp-Osmand-1.0.0
version 2: osmandapp-Osmand-2.0.0
compilation unit: 0010-osmandapp-Osmand-2.0.0/OsmAnd/src/net/osmand/plus/mapcontextmenu/InterceptorLinearLayout.java
method: InterceptorLinearLayout(Context, AttributeSet, int, int)
constraints in osmandapp-Osmand-1.0.0
	AndroidTargetApi condition: "Build.VERSION_CODES.LOLLIPOP" , add info: -
constraints in osmandapp-Osmand-2.0.0

CANNOT_BE_CLASSIFIED
version 1: osmandapp-Osmand-1.0.0
version 2: osmandapp-Osmand-2.0.0
compilation unit: 0010-osmandapp-Osmand-2.0.0/OsmAnd/src/net/osmand/plus/mapmarkers/AddTracksGroupBottomSheetDialogFragment.java
method: onItemClick(int)
constraints in osmandapp-Osmand-1.0.0
	AndroidSuppressLint condition: ""StaticFieldLeak"" , add info: -
constraints in osmandapp-Osmand-2.0.0

CANNOT_BE_CLASSIFIED
version 1: osmandapp-Osmand-1.0.0
version 2: osmandapp-Osmand-2.0.0
compilation unit: 0010-osmandapp-Osmand-2.0.0/OsmAnd/src/net/osmand/plus/osmedit/dialogs/SendPoiDialogFragment.java
method: onCreateDialog(Bundle)
constraints in osmandapp-Osmand-1.0.0
	JavaAssert condition: "poi != null" , add info: -
constraints in osmandapp-Osmand-2.0.0

CANNOT_BE_CLASSIFIED
version 1: osmandapp-Osmand-1.0.0
version 2: osmandapp-Osmand-2.0.0
compilation unit: 0010-osmandapp-Osmand-2.0.0/OsmAnd/src/net/osmand/plus/osmedit/OsmEditsFragment.java
method: onCreateDialog(Bundle)
constraints in osmandapp-Osmand-1.0.0
	JavaAssert condition: "points != null" , add info: -
constraints in osmandapp-Osmand-2.0.0

CANNOT_BE_CLASSIFIED
version 1: osmandapp-Osmand-1.0.0
version 2: osmandapp-Osmand-2.0.0
compilation unit: 0010-osmandapp-Osmand-2.0.0/OsmAnd/src/net/osmand/plus/osmedit/OsmEditsFragment.java
method: onClick(DialogInterface,
constraints in osmandapp-Osmand-1.0.0
	JavaAssert condition: "plugin != null" , add info: -
constraints in osmandapp-Osmand-2.0.0

CANNOT_BE_CLASSIFIED
version 1: osmandapp-Osmand-1.0.0
version 2: osmandapp-Osmand-2.0.0
compilation unit: 0010-osmandapp-Osmand-2.0.0/OsmAnd/src/net/osmand/plus/osmedit/OsmEditsUploadListenerHelper.java
method: onClick(DialogInterface,
constraints in osmandapp-Osmand-1.0.0
	JavaAssert condition: "point != null" , add info: -
	JavaAssert condition: "plugin != null" , add info: -
constraints in osmandapp-Osmand-2.0.0

CANNOT_BE_CLASSIFIED
version 1: osmandapp-Osmand-1.0.0
version 2: osmandapp-Osmand-2.0.0
compilation unit: 0010-osmandapp-Osmand-2.0.0/OsmAnd/src/net/osmand/plus/osmedit/OsmEditsUploadListenerHelper.java
method: onCreateDialog(Bundle)
constraints in osmandapp-Osmand-1.0.0
	JavaAssert condition: "hasErrors != null" , add info: -
constraints in osmandapp-Osmand-2.0.0

CANNOT_BE_CLASSIFIED
version 1: osmandapp-Osmand-1.0.0
version 2: osmandapp-Osmand-2.0.0
compilation unit: 0010-osmandapp-Osmand-2.0.0/OsmAnd/src/net/osmand/plus/osmedit/SettingsOsmEditingActivity.java
method: doInBackground(Void...)
constraints in osmandapp-Osmand-1.0.0
	JavaAssert condition: "plugin != null" , add info: -
constraints in osmandapp-Osmand-2.0.0

CANNOT_BE_CLASSIFIED
version 1: osmandapp-Osmand-1.0.0
version 2: osmandapp-Osmand-2.0.0
compilation unit: 0010-osmandapp-Osmand-2.0.0/OsmAnd/src/net/osmand/plus/settings/BaseSettingsFragment.java
method: registerPreference(Preference)
constraints in osmandapp-Osmand-1.0.0
	JavaAssert condition: "listPreference.getEntryValues().length == listPreference.getEntries().length" , add info: -
constraints in osmandapp-Osmand-2.0.0

CANNOT_BE_CLASSIFIED
version 1: osmandapp-Osmand-1.0.0
version 2: osmandapp-Osmand-2.0.0
compilation unit: 0010-osmandapp-Osmand-2.0.0/OsmAnd/src/net/osmand/plus/views/controls/PagerSlidingTabStrip.java
method: -
constraints in osmandapp-Osmand-1.0.0
	AndroidSuppressLint condition: ""NewApi"" , add info: -
constraints in osmandapp-Osmand-2.0.0

CANNOT_BE_CLASSIFIED
version 1: osmandapp-Osmand-1.0.0
version 2: osmandapp-Osmand-2.0.0
compilation unit: 0010-osmandapp-Osmand-2.0.0/OsmAnd/src/net/osmand/plus/widgets/AutoCompleteTextViewEx.java
method: AutoCompleteTextViewEx(Context, AttributeSet, int, int)
constraints in osmandapp-Osmand-1.0.0
	AndroidTargetApi condition: "Build.VERSION_CODES.LOLLIPOP" , add info: -
constraints in osmandapp-Osmand-2.0.0

CANNOT_BE_CLASSIFIED
version 1: osmandapp-Osmand-1.0.0
version 2: osmandapp-Osmand-2.0.0
compilation unit: 0010-osmandapp-Osmand-2.0.0/OsmAnd/src/net/osmand/plus/widgets/ButtonEx.java
method: ButtonEx(Context, AttributeSet, int, int)
constraints in osmandapp-Osmand-1.0.0
	AndroidTargetApi condition: "21" , add info: -
constraints in osmandapp-Osmand-2.0.0

CANNOT_BE_CLASSIFIED
version 1: osmandapp-Osmand-1.0.0
version 2: osmandapp-Osmand-2.0.0
compilation unit: 0010-osmandapp-Osmand-2.0.0/OsmAnd/src/net/osmand/plus/widgets/FlowLayout.java
method: onMeasure(int,
constraints in osmandapp-Osmand-1.0.0
	JavaAssert condition: "(MeasureSpec.getMode(widthMeasureSpec) != MeasureSpec.UNSPECIFIED)" , add info: -
constraints in osmandapp-Osmand-2.0.0

CANNOT_BE_CLASSIFIED
version 1: osmandapp-Osmand-1.0.0
version 2: osmandapp-Osmand-2.0.0
compilation unit: 0010-osmandapp-Osmand-2.0.0/OsmAnd/src/net/osmand/plus/widgets/InterceptorFrameLayout.java
method: InterceptorFrameLayout(Context, AttributeSet, int, int)
constraints in osmandapp-Osmand-1.0.0
	AndroidTargetApi condition: "Build.VERSION_CODES.LOLLIPOP" , add info: -
constraints in osmandapp-Osmand-2.0.0

CANNOT_BE_CLASSIFIED
version 1: osmandapp-Osmand-1.0.0
version 2: osmandapp-Osmand-2.0.0
compilation unit: 0010-osmandapp-Osmand-2.0.0/OsmAnd/src/net/osmand/plus/widgets/SwitchEx.java
method: SwitchEx(Context, AttributeSet, int, int)
constraints in osmandapp-Osmand-1.0.0
	AndroidTargetApi condition: "21" , add info: -
constraints in osmandapp-Osmand-2.0.0

CANNOT_BE_CLASSIFIED
version 1: osmandapp-Osmand-1.0.0
version 2: osmandapp-Osmand-2.0.0
compilation unit: 0010-osmandapp-Osmand-2.0.0/OsmAnd/src/net/osmand/plus/widgets/TextViewEx.java
method: TextViewEx(Context, AttributeSet, int, int)
constraints in osmandapp-Osmand-1.0.0
	AndroidTargetApi condition: "21" , add info: -
constraints in osmandapp-Osmand-2.0.0

CANNOT_BE_CLASSIFIED
version 1: osmandapp-Osmand-1.0.0
version 2: osmandapp-Osmand-2.0.0
compilation unit: 0010-osmandapp-Osmand-2.0.0/OsmAnd-java/src/main/java/com/google/protobuf/ByteString.java
method: balancedConcat(Iterator<ByteString>,
constraints in osmandapp-Osmand-1.0.0
	JavaAssert condition: "length >= 1" , add info: -
constraints in osmandapp-Osmand-2.0.0

CANNOT_BE_CLASSIFIED
version 1: osmandapp-Osmand-1.0.0
version 2: osmandapp-Osmand-2.0.0
compilation unit: 0010-osmandapp-Osmand-2.0.0/OsmAnd-java/src/main/java/net/osmand/GPXUtilities.java
method: loadGPXFile(InputStream)
constraints in osmandapp-Osmand-1.0.0
	JavaAssert condition: "pop instanceof Track" , add info: -
	JavaAssert condition: "pop instanceof Metadata" , add info: -
	JavaAssert condition: "pop instanceof WptPt" , add info: -
	JavaAssert condition: "pop instanceof WptPt" , add info: -
	JavaAssert condition: "pop instanceof WptPt" , add info: -
	JavaAssert condition: "pop instanceof Track" , add info: -
	JavaAssert condition: "pop instanceof Route" , add info: -
	JavaAssert condition: "pop instanceof TrkSegment" , add info: -
	JavaAssert condition: "pop instanceof WptPt" , add info: -
constraints in osmandapp-Osmand-2.0.0

CANNOT_BE_CLASSIFIED
version 1: osmandapp-Osmand-1.0.0
version 2: osmandapp-Osmand-2.0.0
compilation unit: 0010-osmandapp-Osmand-2.0.0/OsmAnd-java/src/main/java/net/osmand/render/RenderingRuleSearchRequest.java
method: setStringFilter(RenderingRuleProperty,
constraints in osmandapp-Osmand-1.0.0
	JavaAssert condition: "p.isInputProperty()" , add info: -
constraints in osmandapp-Osmand-2.0.0

CANNOT_BE_CLASSIFIED
version 1: osmandapp-Osmand-1.0.0
version 2: osmandapp-Osmand-2.0.0
compilation unit: 0010-osmandapp-Osmand-2.0.0/OsmAnd-java/src/main/java/net/osmand/render/RenderingRuleSearchRequest.java
method: setIntFilter(RenderingRuleProperty,
constraints in osmandapp-Osmand-1.0.0
	JavaAssert condition: "p.isInputProperty()" , add info: -
constraints in osmandapp-Osmand-2.0.0

CANNOT_BE_CLASSIFIED
version 1: osmandapp-Osmand-1.0.0
version 2: osmandapp-Osmand-2.0.0
compilation unit: 0010-osmandapp-Osmand-2.0.0/OsmAnd-java/src/main/java/net/osmand/render/RenderingRuleSearchRequest.java
method: setBooleanFilter(RenderingRuleProperty,
constraints in osmandapp-Osmand-1.0.0
	JavaAssert condition: "p.isInputProperty()" , add info: -
constraints in osmandapp-Osmand-2.0.0

CANNOT_BE_CLASSIFIED
version 1: osmandapp-Osmand-1.0.0
version 2: osmandapp-Osmand-2.0.0
compilation unit: 0010-osmandapp-Osmand-2.0.0/OsmAndCore-sample/src/net/osmand/core/samples/android/sample1/customcontrols/OsmandButton.java
method: OsmandButton(Context, AttributeSet, int, int)
constraints in osmandapp-Osmand-1.0.0
	AndroidTargetApi condition: "21" , add info: -
constraints in osmandapp-Osmand-2.0.0

CANNOT_BE_CLASSIFIED
version 1: osmandapp-Osmand-1.0.0
version 2: osmandapp-Osmand-2.0.0
compilation unit: 0010-osmandapp-Osmand-2.0.0/OsmAndCore-sample/src/net/osmand/core/samples/android/sample1/customcontrols/OsmandImageButton.java
method: OsmandImageButton(Context, AttributeSet, int, int)
constraints in osmandapp-Osmand-1.0.0
	AndroidTargetApi condition: "21" , add info: -
constraints in osmandapp-Osmand-2.0.0

CANNOT_BE_CLASSIFIED
version 1: osmandapp-Osmand-1.0.0
version 2: osmandapp-Osmand-2.0.0
compilation unit: 0010-osmandapp-Osmand-2.0.0/OsmAndCore-sample/src/net/osmand/core/samples/android/sample1/customcontrols/OsmandImageView.java
method: OsmandImageView(Context, AttributeSet, int, int)
constraints in osmandapp-Osmand-1.0.0
	AndroidTargetApi condition: "21" , add info: -
constraints in osmandapp-Osmand-2.0.0

CANNOT_BE_CLASSIFIED
version 1: osmandapp-Osmand-1.0.0
version 2: osmandapp-Osmand-2.0.0
compilation unit: 0010-osmandapp-Osmand-2.0.0/OsmAndCore-sample/src/net/osmand/core/samples/android/sample1/customcontrols/OsmandTextView.java
method: OsmandTextView(Context, AttributeSet, int, int)
constraints in osmandapp-Osmand-1.0.0
	AndroidTargetApi condition: "21" , add info: -
constraints in osmandapp-Osmand-2.0.0

CANNOT_BE_CLASSIFIED
version 1: owncloud-android-1.0.0
version 2: owncloud-android-2.0.0
compilation unit: 0064-owncloud-android-oc_android_2.8.0_beta.1/src/com/owncloud/android/providers/cursors/FileCursor.java
method: -
constraints in owncloud-android-1.0.0
	AndroidTargetApi condition: "Build.VERSION_CODES.KITKAT" , add info: -
constraints in owncloud-android-2.0.0

CANNOT_BE_CLASSIFIED
version 1: owncloud-android-1.0.0
version 2: owncloud-android-2.0.0
compilation unit: 0064-owncloud-android-oc_android_2.8.0_beta.1/src/com/owncloud/android/providers/cursors/RootCursor.java
method: -
constraints in owncloud-android-1.0.0
	AndroidTargetApi condition: "Build.VERSION_CODES.KITKAT" , add info: -
constraints in owncloud-android-2.0.0

CANNOT_BE_CLASSIFIED
version 1: owncloud-android-1.0.0
version 2: owncloud-android-2.0.0
compilation unit: 0064-owncloud-android-oc_android_2.8.0_beta.1/src/com/owncloud/android/providers/DocumentsStorageProvider.java
method: -
constraints in owncloud-android-1.0.0
	AndroidTargetApi condition: "Build.VERSION_CODES.KITKAT" , add info: -
constraints in owncloud-android-2.0.0

CANNOT_BE_CLASSIFIED
version 1: owncloud-android-1.0.0
version 2: owncloud-android-2.0.0
compilation unit: 0064-owncloud-android-oc_android_2.8.0_beta.1/src/com/owncloud/android/ui/dialog/OwnCloudListPreference.java
method: OwnCloudListPreference(Context, AttributeSet, int, int)
constraints in owncloud-android-1.0.0
	AndroidTargetApi condition: "Build.VERSION_CODES.LOLLIPOP" , add info: -
constraints in owncloud-android-2.0.0

CANNOT_BE_CLASSIFIED
version 1: owncloud-android-1.0.0
version 2: owncloud-android-2.0.0
compilation unit: 0064-owncloud-android-oc_android_2.8.0_beta.1/src/com/owncloud/android/ui/dialog/OwnCloudListPreference.java
method: OwnCloudListPreference(Context, AttributeSet, int)
constraints in owncloud-android-1.0.0
	AndroidTargetApi condition: "Build.VERSION_CODES.LOLLIPOP" , add info: -
constraints in owncloud-android-2.0.0

CANNOT_BE_CLASSIFIED
version 1: owncloud-android-1.0.0
version 2: owncloud-android-2.0.0
compilation unit: 0064-owncloud-android-oc_android_2.8.0_beta.1/tests/src/com/owncloud/android/test/FileContentProviderTest.java
method: -
constraints in owncloud-android-1.0.0
	AndroidTargetApi condition: "Build.VERSION_CODES.CUPCAKE" , add info: -
constraints in owncloud-android-2.0.0

CANNOT_BE_CLASSIFIED
version 1: patzly-grocy_android-1.0.0
version 2: patzly-grocy_android-2.0.0
compilation unit: 0070-patzly-grocy_android-v1.0.0/app/src/main/java/xyz/zedler/patrick/grocy/behavior/SwipeBehavior.java
method: onSwiped(RecyclerView.ViewHolder,
constraints in patzly-grocy_android-1.0.0
	JavaAssert condition: "buttons != null" , add info: -
constraints in patzly-grocy_android-2.0.0

CANNOT_BE_CLASSIFIED
version 1: patzly-grocy_android-1.0.0
version 2: patzly-grocy_android-2.0.0
compilation unit: 0070-patzly-grocy_android-v1.0.0/app/src/main/java/xyz/zedler/patrick/grocy/fragment/bottomSheetDialog/BatchChooseBottomSheetDialogFragment.java
method: afterTextChanged(Editable)
constraints in patzly-grocy_android-1.0.0
	JavaAssert condition: "productNames != null" , add info: -
constraints in patzly-grocy_android-2.0.0

CANNOT_BE_CLASSIFIED
version 1: patzly-grocy_android-1.0.0
version 2: patzly-grocy_android-2.0.0
compilation unit: 0070-patzly-grocy_android-v1.0.0/app/src/main/java/xyz/zedler/patrick/grocy/fragment/bottomSheetDialog/MasterLocationBottomSheetDialogFragment.java
method: onCreateView(LayoutInflater,
constraints in patzly-grocy_android-1.0.0
	JavaAssert condition: "activity != null" , add info: -
constraints in patzly-grocy_android-2.0.0

CANNOT_BE_CLASSIFIED
version 1: patzly-grocy_android-1.0.0
version 2: patzly-grocy_android-2.0.0
compilation unit: 0070-patzly-grocy_android-v1.0.0/app/src/main/java/xyz/zedler/patrick/grocy/fragment/bottomSheetDialog/MasterProductBottomSheetDialogFragment.java
method: onCreateView(LayoutInflater,
constraints in patzly-grocy_android-1.0.0
	JavaAssert condition: "activity != null" , add info: -
constraints in patzly-grocy_android-2.0.0

CANNOT_BE_CLASSIFIED
version 1: patzly-grocy_android-1.0.0
version 2: patzly-grocy_android-2.0.0
compilation unit: 0070-patzly-grocy_android-v1.0.0/app/src/main/java/xyz/zedler/patrick/grocy/fragment/bottomSheetDialog/MasterProductGroupBottomSheetDialogFragment.java
method: onCreateView(LayoutInflater,
constraints in patzly-grocy_android-1.0.0
	JavaAssert condition: "activity != null" , add info: -
constraints in patzly-grocy_android-2.0.0

CANNOT_BE_CLASSIFIED
version 1: patzly-grocy_android-1.0.0
version 2: patzly-grocy_android-2.0.0
compilation unit: 0070-patzly-grocy_android-v1.0.0/app/src/main/java/xyz/zedler/patrick/grocy/fragment/bottomSheetDialog/MasterQuantityUnitBottomSheetDialogFragment.java
method: onCreateView(LayoutInflater,
constraints in patzly-grocy_android-1.0.0
	JavaAssert condition: "activity != null" , add info: -
constraints in patzly-grocy_android-2.0.0

CANNOT_BE_CLASSIFIED
version 1: patzly-grocy_android-1.0.0
version 2: patzly-grocy_android-2.0.0
compilation unit: 0070-patzly-grocy_android-v1.0.0/app/src/main/java/xyz/zedler/patrick/grocy/fragment/bottomSheetDialog/MasterStoreBottomSheetDialogFragment.java
method: onCreateView(LayoutInflater,
constraints in patzly-grocy_android-1.0.0
	JavaAssert condition: "activity != null" , add info: -
constraints in patzly-grocy_android-2.0.0

CANNOT_BE_CLASSIFIED
version 1: patzly-grocy_android-1.0.0
version 2: patzly-grocy_android-2.0.0
compilation unit: 0070-patzly-grocy_android-v1.0.0/app/src/main/java/xyz/zedler/patrick/grocy/fragment/bottomSheetDialog/ProductOverviewBottomSheetDialogFragment.java
method: onCreateView(LayoutInflater,
constraints in patzly-grocy_android-1.0.0
	JavaAssert condition: "activity != null" , add info: -
	JavaAssert condition: "productDetails != null" , add info: -
constraints in patzly-grocy_android-2.0.0

CANNOT_BE_CLASSIFIED
version 1: patzly-grocy_android-1.0.0
version 2: patzly-grocy_android-2.0.0
compilation unit: 0070-patzly-grocy_android-v1.0.0/app/src/main/java/xyz/zedler/patrick/grocy/fragment/bottomSheetDialog/TextBottomSheetDialogFragment.java
method: onCreateView(LayoutInflater,
constraints in patzly-grocy_android-1.0.0
	JavaAssert condition: "context != null && bundle != null" , add info: -
constraints in patzly-grocy_android-2.0.0

CANNOT_BE_CLASSIFIED
version 1: patzly-grocy_android-1.0.0
version 2: patzly-grocy_android-2.0.0
compilation unit: 0070-patzly-grocy_android-v1.0.0/app/src/main/java/xyz/zedler/patrick/grocy/fragment/MasterProductEditSimpleFragment.java
method: afterTextChanged(Editable)
constraints in patzly-grocy_android-1.0.0
	JavaAssert condition: "editTextDays != null" , add info: -
constraints in patzly-grocy_android-2.0.0

CANNOT_BE_CLASSIFIED
version 1: patzly-grocy_android-1.0.0
version 2: patzly-grocy_android-2.0.0
compilation unit: 0070-patzly-grocy_android-v1.0.0/app/src/main/java/xyz/zedler/patrick/grocy/fragment/MissingBatchItemsFragment.java
method: createdOrEditedProduct(Bundle)
constraints in patzly-grocy_android-1.0.0
	JavaAssert condition: "oldCreateProduct != null" , add info: -
	JavaAssert condition: "missingBatchItem != null" , add info: -
constraints in patzly-grocy_android-2.0.0

CANNOT_BE_CLASSIFIED
version 1: patzly-grocy_android-1.0.0
version 2: patzly-grocy_android-2.0.0
compilation unit: 0070-patzly-grocy_android-v1.0.0/app/src/main/java/xyz/zedler/patrick/grocy/fragment/PurchaseFragment.java
method: afterTextChanged(Editable)
constraints in patzly-grocy_android-1.0.0
	JavaAssert condition: "editTextPrice != null" , add info: -
constraints in patzly-grocy_android-2.0.0

CANNOT_BE_CLASSIFIED
version 1: patzly-grocy_android-1.0.0
version 2: patzly-grocy_android-2.0.0
compilation unit: 0070-patzly-grocy_android-v1.0.0/app/src/main/java/xyz/zedler/patrick/grocy/MainActivity.java
method: isOnline()
constraints in patzly-grocy_android-1.0.0
	JavaAssert condition: "connectivityManager != null" , add info: -
constraints in patzly-grocy_android-2.0.0

CANNOT_BE_CLASSIFIED
version 1: patzly-grocy_android-1.0.0
version 2: patzly-grocy_android-2.0.0
compilation unit: 0070-patzly-grocy_android-v1.0.0/app/src/main/java/xyz/zedler/patrick/grocy/ScanBatchActivity.java
method: isOnline()
constraints in patzly-grocy_android-1.0.0
	JavaAssert condition: "connectivityManager != null" , add info: -
constraints in patzly-grocy_android-2.0.0

CANNOT_BE_CLASSIFIED
version 1: qqq3-good_weather-1.0.0
version 2: qqq3-good_weather-2.0.0
compilation unit: 0354-qqq3-good_weather-v2.0/app/src/main/java/org/asdtm/goodweather/MainActivity.java
method: onBackPressed()
constraints in qqq3-good_weather-1.0.0
	JavaAssert condition: "mDrawerLayout != null" , add info: -
constraints in qqq3-good_weather-2.0.0

CANNOT_BE_CLASSIFIED
version 1: qqq3-good_weather-1.0.0
version 2: qqq3-good_weather-2.0.0
compilation unit: 0354-qqq3-good_weather-v2.0/app/src/main/java/org/asdtm/goodweather/SettingsActivity.java
method: isValidFragment(String)
constraints in qqq3-good_weather-1.0.0
	AndroidTargetApi condition: "Build.VERSION_CODES.HONEYCOMB" , add info: -
constraints in qqq3-good_weather-2.0.0

CANNOT_BE_CLASSIFIED
version 1: qqq3-good_weather-1.0.0
version 2: qqq3-good_weather-2.0.0
compilation unit: 0354-qqq3-good_weather-v2.0/app/src/main/java/org/asdtm/goodweather/YahooParser.java
method: getCity(String,
constraints in qqq3-good_weather-1.0.0
	JavaAssert condition: "citySearch != null" , add info: -
	JavaAssert condition: "citySearch != null" , add info: -
	JavaAssert condition: "citySearch != null" , add info: -
	JavaAssert condition: "citySearch != null" , add info: -
	JavaAssert condition: "whereConnection != null" , add info: -
constraints in qqq3-good_weather-2.0.0

CANNOT_BE_CLASSIFIED
version 1: ram_on-SkyTube-1.0.0
version 2: ram_on-SkyTube-2.0.0
compilation unit: 0072-ram_on-SkyTube-v2.60/app/src/main/java/free/rm/skytube/gui/businessobjects/VideoCellLayout.java
method: VideoCellLayout(Context, AttributeSet, int, int)
constraints in ram_on-SkyTube-1.0.0
	AndroidTargetApi condition: "Build.VERSION_CODES.LOLLIPOP" , add info: -
constraints in ram_on-SkyTube-2.0.0

CANNOT_BE_CLASSIFIED
version 1: readrops-Readrops-1.0.0
version 2: readrops-Readrops-2.0.0
compilation unit: 0238-readrops-Readrops-v1.0/app/src/main/java/com/readrops/app/database/entities/account/AccountType.java
method: -
constraints in readrops-Readrops-1.0.0
	AndroidXDrawableRes condition: "" , add info: -
	AndroidXStringRes condition: "" , add info: -
constraints in readrops-Readrops-2.0.0

CANNOT_BE_CLASSIFIED
version 1: readrops-Readrops-1.0.0
version 2: readrops-Readrops-2.0.0
compilation unit: 0238-readrops-Readrops-v1.0/app/src/main/java/com/readrops/app/database/entities/Feed.java
method: -
constraints in readrops-Readrops-1.0.0
	AndroidXColorInt condition: "" , add info: -
	AndroidXColorInt condition: "" , add info: -
constraints in readrops-Readrops-2.0.0

CANNOT_BE_CLASSIFIED
version 1: readrops-Readrops-1.0.0
version 2: readrops-Readrops-2.0.0
compilation unit: 0238-readrops-Readrops-v1.0/app/src/main/java/com/readrops/app/database/pojo/ItemWithFeed.java
method: -
constraints in readrops-Readrops-1.0.0
	AndroidXColorInt condition: "" , add info: -
	AndroidXColorInt condition: "" , add info: -
constraints in readrops-Readrops-2.0.0

CANNOT_BE_CLASSIFIED
version 1: redsolution-xabber_android-1.0.0
version 2: redsolution-xabber_android-2.0.0
compilation unit: 0128-redsolution-xabber_android-1.0.53/xabber/src/main/java/com/xabber/android/data/extension/avatar/GingerbreadShortcutHelper.java
method: -
constraints in redsolution-xabber_android-1.0.0
	AndroidTargetApi condition: "Build.VERSION_CODES.GINGERBREAD" , add info: -
constraints in redsolution-xabber_android-2.0.0

CANNOT_BE_CLASSIFIED
version 1: redsolution-xabber_android-1.0.0
version 2: redsolution-xabber_android-2.0.0
compilation unit: 0128-redsolution-xabber_android-1.0.53/xabber/src/main/java/com/xabber/android/data/roster/SyncManager.java
method: -
constraints in redsolution-xabber_android-1.0.0
	AndroidSuppressLint condition: ""UseSparseArrays"" , add info: -
	AndroidTargetApi condition: "5" , add info: -
constraints in redsolution-xabber_android-2.0.0

CANNOT_BE_CLASSIFIED
version 1: renyuneyun-Easer-1.0.0
version 2: renyuneyun-Easer-2.0.0
compilation unit: 0194-renyuneyun-Easer-v0.4.8/app/src/main/java/ryey/easer/plugins/event/calendar/CalendarHelper.java
method: -
constraints in renyuneyun-Easer-1.0.0
	AndroidSuppressLint condition: ""MissingPermission"" , add info: -
constraints in renyuneyun-Easer-2.0.0

CANNOT_BE_CLASSIFIED
version 1: renyuneyun-Easer-1.0.0
version 2: renyuneyun-Easer-2.0.0
compilation unit: 0194-renyuneyun-Easer-v0.4.8/app/src/main/java/ryey/easer/plugins/event/celllocation/CellLocationPluginViewFragment.java
method: onClick(View)
constraints in renyuneyun-Easer-1.0.0
	AndroidSuppressLint condition: ""MissingPermission"" , add info: -
constraints in renyuneyun-Easer-2.0.0

CANNOT_BE_CLASSIFIED
version 1: rkkr-simple_keyboard-1.0.0
version 2: rkkr-simple_keyboard-2.0.0
compilation unit: 0334-rkkr-simple_keyboard-53/app/src/main/java/rkr/simplekeyboard/inputmethod/compat/ViewOutlineProviderCompatUtilsLXX.java
method: -
constraints in rkkr-simple_keyboard-1.0.0
	AndroidTargetApi condition: "Build.VERSION_CODES.LOLLIPOP" , add info: -
constraints in rkkr-simple_keyboard-2.0.0

CANNOT_BE_CLASSIFIED
version 1: ruleant-getback_gps-1.0.0
version 2: ruleant-getback_gps-2.0.0
compilation unit: 0110-ruleant-getback_gps-v0.1/src/com/github/ruleant/getback_gps/AboutActivity.java
method: -
constraints in ruleant-getback_gps-1.0.0
	AndroidTargetApi condition: "Build.VERSION_CODES.GINGERBREAD" , add info: -
constraints in ruleant-getback_gps-2.0.0

CANNOT_BE_CLASSIFIED
version 1: ruleant-getback_gps-1.0.0
version 2: ruleant-getback_gps-2.0.0
compilation unit: 0110-ruleant-getback_gps-v0.1/src/com/github/ruleant/getback_gps/SettingsActivity.java
method: onPreferenceChange(Preference,
constraints in ruleant-getback_gps-1.0.0
	AndroidTargetApi condition: "Build.VERSION_CODES.HONEYCOMB" , add info: -
constraints in ruleant-getback_gps-2.0.0

CANNOT_BE_CLASSIFIED
version 1: ruleant-getback_gps-1.0.0
version 2: ruleant-getback_gps-2.0.0
compilation unit: 0110-ruleant-getback_gps-v0.1/src/com/github/ruleant/getback_gps/SettingsActivity.java
method: onCreate(Bundle)
constraints in ruleant-getback_gps-1.0.0
	AndroidTargetApi condition: "Build.VERSION_CODES.HONEYCOMB" , add info: -
constraints in ruleant-getback_gps-2.0.0

CANNOT_BE_CLASSIFIED
version 1: sky_map_team-stardroid-1.0.0
version 2: sky_map_team-stardroid-2.0.0
compilation unit: 0154-sky_map_team-stardroid-1.6.5_published/app/src/main/java/com/google/android/stardroid/control/TimeTravelClock.java
method: pauseTime()
constraints in sky_map_team-stardroid-1.0.0
	JavaAssert condition: "SPEEDS[STOPPED_INDEX].rate == 0.0" , add info: -
constraints in sky_map_team-stardroid-2.0.0

CANNOT_BE_CLASSIFIED
version 1: sky_map_team-stardroid-1.0.0
version 2: sky_map_team-stardroid-2.0.0
compilation unit: 0154-sky_map_team-stardroid-1.6.5_published/app/src/main/java/com/google/android/stardroid/util/Matrix4x4.java
method: Matrix4x4(float[])
constraints in sky_map_team-stardroid-1.0.0
	JavaAssert condition: "(contents.length == 16)" , add info: -
constraints in sky_map_team-stardroid-2.0.0

CANNOT_BE_CLASSIFIED
version 1: snikket_im-snikket_android-1.0.0
version 2: snikket_im-snikket_android-2.0.0
compilation unit: 0104-snikket_im-snikket_android-None/src/main/java/eu/siacs/conversations/crypto/PgpEngine.java
method: encrypt(Message,
constraints in snikket_im-snikket_android-1.0.0
	AndroidXStringRes condition: "" , add info: -
constraints in snikket_im-snikket_android-2.0.0

CANNOT_BE_CLASSIFIED
version 1: snikket_im-snikket_android-1.0.0
version 2: snikket_im-snikket_android-2.0.0
compilation unit: 0104-snikket_im-snikket_android-None/src/main/java/eu/siacs/conversations/services/AppRTCAudioManager.java
method: -
constraints in snikket_im-snikket_android-1.0.0
	AndroidXNullable condition: "" , add info: -
	AndroidXNullable condition: "" , add info: -
	AndroidXNullable condition: "" , add info: -
	AndroidXNullable condition: "" , add info: -
	AndroidXNullable condition: "" , add info: -
constraints in snikket_im-snikket_android-2.0.0

CANNOT_BE_CLASSIFIED
version 1: snikket_im-snikket_android-1.0.0
version 2: snikket_im-snikket_android-2.0.0
compilation unit: 0104-snikket_im-snikket_android-None/src/main/java/eu/siacs/conversations/services/AppRTCBluetoothManager.java
method: -
constraints in snikket_im-snikket_android-1.0.0
	AndroidXNullable condition: "" , add info: -
	AndroidXNullable condition: "" , add info: -
	AndroidXNullable condition: "" , add info: -
	AndroidXNullable condition: "" , add info: -
constraints in snikket_im-snikket_android-2.0.0

CANNOT_BE_CLASSIFIED
version 1: snikket_im-snikket_android-1.0.0
version 2: snikket_im-snikket_android-2.0.0
compilation unit: 0104-snikket_im-snikket_android-None/src/main/java/eu/siacs/conversations/services/AppRTCProximitySensor.java
method: -
constraints in snikket_im-snikket_android-1.0.0
	AndroidXNullable condition: "" , add info: -
constraints in snikket_im-snikket_android-2.0.0

CANNOT_BE_CLASSIFIED
version 1: snikket_im-snikket_android-1.0.0
version 2: snikket_im-snikket_android-2.0.0
compilation unit: 0104-snikket_im-snikket_android-None/src/main/java/eu/siacs/conversations/services/ContactChooserTargetService.java
method: -
constraints in snikket_im-snikket_android-1.0.0
	AndroidTargetApi condition: "Build.VERSION_CODES.M" , add info: -
constraints in snikket_im-snikket_android-2.0.0

CANNOT_BE_CLASSIFIED
version 1: snikket_im-snikket_android-1.0.0
version 2: snikket_im-snikket_android-2.0.0
compilation unit: 0104-snikket_im-snikket_android-None/src/main/java/eu/siacs/conversations/ui/BlockContactDialog.java
method: show(XmppActivity,
constraints in snikket_im-snikket_android-1.0.0
	AndroidXStringRes condition: "" , add info: -
constraints in snikket_im-snikket_android-2.0.0

CANNOT_BE_CLASSIFIED
version 1: snikket_im-snikket_android-1.0.0
version 2: snikket_im-snikket_android-2.0.0
compilation unit: 0104-snikket_im-snikket_android-None/src/main/java/eu/siacs/conversations/ui/ConversationsActivity.java
method: -
constraints in snikket_im-snikket_android-1.0.0
	AndroidXIdRes condition: "" , add info: -
constraints in snikket_im-snikket_android-2.0.0

CANNOT_BE_CLASSIFIED
version 1: snikket_im-snikket_android-1.0.0
version 2: snikket_im-snikket_android-2.0.0
compilation unit: 0104-snikket_im-snikket_android-None/src/main/java/eu/siacs/conversations/ui/ConversationsActivity.java
method: refreshUiReal()
constraints in snikket_im-snikket_android-1.0.0
	AndroidXIdRes condition: "" , add info: -
constraints in snikket_im-snikket_android-2.0.0

CANNOT_BE_CLASSIFIED
version 1: snikket_im-snikket_android-1.0.0
version 2: snikket_im-snikket_android-2.0.0
compilation unit: 0104-snikket_im-snikket_android-None/src/main/java/eu/siacs/conversations/ui/text/FixedURLSpan.java
method: -
constraints in snikket_im-snikket_android-1.0.0
	AndroidSuppressLint condition: ""ParcelCreator"" , add info: -
constraints in snikket_im-snikket_android-2.0.0

CANNOT_BE_CLASSIFIED
version 1: snikket_im-snikket_android-1.0.0
version 2: snikket_im-snikket_android-2.0.0
compilation unit: 0104-snikket_im-snikket_android-None/src/main/java/eu/siacs/conversations/ui/util/AvatarWorkerTask.java
method: -
constraints in snikket_im-snikket_android-1.0.0
	AndroidXDimenRes condition: "" , add info: -
constraints in snikket_im-snikket_android-2.0.0

CANNOT_BE_CLASSIFIED
version 1: snikket_im-snikket_android-1.0.0
version 2: snikket_im-snikket_android-2.0.0
compilation unit: 0104-snikket_im-snikket_android-None/src/main/java/eu/siacs/conversations/ui/util/MucConfiguration.java
method: -
constraints in snikket_im-snikket_android-1.0.0
	AndroidXStringRes condition: "" , add info: -
constraints in snikket_im-snikket_android-2.0.0

CANNOT_BE_CLASSIFIED
version 1: snikket_im-snikket_android-1.0.0
version 2: snikket_im-snikket_android-2.0.0
compilation unit: 0104-snikket_im-snikket_android-None/src/main/java/eu/siacs/conversations/xmpp/jingle/WebRTCWrapper.java
method: onTrack(RtpTransceiver)
constraints in snikket_im-snikket_android-1.0.0
	JSR305Nullable condition: "" , add info: -
constraints in snikket_im-snikket_android-2.0.0

CANNOT_BE_CLASSIFIED
version 1: snikket_im-snikket_android-1.0.0
version 2: snikket_im-snikket_android-2.0.0
compilation unit: 0104-snikket_im-snikket_android-None/src/quicksy/java/eu/siacs/conversations/ui/util/ApiDialogHelper.java
method: createError(Context,
constraints in snikket_im-snikket_android-1.0.0
	AndroidXStringRes condition: "" , add info: -
constraints in snikket_im-snikket_android-2.0.0

CANNOT_BE_CLASSIFIED
version 1: sschueller-peertube_android-1.0.0
version 2: sschueller-peertube_android-2.0.0
compilation unit: 0260-sschueller-peertube_android-v1.0.26/app/src/main/java/net/schueller/peertube/activity/SettingsActivity.java
method: isValidFragment(String)
constraints in sschueller-peertube_android-1.0.0
	AndroidTargetApi condition: "Build.VERSION_CODES.HONEYCOMB" , add info: -
constraints in sschueller-peertube_android-2.0.0

CANNOT_BE_CLASSIFIED
version 1: sschueller-peertube_android-1.0.0
version 2: sschueller-peertube_android-2.0.0
compilation unit: 0260-sschueller-peertube_android-v1.0.26/app/src/main/java/net/schueller/peertube/activity/VideoPlayActivity.java
method: onCreate(Bundle)
constraints in sschueller-peertube_android-1.0.0
	JavaAssert condition: "videoPlayerFragment != null" , add info: -
constraints in sschueller-peertube_android-2.0.0

CANNOT_BE_CLASSIFIED
version 1: sschueller-peertube_android-1.0.0
version 2: sschueller-peertube_android-2.0.0
compilation unit: 0260-sschueller-peertube_android-v1.0.26/app/src/main/java/net/schueller/peertube/activity/VideoPlayActivity.java
method: onDestroy()
constraints in sschueller-peertube_android-1.0.0
	JavaAssert condition: "videoPlayerFragment != null" , add info: -
constraints in sschueller-peertube_android-2.0.0

CANNOT_BE_CLASSIFIED
version 1: sschueller-peertube_android-1.0.0
version 2: sschueller-peertube_android-2.0.0
compilation unit: 0260-sschueller-peertube_android-v1.0.26/app/src/main/java/net/schueller/peertube/activity/VideoPlayActivity.java
method: onStop()
constraints in sschueller-peertube_android-1.0.0
	JavaAssert condition: "videoPlayerFragment != null" , add info: -
constraints in sschueller-peertube_android-2.0.0

CANNOT_BE_CLASSIFIED
version 1: sschueller-peertube_android-1.0.0
version 2: sschueller-peertube_android-2.0.0
compilation unit: 0260-sschueller-peertube_android-v1.0.26/app/src/main/java/net/schueller/peertube/fragment/VideoPlayerFragment.java
method: start(String)
constraints in sschueller-peertube_android-1.0.0
	JavaAssert condition: "activity != null" , add info: -
constraints in sschueller-peertube_android-2.0.0

CANNOT_BE_CLASSIFIED
version 1: stefan_niedermann-nextcloud_deck-1.0.0
version 2: stefan_niedermann-nextcloud_deck-2.0.0
compilation unit: 0040-stefan_niedermann-nextcloud_deck-None/app/src/main/java/it/niedermann/nextcloud/deck/api/ApiProvider.java
method: -
constraints in stefan_niedermann-nextcloud_deck-1.0.0
	AndroidXNonNull condition: "" , add info: -
	AndroidXNullable condition: "" , add info: -
constraints in stefan_niedermann-nextcloud_deck-2.0.0

CANNOT_BE_CLASSIFIED
version 1: stefan_niedermann-nextcloud_deck-1.0.0
version 2: stefan_niedermann-nextcloud_deck-2.0.0
compilation unit: 0040-stefan_niedermann-nextcloud_deck-None/app/src/main/java/it/niedermann/nextcloud/deck/api/IResponseCallback.java
method: -
constraints in stefan_niedermann-nextcloud_deck-1.0.0
	AndroidXNonNull condition: "" , add info: -
constraints in stefan_niedermann-nextcloud_deck-2.0.0

CANNOT_BE_CLASSIFIED
version 1: stefan_niedermann-nextcloud_deck-1.0.0
version 2: stefan_niedermann-nextcloud_deck-2.0.0
compilation unit: 0040-stefan_niedermann-nextcloud_deck-None/app/src/main/java/it/niedermann/nextcloud/deck/api/RequestHelper.java
method: getObservableFromCall()
constraints in stefan_niedermann-nextcloud_deck-1.0.0
	AndroidXNonNull condition: "" , add info: -
	AndroidXNonNull condition: "" , add info: -
constraints in stefan_niedermann-nextcloud_deck-2.0.0

CANNOT_BE_CLASSIFIED
version 1: stefan_niedermann-nextcloud_deck-1.0.0
version 2: stefan_niedermann-nextcloud_deck-2.0.0
compilation unit: 0040-stefan_niedermann-nextcloud_deck-None/app/src/main/java/it/niedermann/nextcloud/deck/model/Account.java
method: -
constraints in stefan_niedermann-nextcloud_deck-1.0.0
	AndroidXNonNull condition: "" , add info: -
	AndroidXNonNull condition: "" , add info: -
	AndroidXNullable condition: "" , add info: -
	AndroidXNonNull condition: "" , add info: -
	AndroidXNonNull condition: "" , add info: -
	AndroidXNonNull condition: "" , add info: -
	AndroidXNonNull condition: "" , add info: -
	AndroidXNonNull condition: "" , add info: -
constraints in stefan_niedermann-nextcloud_deck-2.0.0

CANNOT_BE_CLASSIFIED
version 1: stefan_niedermann-nextcloud_deck-1.0.0
version 2: stefan_niedermann-nextcloud_deck-2.0.0
compilation unit: 0040-stefan_niedermann-nextcloud_deck-None/app/src/main/java/it/niedermann/nextcloud/deck/model/Attachment.java
method: -
constraints in stefan_niedermann-nextcloud_deck-1.0.0
	AndroidXNullable condition: "" , add info: -
constraints in stefan_niedermann-nextcloud_deck-2.0.0

CANNOT_BE_CLASSIFIED
version 1: stefan_niedermann-nextcloud_deck-1.0.0
version 2: stefan_niedermann-nextcloud_deck-2.0.0
compilation unit: 0040-stefan_niedermann-nextcloud_deck-None/app/src/main/java/it/niedermann/nextcloud/deck/model/Card.java
method: TaskStatus(int, int)
constraints in stefan_niedermann-nextcloud_deck-1.0.0
	AndroidXNonNull condition: "" , add info: -
constraints in stefan_niedermann-nextcloud_deck-2.0.0

CANNOT_BE_CLASSIFIED
version 1: stefan_niedermann-nextcloud_deck-1.0.0
version 2: stefan_niedermann-nextcloud_deck-2.0.0
compilation unit: 0040-stefan_niedermann-nextcloud_deck-None/app/src/main/java/it/niedermann/nextcloud/deck/model/full/FullCardWithProjects.java
method: -
constraints in stefan_niedermann-nextcloud_deck-1.0.0
	AndroidXNonNull condition: "" , add info: -
constraints in stefan_niedermann-nextcloud_deck-2.0.0

CANNOT_BE_CLASSIFIED
version 1: stefan_niedermann-nextcloud_deck-1.0.0
version 2: stefan_niedermann-nextcloud_deck-2.0.0
compilation unit: 0040-stefan_niedermann-nextcloud_deck-None/app/src/main/java/it/niedermann/nextcloud/deck/model/internal/FilterInformation.java
method: -
constraints in stefan_niedermann-nextcloud_deck-1.0.0
	AndroidXNonNull condition: "" , add info: -
	AndroidXNonNull condition: "" , add info: -
	AndroidXNonNull condition: "" , add info: -
	AndroidXNonNull condition: "" , add info: -
	AndroidXNonNull condition: "" , add info: -
	AndroidXNonNull condition: "" , add info: -
constraints in stefan_niedermann-nextcloud_deck-2.0.0

CANNOT_BE_CLASSIFIED
version 1: stefan_niedermann-nextcloud_deck-1.0.0
version 2: stefan_niedermann-nextcloud_deck-2.0.0
compilation unit: 0040-stefan_niedermann-nextcloud_deck-None/app/src/main/java/it/niedermann/nextcloud/deck/model/JoinBoardWithLabel.java
method: -
constraints in stefan_niedermann-nextcloud_deck-1.0.0
	AndroidXNonNull condition: "" , add info: -
	AndroidXNonNull condition: "" , add info: -
constraints in stefan_niedermann-nextcloud_deck-2.0.0

CANNOT_BE_CLASSIFIED
version 1: stefan_niedermann-nextcloud_deck-1.0.0
version 2: stefan_niedermann-nextcloud_deck-2.0.0
compilation unit: 0040-stefan_niedermann-nextcloud_deck-None/app/src/main/java/it/niedermann/nextcloud/deck/model/JoinBoardWithPermission.java
method: -
constraints in stefan_niedermann-nextcloud_deck-1.0.0
	AndroidXNonNull condition: "" , add info: -
	AndroidXNonNull condition: "" , add info: -
constraints in stefan_niedermann-nextcloud_deck-2.0.0

CANNOT_BE_CLASSIFIED
version 1: stefan_niedermann-nextcloud_deck-1.0.0
version 2: stefan_niedermann-nextcloud_deck-2.0.0
compilation unit: 0040-stefan_niedermann-nextcloud_deck-None/app/src/main/java/it/niedermann/nextcloud/deck/model/JoinBoardWithUser.java
method: -
constraints in stefan_niedermann-nextcloud_deck-1.0.0
	AndroidXNonNull condition: "" , add info: -
	AndroidXNonNull condition: "" , add info: -
constraints in stefan_niedermann-nextcloud_deck-2.0.0

CANNOT_BE_CLASSIFIED
version 1: stefan_niedermann-nextcloud_deck-1.0.0
version 2: stefan_niedermann-nextcloud_deck-2.0.0
compilation unit: 0040-stefan_niedermann-nextcloud_deck-None/app/src/main/java/it/niedermann/nextcloud/deck/model/JoinCardWithLabel.java
method: -
constraints in stefan_niedermann-nextcloud_deck-1.0.0
	AndroidXNonNull condition: "" , add info: -
	AndroidXNonNull condition: "" , add info: -
constraints in stefan_niedermann-nextcloud_deck-2.0.0

CANNOT_BE_CLASSIFIED
version 1: stefan_niedermann-nextcloud_deck-1.0.0
version 2: stefan_niedermann-nextcloud_deck-2.0.0
compilation unit: 0040-stefan_niedermann-nextcloud_deck-None/app/src/main/java/it/niedermann/nextcloud/deck/model/JoinCardWithUser.java
method: -
constraints in stefan_niedermann-nextcloud_deck-1.0.0
	AndroidXNonNull condition: "" , add info: -
	AndroidXNonNull condition: "" , add info: -
constraints in stefan_niedermann-nextcloud_deck-2.0.0

CANNOT_BE_CLASSIFIED
version 1: stefan_niedermann-nextcloud_deck-1.0.0
version 2: stefan_niedermann-nextcloud_deck-2.0.0
compilation unit: 0040-stefan_niedermann-nextcloud_deck-None/app/src/main/java/it/niedermann/nextcloud/deck/model/Label.java
method: -
constraints in stefan_niedermann-nextcloud_deck-1.0.0
	AndroidXNonNull condition: "" , add info: -
constraints in stefan_niedermann-nextcloud_deck-2.0.0

CANNOT_BE_CLASSIFIED
version 1: stefan_niedermann-nextcloud_deck-1.0.0
version 2: stefan_niedermann-nextcloud_deck-2.0.0
compilation unit: 0040-stefan_niedermann-nextcloud_deck-None/app/src/main/java/it/niedermann/nextcloud/deck/model/ocs/projects/JoinCardWithProject.java
method: -
constraints in stefan_niedermann-nextcloud_deck-1.0.0
	AndroidXNonNull condition: "" , add info: -
	AndroidXNonNull condition: "" , add info: -
constraints in stefan_niedermann-nextcloud_deck-2.0.0

CANNOT_BE_CLASSIFIED
version 1: stefan_niedermann-nextcloud_deck-1.0.0
version 2: stefan_niedermann-nextcloud_deck-2.0.0
compilation unit: 0040-stefan_niedermann-nextcloud_deck-None/app/src/main/java/it/niedermann/nextcloud/deck/model/ocs/projects/OcsProject.java
method: -
constraints in stefan_niedermann-nextcloud_deck-1.0.0
	AndroidXNonNull condition: "" , add info: -
	AndroidXNonNull condition: "" , add info: -
constraints in stefan_niedermann-nextcloud_deck-2.0.0

CANNOT_BE_CLASSIFIED
version 1: stefan_niedermann-nextcloud_deck-1.0.0
version 2: stefan_niedermann-nextcloud_deck-2.0.0
compilation unit: 0040-stefan_niedermann-nextcloud_deck-None/app/src/main/java/it/niedermann/nextcloud/deck/model/ocs/projects/OcsProjectResource.java
method: -
constraints in stefan_niedermann-nextcloud_deck-1.0.0
	AndroidXNullable condition: "" , add info: -
	AndroidXNullable condition: "" , add info: -
	AndroidXNullable condition: "" , add info: -
	AndroidXNullable condition: "" , add info: -
	AndroidXNullable condition: "" , add info: -
	AndroidXNullable condition: "" , add info: -
	AndroidXNullable condition: "" , add info: -
	AndroidXNullable condition: "" , add info: -
	AndroidXNonNull condition: "" , add info: -
constraints in stefan_niedermann-nextcloud_deck-2.0.0

CANNOT_BE_CLASSIFIED
version 1: stefan_niedermann-nextcloud_deck-1.0.0
version 2: stefan_niedermann-nextcloud_deck-2.0.0
compilation unit: 0040-stefan_niedermann-nextcloud_deck-None/app/src/main/java/it/niedermann/nextcloud/deck/model/relations/UserInBoard.java
method: -
constraints in stefan_niedermann-nextcloud_deck-1.0.0
	AndroidXNonNull condition: "" , add info: -
	AndroidXNonNull condition: "" , add info: -
constraints in stefan_niedermann-nextcloud_deck-2.0.0

CANNOT_BE_CLASSIFIED
version 1: stefan_niedermann-nextcloud_deck-1.0.0
version 2: stefan_niedermann-nextcloud_deck-2.0.0
compilation unit: 0040-stefan_niedermann-nextcloud_deck-None/app/src/main/java/it/niedermann/nextcloud/deck/model/relations/UserInGroup.java
method: -
constraints in stefan_niedermann-nextcloud_deck-1.0.0
	AndroidXNonNull condition: "" , add info: -
	AndroidXNonNull condition: "" , add info: -
constraints in stefan_niedermann-nextcloud_deck-2.0.0

CANNOT_BE_CLASSIFIED
version 1: stefan_niedermann-nextcloud_deck-1.0.0
version 2: stefan_niedermann-nextcloud_deck-2.0.0
compilation unit: 0040-stefan_niedermann-nextcloud_deck-None/app/src/main/java/it/niedermann/nextcloud/deck/model/widget/filter/FilterWidget.java
method: -
constraints in stefan_niedermann-nextcloud_deck-1.0.0
	AndroidXNullable condition: "" , add info: -
	AndroidXNullable condition: "" , add info: -
	AndroidXNonNull condition: "" , add info: -
	AndroidXNonNull condition: "" , add info: -
	AndroidXNonNull condition: "" , add info: -
constraints in stefan_niedermann-nextcloud_deck-2.0.0

CANNOT_BE_CLASSIFIED
version 1: stefan_niedermann-nextcloud_deck-1.0.0
version 2: stefan_niedermann-nextcloud_deck-2.0.0
compilation unit: 0040-stefan_niedermann-nextcloud_deck-None/app/src/main/java/it/niedermann/nextcloud/deck/model/widget/filter/FilterWidgetSort.java
method: -
constraints in stefan_niedermann-nextcloud_deck-1.0.0
	AndroidXNonNull condition: "" , add info: -
constraints in stefan_niedermann-nextcloud_deck-2.0.0

CANNOT_BE_CLASSIFIED
version 1: stefan_niedermann-nextcloud_deck-1.0.0
version 2: stefan_niedermann-nextcloud_deck-2.0.0
compilation unit: 0040-stefan_niedermann-nextcloud_deck-None/app/src/main/java/it/niedermann/nextcloud/deck/persistence/sync/adapters/db/DataBaseAdapter.java
method: -
constraints in stefan_niedermann-nextcloud_deck-1.0.0
	AndroidXNonNull condition: "" , add info: -
constraints in stefan_niedermann-nextcloud_deck-2.0.0

CANNOT_BE_CLASSIFIED
version 1: stefan_niedermann-nextcloud_deck-1.0.0
version 2: stefan_niedermann-nextcloud_deck-2.0.0
compilation unit: 0040-stefan_niedermann-nextcloud_deck-None/app/src/main/java/it/niedermann/nextcloud/deck/persistence/sync/adapters/db/migration/Migration_14_15.java
method: -
constraints in stefan_niedermann-nextcloud_deck-1.0.0
	AndroidXNonNull condition: "" , add info: -
constraints in stefan_niedermann-nextcloud_deck-2.0.0

CANNOT_BE_CLASSIFIED
version 1: stefan_niedermann-nextcloud_deck-1.0.0
version 2: stefan_niedermann-nextcloud_deck-2.0.0
compilation unit: 0040-stefan_niedermann-nextcloud_deck-None/app/src/main/java/it/niedermann/nextcloud/deck/persistence/sync/adapters/db/migration/Migration_20_21.java
method: migrate(SupportSQLiteDatabase)
constraints in stefan_niedermann-nextcloud_deck-1.0.0
	AndroidXColorInt condition: "" , add info: -
	AndroidXColorInt condition: "" , add info: -
	AndroidXColorInt condition: "" , add info: -
	AndroidXColorInt condition: "" , add info: -
constraints in stefan_niedermann-nextcloud_deck-2.0.0

CANNOT_BE_CLASSIFIED
version 1: stefan_niedermann-nextcloud_deck-1.0.0
version 2: stefan_niedermann-nextcloud_deck-2.0.0
compilation unit: 0040-stefan_niedermann-nextcloud_deck-None/app/src/main/java/it/niedermann/nextcloud/deck/persistence/sync/adapters/db/migration/Migration_21_22.java
method: -
constraints in stefan_niedermann-nextcloud_deck-1.0.0
	AndroidXNonNull condition: "" , add info: -
constraints in stefan_niedermann-nextcloud_deck-2.0.0

CANNOT_BE_CLASSIFIED
version 1: stefan_niedermann-nextcloud_deck-1.0.0
version 2: stefan_niedermann-nextcloud_deck-2.0.0
compilation unit: 0040-stefan_niedermann-nextcloud_deck-None/app/src/main/java/it/niedermann/nextcloud/deck/persistence/sync/adapters/db/migration/Migration_23_24.java
method: -
constraints in stefan_niedermann-nextcloud_deck-1.0.0
	AndroidXNonNull condition: "" , add info: -
constraints in stefan_niedermann-nextcloud_deck-2.0.0

CANNOT_BE_CLASSIFIED
version 1: stefan_niedermann-nextcloud_deck-1.0.0
version 2: stefan_niedermann-nextcloud_deck-2.0.0
compilation unit: 0040-stefan_niedermann-nextcloud_deck-None/app/src/main/java/it/niedermann/nextcloud/deck/persistence/sync/adapters/db/migration/Migration_29_30.java
method: -
constraints in stefan_niedermann-nextcloud_deck-1.0.0
	AndroidXNonNull condition: "" , add info: -
constraints in stefan_niedermann-nextcloud_deck-2.0.0

CANNOT_BE_CLASSIFIED
version 1: stefan_niedermann-nextcloud_deck-1.0.0
version 2: stefan_niedermann-nextcloud_deck-2.0.0
compilation unit: 0040-stefan_niedermann-nextcloud_deck-None/app/src/main/java/it/niedermann/nextcloud/deck/persistence/sync/adapters/db/util/WrappedLiveData.java
method: -
constraints in stefan_niedermann-nextcloud_deck-1.0.0
	AndroidXNullable condition: "" , add info: -
constraints in stefan_niedermann-nextcloud_deck-2.0.0

CANNOT_BE_CLASSIFIED
version 1: stefan_niedermann-nextcloud_deck-1.0.0
version 2: stefan_niedermann-nextcloud_deck-2.0.0
compilation unit: 0040-stefan_niedermann-nextcloud_deck-None/app/src/main/java/it/niedermann/nextcloud/deck/persistence/sync/adapters/ServerAdapter.java
method: -
constraints in stefan_niedermann-nextcloud_deck-1.0.0
	AndroidXNonNull condition: "" , add info: -
constraints in stefan_niedermann-nextcloud_deck-2.0.0

CANNOT_BE_CLASSIFIED
version 1: stefan_niedermann-nextcloud_deck-1.0.0
version 2: stefan_niedermann-nextcloud_deck-2.0.0
compilation unit: 0040-stefan_niedermann-nextcloud_deck-None/app/src/main/java/it/niedermann/nextcloud/deck/persistence/sync/helpers/DataPropagationHelper.java
method: -
constraints in stefan_niedermann-nextcloud_deck-1.0.0
	AndroidXNonNull condition: "" , add info: -
	AndroidXNonNull condition: "" , add info: -
constraints in stefan_niedermann-nextcloud_deck-2.0.0

CANNOT_BE_CLASSIFIED
version 1: stefan_niedermann-nextcloud_deck-1.0.0
version 2: stefan_niedermann-nextcloud_deck-2.0.0
compilation unit: 0040-stefan_niedermann-nextcloud_deck-None/app/src/main/java/it/niedermann/nextcloud/deck/persistence/sync/helpers/providers/AbstractSyncDataProvider.java
method: -
constraints in stefan_niedermann-nextcloud_deck-1.0.0
	AndroidXNullable condition: "" , add info: -
constraints in stefan_niedermann-nextcloud_deck-2.0.0

CANNOT_BE_CLASSIFIED
version 1: stefan_niedermann-nextcloud_deck-1.0.0
version 2: stefan_niedermann-nextcloud_deck-2.0.0
compilation unit: 0040-stefan_niedermann-nextcloud_deck-None/app/src/main/java/it/niedermann/nextcloud/deck/persistence/sync/helpers/providers/ActivityDataProvider.java
method: -
constraints in stefan_niedermann-nextcloud_deck-1.0.0
	AndroidXNonNull condition: "" , add info: -
constraints in stefan_niedermann-nextcloud_deck-2.0.0

CANNOT_BE_CLASSIFIED
version 1: stefan_niedermann-nextcloud_deck-1.0.0
version 2: stefan_niedermann-nextcloud_deck-2.0.0
compilation unit: 0040-stefan_niedermann-nextcloud_deck-None/app/src/main/java/it/niedermann/nextcloud/deck/persistence/sync/helpers/SyncHelper.java
method: -
constraints in stefan_niedermann-nextcloud_deck-1.0.0
	AndroidXNonNull condition: "" , add info: -
	AndroidXNonNull condition: "" , add info: -
	AndroidXNullable condition: "" , add info: -
constraints in stefan_niedermann-nextcloud_deck-2.0.0

CANNOT_BE_CLASSIFIED
version 1: stefan_niedermann-nextcloud_deck-1.0.0
version 2: stefan_niedermann-nextcloud_deck-2.0.0
compilation unit: 0040-stefan_niedermann-nextcloud_deck-None/app/src/main/java/it/niedermann/nextcloud/deck/persistence/sync/SyncManager.java
method: -
constraints in stefan_niedermann-nextcloud_deck-1.0.0
	AndroidXNonNull condition: "" , add info: -
	AndroidXNonNull condition: "" , add info: -
	AndroidXNonNull condition: "" , add info: -
constraints in stefan_niedermann-nextcloud_deck-2.0.0

CANNOT_BE_CLASSIFIED
version 1: stefan_niedermann-nextcloud_deck-1.0.0
version 2: stefan_niedermann-nextcloud_deck-2.0.0
compilation unit: 0040-stefan_niedermann-nextcloud_deck-None/app/src/main/java/it/niedermann/nextcloud/deck/ui/about/AboutActivity.java
method: onCreate(Bundle)
constraints in stefan_niedermann-nextcloud_deck-1.0.0
	AndroidXNullable condition: "" , add info: -
constraints in stefan_niedermann-nextcloud_deck-2.0.0

CANNOT_BE_CLASSIFIED
version 1: stefan_niedermann-nextcloud_deck-1.0.0
version 2: stefan_niedermann-nextcloud_deck-2.0.0
compilation unit: 0040-stefan_niedermann-nextcloud_deck-None/app/src/main/java/it/niedermann/nextcloud/deck/ui/accountswitcher/AccountSwitcherAdapter.java
method: -
constraints in stefan_niedermann-nextcloud_deck-1.0.0
	AndroidXNonNull condition: "" , add info: -
	AndroidXNonNull condition: "" , add info: -
constraints in stefan_niedermann-nextcloud_deck-2.0.0

CANNOT_BE_CLASSIFIED
version 1: stefan_niedermann-nextcloud_deck-1.0.0
version 2: stefan_niedermann-nextcloud_deck-2.0.0
compilation unit: 0040-stefan_niedermann-nextcloud_deck-None/app/src/main/java/it/niedermann/nextcloud/deck/ui/archivedboards/ArchivedBoardsAdapter.java
method: -
constraints in stefan_niedermann-nextcloud_deck-1.0.0
	AndroidXNonNull condition: "" , add info: -
	AndroidXNonNull condition: "" , add info: -
	AndroidXNonNull condition: "" , add info: -
constraints in stefan_niedermann-nextcloud_deck-2.0.0

CANNOT_BE_CLASSIFIED
version 1: stefan_niedermann-nextcloud_deck-1.0.0
version 2: stefan_niedermann-nextcloud_deck-2.0.0
compilation unit: 0040-stefan_niedermann-nextcloud_deck-None/app/src/main/java/it/niedermann/nextcloud/deck/ui/attachments/AttachmentAdapter.java
method: -
constraints in stefan_niedermann-nextcloud_deck-1.0.0
	AndroidXNonNull condition: "" , add info: -
constraints in stefan_niedermann-nextcloud_deck-2.0.0

CANNOT_BE_CLASSIFIED
version 1: stefan_niedermann-nextcloud_deck-1.0.0
version 2: stefan_niedermann-nextcloud_deck-2.0.0
compilation unit: 0040-stefan_niedermann-nextcloud_deck-None/app/src/main/java/it/niedermann/nextcloud/deck/ui/attachments/AttachmentViewHolder.java
method: -
constraints in stefan_niedermann-nextcloud_deck-1.0.0
	AndroidXNonNull condition: "" , add info: -
	AndroidXNonNull condition: "" , add info: -
constraints in stefan_niedermann-nextcloud_deck-2.0.0

CANNOT_BE_CLASSIFIED
version 1: stefan_niedermann-nextcloud_deck-1.0.0
version 2: stefan_niedermann-nextcloud_deck-2.0.0
compilation unit: 0040-stefan_niedermann-nextcloud_deck-None/app/src/main/java/it/niedermann/nextcloud/deck/ui/board/accesscontrol/AccessControlAdapter.java
method: -
constraints in stefan_niedermann-nextcloud_deck-1.0.0
	AndroidXNonNull condition: "" , add info: -
	AndroidXNonNull condition: "" , add info: -
	AndroidXNonNull condition: "" , add info: -
	AndroidXNonNull condition: "" , add info: -
constraints in stefan_niedermann-nextcloud_deck-2.0.0

CANNOT_BE_CLASSIFIED
version 1: stefan_niedermann-nextcloud_deck-1.0.0
version 2: stefan_niedermann-nextcloud_deck-2.0.0
compilation unit: 0040-stefan_niedermann-nextcloud_deck-None/app/src/main/java/it/niedermann/nextcloud/deck/ui/board/BoardAdapter.java
method: -
constraints in stefan_niedermann-nextcloud_deck-1.0.0
	AndroidXNonNull condition: "" , add info: -
constraints in stefan_niedermann-nextcloud_deck-2.0.0

CANNOT_BE_CLASSIFIED
version 1: stefan_niedermann-nextcloud_deck-1.0.0
version 2: stefan_niedermann-nextcloud_deck-2.0.0
compilation unit: 0040-stefan_niedermann-nextcloud_deck-None/app/src/main/java/it/niedermann/nextcloud/deck/ui/board/managelabels/ManageLabelsAdapter.java
method: -
constraints in stefan_niedermann-nextcloud_deck-1.0.0
	AndroidXNonNull condition: "" , add info: -
	AndroidXNonNull condition: "" , add info: -
	AndroidXNonNull condition: "" , add info: -
constraints in stefan_niedermann-nextcloud_deck-2.0.0

CANNOT_BE_CLASSIFIED
version 1: stefan_niedermann-nextcloud_deck-1.0.0
version 2: stefan_niedermann-nextcloud_deck-2.0.0
compilation unit: 0040-stefan_niedermann-nextcloud_deck-None/app/src/main/java/it/niedermann/nextcloud/deck/ui/branding/BrandedDatePickerDialog.java
method: applyBrand(int)
constraints in stefan_niedermann-nextcloud_deck-1.0.0
	AndroidXColorInt condition: "" , add info: -
constraints in stefan_niedermann-nextcloud_deck-2.0.0

CANNOT_BE_CLASSIFIED
version 1: stefan_niedermann-nextcloud_deck-1.0.0
version 2: stefan_niedermann-nextcloud_deck-2.0.0
compilation unit: 0040-stefan_niedermann-nextcloud_deck-None/app/src/main/java/it/niedermann/nextcloud/deck/ui/branding/BrandedDialogFragment.java
method: onStart()
constraints in stefan_niedermann-nextcloud_deck-1.0.0
	AndroidXNullable condition: "" , add info: -
constraints in stefan_niedermann-nextcloud_deck-2.0.0

CANNOT_BE_CLASSIFIED
version 1: stefan_niedermann-nextcloud_deck-1.0.0
version 2: stefan_niedermann-nextcloud_deck-2.0.0
compilation unit: 0040-stefan_niedermann-nextcloud_deck-None/app/src/main/java/it/niedermann/nextcloud/deck/ui/branding/BrandedPreferenceCategory.java
method: onBindViewHolder(PreferenceViewHolder)
constraints in stefan_niedermann-nextcloud_deck-1.0.0
	AndroidXNullable condition: "" , add info: -
	AndroidXColorInt condition: "" , add info: -
constraints in stefan_niedermann-nextcloud_deck-2.0.0

CANNOT_BE_CLASSIFIED
version 1: stefan_niedermann-nextcloud_deck-1.0.0
version 2: stefan_niedermann-nextcloud_deck-2.0.0
compilation unit: 0040-stefan_niedermann-nextcloud_deck-None/app/src/main/java/it/niedermann/nextcloud/deck/ui/branding/BrandedSwitchPreference.java
method: -
constraints in stefan_niedermann-nextcloud_deck-1.0.0
	AndroidXColorInt condition: "" , add info: -
	AndroidXNullable condition: "" , add info: -
constraints in stefan_niedermann-nextcloud_deck-2.0.0

CANNOT_BE_CLASSIFIED
version 1: stefan_niedermann-nextcloud_deck-1.0.0
version 2: stefan_niedermann-nextcloud_deck-2.0.0
compilation unit: 0040-stefan_niedermann-nextcloud_deck-None/app/src/main/java/it/niedermann/nextcloud/deck/ui/branding/BrandedTimePickerDialog.java
method: applyBrand(int)
constraints in stefan_niedermann-nextcloud_deck-1.0.0
	AndroidXColorInt condition: "" , add info: -
constraints in stefan_niedermann-nextcloud_deck-2.0.0

CANNOT_BE_CLASSIFIED
version 1: stefan_niedermann-nextcloud_deck-1.0.0
version 2: stefan_niedermann-nextcloud_deck-2.0.0
compilation unit: 0040-stefan_niedermann-nextcloud_deck-None/app/src/main/java/it/niedermann/nextcloud/deck/ui/card/activities/CardActivityAdapter.java
method: -
constraints in stefan_niedermann-nextcloud_deck-1.0.0
	AndroidXNonNull condition: "" , add info: -
	AndroidXNonNull condition: "" , add info: -
constraints in stefan_niedermann-nextcloud_deck-2.0.0

CANNOT_BE_CLASSIFIED
version 1: stefan_niedermann-nextcloud_deck-1.0.0
version 2: stefan_niedermann-nextcloud_deck-2.0.0
compilation unit: 0040-stefan_niedermann-nextcloud_deck-None/app/src/main/java/it/niedermann/nextcloud/deck/ui/card/assignee/CardAssigneeDialog.java
method: -
constraints in stefan_niedermann-nextcloud_deck-1.0.0
	AndroidXNullable condition: "" , add info: -
	AndroidXNonNull condition: "" , add info: -
constraints in stefan_niedermann-nextcloud_deck-2.0.0

CANNOT_BE_CLASSIFIED
version 1: stefan_niedermann-nextcloud_deck-1.0.0
version 2: stefan_niedermann-nextcloud_deck-2.0.0
compilation unit: 0040-stefan_niedermann-nextcloud_deck-None/app/src/main/java/it/niedermann/nextcloud/deck/ui/card/attachments/CardAttachmentAdapter.java
method: -
constraints in stefan_niedermann-nextcloud_deck-1.0.0
	AndroidXNonNull condition: "" , add info: -
	AndroidXNonNull condition: "" , add info: -
	AndroidXColorInt condition: "" , add info: -
	AndroidXNullable condition: "" , add info: -
	AndroidXNonNull condition: "" , add info: -
	AndroidXNonNull condition: "" , add info: -
	AndroidXNonNull condition: "" , add info: -
constraints in stefan_niedermann-nextcloud_deck-2.0.0

CANNOT_BE_CLASSIFIED
version 1: stefan_niedermann-nextcloud_deck-1.0.0
version 2: stefan_niedermann-nextcloud_deck-2.0.0
compilation unit: 0040-stefan_niedermann-nextcloud_deck-None/app/src/main/java/it/niedermann/nextcloud/deck/ui/card/attachments/CardAttachmentsBottomsheetBehaviorCallback.java
method: -
constraints in stefan_niedermann-nextcloud_deck-1.0.0
	AndroidXNonNull condition: "" , add info: -
	AndroidXNonNull condition: "" , add info: -
	AndroidXNonNull condition: "" , add info: -
	AndroidXNonNull condition: "" , add info: -
	AndroidXColorInt condition: "" , add info: -
	AndroidXColorInt condition: "" , add info: -
	AndroidXPx condition: "" , add info: -
constraints in stefan_niedermann-nextcloud_deck-2.0.0

CANNOT_BE_CLASSIFIED
version 1: stefan_niedermann-nextcloud_deck-1.0.0
version 2: stefan_niedermann-nextcloud_deck-2.0.0
compilation unit: 0040-stefan_niedermann-nextcloud_deck-None/app/src/main/java/it/niedermann/nextcloud/deck/ui/card/attachments/CardAttachmentsFragment.java
method: -
constraints in stefan_niedermann-nextcloud_deck-1.0.0
	AndroidXColorInt condition: "" , add info: -
	AndroidXColorInt condition: "" , add info: -
constraints in stefan_niedermann-nextcloud_deck-2.0.0

CANNOT_BE_CLASSIFIED
version 1: stefan_niedermann-nextcloud_deck-1.0.0
version 2: stefan_niedermann-nextcloud_deck-2.0.0
compilation unit: 0040-stefan_niedermann-nextcloud_deck-None/app/src/main/java/it/niedermann/nextcloud/deck/ui/card/attachments/picker/AbstractCursorPickerAdapter.java
method: -
constraints in stefan_niedermann-nextcloud_deck-1.0.0
	AndroidXNonNull condition: "" , add info: -
	AndroidXNonNull condition: "" , add info: -
	AndroidXNonNull condition: "" , add info: -
	AndroidXNonNull condition: "" , add info: -
	AndroidXNonNull condition: "" , add info: -
constraints in stefan_niedermann-nextcloud_deck-2.0.0

CANNOT_BE_CLASSIFIED
version 1: stefan_niedermann-nextcloud_deck-1.0.0
version 2: stefan_niedermann-nextcloud_deck-2.0.0
compilation unit: 0040-stefan_niedermann-nextcloud_deck-None/app/src/main/java/it/niedermann/nextcloud/deck/ui/card/attachments/picker/GalleryAdapter.java
method: -
constraints in stefan_niedermann-nextcloud_deck-1.0.0
	AndroidSuppressLint condition: ""InlinedApi"" , add info: -
	AndroidXNonNull condition: "" , add info: -
constraints in stefan_niedermann-nextcloud_deck-2.0.0

CANNOT_BE_CLASSIFIED
version 1: stefan_niedermann-nextcloud_deck-1.0.0
version 2: stefan_niedermann-nextcloud_deck-2.0.0
compilation unit: 0040-stefan_niedermann-nextcloud_deck-None/app/src/main/java/it/niedermann/nextcloud/deck/ui/card/attachments/picker/GalleryItemDecoration.java
method: -
constraints in stefan_niedermann-nextcloud_deck-1.0.0
	AndroidXPx condition: "" , add info: -
constraints in stefan_niedermann-nextcloud_deck-2.0.0

CANNOT_BE_CLASSIFIED
version 1: stefan_niedermann-nextcloud_deck-1.0.0
version 2: stefan_niedermann-nextcloud_deck-2.0.0
compilation unit: 0040-stefan_niedermann-nextcloud_deck-None/app/src/main/java/it/niedermann/nextcloud/deck/ui/card/attachments/previewdialog/PreviewDialogViewModel.java
method: -
constraints in stefan_niedermann-nextcloud_deck-1.0.0
	AndroidXNonNull condition: "" , add info: -
	AndroidXNonNull condition: "" , add info: -
constraints in stefan_niedermann-nextcloud_deck-2.0.0

CANNOT_BE_CLASSIFIED
version 1: stefan_niedermann-nextcloud_deck-1.0.0
version 2: stefan_niedermann-nextcloud_deck-2.0.0
compilation unit: 0040-stefan_niedermann-nextcloud_deck-None/app/src/main/java/it/niedermann/nextcloud/deck/ui/card/CardAdapter.java
method: -
constraints in stefan_niedermann-nextcloud_deck-1.0.0
	AndroidXNonNull condition: "" , add info: -
	AndroidXNonNull condition: "" , add info: -
	AndroidXNonNull condition: "" , add info: -
	AndroidXNullable condition: "" , add info: -
	AndroidXNonNull condition: "" , add info: -
	AndroidXNonNull condition: "" , add info: -
	AndroidXColorInt condition: "" , add info: -
	AndroidXStringRes condition: "" , add info: -
constraints in stefan_niedermann-nextcloud_deck-2.0.0

CANNOT_BE_CLASSIFIED
version 1: stefan_niedermann-nextcloud_deck-1.0.0
version 2: stefan_niedermann-nextcloud_deck-2.0.0
compilation unit: 0040-stefan_niedermann-nextcloud_deck-None/app/src/main/java/it/niedermann/nextcloud/deck/ui/card/comments/CardCommentsAdapter.java
method: -
constraints in stefan_niedermann-nextcloud_deck-1.0.0
	AndroidXNonNull condition: "" , add info: -
	AndroidXNonNull condition: "" , add info: -
	AndroidXNonNull condition: "" , add info: -
	AndroidXNonNull condition: "" , add info: -
	AndroidXNonNull condition: "" , add info: -
	AndroidXNonNull condition: "" , add info: -
	AndroidXNonNull condition: "" , add info: -
constraints in stefan_niedermann-nextcloud_deck-2.0.0

CANNOT_BE_CLASSIFIED
version 1: stefan_niedermann-nextcloud_deck-1.0.0
version 2: stefan_niedermann-nextcloud_deck-2.0.0
compilation unit: 0040-stefan_niedermann-nextcloud_deck-None/app/src/main/java/it/niedermann/nextcloud/deck/ui/card/comments/CardCommentsMentionProposer.java
method: -
constraints in stefan_niedermann-nextcloud_deck-1.0.0
	AndroidXNonNull condition: "" , add info: -
	AndroidXNonNull condition: "" , add info: -
	AndroidXNonNull condition: "" , add info: -
	AndroidXNonNull condition: "" , add info: -
	AndroidXNonNull condition: "" , add info: -
	AndroidXNonNull condition: "" , add info: -
	AndroidXNonNull condition: "" , add info: -
	AndroidXNonNull condition: "" , add info: -
constraints in stefan_niedermann-nextcloud_deck-2.0.0

CANNOT_BE_CLASSIFIED
version 1: stefan_niedermann-nextcloud_deck-1.0.0
version 2: stefan_niedermann-nextcloud_deck-2.0.0
compilation unit: 0040-stefan_niedermann-nextcloud_deck-None/app/src/main/java/it/niedermann/nextcloud/deck/ui/card/details/AssigneeAdapter.java
method: -
constraints in stefan_niedermann-nextcloud_deck-1.0.0
	AndroidXNonNull condition: "" , add info: -
	AndroidXNonNull condition: "" , add info: -
constraints in stefan_niedermann-nextcloud_deck-2.0.0

CANNOT_BE_CLASSIFIED
version 1: stefan_niedermann-nextcloud_deck-1.0.0
version 2: stefan_niedermann-nextcloud_deck-2.0.0
compilation unit: 0040-stefan_niedermann-nextcloud_deck-None/app/src/main/java/it/niedermann/nextcloud/deck/ui/card/details/CardProjectsAdapter.java
method: -
constraints in stefan_niedermann-nextcloud_deck-1.0.0
	AndroidXNonNull condition: "" , add info: -
	AndroidXNonNull condition: "" , add info: -
constraints in stefan_niedermann-nextcloud_deck-2.0.0

CANNOT_BE_CLASSIFIED
version 1: stefan_niedermann-nextcloud_deck-1.0.0
version 2: stefan_niedermann-nextcloud_deck-2.0.0
compilation unit: 0040-stefan_niedermann-nextcloud_deck-None/app/src/main/java/it/niedermann/nextcloud/deck/ui/card/EditActivity.java
method: onCreateOptionsMenu(Menu)
constraints in stefan_niedermann-nextcloud_deck-1.0.0
	AndroidXColorInt condition: "" , add info: -
constraints in stefan_niedermann-nextcloud_deck-2.0.0

CANNOT_BE_CLASSIFIED
version 1: stefan_niedermann-nextcloud_deck-1.0.0
version 2: stefan_niedermann-nextcloud_deck-2.0.0
compilation unit: 0040-stefan_niedermann-nextcloud_deck-None/app/src/main/java/it/niedermann/nextcloud/deck/ui/card/LabelAutoCompleteAdapter.java
method: -
constraints in stefan_niedermann-nextcloud_deck-1.0.0
	AndroidXNullable condition: "" , add info: -
constraints in stefan_niedermann-nextcloud_deck-2.0.0

CANNOT_BE_CLASSIFIED
version 1: stefan_niedermann-nextcloud_deck-1.0.0
version 2: stefan_niedermann-nextcloud_deck-2.0.0
compilation unit: 0040-stefan_niedermann-nextcloud_deck-None/app/src/main/java/it/niedermann/nextcloud/deck/ui/card/projectresources/CardProjectResourceAdapter.java
method: -
constraints in stefan_niedermann-nextcloud_deck-1.0.0
	AndroidXNonNull condition: "" , add info: -
	AndroidXNonNull condition: "" , add info: -
	AndroidXNonNull condition: "" , add info: -
constraints in stefan_niedermann-nextcloud_deck-2.0.0

CANNOT_BE_CLASSIFIED
version 1: stefan_niedermann-nextcloud_deck-1.0.0
version 2: stefan_niedermann-nextcloud_deck-2.0.0
compilation unit: 0040-stefan_niedermann-nextcloud_deck-None/app/src/main/java/it/niedermann/nextcloud/deck/ui/card/projectresources/CardProjectResourcesDialog.java
method: -
constraints in stefan_niedermann-nextcloud_deck-1.0.0
	AndroidXNonNull condition: "" , add info: -
constraints in stefan_niedermann-nextcloud_deck-2.0.0

CANNOT_BE_CLASSIFIED
version 1: stefan_niedermann-nextcloud_deck-1.0.0
version 2: stefan_niedermann-nextcloud_deck-2.0.0
compilation unit: 0040-stefan_niedermann-nextcloud_deck-None/app/src/main/java/it/niedermann/nextcloud/deck/ui/card/projectresources/CardProjectResourceViewHolder.java
method: -
constraints in stefan_niedermann-nextcloud_deck-1.0.0
	AndroidXNonNull condition: "" , add info: -
constraints in stefan_niedermann-nextcloud_deck-2.0.0

CANNOT_BE_CLASSIFIED
version 1: stefan_niedermann-nextcloud_deck-1.0.0
version 2: stefan_niedermann-nextcloud_deck-2.0.0
compilation unit: 0040-stefan_niedermann-nextcloud_deck-None/app/src/main/java/it/niedermann/nextcloud/deck/ui/card/UserAutoCompleteAdapter.java
method: -
constraints in stefan_niedermann-nextcloud_deck-1.0.0
	AndroidXNonNull condition: "" , add info: -
constraints in stefan_niedermann-nextcloud_deck-2.0.0

CANNOT_BE_CLASSIFIED
version 1: stefan_niedermann-nextcloud_deck-1.0.0
version 2: stefan_niedermann-nextcloud_deck-2.0.0
compilation unit: 0040-stefan_niedermann-nextcloud_deck-None/app/src/main/java/it/niedermann/nextcloud/deck/ui/exception/ExceptionDialogFragment.java
method: -
constraints in stefan_niedermann-nextcloud_deck-1.0.0
	AndroidXNullable condition: "" , add info: -
constraints in stefan_niedermann-nextcloud_deck-2.0.0

CANNOT_BE_CLASSIFIED
version 1: stefan_niedermann-nextcloud_deck-1.0.0
version 2: stefan_niedermann-nextcloud_deck-2.0.0
compilation unit: 0040-stefan_niedermann-nextcloud_deck-None/app/src/main/java/it/niedermann/nextcloud/deck/ui/exception/ExceptionHandler.java
method: -
constraints in stefan_niedermann-nextcloud_deck-1.0.0
	AndroidXNonNull condition: "" , add info: -
constraints in stefan_niedermann-nextcloud_deck-2.0.0

CANNOT_BE_CLASSIFIED
version 1: stefan_niedermann-nextcloud_deck-1.0.0
version 2: stefan_niedermann-nextcloud_deck-2.0.0
compilation unit: 0040-stefan_niedermann-nextcloud_deck-None/app/src/main/java/it/niedermann/nextcloud/deck/ui/exception/tips/TipsAdapter.java
method: -
constraints in stefan_niedermann-nextcloud_deck-1.0.0
	AndroidXNonNull condition: "" , add info: -
	AndroidXNonNull condition: "" , add info: -
constraints in stefan_niedermann-nextcloud_deck-2.0.0

CANNOT_BE_CLASSIFIED
version 1: stefan_niedermann-nextcloud_deck-1.0.0
version 2: stefan_niedermann-nextcloud_deck-2.0.0
compilation unit: 0040-stefan_niedermann-nextcloud_deck-None/app/src/main/java/it/niedermann/nextcloud/deck/ui/exception/tips/TipsModel.java
method: -
constraints in stefan_niedermann-nextcloud_deck-1.0.0
	AndroidXStringRes condition: "" , add info: -
	AndroidXNullable condition: "" , add info: -
constraints in stefan_niedermann-nextcloud_deck-2.0.0

CANNOT_BE_CLASSIFIED
version 1: stefan_niedermann-nextcloud_deck-1.0.0
version 2: stefan_niedermann-nextcloud_deck-2.0.0
compilation unit: 0040-stefan_niedermann-nextcloud_deck-None/app/src/main/java/it/niedermann/nextcloud/deck/ui/filter/FilterDialogFragment.java
method: applyBrand(int)
constraints in stefan_niedermann-nextcloud_deck-1.0.0
	AndroidXColorInt condition: "" , add info: -
constraints in stefan_niedermann-nextcloud_deck-2.0.0

CANNOT_BE_CLASSIFIED
version 1: stefan_niedermann-nextcloud_deck-1.0.0
version 2: stefan_niedermann-nextcloud_deck-2.0.0
compilation unit: 0040-stefan_niedermann-nextcloud_deck-None/app/src/main/java/it/niedermann/nextcloud/deck/ui/filter/FilterDueTypeAdapter.java
method: -
constraints in stefan_niedermann-nextcloud_deck-1.0.0
	AndroidXNonNull condition: "" , add info: -
	AndroidXNullable condition: "" , add info: -
constraints in stefan_niedermann-nextcloud_deck-2.0.0

CANNOT_BE_CLASSIFIED
version 1: stefan_niedermann-nextcloud_deck-1.0.0
version 2: stefan_niedermann-nextcloud_deck-2.0.0
compilation unit: 0040-stefan_niedermann-nextcloud_deck-None/app/src/main/java/it/niedermann/nextcloud/deck/ui/filter/FilterLabelsAdapter.java
method: -
constraints in stefan_niedermann-nextcloud_deck-1.0.0
	AndroidXNonNull condition: "" , add info: -
	AndroidXNonNull condition: "" , add info: -
	AndroidXNullable condition: "" , add info: -
	AndroidXNullable condition: "" , add info: -
constraints in stefan_niedermann-nextcloud_deck-2.0.0

CANNOT_BE_CLASSIFIED
version 1: stefan_niedermann-nextcloud_deck-1.0.0
version 2: stefan_niedermann-nextcloud_deck-2.0.0
compilation unit: 0040-stefan_niedermann-nextcloud_deck-None/app/src/main/java/it/niedermann/nextcloud/deck/ui/filter/FilterLabelsAdapter.java
method: getItemId(int)
constraints in stefan_niedermann-nextcloud_deck-1.0.0
	AndroidXNullable condition: "" , add info: -
constraints in stefan_niedermann-nextcloud_deck-2.0.0

CANNOT_BE_CLASSIFIED
version 1: stefan_niedermann-nextcloud_deck-1.0.0
version 2: stefan_niedermann-nextcloud_deck-2.0.0
compilation unit: 0040-stefan_niedermann-nextcloud_deck-None/app/src/main/java/it/niedermann/nextcloud/deck/ui/filter/FilterUserAdapter.java
method: -
constraints in stefan_niedermann-nextcloud_deck-1.0.0
	AndroidXPx condition: "" , add info: -
	AndroidXNonNull condition: "" , add info: -
	AndroidXNullable condition: "" , add info: -
	AndroidXNonNull condition: "" , add info: -
	AndroidXNonNull condition: "" , add info: -
	AndroidXNullable condition: "" , add info: -
constraints in stefan_niedermann-nextcloud_deck-2.0.0

CANNOT_BE_CLASSIFIED
version 1: stefan_niedermann-nextcloud_deck-1.0.0
version 2: stefan_niedermann-nextcloud_deck-2.0.0
compilation unit: 0040-stefan_niedermann-nextcloud_deck-None/app/src/main/java/it/niedermann/nextcloud/deck/ui/filter/FilterUserAdapter.java
method: getItemId(int)
constraints in stefan_niedermann-nextcloud_deck-1.0.0
	AndroidXNullable condition: "" , add info: -
constraints in stefan_niedermann-nextcloud_deck-2.0.0

CANNOT_BE_CLASSIFIED
version 1: stefan_niedermann-nextcloud_deck-1.0.0
version 2: stefan_niedermann-nextcloud_deck-2.0.0
compilation unit: 0040-stefan_niedermann-nextcloud_deck-None/app/src/main/java/it/niedermann/nextcloud/deck/ui/filter/FilterViewModel.java
method: -
constraints in stefan_niedermann-nextcloud_deck-1.0.0
	AndroidXIntRange condition: "[from = 0, to = 2]" , add info: -
	AndroidXNonNull condition: "" , add info: -
	AndroidXNonNull condition: "" , add info: -
constraints in stefan_niedermann-nextcloud_deck-2.0.0

CANNOT_BE_CLASSIFIED
version 1: stefan_niedermann-nextcloud_deck-1.0.0
version 2: stefan_niedermann-nextcloud_deck-2.0.0
compilation unit: 0040-stefan_niedermann-nextcloud_deck-None/app/src/main/java/it/niedermann/nextcloud/deck/ui/MainActivity.java
method: -
constraints in stefan_niedermann-nextcloud_deck-1.0.0
	AndroidXColorInt condition: "" , add info: -
	AndroidXNonNull condition: "" , add info: -
	AndroidXNullable condition: "" , add info: -
	AndroidXNullable condition: "" , add info: -
constraints in stefan_niedermann-nextcloud_deck-2.0.0

CANNOT_BE_CLASSIFIED
version 1: stefan_niedermann-nextcloud_deck-1.0.0
version 2: stefan_niedermann-nextcloud_deck-2.0.0
compilation unit: 0040-stefan_niedermann-nextcloud_deck-None/app/src/main/java/it/niedermann/nextcloud/deck/ui/MainViewModel.java
method: -
constraints in stefan_niedermann-nextcloud_deck-1.0.0
	AndroidXNullable condition: "" , add info: -
constraints in stefan_niedermann-nextcloud_deck-2.0.0

CANNOT_BE_CLASSIFIED
version 1: stefan_niedermann-nextcloud_deck-1.0.0
version 2: stefan_niedermann-nextcloud_deck-2.0.0
compilation unit: 0040-stefan_niedermann-nextcloud_deck-None/app/src/main/java/it/niedermann/nextcloud/deck/ui/manageaccounts/ManageAccountAdapter.java
method: -
constraints in stefan_niedermann-nextcloud_deck-1.0.0
	AndroidXNullable condition: "" , add info: -
	AndroidXNonNull condition: "" , add info: -
	AndroidXNonNull condition: "" , add info: -
	AndroidXNonNull condition: "" , add info: -
constraints in stefan_niedermann-nextcloud_deck-2.0.0

CANNOT_BE_CLASSIFIED
version 1: stefan_niedermann-nextcloud_deck-1.0.0
version 2: stefan_niedermann-nextcloud_deck-2.0.0
compilation unit: 0040-stefan_niedermann-nextcloud_deck-None/app/src/main/java/it/niedermann/nextcloud/deck/ui/pickstack/PickStackFragment.java
method: -
constraints in stefan_niedermann-nextcloud_deck-1.0.0
	AndroidXNullable condition: "" , add info: -
	AndroidXNonNull condition: "" , add info: -
	AndroidXNullable condition: "" , add info: -
	AndroidXNonNull condition: "" , add info: -
constraints in stefan_niedermann-nextcloud_deck-2.0.0

CANNOT_BE_CLASSIFIED
version 1: stefan_niedermann-nextcloud_deck-1.0.0
version 2: stefan_niedermann-nextcloud_deck-2.0.0
compilation unit: 0040-stefan_niedermann-nextcloud_deck-None/app/src/main/java/it/niedermann/nextcloud/deck/ui/PickStackActivity.java
method: applyBrand(int)
constraints in stefan_niedermann-nextcloud_deck-1.0.0
	AndroidXColorInt condition: "" , add info: -
constraints in stefan_niedermann-nextcloud_deck-2.0.0

CANNOT_BE_CLASSIFIED
version 1: stefan_niedermann-nextcloud_deck-1.0.0
version 2: stefan_niedermann-nextcloud_deck-2.0.0
compilation unit: 0040-stefan_niedermann-nextcloud_deck-None/app/src/main/java/it/niedermann/nextcloud/deck/ui/preparecreate/AbstractAdapter.java
method: -
constraints in stefan_niedermann-nextcloud_deck-1.0.0
	AndroidXNonNull condition: "" , add info: -
constraints in stefan_niedermann-nextcloud_deck-2.0.0

CANNOT_BE_CLASSIFIED
version 1: stefan_niedermann-nextcloud_deck-1.0.0
version 2: stefan_niedermann-nextcloud_deck-2.0.0
compilation unit: 0040-stefan_niedermann-nextcloud_deck-None/app/src/main/java/it/niedermann/nextcloud/deck/ui/sharetarget/ShareProgressViewModel.java
method: -
constraints in stefan_niedermann-nextcloud_deck-1.0.0
	AndroidXNonNull condition: "" , add info: -
	AndroidXNonNull condition: "" , add info: -
	AndroidXNonNull condition: "" , add info: -
	AndroidXNonNull condition: "" , add info: -
	AndroidXNonNull condition: "" , add info: -
constraints in stefan_niedermann-nextcloud_deck-2.0.0

CANNOT_BE_CLASSIFIED
version 1: stefan_niedermann-nextcloud_deck-1.0.0
version 2: stefan_niedermann-nextcloud_deck-2.0.0
compilation unit: 0040-stefan_niedermann-nextcloud_deck-None/app/src/main/java/it/niedermann/nextcloud/deck/ui/sharetarget/ShareTargetActivity.java
method: -
constraints in stefan_niedermann-nextcloud_deck-1.0.0
	AndroidXNonNull condition: "" , add info: -
constraints in stefan_niedermann-nextcloud_deck-2.0.0

CANNOT_BE_CLASSIFIED
version 1: stefan_niedermann-nextcloud_deck-1.0.0
version 2: stefan_niedermann-nextcloud_deck-2.0.0
compilation unit: 0040-stefan_niedermann-nextcloud_deck-None/app/src/main/java/it/niedermann/nextcloud/deck/ui/sharetarget/ShareTargetActivity.java
method: onCreate(Bundle)
constraints in stefan_niedermann-nextcloud_deck-1.0.0
	AndroidXNullable condition: "" , add info: -
constraints in stefan_niedermann-nextcloud_deck-2.0.0

CANNOT_BE_CLASSIFIED
version 1: stefan_niedermann-nextcloud_deck-1.0.0
version 2: stefan_niedermann-nextcloud_deck-2.0.0
compilation unit: 0040-stefan_niedermann-nextcloud_deck-None/app/src/main/java/it/niedermann/nextcloud/deck/ui/stack/StackAdapter.java
method: -
constraints in stefan_niedermann-nextcloud_deck-1.0.0
	AndroidXNonNull condition: "" , add info: -
constraints in stefan_niedermann-nextcloud_deck-2.0.0

CANNOT_BE_CLASSIFIED
version 1: stefan_niedermann-nextcloud_deck-1.0.0
version 2: stefan_niedermann-nextcloud_deck-2.0.0
compilation unit: 0040-stefan_niedermann-nextcloud_deck-None/app/src/main/java/it/niedermann/nextcloud/deck/ui/stack/StackFragment.java
method: -
constraints in stefan_niedermann-nextcloud_deck-1.0.0
	AndroidXNullable condition: "" , add info: -
constraints in stefan_niedermann-nextcloud_deck-2.0.0

CANNOT_BE_CLASSIFIED
version 1: stefan_niedermann-nextcloud_deck-1.0.0
version 2: stefan_niedermann-nextcloud_deck-2.0.0
compilation unit: 0040-stefan_niedermann-nextcloud_deck-None/app/src/main/java/it/niedermann/nextcloud/deck/ui/takephoto/TakePhotoViewModel.java
method: -
constraints in stefan_niedermann-nextcloud_deck-1.0.0
	AndroidXNonNull condition: "" , add info: -
	AndroidXNonNull condition: "" , add info: -
	AndroidXNonNull condition: "" , add info: -
constraints in stefan_niedermann-nextcloud_deck-2.0.0

CANNOT_BE_CLASSIFIED
version 1: stefan_niedermann-nextcloud_deck-1.0.0
version 2: stefan_niedermann-nextcloud_deck-2.0.0
compilation unit: 0040-stefan_niedermann-nextcloud_deck-None/app/src/main/java/it/niedermann/nextcloud/deck/ui/tiles/EditCardTileService.java
method: -
constraints in stefan_niedermann-nextcloud_deck-1.0.0
	AndroidTargetApi condition: "Build.VERSION_CODES.N" , add info: -
constraints in stefan_niedermann-nextcloud_deck-2.0.0

CANNOT_BE_CLASSIFIED
version 1: stefan_niedermann-nextcloud_deck-1.0.0
version 2: stefan_niedermann-nextcloud_deck-2.0.0
compilation unit: 0040-stefan_niedermann-nextcloud_deck-None/app/src/main/java/it/niedermann/nextcloud/deck/ui/upcomingcards/UpcomingCardsAdapter.java
method: -
constraints in stefan_niedermann-nextcloud_deck-1.0.0
	AndroidXNonNull condition: "" , add info: -
	AndroidXNonNull condition: "" , add info: -
	AndroidXNonNull condition: "" , add info: -
	AndroidXNonNull condition: "" , add info: -
	AndroidXColorInt condition: "" , add info: -
	AndroidXNonNull condition: "" , add info: -
	AndroidXNonNull condition: "" , add info: -
	AndroidXNonNull condition: "" , add info: -
	AndroidXNonNull condition: "" , add info: -
constraints in stefan_niedermann-nextcloud_deck-2.0.0

CANNOT_BE_CLASSIFIED
version 1: stefan_niedermann-nextcloud_deck-1.0.0
version 2: stefan_niedermann-nextcloud_deck-2.0.0
compilation unit: 0040-stefan_niedermann-nextcloud_deck-None/app/src/main/java/it/niedermann/nextcloud/deck/ui/upcomingcards/UpcomingCardsAdapterItem.java
method: -
constraints in stefan_niedermann-nextcloud_deck-1.0.0
	JetBrainsNullable condition: "" , add info: -
	AndroidXNonNull condition: "" , add info: -
	AndroidXNonNull condition: "" , add info: -
	AndroidXNullable condition: "" , add info: -
constraints in stefan_niedermann-nextcloud_deck-2.0.0

CANNOT_BE_CLASSIFIED
version 1: stefan_niedermann-nextcloud_deck-1.0.0
version 2: stefan_niedermann-nextcloud_deck-2.0.0
compilation unit: 0040-stefan_niedermann-nextcloud_deck-None/app/src/main/java/it/niedermann/nextcloud/deck/ui/upcomingcards/UpcomingCardsAdapterSectionItem.java
method: -
constraints in stefan_niedermann-nextcloud_deck-1.0.0
	AndroidXNonNull condition: "" , add info: -
constraints in stefan_niedermann-nextcloud_deck-2.0.0

CANNOT_BE_CLASSIFIED
version 1: stefan_niedermann-nextcloud_deck-1.0.0
version 2: stefan_niedermann-nextcloud_deck-2.0.0
compilation unit: 0040-stefan_niedermann-nextcloud_deck-None/app/src/main/java/it/niedermann/nextcloud/deck/ui/upcomingcards/UpcomingCardsOptionsItemSelectedListener.java
method: -
constraints in stefan_niedermann-nextcloud_deck-1.0.0
	AndroidXNonNull condition: "" , add info: -
	AndroidXNonNull condition: "" , add info: -
	AndroidXNonNull condition: "" , add info: -
	AndroidXNullable condition: "" , add info: -
	AndroidXNonNull condition: "" , add info: -
	AndroidXNonNull condition: "" , add info: -
	AndroidXNonNull condition: "" , add info: -
	AndroidXNonNull condition: "" , add info: -
constraints in stefan_niedermann-nextcloud_deck-2.0.0

CANNOT_BE_CLASSIFIED
version 1: stefan_niedermann-nextcloud_deck-1.0.0
version 2: stefan_niedermann-nextcloud_deck-2.0.0
compilation unit: 0040-stefan_niedermann-nextcloud_deck-None/app/src/main/java/it/niedermann/nextcloud/deck/ui/upcomingcards/UpcomingCardsSectionViewHolder.java
method: -
constraints in stefan_niedermann-nextcloud_deck-1.0.0
	AndroidXNonNull condition: "" , add info: -
constraints in stefan_niedermann-nextcloud_deck-2.0.0

CANNOT_BE_CLASSIFIED
version 1: stefan_niedermann-nextcloud_deck-1.0.0
version 2: stefan_niedermann-nextcloud_deck-2.0.0
compilation unit: 0040-stefan_niedermann-nextcloud_deck-None/app/src/main/java/it/niedermann/nextcloud/deck/ui/view/ColorChooser.java
method: -
constraints in stefan_niedermann-nextcloud_deck-1.0.0
	AndroidXColorInt condition: "" , add info: -
	AndroidXColorInt condition: "" , add info: -
	AndroidXNullable condition: "" , add info: -
constraints in stefan_niedermann-nextcloud_deck-2.0.0

CANNOT_BE_CLASSIFIED
version 1: stefan_niedermann-nextcloud_deck-1.0.0
version 2: stefan_niedermann-nextcloud_deck-2.0.0
compilation unit: 0040-stefan_niedermann-nextcloud_deck-None/app/src/main/java/it/niedermann/nextcloud/deck/ui/view/labelchip/CompactLabelChip.java
method: -
constraints in stefan_niedermann-nextcloud_deck-1.0.0
	AndroidSuppressLint condition: ""ViewConstructor"" , add info: -
constraints in stefan_niedermann-nextcloud_deck-2.0.0

CANNOT_BE_CLASSIFIED
version 1: stefan_niedermann-nextcloud_deck-1.0.0
version 2: stefan_niedermann-nextcloud_deck-2.0.0
compilation unit: 0040-stefan_niedermann-nextcloud_deck-None/app/src/main/java/it/niedermann/nextcloud/deck/ui/view/labelchip/DefaultLabelChip.java
method: -
constraints in stefan_niedermann-nextcloud_deck-1.0.0
	AndroidSuppressLint condition: ""ViewConstructor"" , add info: -
constraints in stefan_niedermann-nextcloud_deck-2.0.0

CANNOT_BE_CLASSIFIED
version 1: stefan_niedermann-nextcloud_deck-1.0.0
version 2: stefan_niedermann-nextcloud_deck-2.0.0
compilation unit: 0040-stefan_niedermann-nextcloud_deck-None/app/src/main/java/it/niedermann/nextcloud/deck/ui/view/labelchip/LabelChip.java
method: -
constraints in stefan_niedermann-nextcloud_deck-1.0.0
	AndroidSuppressLint condition: ""ViewConstructor"" , add info: -
constraints in stefan_niedermann-nextcloud_deck-2.0.0

CANNOT_BE_CLASSIFIED
version 1: stefan_niedermann-nextcloud_deck-1.0.0
version 2: stefan_niedermann-nextcloud_deck-2.0.0
compilation unit: 0040-stefan_niedermann-nextcloud_deck-None/app/src/main/java/it/niedermann/nextcloud/deck/ui/view/labellayout/LabelLayout.java
method: -
constraints in stefan_niedermann-nextcloud_deck-1.0.0
	AndroidXPx condition: "" , add info: -
	AndroidXNonNull condition: "" , add info: -
constraints in stefan_niedermann-nextcloud_deck-2.0.0

CANNOT_BE_CLASSIFIED
version 1: stefan_niedermann-nextcloud_deck-1.0.0
version 2: stefan_niedermann-nextcloud_deck-2.0.0
compilation unit: 0040-stefan_niedermann-nextcloud_deck-None/app/src/main/java/it/niedermann/nextcloud/deck/ui/view/OverlappingAvatars.java
method: OverlappingAvatars(Context, AttributeSet, int)
constraints in stefan_niedermann-nextcloud_deck-1.0.0
	JavaAssert condition: "borderDrawable != null" , add info: -
constraints in stefan_niedermann-nextcloud_deck-2.0.0

CANNOT_BE_CLASSIFIED
version 1: stefan_niedermann-nextcloud_deck-1.0.0
version 2: stefan_niedermann-nextcloud_deck-2.0.0
compilation unit: 0040-stefan_niedermann-nextcloud_deck-None/app/src/main/java/it/niedermann/nextcloud/deck/ui/view/OverlappingAvatars.java
method: -
constraints in stefan_niedermann-nextcloud_deck-1.0.0
	AndroidXPx condition: "" , add info: -
	AndroidXPx condition: "" , add info: -
	AndroidXPx condition: "" , add info: -
constraints in stefan_niedermann-nextcloud_deck-2.0.0

CANNOT_BE_CLASSIFIED
version 1: stefan_niedermann-nextcloud_deck-1.0.0
version 2: stefan_niedermann-nextcloud_deck-2.0.0
compilation unit: 0040-stefan_niedermann-nextcloud_deck-None/app/src/main/java/it/niedermann/nextcloud/deck/ui/widget/filter/FilterWidgetFactory.java
method: -
constraints in stefan_niedermann-nextcloud_deck-1.0.0
	AndroidXNonNull condition: "" , add info: -
constraints in stefan_niedermann-nextcloud_deck-2.0.0

CANNOT_BE_CLASSIFIED
version 1: stefan_niedermann-nextcloud_deck-1.0.0
version 2: stefan_niedermann-nextcloud_deck-2.0.0
compilation unit: 0040-stefan_niedermann-nextcloud_deck-None/app/src/main/java/it/niedermann/nextcloud/deck/ui/widget/filter/FilterWidgetViewModel.java
method: -
constraints in stefan_niedermann-nextcloud_deck-1.0.0
	AndroidXNonNull condition: "" , add info: -
	AndroidXNonNull condition: "" , add info: -
constraints in stefan_niedermann-nextcloud_deck-2.0.0

CANNOT_BE_CLASSIFIED
version 1: stefan_niedermann-nextcloud_deck-1.0.0
version 2: stefan_niedermann-nextcloud_deck-2.0.0
compilation unit: 0040-stefan_niedermann-nextcloud_deck-None/app/src/main/java/it/niedermann/nextcloud/deck/ui/widget/singlecard/SelectCardForWidgetActivity.java
method: -
constraints in stefan_niedermann-nextcloud_deck-1.0.0
	AndroidXColorInt condition: "" , add info: -
constraints in stefan_niedermann-nextcloud_deck-2.0.0

CANNOT_BE_CLASSIFIED
version 1: stefan_niedermann-nextcloud_deck-1.0.0
version 2: stefan_niedermann-nextcloud_deck-2.0.0
compilation unit: 0040-stefan_niedermann-nextcloud_deck-None/app/src/main/java/it/niedermann/nextcloud/deck/ui/widget/stack/StackWidgetFactory.java
method: -
constraints in stefan_niedermann-nextcloud_deck-1.0.0
	AndroidXNonNull condition: "" , add info: -
constraints in stefan_niedermann-nextcloud_deck-2.0.0

CANNOT_BE_CLASSIFIED
version 1: stefan_niedermann-nextcloud_deck-1.0.0
version 2: stefan_niedermann-nextcloud_deck-2.0.0
compilation unit: 0040-stefan_niedermann-nextcloud_deck-None/app/src/main/java/it/niedermann/nextcloud/deck/ui/widget/upcoming/UpcomingWidgetFactory.java
method: -
constraints in stefan_niedermann-nextcloud_deck-1.0.0
	AndroidXNonNull condition: "" , add info: -
constraints in stefan_niedermann-nextcloud_deck-2.0.0

CANNOT_BE_CLASSIFIED
version 1: stefan_niedermann-nextcloud_deck-1.0.0
version 2: stefan_niedermann-nextcloud_deck-2.0.0
compilation unit: 0040-stefan_niedermann-nextcloud_deck-None/app/src/main/java/it/niedermann/nextcloud/deck/util/AutoCompleteAdapter.java
method: -
constraints in stefan_niedermann-nextcloud_deck-1.0.0
	AndroidXNonNull condition: "" , add info: -
	AndroidXNonNull condition: "" , add info: -
	AndroidXNonNull condition: "" , add info: -
	AndroidXNonNull condition: "" , add info: -
constraints in stefan_niedermann-nextcloud_deck-2.0.0

CANNOT_BE_CLASSIFIED
version 1: stefan_niedermann-nextcloud_deck-1.0.0
version 2: stefan_niedermann-nextcloud_deck-2.0.0
compilation unit: 0040-stefan_niedermann-nextcloud_deck-None/app/src/test/java/it/niedermann/nextcloud/deck/util/DeckColorUtilTest.java
method: testContrastRatioIsSufficient()
constraints in stefan_niedermann-nextcloud_deck-1.0.0
	JavaAssert condition: "colorPair.first != null" , add info: -
	JavaAssert condition: "colorPair.second != null" , add info: -
	JavaAssert condition: "colorPair.first != null" , add info: -
	JavaAssert condition: "colorPair.second != null" , add info: -
constraints in stefan_niedermann-nextcloud_deck-2.0.0

CANNOT_BE_CLASSIFIED
version 1: stefan_niedermann-nextcloud_notes-1.0.0
version 2: stefan_niedermann-nextcloud_notes-2.0.0
compilation unit: 0052-stefan_niedermann-nextcloud_notes-None/app/src/main/java/it/niedermann/owncloud/notes/about/AboutActivity.java
method: applyBrand(int,
constraints in stefan_niedermann-nextcloud_notes-1.0.0
	AndroidXColorInt condition: "" , add info: -
constraints in stefan_niedermann-nextcloud_notes-2.0.0

CANNOT_BE_CLASSIFIED
version 1: stefan_niedermann-nextcloud_notes-1.0.0
version 2: stefan_niedermann-nextcloud_notes-2.0.0
compilation unit: 0052-stefan_niedermann-nextcloud_notes-None/app/src/main/java/it/niedermann/owncloud/notes/about/AboutFragmentLicenseTab.java
method: applyBrand(int,
constraints in stefan_niedermann-nextcloud_notes-1.0.0
	AndroidXColorInt condition: "" , add info: -
constraints in stefan_niedermann-nextcloud_notes-2.0.0

CANNOT_BE_CLASSIFIED
version 1: stefan_niedermann-nextcloud_notes-1.0.0
version 2: stefan_niedermann-nextcloud_notes-2.0.0
compilation unit: 0052-stefan_niedermann-nextcloud_notes-None/app/src/main/java/it/niedermann/owncloud/notes/accountswitcher/AccountSwitcherAdapter.java
method: -
constraints in stefan_niedermann-nextcloud_notes-1.0.0
	AndroidXNonNull condition: "" , add info: -
	AndroidXNonNull condition: "" , add info: -
constraints in stefan_niedermann-nextcloud_notes-2.0.0

CANNOT_BE_CLASSIFIED
version 1: stefan_niedermann-nextcloud_notes-1.0.0
version 2: stefan_niedermann-nextcloud_notes-2.0.0
compilation unit: 0052-stefan_niedermann-nextcloud_notes-None/app/src/main/java/it/niedermann/owncloud/notes/AppendToNoteActivity.java
method: onCreate(Bundle)
constraints in stefan_niedermann-nextcloud_notes-1.0.0
	AndroidXNullable condition: "" , add info: -
constraints in stefan_niedermann-nextcloud_notes-2.0.0

CANNOT_BE_CLASSIFIED
version 1: stefan_niedermann-nextcloud_notes-1.0.0
version 2: stefan_niedermann-nextcloud_notes-2.0.0
compilation unit: 0052-stefan_niedermann-nextcloud_notes-None/app/src/main/java/it/niedermann/owncloud/notes/branding/BrandedActivity.java
method: -
constraints in stefan_niedermann-nextcloud_notes-1.0.0
	AndroidXColorInt condition: "" , add info: -
constraints in stefan_niedermann-nextcloud_notes-2.0.0

CANNOT_BE_CLASSIFIED
version 1: stefan_niedermann-nextcloud_notes-1.0.0
version 2: stefan_niedermann-nextcloud_notes-2.0.0
compilation unit: 0052-stefan_niedermann-nextcloud_notes-None/app/src/main/java/it/niedermann/owncloud/notes/branding/BrandedDialogFragment.java
method: onStart()
constraints in stefan_niedermann-nextcloud_notes-1.0.0
	AndroidXNullable condition: "" , add info: -
	AndroidXColorInt condition: "" , add info: -
	AndroidXColorInt condition: "" , add info: -
constraints in stefan_niedermann-nextcloud_notes-2.0.0

CANNOT_BE_CLASSIFIED
version 1: stefan_niedermann-nextcloud_notes-1.0.0
version 2: stefan_niedermann-nextcloud_notes-2.0.0
compilation unit: 0052-stefan_niedermann-nextcloud_notes-None/app/src/main/java/it/niedermann/owncloud/notes/branding/BrandedFragment.java
method: -
constraints in stefan_niedermann-nextcloud_notes-1.0.0
	AndroidXColorInt condition: "" , add info: -
	AndroidXColorInt condition: "" , add info: -
constraints in stefan_niedermann-nextcloud_notes-2.0.0

CANNOT_BE_CLASSIFIED
version 1: stefan_niedermann-nextcloud_notes-1.0.0
version 2: stefan_niedermann-nextcloud_notes-2.0.0
compilation unit: 0052-stefan_niedermann-nextcloud_notes-None/app/src/main/java/it/niedermann/owncloud/notes/branding/BrandedFragment.java
method: onStart()
constraints in stefan_niedermann-nextcloud_notes-1.0.0
	AndroidXNullable condition: "" , add info: -
	AndroidXColorInt condition: "" , add info: -
	AndroidXColorInt condition: "" , add info: -
constraints in stefan_niedermann-nextcloud_notes-2.0.0

CANNOT_BE_CLASSIFIED
version 1: stefan_niedermann-nextcloud_notes-1.0.0
version 2: stefan_niedermann-nextcloud_notes-2.0.0
compilation unit: 0052-stefan_niedermann-nextcloud_notes-None/app/src/main/java/it/niedermann/owncloud/notes/branding/BrandedPreferenceCategory.java
method: onBindViewHolder(PreferenceViewHolder)
constraints in stefan_niedermann-nextcloud_notes-1.0.0
	AndroidXNullable condition: "" , add info: -
	AndroidXColorInt condition: "" , add info: -
constraints in stefan_niedermann-nextcloud_notes-2.0.0

CANNOT_BE_CLASSIFIED
version 1: stefan_niedermann-nextcloud_notes-1.0.0
version 2: stefan_niedermann-nextcloud_notes-2.0.0
compilation unit: 0052-stefan_niedermann-nextcloud_notes-None/app/src/main/java/it/niedermann/owncloud/notes/branding/BrandedSwitchPreference.java
method: -
constraints in stefan_niedermann-nextcloud_notes-1.0.0
	AndroidXColorInt condition: "" , add info: -
	AndroidXColorInt condition: "" , add info: -
	AndroidXNullable condition: "" , add info: -
constraints in stefan_niedermann-nextcloud_notes-2.0.0

CANNOT_BE_CLASSIFIED
version 1: stefan_niedermann-nextcloud_notes-1.0.0
version 2: stefan_niedermann-nextcloud_notes-2.0.0
compilation unit: 0052-stefan_niedermann-nextcloud_notes-None/app/src/main/java/it/niedermann/owncloud/notes/edit/BaseNoteFragment.java
method: -
constraints in stefan_niedermann-nextcloud_notes-1.0.0
	AndroidXNullable condition: "" , add info: -
constraints in stefan_niedermann-nextcloud_notes-2.0.0

CANNOT_BE_CLASSIFIED
version 1: stefan_niedermann-nextcloud_notes-1.0.0
version 2: stefan_niedermann-nextcloud_notes-2.0.0
compilation unit: 0052-stefan_niedermann-nextcloud_notes-None/app/src/main/java/it/niedermann/owncloud/notes/edit/category/CategoryAdapter.java
method: -
constraints in stefan_niedermann-nextcloud_notes-1.0.0
	AndroidXNonNull condition: "" , add info: -
	AndroidXNonNull condition: "" , add info: -
constraints in stefan_niedermann-nextcloud_notes-2.0.0

CANNOT_BE_CLASSIFIED
version 1: stefan_niedermann-nextcloud_notes-1.0.0
version 2: stefan_niedermann-nextcloud_notes-2.0.0
compilation unit: 0052-stefan_niedermann-nextcloud_notes-None/app/src/main/java/it/niedermann/owncloud/notes/edit/category/CategoryViewModel.java
method: -
constraints in stefan_niedermann-nextcloud_notes-1.0.0
	AndroidXNonNull condition: "" , add info: -
constraints in stefan_niedermann-nextcloud_notes-2.0.0

CANNOT_BE_CLASSIFIED
version 1: stefan_niedermann-nextcloud_notes-1.0.0
version 2: stefan_niedermann-nextcloud_notes-2.0.0
compilation unit: 0052-stefan_niedermann-nextcloud_notes-None/app/src/main/java/it/niedermann/owncloud/notes/edit/NotePreviewFragment.java
method: -
constraints in stefan_niedermann-nextcloud_notes-1.0.0
	AndroidXNullable condition: "" , add info: -
constraints in stefan_niedermann-nextcloud_notes-2.0.0

CANNOT_BE_CLASSIFIED
version 1: stefan_niedermann-nextcloud_notes-1.0.0
version 2: stefan_niedermann-nextcloud_notes-2.0.0
compilation unit: 0052-stefan_niedermann-nextcloud_notes-None/app/src/main/java/it/niedermann/owncloud/notes/edit/SearchableBaseNoteFragment.java
method: -
constraints in stefan_niedermann-nextcloud_notes-1.0.0
	AndroidXColorInt condition: "" , add info: -
	AndroidXColorInt condition: "" , add info: -
constraints in stefan_niedermann-nextcloud_notes-2.0.0

CANNOT_BE_CLASSIFIED
version 1: stefan_niedermann-nextcloud_notes-1.0.0
version 2: stefan_niedermann-nextcloud_notes-2.0.0
compilation unit: 0052-stefan_niedermann-nextcloud_notes-None/app/src/main/java/it/niedermann/owncloud/notes/exception/ExceptionDialogFragment.java
method: -
constraints in stefan_niedermann-nextcloud_notes-1.0.0
	AndroidXNonNull condition: "" , add info: -
constraints in stefan_niedermann-nextcloud_notes-2.0.0

CANNOT_BE_CLASSIFIED
version 1: stefan_niedermann-nextcloud_notes-1.0.0
version 2: stefan_niedermann-nextcloud_notes-2.0.0
compilation unit: 0052-stefan_niedermann-nextcloud_notes-None/app/src/main/java/it/niedermann/owncloud/notes/exception/ExceptionHandler.java
method: -
constraints in stefan_niedermann-nextcloud_notes-1.0.0
	AndroidXNonNull condition: "" , add info: -
constraints in stefan_niedermann-nextcloud_notes-2.0.0

CANNOT_BE_CLASSIFIED
version 1: stefan_niedermann-nextcloud_notes-1.0.0
version 2: stefan_niedermann-nextcloud_notes-2.0.0
compilation unit: 0052-stefan_niedermann-nextcloud_notes-None/app/src/main/java/it/niedermann/owncloud/notes/exception/tips/TipsAdapter.java
method: -
constraints in stefan_niedermann-nextcloud_notes-1.0.0
	AndroidXNonNull condition: "" , add info: -
	AndroidXNonNull condition: "" , add info: -
constraints in stefan_niedermann-nextcloud_notes-2.0.0

CANNOT_BE_CLASSIFIED
version 1: stefan_niedermann-nextcloud_notes-1.0.0
version 2: stefan_niedermann-nextcloud_notes-2.0.0
compilation unit: 0052-stefan_niedermann-nextcloud_notes-None/app/src/main/java/it/niedermann/owncloud/notes/exception/tips/TipsModel.java
method: -
constraints in stefan_niedermann-nextcloud_notes-1.0.0
	AndroidXStringRes condition: "" , add info: -
	AndroidXNullable condition: "" , add info: -
constraints in stefan_niedermann-nextcloud_notes-2.0.0

CANNOT_BE_CLASSIFIED
version 1: stefan_niedermann-nextcloud_notes-1.0.0
version 2: stefan_niedermann-nextcloud_notes-2.0.0
compilation unit: 0052-stefan_niedermann-nextcloud_notes-None/app/src/main/java/it/niedermann/owncloud/notes/importaccount/ImportAccountViewModel.java
method: -
constraints in stefan_niedermann-nextcloud_notes-1.0.0
	AndroidXNonNull condition: "" , add info: -
constraints in stefan_niedermann-nextcloud_notes-2.0.0

CANNOT_BE_CLASSIFIED
version 1: stefan_niedermann-nextcloud_notes-1.0.0
version 2: stefan_niedermann-nextcloud_notes-2.0.0
compilation unit: 0052-stefan_niedermann-nextcloud_notes-None/app/src/main/java/it/niedermann/owncloud/notes/main/items/grid/GridItemDecoration.java
method: -
constraints in stefan_niedermann-nextcloud_notes-1.0.0
	AndroidXNonNull condition: "" , add info: -
constraints in stefan_niedermann-nextcloud_notes-2.0.0

CANNOT_BE_CLASSIFIED
version 1: stefan_niedermann-nextcloud_notes-1.0.0
version 2: stefan_niedermann-nextcloud_notes-2.0.0
compilation unit: 0052-stefan_niedermann-nextcloud_notes-None/app/src/main/java/it/niedermann/owncloud/notes/main/items/grid/NoteViewGridHolder.java
method: -
constraints in stefan_niedermann-nextcloud_notes-1.0.0
	AndroidXNonNull condition: "" , add info: -
constraints in stefan_niedermann-nextcloud_notes-2.0.0

CANNOT_BE_CLASSIFIED
version 1: stefan_niedermann-nextcloud_notes-1.0.0
version 2: stefan_niedermann-nextcloud_notes-2.0.0
compilation unit: 0052-stefan_niedermann-nextcloud_notes-None/app/src/main/java/it/niedermann/owncloud/notes/main/items/grid/NoteViewGridHolderOnlyTitle.java
method: -
constraints in stefan_niedermann-nextcloud_notes-1.0.0
	AndroidXNonNull condition: "" , add info: -
constraints in stefan_niedermann-nextcloud_notes-2.0.0

CANNOT_BE_CLASSIFIED
version 1: stefan_niedermann-nextcloud_notes-1.0.0
version 2: stefan_niedermann-nextcloud_notes-2.0.0
compilation unit: 0052-stefan_niedermann-nextcloud_notes-None/app/src/main/java/it/niedermann/owncloud/notes/main/items/ItemAdapter.java
method: -
constraints in stefan_niedermann-nextcloud_notes-1.0.0
	AndroidXNonNull condition: "" , add info: -
	AndroidXPx condition: "" , add info: -
	AndroidXColorInt condition: "" , add info: -
	AndroidXColorInt condition: "" , add info: -
	AndroidXNullable condition: "" , add info: -
constraints in stefan_niedermann-nextcloud_notes-2.0.0

CANNOT_BE_CLASSIFIED
version 1: stefan_niedermann-nextcloud_notes-1.0.0
version 2: stefan_niedermann-nextcloud_notes-2.0.0
compilation unit: 0052-stefan_niedermann-nextcloud_notes-None/app/src/main/java/it/niedermann/owncloud/notes/main/items/list/NoteViewHolderWithExcerpt.java
method: -
constraints in stefan_niedermann-nextcloud_notes-1.0.0
	AndroidXNonNull condition: "" , add info: -
constraints in stefan_niedermann-nextcloud_notes-2.0.0

CANNOT_BE_CLASSIFIED
version 1: stefan_niedermann-nextcloud_notes-1.0.0
version 2: stefan_niedermann-nextcloud_notes-2.0.0
compilation unit: 0052-stefan_niedermann-nextcloud_notes-None/app/src/main/java/it/niedermann/owncloud/notes/main/items/list/NoteViewHolderWithoutExcerpt.java
method: -
constraints in stefan_niedermann-nextcloud_notes-1.0.0
	AndroidXNonNull condition: "" , add info: -
constraints in stefan_niedermann-nextcloud_notes-2.0.0

CANNOT_BE_CLASSIFIED
version 1: stefan_niedermann-nextcloud_notes-1.0.0
version 2: stefan_niedermann-nextcloud_notes-2.0.0
compilation unit: 0052-stefan_niedermann-nextcloud_notes-None/app/src/main/java/it/niedermann/owncloud/notes/main/items/NoteViewHolder.java
method: -
constraints in stefan_niedermann-nextcloud_notes-1.0.0
	AndroidXNonNull condition: "" , add info: -
constraints in stefan_niedermann-nextcloud_notes-2.0.0

CANNOT_BE_CLASSIFIED
version 1: stefan_niedermann-nextcloud_notes-1.0.0
version 2: stefan_niedermann-nextcloud_notes-2.0.0
compilation unit: 0052-stefan_niedermann-nextcloud_notes-None/app/src/main/java/it/niedermann/owncloud/notes/main/items/section/SectionItemDecoration.java
method: -
constraints in stefan_niedermann-nextcloud_notes-1.0.0
	AndroidXNonNull condition: "" , add info: -
constraints in stefan_niedermann-nextcloud_notes-2.0.0

CANNOT_BE_CLASSIFIED
version 1: stefan_niedermann-nextcloud_notes-1.0.0
version 2: stefan_niedermann-nextcloud_notes-2.0.0
compilation unit: 0052-stefan_niedermann-nextcloud_notes-None/app/src/main/java/it/niedermann/owncloud/notes/main/items/selection/ItemLookup.java
method: -
constraints in stefan_niedermann-nextcloud_notes-1.0.0
	AndroidXNonNull condition: "" , add info: -
constraints in stefan_niedermann-nextcloud_notes-2.0.0

CANNOT_BE_CLASSIFIED
version 1: stefan_niedermann-nextcloud_notes-1.0.0
version 2: stefan_niedermann-nextcloud_notes-2.0.0
compilation unit: 0052-stefan_niedermann-nextcloud_notes-None/app/src/main/java/it/niedermann/owncloud/notes/main/items/selection/ItemSelectionTracker.java
method: canSetStateAtPosition(int,
constraints in stefan_niedermann-nextcloud_notes-1.0.0
	AndroidXNullable condition: "" , add info: -
constraints in stefan_niedermann-nextcloud_notes-2.0.0

CANNOT_BE_CLASSIFIED
version 1: stefan_niedermann-nextcloud_notes-1.0.0
version 2: stefan_niedermann-nextcloud_notes-2.0.0
compilation unit: 0052-stefan_niedermann-nextcloud_notes-None/app/src/main/java/it/niedermann/owncloud/notes/main/MainViewModel.java
method: -
constraints in stefan_niedermann-nextcloud_notes-1.0.0
	AndroidXNonNull condition: "" , add info: -
	AndroidXNonNull condition: "" , add info: -
	AndroidXNonNull condition: "" , add info: -
	AndroidXNonNull condition: "" , add info: -
	AndroidXNonNull condition: "" , add info: -
constraints in stefan_niedermann-nextcloud_notes-2.0.0

CANNOT_BE_CLASSIFIED
version 1: stefan_niedermann-nextcloud_notes-1.0.0
version 2: stefan_niedermann-nextcloud_notes-2.0.0
compilation unit: 0052-stefan_niedermann-nextcloud_notes-None/app/src/main/java/it/niedermann/owncloud/notes/main/menu/MenuAdapter.java
method: -
constraints in stefan_niedermann-nextcloud_notes-1.0.0
	AndroidXNonNull condition: "" , add info: -
	AndroidXNonNull condition: "" , add info: -
	AndroidXNonNull condition: "" , add info: -
constraints in stefan_niedermann-nextcloud_notes-2.0.0

CANNOT_BE_CLASSIFIED
version 1: stefan_niedermann-nextcloud_notes-1.0.0
version 2: stefan_niedermann-nextcloud_notes-2.0.0
compilation unit: 0052-stefan_niedermann-nextcloud_notes-None/app/src/main/java/it/niedermann/owncloud/notes/main/menu/MenuItem.java
method: -
constraints in stefan_niedermann-nextcloud_notes-1.0.0
	AndroidXNonNull condition: "" , add info: -
	AndroidXStringRes condition: "" , add info: -
	AndroidXDrawableRes condition: "" , add info: -
	AndroidXNullable condition: "" , add info: -
constraints in stefan_niedermann-nextcloud_notes-2.0.0

CANNOT_BE_CLASSIFIED
version 1: stefan_niedermann-nextcloud_notes-1.0.0
version 2: stefan_niedermann-nextcloud_notes-2.0.0
compilation unit: 0052-stefan_niedermann-nextcloud_notes-None/app/src/main/java/it/niedermann/owncloud/notes/main/MultiSelectedActionModeCallback.java
method: -
constraints in stefan_niedermann-nextcloud_notes-1.0.0
	AndroidXColorInt condition: "" , add info: -
	AndroidXNonNull condition: "" , add info: -
	AndroidXNonNull condition: "" , add info: -
	AndroidXNonNull condition: "" , add info: -
	AndroidXNonNull condition: "" , add info: -
	AndroidXNonNull condition: "" , add info: -
	AndroidXNonNull condition: "" , add info: -
constraints in stefan_niedermann-nextcloud_notes-2.0.0

CANNOT_BE_CLASSIFIED
version 1: stefan_niedermann-nextcloud_notes-1.0.0
version 2: stefan_niedermann-nextcloud_notes-2.0.0
compilation unit: 0052-stefan_niedermann-nextcloud_notes-None/app/src/main/java/it/niedermann/owncloud/notes/main/navigation/NavigationAdapter.java
method: -
constraints in stefan_niedermann-nextcloud_notes-1.0.0
	AndroidXNonNull condition: "" , add info: -
	AndroidXColorInt condition: "" , add info: -
	AndroidXDrawableRes condition: "" , add info: -
	AndroidXDrawableRes condition: "" , add info: -
	AndroidXDrawableRes condition: "" , add info: -
	AndroidXDrawableRes condition: "" , add info: -
	AndroidXDrawableRes condition: "" , add info: -
	AndroidXDrawableRes condition: "" , add info: -
constraints in stefan_niedermann-nextcloud_notes-2.0.0

CANNOT_BE_CLASSIFIED
version 1: stefan_niedermann-nextcloud_notes-1.0.0
version 2: stefan_niedermann-nextcloud_notes-2.0.0
compilation unit: 0052-stefan_niedermann-nextcloud_notes-None/app/src/main/java/it/niedermann/owncloud/notes/main/navigation/NavigationAdapter.java
method: applyBrand(int,
constraints in stefan_niedermann-nextcloud_notes-1.0.0
	AndroidXNonNull condition: "" , add info: -
	AndroidXNonNull condition: "" , add info: -
constraints in stefan_niedermann-nextcloud_notes-2.0.0

CANNOT_BE_CLASSIFIED
version 1: stefan_niedermann-nextcloud_notes-1.0.0
version 2: stefan_niedermann-nextcloud_notes-2.0.0
compilation unit: 0052-stefan_niedermann-nextcloud_notes-None/app/src/main/java/it/niedermann/owncloud/notes/main/navigation/NavigationItem.java
method: -
constraints in stefan_niedermann-nextcloud_notes-1.0.0
	AndroidXNonNull condition: "" , add info: -
	AndroidXNonNull condition: "" , add info: -
	AndroidXDrawableRes condition: "" , add info: -
	AndroidXNullable condition: "" , add info: -
	AndroidXNullable condition: "" , add info: -
constraints in stefan_niedermann-nextcloud_notes-2.0.0

CANNOT_BE_CLASSIFIED
version 1: stefan_niedermann-nextcloud_notes-1.0.0
version 2: stefan_niedermann-nextcloud_notes-2.0.0
compilation unit: 0052-stefan_niedermann-nextcloud_notes-None/app/src/main/java/it/niedermann/owncloud/notes/main/navigation/NavigationViewHolder.java
method: -
constraints in stefan_niedermann-nextcloud_notes-1.0.0
	AndroidXNonNull condition: "" , add info: -
	AndroidXNonNull condition: "" , add info: -
	AndroidXNonNull condition: "" , add info: -
	AndroidXNonNull condition: "" , add info: -
constraints in stefan_niedermann-nextcloud_notes-2.0.0

CANNOT_BE_CLASSIFIED
version 1: stefan_niedermann-nextcloud_notes-1.0.0
version 2: stefan_niedermann-nextcloud_notes-2.0.0
compilation unit: 0052-stefan_niedermann-nextcloud_notes-None/app/src/main/java/it/niedermann/owncloud/notes/manageaccounts/ManageAccountAdapter.java
method: -
constraints in stefan_niedermann-nextcloud_notes-1.0.0
	AndroidXNullable condition: "" , add info: -
	AndroidXNonNull condition: "" , add info: -
	AndroidXNonNull condition: "" , add info: -
	AndroidXNonNull condition: "" , add info: -
constraints in stefan_niedermann-nextcloud_notes-2.0.0

CANNOT_BE_CLASSIFIED
version 1: stefan_niedermann-nextcloud_notes-1.0.0
version 2: stefan_niedermann-nextcloud_notes-2.0.0
compilation unit: 0052-stefan_niedermann-nextcloud_notes-None/app/src/main/java/it/niedermann/owncloud/notes/manageaccounts/ManageAccountsViewModel.java
method: -
constraints in stefan_niedermann-nextcloud_notes-1.0.0
	AndroidXNonNull condition: "" , add info: -
constraints in stefan_niedermann-nextcloud_notes-2.0.0

CANNOT_BE_CLASSIFIED
version 1: stefan_niedermann-nextcloud_notes-1.0.0
version 2: stefan_niedermann-nextcloud_notes-2.0.0
compilation unit: 0052-stefan_niedermann-nextcloud_notes-None/app/src/main/java/it/niedermann/owncloud/notes/persistence/CapabilitiesClient.java
method: -
constraints in stefan_niedermann-nextcloud_notes-1.0.0
	AndroidXWorkerThread condition: "" , add info: -
constraints in stefan_niedermann-nextcloud_notes-2.0.0

CANNOT_BE_CLASSIFIED
version 1: stefan_niedermann-nextcloud_notes-1.0.0
version 2: stefan_niedermann-nextcloud_notes-2.0.0
compilation unit: 0052-stefan_niedermann-nextcloud_notes-None/app/src/main/java/it/niedermann/owncloud/notes/persistence/entity/Account.java
method: -
constraints in stefan_niedermann-nextcloud_notes-1.0.0
	AndroidXNonNull condition: "" , add info: -
	AndroidXNonNull condition: "" , add info: -
	AndroidXNonNull condition: "" , add info: -
	AndroidXNullable condition: "" , add info: -
	AndroidXNullable condition: "" , add info: -
	AndroidXNullable condition: "" , add info: -
	AndroidXColorInt condition: "" , add info: -
	AndroidXColorInt condition: "" , add info: -
	AndroidXNullable condition: "" , add info: -
constraints in stefan_niedermann-nextcloud_notes-2.0.0

CANNOT_BE_CLASSIFIED
version 1: stefan_niedermann-nextcloud_notes-1.0.0
version 2: stefan_niedermann-nextcloud_notes-2.0.0
compilation unit: 0052-stefan_niedermann-nextcloud_notes-None/app/src/main/java/it/niedermann/owncloud/notes/persistence/entity/CategoryOptions.java
method: -
constraints in stefan_niedermann-nextcloud_notes-1.0.0
	AndroidXNonNull condition: "" , add info: -
	AndroidXNullable condition: "" , add info: -
constraints in stefan_niedermann-nextcloud_notes-2.0.0

CANNOT_BE_CLASSIFIED
version 1: stefan_niedermann-nextcloud_notes-1.0.0
version 2: stefan_niedermann-nextcloud_notes-2.0.0
compilation unit: 0052-stefan_niedermann-nextcloud_notes-None/app/src/main/java/it/niedermann/owncloud/notes/persistence/entity/Note.java
method: -
constraints in stefan_niedermann-nextcloud_notes-1.0.0
	AndroidXNullable condition: "" , add info: -
	AndroidXNonNull condition: "" , add info: -
	AndroidXNonNull condition: "" , add info: -
	AndroidXNonNull condition: "" , add info: -
	AndroidXNullable condition: "" , add info: -
	AndroidXNonNull condition: "" , add info: -
	AndroidXNullable condition: "" , add info: -
	AndroidXNonNull condition: "" , add info: -
constraints in stefan_niedermann-nextcloud_notes-2.0.0

CANNOT_BE_CLASSIFIED
version 1: stefan_niedermann-nextcloud_notes-1.0.0
version 2: stefan_niedermann-nextcloud_notes-2.0.0
compilation unit: 0052-stefan_niedermann-nextcloud_notes-None/app/src/main/java/it/niedermann/owncloud/notes/persistence/entity/NotesListWidgetData.java
method: -
constraints in stefan_niedermann-nextcloud_notes-1.0.0
	AndroidXIntRange condition: "[from = 0, to = 2]" , add info: -
	AndroidXNullable condition: "" , add info: -
constraints in stefan_niedermann-nextcloud_notes-2.0.0

CANNOT_BE_CLASSIFIED
version 1: stefan_niedermann-nextcloud_notes-1.0.0
version 2: stefan_niedermann-nextcloud_notes-2.0.0
compilation unit: 0052-stefan_niedermann-nextcloud_notes-None/app/src/main/java/it/niedermann/owncloud/notes/persistence/migration/Migration_10_11.java
method: -
constraints in stefan_niedermann-nextcloud_notes-1.0.0
	AndroidXNonNull condition: "" , add info: -
constraints in stefan_niedermann-nextcloud_notes-2.0.0

CANNOT_BE_CLASSIFIED
version 1: stefan_niedermann-nextcloud_notes-1.0.0
version 2: stefan_niedermann-nextcloud_notes-2.0.0
compilation unit: 0052-stefan_niedermann-nextcloud_notes-None/app/src/main/java/it/niedermann/owncloud/notes/persistence/migration/Migration_11_12.java
method: -
constraints in stefan_niedermann-nextcloud_notes-1.0.0
	AndroidXNonNull condition: "" , add info: -
constraints in stefan_niedermann-nextcloud_notes-2.0.0

CANNOT_BE_CLASSIFIED
version 1: stefan_niedermann-nextcloud_notes-1.0.0
version 2: stefan_niedermann-nextcloud_notes-2.0.0
compilation unit: 0052-stefan_niedermann-nextcloud_notes-None/app/src/main/java/it/niedermann/owncloud/notes/persistence/migration/Migration_12_13.java
method: -
constraints in stefan_niedermann-nextcloud_notes-1.0.0
	AndroidXNonNull condition: "" , add info: -
constraints in stefan_niedermann-nextcloud_notes-2.0.0

CANNOT_BE_CLASSIFIED
version 1: stefan_niedermann-nextcloud_notes-1.0.0
version 2: stefan_niedermann-nextcloud_notes-2.0.0
compilation unit: 0052-stefan_niedermann-nextcloud_notes-None/app/src/main/java/it/niedermann/owncloud/notes/persistence/migration/Migration_13_14.java
method: -
constraints in stefan_niedermann-nextcloud_notes-1.0.0
	AndroidXNonNull condition: "" , add info: -
	AndroidXNonNull condition: "" , add info: -
constraints in stefan_niedermann-nextcloud_notes-2.0.0

CANNOT_BE_CLASSIFIED
version 1: stefan_niedermann-nextcloud_notes-1.0.0
version 2: stefan_niedermann-nextcloud_notes-2.0.0
compilation unit: 0052-stefan_niedermann-nextcloud_notes-None/app/src/main/java/it/niedermann/owncloud/notes/persistence/migration/Migration_15_16.java
method: -
constraints in stefan_niedermann-nextcloud_notes-1.0.0
	AndroidXNonNull condition: "" , add info: -
	AndroidXNonNull condition: "" , add info: -
constraints in stefan_niedermann-nextcloud_notes-2.0.0

CANNOT_BE_CLASSIFIED
version 1: stefan_niedermann-nextcloud_notes-1.0.0
version 2: stefan_niedermann-nextcloud_notes-2.0.0
compilation unit: 0052-stefan_niedermann-nextcloud_notes-None/app/src/main/java/it/niedermann/owncloud/notes/persistence/migration/Migration_18_19.java
method: -
constraints in stefan_niedermann-nextcloud_notes-1.0.0
	AndroidXNonNull condition: "" , add info: -
constraints in stefan_niedermann-nextcloud_notes-2.0.0

CANNOT_BE_CLASSIFIED
version 1: stefan_niedermann-nextcloud_notes-1.0.0
version 2: stefan_niedermann-nextcloud_notes-2.0.0
compilation unit: 0052-stefan_niedermann-nextcloud_notes-None/app/src/main/java/it/niedermann/owncloud/notes/persistence/migration/Migration_19_20.java
method: -
constraints in stefan_niedermann-nextcloud_notes-1.0.0
	AndroidXNonNull condition: "" , add info: -
constraints in stefan_niedermann-nextcloud_notes-2.0.0

CANNOT_BE_CLASSIFIED
version 1: stefan_niedermann-nextcloud_notes-1.0.0
version 2: stefan_niedermann-nextcloud_notes-2.0.0
compilation unit: 0052-stefan_niedermann-nextcloud_notes-None/app/src/main/java/it/niedermann/owncloud/notes/persistence/NotesClient.java
method: -
constraints in stefan_niedermann-nextcloud_notes-1.0.0
	AndroidXWorkerThread condition: "" , add info: -
constraints in stefan_niedermann-nextcloud_notes-2.0.0

CANNOT_BE_CLASSIFIED
version 1: stefan_niedermann-nextcloud_notes-1.0.0
version 2: stefan_niedermann-nextcloud_notes-2.0.0
compilation unit: 0052-stefan_niedermann-nextcloud_notes-None/app/src/main/java/it/niedermann/owncloud/notes/persistence/NotesClientV02.java
method: -
constraints in stefan_niedermann-nextcloud_notes-1.0.0
	AndroidXWorkerThread condition: "" , add info: -
constraints in stefan_niedermann-nextcloud_notes-2.0.0

CANNOT_BE_CLASSIFIED
version 1: stefan_niedermann-nextcloud_notes-1.0.0
version 2: stefan_niedermann-nextcloud_notes-2.0.0
compilation unit: 0052-stefan_niedermann-nextcloud_notes-None/app/src/main/java/it/niedermann/owncloud/notes/persistence/NotesClientV1.java
method: -
constraints in stefan_niedermann-nextcloud_notes-1.0.0
	AndroidXWorkerThread condition: "" , add info: -
constraints in stefan_niedermann-nextcloud_notes-2.0.0

CANNOT_BE_CLASSIFIED
version 1: stefan_niedermann-nextcloud_notes-1.0.0
version 2: stefan_niedermann-nextcloud_notes-2.0.0
compilation unit: 0052-stefan_niedermann-nextcloud_notes-None/app/src/main/java/it/niedermann/owncloud/notes/persistence/NotesServerSyncTask.java
method: -
constraints in stefan_niedermann-nextcloud_notes-1.0.0
	AndroidXNonNull condition: "" , add info: -
	AndroidXNonNull condition: "" , add info: -
	AndroidXNonNull condition: "" , add info: -
	AndroidXNonNull condition: "" , add info: -
	AndroidXNonNull condition: "" , add info: -
	AndroidXNonNull condition: "" , add info: -
constraints in stefan_niedermann-nextcloud_notes-2.0.0

CANNOT_BE_CLASSIFIED
version 1: stefan_niedermann-nextcloud_notes-1.0.0
version 2: stefan_niedermann-nextcloud_notes-2.0.0
compilation unit: 0052-stefan_niedermann-nextcloud_notes-None/app/src/main/java/it/niedermann/owncloud/notes/persistence/SSOClient.java
method: -
constraints in stefan_niedermann-nextcloud_notes-1.0.0
	AndroidXWorkerThread condition: "" , add info: -
constraints in stefan_niedermann-nextcloud_notes-2.0.0

CANNOT_BE_CLASSIFIED
version 1: stefan_niedermann-nextcloud_notes-1.0.0
version 2: stefan_niedermann-nextcloud_notes-2.0.0
compilation unit: 0052-stefan_niedermann-nextcloud_notes-None/app/src/main/java/it/niedermann/owncloud/notes/preferences/PreferencesFragment.java
method: onCreatePreferences(Bundle,
constraints in stefan_niedermann-nextcloud_notes-1.0.0
	JavaAssert condition: "themePref != null" , add info: -
	JavaAssert condition: "wifiOnlyPref != null" , add info: -
	JavaAssert condition: "syncPref != null" , add info: -
constraints in stefan_niedermann-nextcloud_notes-2.0.0

CANNOT_BE_CLASSIFIED
version 1: stefan_niedermann-nextcloud_notes-1.0.0
version 2: stefan_niedermann-nextcloud_notes-2.0.0
compilation unit: 0052-stefan_niedermann-nextcloud_notes-None/app/src/main/java/it/niedermann/owncloud/notes/preferences/PreferencesFragment.java
method: onStart()
constraints in stefan_niedermann-nextcloud_notes-1.0.0
	AndroidXNullable condition: "" , add info: -
	AndroidXColorInt condition: "" , add info: -
	AndroidXColorInt condition: "" , add info: -
constraints in stefan_niedermann-nextcloud_notes-2.0.0

CANNOT_BE_CLASSIFIED
version 1: stefan_niedermann-nextcloud_notes-1.0.0
version 2: stefan_niedermann-nextcloud_notes-2.0.0
compilation unit: 0052-stefan_niedermann-nextcloud_notes-None/app/src/main/java/it/niedermann/owncloud/notes/quicksettings/NewNoteTileService.java
method: -
constraints in stefan_niedermann-nextcloud_notes-1.0.0
	AndroidTargetApi condition: "Build.VERSION_CODES.N" , add info: -
constraints in stefan_niedermann-nextcloud_notes-2.0.0

CANNOT_BE_CLASSIFIED
version 1: stefan_niedermann-nextcloud_notes-1.0.0
version 2: stefan_niedermann-nextcloud_notes-2.0.0
compilation unit: 0052-stefan_niedermann-nextcloud_notes-None/app/src/main/java/it/niedermann/owncloud/notes/shared/account/AccountChooserAdapter.java
method: -
constraints in stefan_niedermann-nextcloud_notes-1.0.0
	AndroidXNonNull condition: "" , add info: -
	AndroidXNonNull condition: "" , add info: -
constraints in stefan_niedermann-nextcloud_notes-2.0.0

CANNOT_BE_CLASSIFIED
version 1: stefan_niedermann-nextcloud_notes-1.0.0
version 2: stefan_niedermann-nextcloud_notes-2.0.0
compilation unit: 0052-stefan_niedermann-nextcloud_notes-None/app/src/main/java/it/niedermann/owncloud/notes/shared/model/Capabilities.java
method: -
constraints in stefan_niedermann-nextcloud_notes-1.0.0
	AndroidXColorInt condition: "" , add info: -
	AndroidXColorInt condition: "" , add info: -
	AndroidXNullable condition: "" , add info: -
constraints in stefan_niedermann-nextcloud_notes-2.0.0

CANNOT_BE_CLASSIFIED
version 1: stefan_niedermann-nextcloud_notes-1.0.0
version 2: stefan_niedermann-nextcloud_notes-2.0.0
compilation unit: 0052-stefan_niedermann-nextcloud_notes-None/app/src/main/java/it/niedermann/owncloud/notes/shared/model/DBStatus.java
method: -
constraints in stefan_niedermann-nextcloud_notes-1.0.0
	AndroidXNonNull condition: "" , add info: -
constraints in stefan_niedermann-nextcloud_notes-2.0.0

CANNOT_BE_CLASSIFIED
version 1: stefan_niedermann-nextcloud_notes-1.0.0
version 2: stefan_niedermann-nextcloud_notes-2.0.0
compilation unit: 0052-stefan_niedermann-nextcloud_notes-None/app/src/main/java/it/niedermann/owncloud/notes/shared/model/NavigationCategory.java
method: -
constraints in stefan_niedermann-nextcloud_notes-1.0.0
	AndroidXNonNull condition: "" , add info: -
	AndroidXNullable condition: "" , add info: -
constraints in stefan_niedermann-nextcloud_notes-2.0.0

CANNOT_BE_CLASSIFIED
version 1: stefan_niedermann-nextcloud_notes-1.0.0
version 2: stefan_niedermann-nextcloud_notes-2.0.0
compilation unit: 0052-stefan_niedermann-nextcloud_notes-None/app/src/main/java/it/niedermann/owncloud/notes/widget/AbstractWidgetData.java
method: -
constraints in stefan_niedermann-nextcloud_notes-1.0.0
	AndroidXIntRange condition: "[from = 0, to = 2]" , add info: -
constraints in stefan_niedermann-nextcloud_notes-2.0.0

CANNOT_BE_CLASSIFIED
version 1: stefan_niedermann-nextcloud_notes-1.0.0
version 2: stefan_niedermann-nextcloud_notes-2.0.0
compilation unit: 0052-stefan_niedermann-nextcloud_notes-None/app/src/main/java/it/niedermann/owncloud/notes/widget/notelist/NoteListViewModel.java
method: -
constraints in stefan_niedermann-nextcloud_notes-1.0.0
	AndroidXNonNull condition: "" , add info: -
constraints in stefan_niedermann-nextcloud_notes-2.0.0

CANNOT_BE_CLASSIFIED
version 1: stefan_niedermann-nextcloud_notes-1.0.0
version 2: stefan_niedermann-nextcloud_notes-2.0.0
compilation unit: 0052-stefan_niedermann-nextcloud_notes-None/app/src/main/java/it/niedermann/owncloud/notes/widget/notelist/NoteListWidgetFactory.java
method: -
constraints in stefan_niedermann-nextcloud_notes-1.0.0
	AndroidXNonNull condition: "" , add info: -
constraints in stefan_niedermann-nextcloud_notes-2.0.0

CANNOT_BE_CLASSIFIED
version 1: stefan_niedermann-nextcloud_notes-1.0.0
version 2: stefan_niedermann-nextcloud_notes-2.0.0
compilation unit: 0052-stefan_niedermann-nextcloud_notes-None/app/src/main/java/it/niedermann/owncloud/notes/widget/singlenote/SingleNoteWidgetFactory.java
method: -
constraints in stefan_niedermann-nextcloud_notes-1.0.0
	AndroidXNullable condition: "" , add info: -
constraints in stefan_niedermann-nextcloud_notes-2.0.0

CANNOT_BE_CLASSIFIED
version 1: stefan_niedermann-nextcloud_notes-1.0.0
version 2: stefan_niedermann-nextcloud_notes-2.0.0
compilation unit: 0052-stefan_niedermann-nextcloud_notes-None/app/src/test/java/it/niedermann/owncloud/notes/persistence/AccountDaoTest.java
method: -
constraints in stefan_niedermann-nextcloud_notes-1.0.0
	AndroidXNonNull condition: "" , add info: -
constraints in stefan_niedermann-nextcloud_notes-2.0.0

CANNOT_BE_CLASSIFIED
version 1: stefan_niedermann-nextcloud_notes-1.0.0
version 2: stefan_niedermann-nextcloud_notes-2.0.0
compilation unit: 0052-stefan_niedermann-nextcloud_notes-None/app/src/test/java/it/niedermann/owncloud/notes/persistence/NotesDaoTest.java
method: -
constraints in stefan_niedermann-nextcloud_notes-1.0.0
	AndroidXNonNull condition: "" , add info: -
constraints in stefan_niedermann-nextcloud_notes-2.0.0

CANNOT_BE_CLASSIFIED
version 1: stefan_niedermann-nextcloud_notes-1.0.0
version 2: stefan_niedermann-nextcloud_notes-2.0.0
compilation unit: 0052-stefan_niedermann-nextcloud_notes-None/app/src/test/java/it/niedermann/owncloud/notes/persistence/NotesDatabaseTest.java
method: -
constraints in stefan_niedermann-nextcloud_notes-1.0.0
	AndroidXNonNull condition: "" , add info: -
constraints in stefan_niedermann-nextcloud_notes-2.0.0

CANNOT_BE_CLASSIFIED
version 1: stefan_niedermann-nextcloud_notes-1.0.0
version 2: stefan_niedermann-nextcloud_notes-2.0.0
compilation unit: 0052-stefan_niedermann-nextcloud_notes-None/app/src/test/java/it/niedermann/owncloud/notes/persistence/util/NotesColorUtilTest.java
method: testContrastRatioIsSufficient()
constraints in stefan_niedermann-nextcloud_notes-1.0.0
	JavaAssert condition: "colorPair.first != null" , add info: -
	JavaAssert condition: "colorPair.second != null" , add info: -
	JavaAssert condition: "colorPair.first != null" , add info: -
	JavaAssert condition: "colorPair.second != null" , add info: -
constraints in stefan_niedermann-nextcloud_notes-2.0.0

CANNOT_BE_CLASSIFIED
version 1: stefan_niedermann-nextcloud_notes-1.0.0
version 2: stefan_niedermann-nextcloud_notes-2.0.0
compilation unit: 0052-stefan_niedermann-nextcloud_notes-None/markdown/src/main/java/it/niedermann/android/markdown/MarkdownUtil.java
method: -
constraints in stefan_niedermann-nextcloud_notes-1.0.0
	AndroidXNullable condition: "" , add info: -
	AndroidXNullable condition: "" , add info: -
constraints in stefan_niedermann-nextcloud_notes-2.0.0

CANNOT_BE_CLASSIFIED
version 1: stefan_niedermann-nextcloud_notes-1.0.0
version 2: stefan_niedermann-nextcloud_notes-2.0.0
compilation unit: 0052-stefan_niedermann-nextcloud_notes-None/markdown/src/main/java/it/niedermann/android/markdown/markwon/MarkwonMarkdownEditor.java
method: -
constraints in stefan_niedermann-nextcloud_notes-1.0.0
	AndroidXNullable condition: "" , add info: -
constraints in stefan_niedermann-nextcloud_notes-2.0.0

CANNOT_BE_CLASSIFIED
version 1: stefan_niedermann-nextcloud_notes-1.0.0
version 2: stefan_niedermann-nextcloud_notes-2.0.0
compilation unit: 0052-stefan_niedermann-nextcloud_notes-None/markdown/src/main/java/it/niedermann/android/markdown/markwon/MarkwonMarkdownViewer.java
method: -
constraints in stefan_niedermann-nextcloud_notes-1.0.0
	AndroidXNullable condition: "" , add info: -
constraints in stefan_niedermann-nextcloud_notes-2.0.0

CANNOT_BE_CLASSIFIED
version 1: stefan_niedermann-nextcloud_notes-1.0.0
version 2: stefan_niedermann-nextcloud_notes-2.0.0
compilation unit: 0052-stefan_niedermann-nextcloud_notes-None/markdown/src/main/java/it/niedermann/android/markdown/markwon/plugins/LinkClickInterceptorPlugin.java
method: -
constraints in stefan_niedermann-nextcloud_notes-1.0.0
	AndroidXNonNull condition: "" , add info: -
constraints in stefan_niedermann-nextcloud_notes-2.0.0

CANNOT_BE_CLASSIFIED
version 1: stefan_niedermann-nextcloud_notes-1.0.0
version 2: stefan_niedermann-nextcloud_notes-2.0.0
compilation unit: 0052-stefan_niedermann-nextcloud_notes-None/markdown/src/main/java/it/niedermann/android/markdown/markwon/plugins/NextcloudMentionsPlugin.java
method: -
constraints in stefan_niedermann-nextcloud_notes-1.0.0
	AndroidXNonNull condition: "" , add info: -
	AndroidXNonNull condition: "" , add info: -
constraints in stefan_niedermann-nextcloud_notes-2.0.0

CANNOT_BE_CLASSIFIED
version 1: stefan_niedermann-nextcloud_notes-1.0.0
version 2: stefan_niedermann-nextcloud_notes-2.0.0
compilation unit: 0052-stefan_niedermann-nextcloud_notes-None/markdown/src/main/java/it/niedermann/android/markdown/markwon/plugins/SearchHighlightPlugin.java
method: -
constraints in stefan_niedermann-nextcloud_notes-1.0.0
	AndroidXNullable condition: "" , add info: -
	AndroidXColorInt condition: "" , add info: -
	AndroidXColorInt condition: "" , add info: -
constraints in stefan_niedermann-nextcloud_notes-2.0.0

CANNOT_BE_CLASSIFIED
version 1: stefan_niedermann-nextcloud_notes-1.0.0
version 2: stefan_niedermann-nextcloud_notes-2.0.0
compilation unit: 0052-stefan_niedermann-nextcloud_notes-None/markdown/src/main/java/it/niedermann/android/markdown/markwon/plugins/ThemePlugin.java
method: -
constraints in stefan_niedermann-nextcloud_notes-1.0.0
	AndroidXNonNull condition: "" , add info: -
constraints in stefan_niedermann-nextcloud_notes-2.0.0

CANNOT_BE_CLASSIFIED
version 1: stefan_niedermann-nextcloud_notes-1.0.0
version 2: stefan_niedermann-nextcloud_notes-2.0.0
compilation unit: 0052-stefan_niedermann-nextcloud_notes-None/markdown/src/main/java/it/niedermann/android/markdown/markwon/plugins/ToggleableTaskListPlugin.java
method: -
constraints in stefan_niedermann-nextcloud_notes-1.0.0
	AndroidXNonNull condition: "" , add info: -
	AndroidXNonNull condition: "" , add info: -
constraints in stefan_niedermann-nextcloud_notes-2.0.0

CANNOT_BE_CLASSIFIED
version 1: stefan_niedermann-nextcloud_notes-1.0.0
version 2: stefan_niedermann-nextcloud_notes-2.0.0
compilation unit: 0052-stefan_niedermann-nextcloud_notes-None/markdown/src/main/java/it/niedermann/android/markdown/markwon/span/InterceptedURLSpan.java
method: -
constraints in stefan_niedermann-nextcloud_notes-1.0.0
	AndroidXNonNull condition: "" , add info: -
constraints in stefan_niedermann-nextcloud_notes-2.0.0

CANNOT_BE_CLASSIFIED
version 1: stefan_niedermann-nextcloud_notes-1.0.0
version 2: stefan_niedermann-nextcloud_notes-2.0.0
compilation unit: 0052-stefan_niedermann-nextcloud_notes-None/markdown/src/main/java/it/niedermann/android/markdown/markwon/textwatcher/AutoContinuationTextWatcher.java
method: -
constraints in stefan_niedermann-nextcloud_notes-1.0.0
	AndroidXNonNull condition: "" , add info: -
constraints in stefan_niedermann-nextcloud_notes-2.0.0

CANNOT_BE_CLASSIFIED
version 1: stefan_niedermann-nextcloud_notes-1.0.0
version 2: stefan_niedermann-nextcloud_notes-2.0.0
compilation unit: 0052-stefan_niedermann-nextcloud_notes-None/markdown/src/main/java/it/niedermann/android/markdown/markwon/textwatcher/InterceptorTextWatcher.java
method: -
constraints in stefan_niedermann-nextcloud_notes-1.0.0
	AndroidXNonNull condition: "" , add info: -
constraints in stefan_niedermann-nextcloud_notes-2.0.0

CANNOT_BE_CLASSIFIED
version 1: stefan_niedermann-nextcloud_notes-1.0.0
version 2: stefan_niedermann-nextcloud_notes-2.0.0
compilation unit: 0052-stefan_niedermann-nextcloud_notes-None/markdown/src/main/java/it/niedermann/android/markdown/markwon/textwatcher/SearchHighlightTextWatcher.java
method: -
constraints in stefan_niedermann-nextcloud_notes-1.0.0
	AndroidXNullable condition: "" , add info: -
	AndroidXColorInt condition: "" , add info: -
	AndroidXColorInt condition: "" , add info: -
constraints in stefan_niedermann-nextcloud_notes-2.0.0

CANNOT_BE_CLASSIFIED
version 1: stefan_niedermann-nextcloud_notes-1.0.0
version 2: stefan_niedermann-nextcloud_notes-2.0.0
compilation unit: 0052-stefan_niedermann-nextcloud_notes-None/markdown/src/main/java/it/niedermann/android/markdown/MentionUtil.java
method: -
constraints in stefan_niedermann-nextcloud_notes-1.0.0
	AndroidXRestrictTo condition: "RestrictTo.Scope.LIBRARY" , add info: -
constraints in stefan_niedermann-nextcloud_notes-2.0.0

CANNOT_BE_CLASSIFIED
version 1: stefan_niedermann-nextcloud_notes-1.0.0
version 2: stefan_niedermann-nextcloud_notes-2.0.0
compilation unit: 0052-stefan_niedermann-nextcloud_notes-None/markdown/src/main/java/it/niedermann/android/markdown/model/SearchSpan.java
method: -
constraints in stefan_niedermann-nextcloud_notes-1.0.0
	AndroidXColorInt condition: "" , add info: -
	AndroidXColorInt condition: "" , add info: -
constraints in stefan_niedermann-nextcloud_notes-2.0.0

CANNOT_BE_CLASSIFIED
version 1: syncthing-syncthing_android-1.0.0
version 2: syncthing-syncthing_android-2.0.0
compilation unit: 0146-syncthing-syncthing_android-1.7.0_rc.1/app/src/main/java/com/nutomic/syncthingandroid/activities/MainActivity.java
method: showQrCodeDialog(String,
constraints in syncthing-syncthing_android-1.0.0
	AndroidSuppressLint condition: ""InflateParams"" , add info: -
constraints in syncthing-syncthing_android-2.0.0

CANNOT_BE_CLASSIFIED
version 1: syncthing-syncthing_android-1.0.0
version 2: syncthing-syncthing_android-2.0.0
compilation unit: 0146-syncthing-syncthing_android-1.7.0_rc.1/app/src/main/java/com/nutomic/syncthingandroid/service/RunConditionMonitor.java
method: -
constraints in syncthing-syncthing_android-1.0.0
	AndroidXNullable condition: "" , add info: -
constraints in syncthing-syncthing_android-2.0.0

CANNOT_BE_CLASSIFIED
version 1: syncthing-syncthing_android-1.0.0
version 2: syncthing-syncthing_android-2.0.0
compilation unit: 0146-syncthing-syncthing_android-1.7.0_rc.1/app/src/main/java/com/nutomic/syncthingandroid/service/RunConditionMonitor.java
method: onRunConditionChanged(RunConditionCheckResult)
constraints in syncthing-syncthing_android-1.0.0
	AndroidXNullable condition: "" , add info: -
constraints in syncthing-syncthing_android-2.0.0

CANNOT_BE_CLASSIFIED
version 1: syncthing-syncthing_android-1.0.0
version 2: syncthing-syncthing_android-2.0.0
compilation unit: 0146-syncthing-syncthing_android-1.7.0_rc.1/app/src/main/java/com/nutomic/syncthingandroid/service/SyncthingService.java
method: onRunConditionCheckResultChanged(RunConditionCheckResult)
constraints in syncthing-syncthing_android-1.0.0
	AndroidXNullable condition: "" , add info: -
	AndroidXNullable condition: "" , add info: -
	AndroidXNullable condition: "" , add info: -
	AndroidXNullable condition: "" , add info: -
	AndroidXNullable condition: "" , add info: -
constraints in syncthing-syncthing_android-2.0.0

CANNOT_BE_CLASSIFIED
version 1: termux-termux_app-1.0.0
version 2: termux-termux_app-2.0.0
compilation unit: 0212-termux-termux_app-v0.73/app/src/main/java/com/termux/app/TermuxActivity.java
method: -
constraints in termux-termux_app-1.0.0
	AndroidXNonNull condition: "" , add info: -
constraints in termux-termux_app-2.0.0

CANNOT_BE_CLASSIFIED
version 1: termux-termux_app-1.0.0
version 2: termux-termux_app-2.0.0
compilation unit: 0212-termux-termux_app-v0.73/app/src/main/java/com/termux/app/TermuxPreferences.java
method: -
constraints in termux-termux_app-1.0.0
	AndroidXIntDef condition: "{ BELL_VIBRATE, BELL_BEEP, BELL_IGNORE }" , add info: -
constraints in termux-termux_app-2.0.0

CANNOT_BE_CLASSIFIED
version 1: termux-termux_app-1.0.0
version 2: termux-termux_app-2.0.0
compilation unit: 0212-termux-termux_app-v0.73/app/src/main/java/com/termux/app/TermuxService.java
method: -
constraints in termux-termux_app-1.0.0
	AndroidSuppressLint condition: ""SdCardPath"" , add info: -
constraints in termux-termux_app-2.0.0

CANNOT_BE_CLASSIFIED
version 1: termux-termux_app-1.0.0
version 2: termux-termux_app-2.0.0
compilation unit: 0212-termux-termux_app-v0.73/terminal-emulator/src/main/java/com/termux/terminal/TerminalSession.java
method: wrapFileDescriptor(int)
constraints in termux-termux_app-1.0.0
	AndroidSuppressLint condition: ""HandlerLeak"" , add info: -
constraints in termux-termux_app-2.0.0

CANNOT_BE_CLASSIFIED
version 1: thuryn-your_local_weather-1.0.0
version 2: thuryn-your_local_weather-2.0.0
compilation unit: 0170-thuryn-your_local_weather-v4.6.8/app/src/main/java/org/thosp/yourlocalweather/service/AbstractAppJob.java
method: -
constraints in thuryn-your_local_weather-1.0.0
	AndroidTargetApi condition: "Build.VERSION_CODES.M" , add info: -
constraints in thuryn-your_local_weather-2.0.0

CANNOT_BE_CLASSIFIED
version 1: thuryn-your_local_weather-1.0.0
version 2: thuryn-your_local_weather-2.0.0
compilation unit: 0170-thuryn-your_local_weather-v4.6.8/app/src/main/java/org/thosp/yourlocalweather/service/CurrentWeatherResendJob.java
method: -
constraints in thuryn-your_local_weather-1.0.0
	AndroidTargetApi condition: "Build.VERSION_CODES.M" , add info: -
constraints in thuryn-your_local_weather-2.0.0

CANNOT_BE_CLASSIFIED
version 1: thuryn-your_local_weather-1.0.0
version 2: thuryn-your_local_weather-2.0.0
compilation unit: 0170-thuryn-your_local_weather-v4.6.8/app/src/main/java/org/thosp/yourlocalweather/service/LocationUpdateServiceRetryJob.java
method: -
constraints in thuryn-your_local_weather-1.0.0
	AndroidTargetApi condition: "Build.VERSION_CODES.M" , add info: -
constraints in thuryn-your_local_weather-2.0.0

CANNOT_BE_CLASSIFIED
version 1: thuryn-your_local_weather-1.0.0
version 2: thuryn-your_local_weather-2.0.0
compilation unit: 0170-thuryn-your_local_weather-v4.6.8/app/src/main/java/org/thosp/yourlocalweather/service/NetworkConnectionReceiver.java
method: -
constraints in thuryn-your_local_weather-1.0.0
	AndroidTargetApi condition: "Build.VERSION_CODES.M" , add info: -
constraints in thuryn-your_local_weather-2.0.0

CANNOT_BE_CLASSIFIED
version 1: thuryn-your_local_weather-1.0.0
version 2: thuryn-your_local_weather-2.0.0
compilation unit: 0170-thuryn-your_local_weather-v4.6.8/app/src/main/java/org/thosp/yourlocalweather/service/NetworkLocationCellsOnlyJob.java
method: -
constraints in thuryn-your_local_weather-1.0.0
	AndroidTargetApi condition: "Build.VERSION_CODES.M" , add info: -
constraints in thuryn-your_local_weather-2.0.0

CANNOT_BE_CLASSIFIED
version 1: thuryn-your_local_weather-1.0.0
version 2: thuryn-your_local_weather-2.0.0
compilation unit: 0170-thuryn-your_local_weather-v4.6.8/app/src/main/java/org/thosp/yourlocalweather/service/StartAutoLocationJob.java
method: -
constraints in thuryn-your_local_weather-1.0.0
	AndroidTargetApi condition: "Build.VERSION_CODES.M" , add info: -
constraints in thuryn-your_local_weather-2.0.0

CANNOT_BE_CLASSIFIED
version 1: thuryn-your_local_weather-1.0.0
version 2: thuryn-your_local_weather-2.0.0
compilation unit: 0170-thuryn-your_local_weather-v4.6.8/app/src/main/java/org/thosp/yourlocalweather/service/WeatherForecastResendJob.java
method: -
constraints in thuryn-your_local_weather-1.0.0
	AndroidTargetApi condition: "Build.VERSION_CODES.M" , add info: -
constraints in thuryn-your_local_weather-2.0.0

CANNOT_BE_CLASSIFIED
version 1: twireapp-Twire-1.0.0
version 2: twireapp-Twire-2.0.0
compilation unit: 0004-twireapp-Twire-v1.9.0/app/src/main/java/com/perflyst/twire/activities/settings/SettingsPickNotificationsActivity.java
method: onOptionsItemSelected(MenuItem)
constraints in twireapp-Twire-1.0.0
	AndroidXStringRes condition: "" , add info: -
constraints in twireapp-Twire-2.0.0

CANNOT_BE_CLASSIFIED
version 1: twireapp-Twire-1.0.0
version 2: twireapp-Twire-2.0.0
compilation unit: 0004-twireapp-Twire-v1.9.0/app/src/main/java/com/perflyst/twire/model/SettingsCategory.java
method: -
constraints in twireapp-Twire-1.0.0
	AndroidXStringRes condition: "" , add info: -
	AndroidXDrawableRes condition: "" , add info: -
constraints in twireapp-Twire-2.0.0

CANNOT_BE_CLASSIFIED
version 1: twireapp-Twire-1.0.0
version 2: twireapp-Twire-2.0.0
compilation unit: 0004-twireapp-Twire-v1.9.0/app/src/main/java/com/perflyst/twire/service/DialogService.java
method: getChooseStartUpPageDialog(Activity,
constraints in twireapp-Twire-1.0.0
	AndroidXArrayRes condition: "" , add info: -
constraints in twireapp-Twire-2.0.0

CANNOT_BE_CLASSIFIED
version 1: twireapp-Twire-1.0.0
version 2: twireapp-Twire-2.0.0
compilation unit: 0004-twireapp-Twire-v1.9.0/app/src/main/java/com/perflyst/twire/service/DialogService.java
method: getSleepTimerDialog(Activity,
constraints in twireapp-Twire-1.0.0
	AndroidXStringRes condition: "" , add info: -
	AndroidXStringRes condition: "" , add info: -
constraints in twireapp-Twire-2.0.0

CANNOT_BE_CLASSIFIED
version 1: twireapp-Twire-1.0.0
version 2: twireapp-Twire-2.0.0
compilation unit: 0004-twireapp-Twire-v1.9.0/app/src/main/java/com/perflyst/twire/TwireApplication.java
method: -
constraints in twireapp-Twire-1.0.0
	AndroidSuppressLint condition: ""StaticFieldLeak"" , add info: -
constraints in twireapp-Twire-2.0.0

CANNOT_BE_CLASSIFIED
version 1: twireapp-Twire-1.0.0
version 2: twireapp-Twire-2.0.0
compilation unit: 0004-twireapp-Twire-v1.9.0/app/src/main/java/com/perflyst/twire/views/LayoutSelector.java
method: onSelected(String,
constraints in twireapp-Twire-1.0.0
	AndroidXAttrRes condition: "" , add info: -
	AndroidXLayoutRes condition: "" , add info: -
	AndroidXDimenRes condition: "" , add info: -
constraints in twireapp-Twire-2.0.0

CANNOT_BE_CLASSIFIED
version 1: twireapp-Twire-1.0.0
version 2: twireapp-Twire-2.0.0
compilation unit: 0004-twireapp-Twire-v1.9.0/app/src/main/java/com/perflyst/twire/views/VideoViewSimple.java
method: VideoViewSimple(Context, AttributeSet, int, int)
constraints in twireapp-Twire-1.0.0
	AndroidTargetApi condition: "Build.VERSION_CODES.LOLLIPOP" , add info: -
constraints in twireapp-Twire-2.0.0

CANNOT_BE_CLASSIFIED
version 1: ubergeek42-weechat_android-1.0.0
version 2: ubergeek42-weechat_android-2.0.0
compilation unit: 0018-ubergeek42-weechat_android-None/app/src/main/java/androidx/preference/FontManager.java
method: -
constraints in ubergeek42-weechat_android-1.0.0
	AndroidXNonNull condition: "" , add info: -
	AndroidXNonNull condition: "" , add info: -
	AndroidXNonNull condition: "" , add info: -
constraints in ubergeek42-weechat_android-2.0.0

CANNOT_BE_CLASSIFIED
version 1: ubergeek42-weechat_android-1.0.0
version 2: ubergeek42-weechat_android-2.0.0
compilation unit: 0018-ubergeek42-weechat_android-None/app/src/main/java/androidx/preference/MultiSelectListPreferenceWithSummary.java
method: -
constraints in ubergeek42-weechat_android-1.0.0
	AndroidXNullable condition: "" , add info: -
constraints in ubergeek42-weechat_android-2.0.0

CANNOT_BE_CLASSIFIED
version 1: ubergeek42-weechat_android-1.0.0
version 2: ubergeek42-weechat_android-2.0.0
compilation unit: 0018-ubergeek42-weechat_android-None/app/src/main/java/com/ubergeek42/WeechatAndroid/adapters/BufferListAdapter.java
method: -
constraints in ubergeek42-weechat_android-1.0.0
	AndroidXNonNull condition: "" , add info: -
	AndroidXNonNull condition: "" , add info: -
	AndroidXNonNull condition: "" , add info: -
constraints in ubergeek42-weechat_android-2.0.0

CANNOT_BE_CLASSIFIED
version 1: ubergeek42-weechat_android-1.0.0
version 2: ubergeek42-weechat_android-2.0.0
compilation unit: 0018-ubergeek42-weechat_android-None/app/src/main/java/com/ubergeek42/WeechatAndroid/adapters/ChatLinesAdapter.java
method: -
constraints in ubergeek42-weechat_android-1.0.0
	AndroidXNullable condition: "" , add info: -
constraints in ubergeek42-weechat_android-2.0.0

CANNOT_BE_CLASSIFIED
version 1: ubergeek42-weechat_android-1.0.0
version 2: ubergeek42-weechat_android-2.0.0
compilation unit: 0018-ubergeek42-weechat_android-None/app/src/main/java/com/ubergeek42/WeechatAndroid/adapters/ChatLinesAdapter.java
method: ChatLinesAdapter(AnimatedRecyclerView)
constraints in ubergeek42-weechat_android-1.0.0
	AndroidXMainThread condition: "" , add info: -
constraints in ubergeek42-weechat_android-2.0.0

CANNOT_BE_CLASSIFIED
version 1: ubergeek42-weechat_android-1.0.0
version 2: ubergeek42-weechat_android-2.0.0
compilation unit: 0018-ubergeek42-weechat_android-None/app/src/main/java/com/ubergeek42/WeechatAndroid/adapters/MainPagerAdapter.java
method: MainPagerAdapter(FragmentManager, ViewPager)
constraints in ubergeek42-weechat_android-1.0.0
	AndroidXMainThread condition: "" , add info: -
constraints in ubergeek42-weechat_android-2.0.0

CANNOT_BE_CLASSIFIED
version 1: ubergeek42-weechat_android-1.0.0
version 2: ubergeek42-weechat_android-2.0.0
compilation unit: 0018-ubergeek42-weechat_android-None/app/src/main/java/com/ubergeek42/WeechatAndroid/copypaste/Paste.java
method: -
constraints in ubergeek42-weechat_android-1.0.0
	AndroidXNullable condition: "" , add info: -
constraints in ubergeek42-weechat_android-2.0.0

CANNOT_BE_CLASSIFIED
version 1: ubergeek42-weechat_android-1.0.0
version 2: ubergeek42-weechat_android-2.0.0
compilation unit: 0018-ubergeek42-weechat_android-None/app/src/main/java/com/ubergeek42/WeechatAndroid/CutePagerTitleStrip.java
method: setOnPageChangeListener(CutePageChangeListener)
constraints in ubergeek42-weechat_android-1.0.0
	AndroidXNullable condition: "" , add info: -
constraints in ubergeek42-weechat_android-2.0.0

CANNOT_BE_CLASSIFIED
version 1: ubergeek42-weechat_android-1.0.0
version 2: ubergeek42-weechat_android-2.0.0
compilation unit: 0018-ubergeek42-weechat_android-None/app/src/main/java/com/ubergeek42/WeechatAndroid/dialogs/CertificateDialog.java
method: -
constraints in ubergeek42-weechat_android-1.0.0
	AndroidXNonNull condition: "" , add info: -
	AndroidXNonNull condition: "" , add info: -
	AndroidXNonNull condition: "" , add info: -
	AndroidXNullable condition: "" , add info: -
	AndroidXNullable condition: "" , add info: -
	AndroidXNullable condition: "" , add info: -
	AndroidXNullable condition: "" , add info: -
constraints in ubergeek42-weechat_android-2.0.0

CANNOT_BE_CLASSIFIED
version 1: ubergeek42-weechat_android-1.0.0
version 2: ubergeek42-weechat_android-2.0.0
compilation unit: 0018-ubergeek42-weechat_android-None/app/src/main/java/com/ubergeek42/WeechatAndroid/dialogs/ScrollableDialog.java
method: -
constraints in ubergeek42-weechat_android-1.0.0
	AndroidXNonNull condition: "" , add info: -
	AndroidXNonNull condition: "" , add info: -
	AndroidXNullable condition: "" , add info: -
	AndroidXNullable condition: "" , add info: -
	AndroidXNullable condition: "" , add info: -
	AndroidXNullable condition: "" , add info: -
constraints in ubergeek42-weechat_android-2.0.0

CANNOT_BE_CLASSIFIED
version 1: ubergeek42-weechat_android-1.0.0
version 2: ubergeek42-weechat_android-2.0.0
compilation unit: 0018-ubergeek42-weechat_android-None/app/src/main/java/com/ubergeek42/WeechatAndroid/media/CachePersist.java
method: -
constraints in ubergeek42-weechat_android-1.0.0
	AndroidXNonNull condition: "" , add info: -
constraints in ubergeek42-weechat_android-2.0.0

CANNOT_BE_CLASSIFIED
version 1: ubergeek42-weechat_android-1.0.0
version 2: ubergeek42-weechat_android-2.0.0
compilation unit: 0018-ubergeek42-weechat_android-None/app/src/main/java/com/ubergeek42/WeechatAndroid/media/Config.java
method: -
constraints in ubergeek42-weechat_android-1.0.0
	AndroidXNullable condition: "" , add info: -
	AndroidXNullable condition: "" , add info: -
	AndroidXNullable condition: "" , add info: -
constraints in ubergeek42-weechat_android-2.0.0

CANNOT_BE_CLASSIFIED
version 1: ubergeek42-weechat_android-1.0.0
version 2: ubergeek42-weechat_android-2.0.0
compilation unit: 0018-ubergeek42-weechat_android-None/app/src/main/java/com/ubergeek42/WeechatAndroid/media/Engine.java
method: -
constraints in ubergeek42-weechat_android-1.0.0
	AndroidXNonNull condition: "" , add info: -
	AndroidXNullable condition: "" , add info: -
constraints in ubergeek42-weechat_android-2.0.0

CANNOT_BE_CLASSIFIED
version 1: ubergeek42-weechat_android-1.0.0
version 2: ubergeek42-weechat_android-2.0.0
compilation unit: 0018-ubergeek42-weechat_android-None/app/src/main/java/com/ubergeek42/WeechatAndroid/media/LineFilter.java
method: -
constraints in ubergeek42-weechat_android-1.0.0
	AndroidXNullable condition: "" , add info: -
	AndroidXNullable condition: "" , add info: -
constraints in ubergeek42-weechat_android-2.0.0

CANNOT_BE_CLASSIFIED
version 1: ubergeek42-weechat_android-1.0.0
version 2: ubergeek42-weechat_android-2.0.0
compilation unit: 0018-ubergeek42-weechat_android-None/app/src/main/java/com/ubergeek42/WeechatAndroid/media/StrategyAny.java
method: -
constraints in ubergeek42-weechat_android-1.0.0
	AndroidXNullable condition: "" , add info: -
	AndroidXNullable condition: "" , add info: -
constraints in ubergeek42-weechat_android-2.0.0

CANNOT_BE_CLASSIFIED
version 1: ubergeek42-weechat_android-1.0.0
version 2: ubergeek42-weechat_android-2.0.0
compilation unit: 0018-ubergeek42-weechat_android-None/app/src/main/java/com/ubergeek42/WeechatAndroid/media/StrategyRegex.java
method: -
constraints in ubergeek42-weechat_android-1.0.0
	AndroidXNullable condition: "" , add info: -
	AndroidXNullable condition: "" , add info: -
	AndroidXNullable condition: "" , add info: -
constraints in ubergeek42-weechat_android-2.0.0

CANNOT_BE_CLASSIFIED
version 1: ubergeek42-weechat_android-1.0.0
version 2: ubergeek42-weechat_android-2.0.0
compilation unit: 0018-ubergeek42-weechat_android-None/app/src/main/java/com/ubergeek42/WeechatAndroid/relay/BufferList.java
method: -
constraints in ubergeek42-weechat_android-1.0.0
	AndroidXNullable condition: "" , add info: -
	AndroidXNullable condition: "" , add info: -
	AndroidXNonNull condition: "" , add info: -
constraints in ubergeek42-weechat_android-2.0.0

CANNOT_BE_CLASSIFIED
version 1: ubergeek42-weechat_android-1.0.0
version 2: ubergeek42-weechat_android-2.0.0
compilation unit: 0018-ubergeek42-weechat_android-None/app/src/main/java/com/ubergeek42/WeechatAndroid/relay/Hotlist.java
method: -
constraints in ubergeek42-weechat_android-1.0.0
	AndroidSuppressLint condition: ""UseSparseArrays"" , add info: -
constraints in ubergeek42-weechat_android-2.0.0

CANNOT_BE_CLASSIFIED
version 1: ubergeek42-weechat_android-1.0.0
version 2: ubergeek42-weechat_android-2.0.0
compilation unit: 0018-ubergeek42-weechat_android-None/app/src/main/java/com/ubergeek42/WeechatAndroid/relay/Line.java
method: -
constraints in ubergeek42-weechat_android-1.0.0
	AndroidXNullable condition: "" , add info: -
constraints in ubergeek42-weechat_android-2.0.0

CANNOT_BE_CLASSIFIED
version 1: ubergeek42-weechat_android-1.0.0
version 2: ubergeek42-weechat_android-2.0.0
compilation unit: 0018-ubergeek42-weechat_android-None/app/src/main/java/com/ubergeek42/WeechatAndroid/relay/Lines.java
method: -
constraints in ubergeek42-weechat_android-1.0.0
	AndroidXNonNull condition: "" , add info: -
constraints in ubergeek42-weechat_android-2.0.0

CANNOT_BE_CLASSIFIED
version 1: ubergeek42-weechat_android-1.0.0
version 2: ubergeek42-weechat_android-2.0.0
compilation unit: 0018-ubergeek42-weechat_android-None/app/src/main/java/com/ubergeek42/WeechatAndroid/service/Notificator.java
method: -
constraints in ubergeek42-weechat_android-1.0.0
	AndroidSuppressLint condition: ""StaticFieldLeak"" , add info: -
constraints in ubergeek42-weechat_android-2.0.0

CANNOT_BE_CLASSIFIED
version 1: ubergeek42-weechat_android-1.0.0
version 2: ubergeek42-weechat_android-2.0.0
compilation unit: 0018-ubergeek42-weechat_android-None/app/src/main/java/com/ubergeek42/WeechatAndroid/service/P.java
method: -
constraints in ubergeek42-weechat_android-1.0.0
	AndroidSuppressLint condition: ""StaticFieldLeak"" , add info: -
	AndroidSuppressLint condition: ""StaticFieldLeak"" , add info: -
constraints in ubergeek42-weechat_android-2.0.0

CANNOT_BE_CLASSIFIED
version 1: ubergeek42-weechat_android-1.0.0
version 2: ubergeek42-weechat_android-2.0.0
compilation unit: 0018-ubergeek42-weechat_android-None/app/src/main/java/com/ubergeek42/WeechatAndroid/service/P.java
method: storeThemeOrColorSchemeColors(Context)
constraints in ubergeek42-weechat_android-1.0.0
	AndroidXNullable condition: "" , add info: -
constraints in ubergeek42-weechat_android-2.0.0

CANNOT_BE_CLASSIFIED
version 1: ubergeek42-weechat_android-1.0.0
version 2: ubergeek42-weechat_android-2.0.0
compilation unit: 0018-ubergeek42-weechat_android-None/app/src/main/java/com/ubergeek42/WeechatAndroid/service/SSLHandler.java
method: -
constraints in ubergeek42-weechat_android-1.0.0
	AndroidXNullable condition: "" , add info: -
constraints in ubergeek42-weechat_android-2.0.0

CANNOT_BE_CLASSIFIED
version 1: ubergeek42-weechat_android-1.0.0
version 2: ubergeek42-weechat_android-2.0.0
compilation unit: 0018-ubergeek42-weechat_android-None/app/src/main/java/com/ubergeek42/WeechatAndroid/service/SSLHandler.java
method: getAcceptedIssuers()
constraints in ubergeek42-weechat_android-1.0.0
	AndroidXNullable condition: "" , add info: -
constraints in ubergeek42-weechat_android-2.0.0

CANNOT_BE_CLASSIFIED
version 1: ubergeek42-weechat_android-1.0.0
version 2: ubergeek42-weechat_android-2.0.0
compilation unit: 0018-ubergeek42-weechat_android-None/app/src/main/java/com/ubergeek42/WeechatAndroid/utils/FriendlyExceptions.java
method: FriendlyExceptions(Context)
constraints in ubergeek42-weechat_android-1.0.0
	AndroidXNonNull condition: "" , add info: -
constraints in ubergeek42-weechat_android-2.0.0

CANNOT_BE_CLASSIFIED
version 1: ubergeek42-weechat_android-1.0.0
version 2: ubergeek42-weechat_android-2.0.0
compilation unit: 0018-ubergeek42-weechat_android-None/app/src/main/java/com/ubergeek42/WeechatAndroid/utils/SimpleTransitionDrawable.java
method: -
constraints in ubergeek42-weechat_android-1.0.0
	AndroidXNullable condition: "" , add info: -
	AndroidXNullable condition: "" , add info: -
constraints in ubergeek42-weechat_android-2.0.0

CANNOT_BE_CLASSIFIED
version 1: ubergeek42-weechat_android-1.0.0
version 2: ubergeek42-weechat_android-2.0.0
compilation unit: 0018-ubergeek42-weechat_android-None/app/src/main/java/com/ubergeek42/WeechatAndroid/WeechatActivity.java
method: onChange()
constraints in ubergeek42-weechat_android-1.0.0
	AndroidXNullable condition: "" , add info: -
constraints in ubergeek42-weechat_android-2.0.0

CANNOT_BE_CLASSIFIED
version 1: ubergeek42-weechat_android-1.0.0
version 2: ubergeek42-weechat_android-2.0.0
compilation unit: 0018-ubergeek42-weechat_android-None/cats/src/main/java/com/ubergeek42/cats/KidKitty.java
method: -
constraints in ubergeek42-weechat_android-1.0.0
	AndroidXNonNull condition: "" , add info: -
constraints in ubergeek42-weechat_android-2.0.0

CANNOT_BE_CLASSIFIED
version 1: ubergeek42-weechat_android-1.0.0
version 2: ubergeek42-weechat_android-2.0.0
compilation unit: 0018-ubergeek42-weechat_android-None/cats/src/main/java/com/ubergeek42/cats/Kitty.java
method: -
constraints in ubergeek42-weechat_android-1.0.0
	AndroidXNonNull condition: "" , add info: -
constraints in ubergeek42-weechat_android-2.0.0

CANNOT_BE_CLASSIFIED
version 1: ubergeek42-weechat_android-1.0.0
version 2: ubergeek42-weechat_android-2.0.0
compilation unit: 0018-ubergeek42-weechat_android-None/cats/src/main/java/com/ubergeek42/cats/RootKitty.java
method: -
constraints in ubergeek42-weechat_android-1.0.0
	AndroidXNullable condition: "" , add info: -
	AndroidXNonNull condition: "" , add info: -
constraints in ubergeek42-weechat_android-2.0.0

CANNOT_BE_CLASSIFIED
version 1: ultrasonic-ultrasonic-1.0.0
version 2: ultrasonic-ultrasonic-2.0.0
compilation unit: 0000-ultrasonic-ultrasonic-2.1.0/pulltorefresh/src/main/java/com/handmark/pulltorefresh/library/internal/FlipLoadingLayout.java
method: -
constraints in ultrasonic-ultrasonic-1.0.0
	AndroidSuppressLint condition: ""ViewConstructor"" , add info: -
constraints in ultrasonic-ultrasonic-2.0.0

CANNOT_BE_CLASSIFIED
version 1: ultrasonic-ultrasonic-1.0.0
version 2: ultrasonic-ultrasonic-2.0.0
compilation unit: 0000-ultrasonic-ultrasonic-2.1.0/pulltorefresh/src/main/java/com/handmark/pulltorefresh/library/internal/IndicatorLayout.java
method: -
constraints in ultrasonic-ultrasonic-1.0.0
	AndroidSuppressLint condition: ""ViewConstructor"" , add info: -
constraints in ultrasonic-ultrasonic-2.0.0

CANNOT_BE_CLASSIFIED
version 1: ultrasonic-ultrasonic-1.0.0
version 2: ultrasonic-ultrasonic-2.0.0
compilation unit: 0000-ultrasonic-ultrasonic-2.1.0/pulltorefresh/src/main/java/com/handmark/pulltorefresh/library/internal/LoadingLayout.java
method: -
constraints in ultrasonic-ultrasonic-1.0.0
	AndroidSuppressLint condition: ""ViewConstructor"" , add info: -
constraints in ultrasonic-ultrasonic-2.0.0

CANNOT_BE_CLASSIFIED
version 1: ultrasonic-ultrasonic-1.0.0
version 2: ultrasonic-ultrasonic-2.0.0
compilation unit: 0000-ultrasonic-ultrasonic-2.1.0/pulltorefresh/src/main/java/com/handmark/pulltorefresh/library/internal/ViewCompat.java
method: setLayerType(View,
constraints in ultrasonic-ultrasonic-1.0.0
	AndroidTargetApi condition: "11" , add info: -
	AndroidTargetApi condition: "16" , add info: -
constraints in ultrasonic-ultrasonic-2.0.0

CANNOT_BE_CLASSIFIED
version 1: ultrasonic-ultrasonic-1.0.0
version 2: ultrasonic-ultrasonic-2.0.0
compilation unit: 0000-ultrasonic-ultrasonic-2.1.0/pulltorefresh/src/main/java/com/handmark/pulltorefresh/library/OverscrollHelper.java
method: -
constraints in ultrasonic-ultrasonic-1.0.0
	AndroidTargetApi condition: "9" , add info: -
constraints in ultrasonic-ultrasonic-2.0.0

CANNOT_BE_CLASSIFIED
version 1: ultrasonic-ultrasonic-1.0.0
version 2: ultrasonic-ultrasonic-2.0.0
compilation unit: 0000-ultrasonic-ultrasonic-2.1.0/pulltorefresh/src/main/java/com/handmark/pulltorefresh/library/PullToRefreshExpandableListView.java
method: setEmptyViewInternal(View)
constraints in ultrasonic-ultrasonic-1.0.0
	AndroidTargetApi condition: "9" , add info: -
constraints in ultrasonic-ultrasonic-2.0.0

CANNOT_BE_CLASSIFIED
version 1: ultrasonic-ultrasonic-1.0.0
version 2: ultrasonic-ultrasonic-2.0.0
compilation unit: 0000-ultrasonic-ultrasonic-2.1.0/pulltorefresh/src/main/java/com/handmark/pulltorefresh/library/PullToRefreshGridView.java
method: setEmptyViewInternal(View)
constraints in ultrasonic-ultrasonic-1.0.0
	AndroidTargetApi condition: "9" , add info: -
constraints in ultrasonic-ultrasonic-2.0.0

CANNOT_BE_CLASSIFIED
version 1: ultrasonic-ultrasonic-1.0.0
version 2: ultrasonic-ultrasonic-2.0.0
compilation unit: 0000-ultrasonic-ultrasonic-2.1.0/pulltorefresh/src/main/java/com/handmark/pulltorefresh/library/PullToRefreshHorizontalScrollView.java
method: isReadyForPullEnd()
constraints in ultrasonic-ultrasonic-1.0.0
	AndroidTargetApi condition: "9" , add info: -
constraints in ultrasonic-ultrasonic-2.0.0

CANNOT_BE_CLASSIFIED
version 1: ultrasonic-ultrasonic-1.0.0
version 2: ultrasonic-ultrasonic-2.0.0
compilation unit: 0000-ultrasonic-ultrasonic-2.1.0/pulltorefresh/src/main/java/com/handmark/pulltorefresh/library/PullToRefreshListView.java
method: handleStyledAttributes(TypedArray)
constraints in ultrasonic-ultrasonic-1.0.0
	AndroidTargetApi condition: "9" , add info: -
constraints in ultrasonic-ultrasonic-2.0.0

CANNOT_BE_CLASSIFIED
version 1: ultrasonic-ultrasonic-1.0.0
version 2: ultrasonic-ultrasonic-2.0.0
compilation unit: 0000-ultrasonic-ultrasonic-2.1.0/pulltorefresh/src/main/java/com/handmark/pulltorefresh/library/PullToRefreshScrollView.java
method: isReadyForPullEnd()
constraints in ultrasonic-ultrasonic-1.0.0
	AndroidTargetApi condition: "9" , add info: -
constraints in ultrasonic-ultrasonic-2.0.0

CANNOT_BE_CLASSIFIED
version 1: ultrasonic-ultrasonic-1.0.0
version 2: ultrasonic-ultrasonic-2.0.0
compilation unit: 0000-ultrasonic-ultrasonic-2.1.0/pulltorefresh/src/main/java/com/handmark/pulltorefresh/library/PullToRefreshWebView.java
method: onPtrSaveInstanceState(Bundle)
constraints in ultrasonic-ultrasonic-1.0.0
	AndroidTargetApi condition: "9" , add info: -
constraints in ultrasonic-ultrasonic-2.0.0

CANNOT_BE_CLASSIFIED
version 1: valerio_bozzolan-AcrylicPaint-1.0.0
version 2: valerio_bozzolan-AcrylicPaint-2.0.0
compilation unit: 0234-valerio_bozzolan-AcrylicPaint-None/app/src/main/java/anupam/acrylic/ColorPickerDialog.java
method: -
constraints in valerio_bozzolan-AcrylicPaint-1.0.0
	AndroidSuppressLint condition: ""ClickableViewAccessibility"" , add info: -
constraints in valerio_bozzolan-AcrylicPaint-2.0.0

CANNOT_BE_CLASSIFIED
version 1: valerio_bozzolan-AcrylicPaint-1.0.0
version 2: valerio_bozzolan-AcrylicPaint-2.0.0
compilation unit: 0234-valerio_bozzolan-AcrylicPaint-None/app/src/main/java/anupam/acrylic/EasyPaint.java
method: -
constraints in valerio_bozzolan-AcrylicPaint-1.0.0
	AndroidSuppressLint condition: ""ClickableViewAccessibility"" , add info: -
constraints in valerio_bozzolan-AcrylicPaint-2.0.0

CANNOT_BE_CLASSIFIED
version 1: wallabag-android_app-1.0.0
version 2: wallabag-android_app-2.0.0
compilation unit: 0022-wallabag-android_app-1.12.1/app/src/main/java/fr/gaulupeau/apps/Poche/ui/preferences/FloatEditTextPreference.java
method: FloatEditTextPreference(Context, AttributeSet, int, int)
constraints in wallabag-android_app-1.0.0
	AndroidTargetApi condition: "Build.VERSION_CODES.LOLLIPOP" , add info: -
constraints in wallabag-android_app-2.0.0

CANNOT_BE_CLASSIFIED
version 1: wallabag-android_app-1.0.0
version 2: wallabag-android_app-2.0.0
compilation unit: 0022-wallabag-android_app-1.12.1/app/src/main/java/fr/gaulupeau/apps/Poche/ui/preferences/FloatEditTextPreference.java
method: FloatEditTextPreference(Context, AttributeSet, int)
constraints in wallabag-android_app-1.0.0
	AndroidTargetApi condition: "Build.VERSION_CODES.LOLLIPOP" , add info: -
constraints in wallabag-android_app-2.0.0

CANNOT_BE_CLASSIFIED
version 1: wallabag-android_app-1.0.0
version 2: wallabag-android_app-2.0.0
compilation unit: 0022-wallabag-android_app-1.12.1/app/src/main/java/fr/gaulupeau/apps/Poche/ui/preferences/IntEditTextPreference.java
method: IntEditTextPreference(Context, AttributeSet, int, int)
constraints in wallabag-android_app-1.0.0
	AndroidTargetApi condition: "Build.VERSION_CODES.LOLLIPOP" , add info: -
constraints in wallabag-android_app-2.0.0

CANNOT_BE_CLASSIFIED
version 1: wallabag-android_app-1.0.0
version 2: wallabag-android_app-2.0.0
compilation unit: 0022-wallabag-android_app-1.12.1/app/src/main/java/fr/gaulupeau/apps/Poche/ui/preferences/IntEditTextPreference.java
method: IntEditTextPreference(Context, AttributeSet, int)
constraints in wallabag-android_app-1.0.0
	AndroidTargetApi condition: "Build.VERSION_CODES.LOLLIPOP" , add info: -
constraints in wallabag-android_app-2.0.0

CANNOT_BE_CLASSIFIED
version 1: wallabag-android_app-1.0.0
version 2: wallabag-android_app-2.0.0
compilation unit: 0022-wallabag-android_app-1.12.1/app/src/main/java/fr/gaulupeau/apps/Poche/ui/preferences/IntListPreference.java
method: IntListPreference(Context, AttributeSet, int, int)
constraints in wallabag-android_app-1.0.0
	AndroidTargetApi condition: "Build.VERSION_CODES.LOLLIPOP" , add info: -
constraints in wallabag-android_app-2.0.0

CANNOT_BE_CLASSIFIED
version 1: wallabag-android_app-1.0.0
version 2: wallabag-android_app-2.0.0
compilation unit: 0022-wallabag-android_app-1.12.1/app/src/main/java/fr/gaulupeau/apps/Poche/ui/preferences/IntListPreference.java
method: IntListPreference(Context, AttributeSet, int)
constraints in wallabag-android_app-1.0.0
	AndroidTargetApi condition: "Build.VERSION_CODES.LOLLIPOP" , add info: -
constraints in wallabag-android_app-2.0.0

CANNOT_BE_CLASSIFIED
version 1: wallabag-android_app-1.0.0
version 2: wallabag-android_app-2.0.0
compilation unit: 0022-wallabag-android_app-1.12.1/app/src/main/java/fr/gaulupeau/apps/Poche/ui/preferences/LongListPreference.java
method: LongListPreference(Context, AttributeSet, int, int)
constraints in wallabag-android_app-1.0.0
	AndroidTargetApi condition: "Build.VERSION_CODES.LOLLIPOP" , add info: -
constraints in wallabag-android_app-2.0.0

CANNOT_BE_CLASSIFIED
version 1: wallabag-android_app-1.0.0
version 2: wallabag-android_app-2.0.0
compilation unit: 0022-wallabag-android_app-1.12.1/app/src/main/java/fr/gaulupeau/apps/Poche/ui/preferences/LongListPreference.java
method: LongListPreference(Context, AttributeSet, int)
constraints in wallabag-android_app-1.0.0
	AndroidTargetApi condition: "Build.VERSION_CODES.LOLLIPOP" , add info: -
constraints in wallabag-android_app-2.0.0

CANNOT_BE_CLASSIFIED
version 1: wbaumann-SmartReceiptsLibrary-1.0.0
version 2: wbaumann-SmartReceiptsLibrary-2.0.0
compilation unit: 0008-wbaumann-SmartReceiptsLibrary-3.0.5/src/wb/receiptslibrary/fragments/preferences/AccountSettingsPreferenceFragment.java
method: -
constraints in wbaumann-SmartReceiptsLibrary-1.0.0
	AndroidTargetApi condition: "Build.VERSION_CODES.HONEYCOMB" , add info: -
constraints in wbaumann-SmartReceiptsLibrary-2.0.0

CANNOT_BE_CLASSIFIED
version 1: wiglenet-wigle_wifi_wardriving-1.0.0
version 2: wiglenet-wigle_wifi_wardriving-2.0.0
compilation unit: 0024-wiglenet-wigle_wifi_wardriving-None/android-maps-utils/src/com/google/maps/android/clustering/view/DefaultClusterRenderer.java
method: setMinClusterSize(int)
constraints in wiglenet-wigle_wifi_wardriving-1.0.0
	AndroidSuppressLint condition: ""HandlerLeak"" , add info: -
constraints in wiglenet-wigle_wifi_wardriving-2.0.0

CANNOT_BE_CLASSIFIED
version 1: wiglenet-wigle_wifi_wardriving-1.0.0
version 2: wiglenet-wigle_wifi_wardriving-2.0.0
compilation unit: 0024-wiglenet-wigle_wifi_wardriving-None/android-maps-utils/src/com/google/maps/android/clustering/view/DefaultClusterRenderer.java
method: setOnClusterItemInfoWindowClickListener(ClusterManager.OnClusterItemInfoWindowClickListener<T>)
constraints in wiglenet-wigle_wifi_wardriving-1.0.0
	AndroidSuppressLint condition: ""HandlerLeak"" , add info: -
constraints in wiglenet-wigle_wifi_wardriving-2.0.0

CANNOT_BE_CLASSIFIED
version 1: wiglenet-wigle_wifi_wardriving-1.0.0
version 2: wiglenet-wigle_wifi_wardriving-2.0.0
compilation unit: 0024-wiglenet-wigle_wifi_wardriving-None/android-maps-utils/src/com/google/maps/android/clustering/view/DefaultClusterRenderer.java
method: hashCode()
constraints in wiglenet-wigle_wifi_wardriving-1.0.0
	AndroidTargetApi condition: "Build.VERSION_CODES.HONEYCOMB_MR1" , add info: -
constraints in wiglenet-wigle_wifi_wardriving-2.0.0

CANNOT_BE_CLASSIFIED
version 1: wiglenet-wigle_wifi_wardriving-1.0.0
version 2: wiglenet-wigle_wifi_wardriving-2.0.0
compilation unit: 0024-wiglenet-wigle_wifi_wardriving-None/wiglewifiwardriving/src/main/java/net/wigle/m8b/geodesy/mgrs.java
method: populateBytes(byte[])
constraints in wiglenet-wigle_wifi_wardriving-1.0.0
	JavaAssert condition: "b.length == 9" , add info: -
constraints in wiglenet-wigle_wifi_wardriving-2.0.0

CANNOT_BE_CLASSIFIED
version 1: wiglenet-wigle_wifi_wardriving-1.0.0
version 2: wiglenet-wigle_wifi_wardriving-2.0.0
compilation unit: 0024-wiglenet-wigle_wifi_wardriving-None/wiglewifiwardriving/src/main/java/net/wigle/wigleandroid/MainActivity.java
method: -
constraints in wiglenet-wigle_wifi_wardriving-1.0.0
	AndroidXRequiresApi condition: "24" , add info: -
constraints in wiglenet-wigle_wifi_wardriving-2.0.0

CANNOT_BE_CLASSIFIED
version 1: wiglenet-wigle_wifi_wardriving-1.0.0
version 2: wiglenet-wigle_wifi_wardriving-2.0.0
compilation unit: 0024-wiglenet-wigle_wifi_wardriving-None/wiglewifiwardriving/src/main/java/net/wigle/wigleandroid/MapRender.java
method: updateNetwork(Network)
constraints in wiglenet-wigle_wifi_wardriving-1.0.0
	AndroidSuppressLint condition: ""HandlerLeak"" , add info: -
constraints in wiglenet-wigle_wifi_wardriving-2.0.0

CANNOT_BE_CLASSIFIED
version 1: wiglenet-wigle_wifi_wardriving-1.0.0
version 2: wiglenet-wigle_wifi_wardriving-2.0.0
compilation unit: 0024-wiglenet-wigle_wifi_wardriving-None/wiglewifiwardriving/src/main/java/net/wigle/wigleandroid/model/GsmOperator.java
method: GsmOperator(CellIdentityGsm)
constraints in wiglenet-wigle_wifi_wardriving-1.0.0
	AndroidTargetApi condition: "android.os.Build.VERSION_CODES.JELLY_BEAN_MR1" , add info: -
constraints in wiglenet-wigle_wifi_wardriving-2.0.0

CANNOT_BE_CLASSIFIED
version 1: wiglenet-wigle_wifi_wardriving-1.0.0
version 2: wiglenet-wigle_wifi_wardriving-2.0.0
compilation unit: 0024-wiglenet-wigle_wifi_wardriving-None/wiglewifiwardriving/src/main/java/net/wigle/wigleandroid/model/GsmOperator.java
method: GsmOperator(CellIdentityLte)
constraints in wiglenet-wigle_wifi_wardriving-1.0.0
	AndroidTargetApi condition: "android.os.Build.VERSION_CODES.JELLY_BEAN_MR1" , add info: -
constraints in wiglenet-wigle_wifi_wardriving-2.0.0

CANNOT_BE_CLASSIFIED
version 1: wiglenet-wigle_wifi_wardriving-1.0.0
version 2: wiglenet-wigle_wifi_wardriving-2.0.0
compilation unit: 0024-wiglenet-wigle_wifi_wardriving-None/wiglewifiwardriving/src/main/java/net/wigle/wigleandroid/model/GsmOperator.java
method: GsmOperator(CellIdentityWcdma)
constraints in wiglenet-wigle_wifi_wardriving-1.0.0
	AndroidTargetApi condition: "android.os.Build.VERSION_CODES.JELLY_BEAN_MR2" , add info: -
constraints in wiglenet-wigle_wifi_wardriving-2.0.0

CANNOT_BE_CLASSIFIED
version 1: wiglenet-wigle_wifi_wardriving-1.0.0
version 2: wiglenet-wigle_wifi_wardriving-2.0.0
compilation unit: 0024-wiglenet-wigle_wifi_wardriving-None/wiglewifiwardriving/src/main/java/net/wigle/wigleandroid/model/Network.java
method: -
constraints in wiglenet-wigle_wifi_wardriving-1.0.0
	AndroidSuppressLint condition: ""UseSparseArrays"" , add info: -
constraints in wiglenet-wigle_wifi_wardriving-2.0.0

CANNOT_BE_CLASSIFIED
version 1: yanus171-Handy_News_Reader-1.0.0
version 2: yanus171-Handy_News_Reader-2.0.0
compilation unit: 0252-yanus171-Handy_News_Reader-v0.9.4/FlymFork/src/main/java/ru/yanus171/feedexfork/service/AutoJobService.java
method: -
constraints in yanus171-Handy_News_Reader-1.0.0
	AndroidTargetApi condition: "Build.VERSION_CODES.LOLLIPOP" , add info: -
constraints in yanus171-Handy_News_Reader-2.0.0

CANNOT_BE_CLASSIFIED
version 1: yanus171-Handy_News_Reader-1.0.0
version 2: yanus171-Handy_News_Reader-2.0.0
compilation unit: 0252-yanus171-Handy_News_Reader-v0.9.4/FlymFork/src/main/java/ru/yanus171/feedexfork/utils/StringUtils.java
method: -
constraints in yanus171-Handy_News_Reader-1.0.0
	AndroidTargetApi condition: "Build.VERSION_CODES.JELLY_BEAN_MR2" , add info: -
constraints in yanus171-Handy_News_Reader-2.0.0

