POSTCONDITION_REMOVED
version 1: AAT-2.0.0
version 2: AAT-3.0.0
compilation unit: 0282-AAT-v0.5-alpha/src/org/osmdroid/views/MapView.java
method: dispatchDraw(Canvas)
constraints in AAT-2.0.0
	AndroidSuppressLint condition: ""WrongCall"" , add info: -
constraints in AAT-3.0.0

POSTCONDITION_REMOVED
version 1: Aegis-2.0.0
version 2: Aegis-3.0.0
compilation unit: 0069-Aegis-v0.4/app/src/main/java/com/beemdevelopment/aegis/crypto/otp/OTP.java
method: toString()
constraints in Aegis-2.0.0
	AndroidXNonNull condition: "" , add info: -
constraints in Aegis-3.0.0

POSTCONDITION_REMOVED
version 1: Aegis-2.0.0
version 2: Aegis-3.0.0
compilation unit: 0069-Aegis-v0.4/app/src/main/java/com/beemdevelopment/aegis/db/DatabaseEntryList.java
method: iterator()
constraints in Aegis-2.0.0
	AndroidXNonNull condition: "" , add info: -
constraints in Aegis-3.0.0

POSTCONDITION_REMOVED
version 1: Aegis-2.0.0
version 2: Aegis-3.0.0
compilation unit: 0069-Aegis-v0.4/app/src/main/java/com/beemdevelopment/aegis/ui/AegisActivity.java
method: onLocked()
constraints in Aegis-2.0.0
	AndroidXCallSuper condition: "" , add info: -
constraints in Aegis-3.0.0

POSTCONDITION_REMOVED
version 1: Aegis-2.0.0
version 2: Aegis-3.0.0
compilation unit: 0069-Aegis-v0.4/app/src/main/java/com/beemdevelopment/aegis/ui/tasks/ProgressDialogTask.java
method: onPreExecute()
constraints in Aegis-2.0.0
	AndroidXCallSuper condition: "" , add info: -
constraints in Aegis-3.0.0

POSTCONDITION_REMOVED
version 1: Aegis-2.0.0
version 2: Aegis-3.0.0
compilation unit: 0069-Aegis-v0.4/app/src/main/java/com/beemdevelopment/aegis/ui/tasks/ProgressDialogTask.java
method: onPostExecute(Result)
constraints in Aegis-2.0.0
	AndroidXCallSuper condition: "" , add info: -
constraints in Aegis-3.0.0

POSTCONDITION_REMOVED
version 1: Aegis-2.0.0
version 2: Aegis-3.0.0
compilation unit: 0069-Aegis-v0.4/app/src/main/java/com/beemdevelopment/aegis/ViewMode.java
method: getLayoutId()
constraints in Aegis-2.0.0
	AndroidXLayoutRes condition: "" , add info: -
constraints in Aegis-3.0.0

POSTCONDITION_REMOVED
version 1: AmazeFileManager-2.0.0
version 2: AmazeFileManager-3.0.0
compilation unit: 0194-AmazeFileManager-v.3.2.1/app/src/main/java/com/amaze/filemanager/filesystem/FileUtil.java
method: getExtSdCardPathsForActivity(Context)
constraints in AmazeFileManager-2.0.0
	AndroidTargetApi condition: "Build.VERSION_CODES.KITKAT" , add info: -
constraints in AmazeFileManager-3.0.0

POSTCONDITION_REMOVED
version 1: AmazeFileManager-2.0.0
version 2: AmazeFileManager-3.0.0
compilation unit: 0194-AmazeFileManager-v.3.2.1/app/src/main/java/com/amaze/filemanager/filesystem/FileUtil.java
method: isOnExtSdCard(File,
constraints in AmazeFileManager-2.0.0
	AndroidTargetApi condition: "Build.VERSION_CODES.KITKAT" , add info: -
constraints in AmazeFileManager-3.0.0

POSTCONDITION_REMOVED
version 1: Anki-2.0.0
version 2: Anki-3.0.0
compilation unit: 0056-Anki-Android-v2.15alpha7/AnkiDroid/src/androidTest/java/com/ichi2/anki/FieldEditLineTest.java
method: getFieldEditLine()
constraints in Anki-2.0.0
	AndroidXNonNull condition: "" , add info: -
constraints in Anki-3.0.0

POSTCONDITION_REMOVED
version 1: Anki-2.0.0
version 2: Anki-3.0.0
compilation unit: 0056-Anki-Android-v2.15alpha7/AnkiDroid/src/main/java/com/ichi2/anim/ActivityTransitionAnimation.java
method: slide(Activity,
constraints in Anki-2.0.0
	AndroidTargetApi condition: "5" , add info: -
constraints in Anki-3.0.0

POSTCONDITION_REMOVED
version 1: Anki-2.0.0
version 2: Anki-3.0.0
compilation unit: 0056-Anki-Android-v2.15alpha7/AnkiDroid/src/main/java/com/ichi2/anki/AbstractFlashcardViewer.java
method: createWebView()
constraints in Anki-2.0.0
	AndroidSuppressLint condition: ""SetJavaScriptEnabled"" , add info: -
constraints in Anki-3.0.0

POSTCONDITION_REMOVED
version 1: Anki-2.0.0
version 2: Anki-3.0.0
compilation unit: 0056-Anki-Android-v2.15alpha7/AnkiDroid/src/main/java/com/ichi2/anki/AbstractFlashcardViewer.java
method: shouldOverrideUrlLoading(WebView,
constraints in Anki-2.0.0
	AndroidTargetApi condition: "Build.VERSION_CODES.N" , add info: -
constraints in Anki-3.0.0

POSTCONDITION_REMOVED
version 1: Anki-2.0.0
version 2: Anki-3.0.0
compilation unit: 0056-Anki-Android-v2.15alpha7/AnkiDroid/src/main/java/com/ichi2/anki/AbstractFlashcardViewer.java
method: shouldInterceptRequest(WebView,
constraints in Anki-2.0.0
	AndroidTargetApi condition: "Build.VERSION_CODES.N" , add info: -
	AndroidXNullable condition: "" , add info: -
constraints in Anki-3.0.0

POSTCONDITION_REMOVED
version 1: Anki-2.0.0
version 2: Anki-3.0.0
compilation unit: 0056-Anki-Android-v2.15alpha7/AnkiDroid/src/main/java/com/ichi2/anki/AbstractFlashcardViewer.java
method: onRenderProcessGone(WebView,
constraints in Anki-2.0.0
	AndroidTargetApi condition: "Build.VERSION_CODES.O" , add info: -
constraints in Anki-3.0.0

POSTCONDITION_REMOVED
version 1: Anki-2.0.0
version 2: Anki-3.0.0
compilation unit: 0056-Anki-Android-v2.15alpha7/AnkiDroid/src/main/java/com/ichi2/anki/AbstractFlashcardViewer.java
method: crashWebViewRenderer()
constraints in Anki-2.0.0
	AndroidXVisibleForTesting condition: "[]" , add info: -
constraints in Anki-3.0.0

POSTCONDITION_REMOVED
version 1: Anki-2.0.0
version 2: Anki-3.0.0
compilation unit: 0056-Anki-Android-v2.15alpha7/AnkiDroid/src/main/java/com/ichi2/anki/AbstractFlashcardViewer.java
method: blockControls(boolean)
constraints in Anki-2.0.0
	AndroidXVisibleForTesting condition: "" , add info: -
constraints in Anki-3.0.0

POSTCONDITION_REMOVED
version 1: Anki-2.0.0
version 2: Anki-3.0.0
compilation unit: 0056-Anki-Android-v2.15alpha7/AnkiDroid/src/main/java/com/ichi2/anki/AbstractFlashcardViewer.java
method: isUndoAvailable()
constraints in Anki-2.0.0
	AndroidXVisibleForTesting condition: "" , add info: -
constraints in Anki-3.0.0

POSTCONDITION_REMOVED
version 1: Anki-2.0.0
version 2: Anki-3.0.0
compilation unit: 0056-Anki-Android-v2.15alpha7/AnkiDroid/src/main/java/com/ichi2/anki/AbstractFlashcardViewer.java
method: getTypedInputText()
constraints in Anki-2.0.0
	AndroidXVisibleForTesting condition: "[otherwise = VisibleForTesting.NONE]" , add info: -
constraints in Anki-3.0.0

POSTCONDITION_REMOVED
version 1: Anki-2.0.0
version 2: Anki-3.0.0
compilation unit: 0056-Anki-Android-v2.15alpha7/AnkiDroid/src/main/java/com/ichi2/anki/analytics/AnkiDroidCrashReportDialog.java
method: buildCustomView(Bundle)
constraints in Anki-2.0.0
	AndroidSuppressLint condition: ""InflateParams"" , add info: -
	AndroidXNonNull condition: "" , add info: -
constraints in Anki-3.0.0

POSTCONDITION_REMOVED
version 1: Anki-2.0.0
version 2: Anki-3.0.0
compilation unit: 0056-Anki-Android-v2.15alpha7/AnkiDroid/src/main/java/com/ichi2/anki/analytics/UsageAnalytics.java
method: resetForTests()
constraints in Anki-2.0.0
	AndroidXVisibleForTesting condition: "[otherwise = VisibleForTesting.NONE]" , add info: -
constraints in Anki-3.0.0

POSTCONDITION_REMOVED
version 1: Anki-2.0.0
version 2: Anki-3.0.0
compilation unit: 0056-Anki-Android-v2.15alpha7/AnkiDroid/src/main/java/com/ichi2/anki/AnkiDroidApp.java
method: getWebViewErrorMessage()
constraints in Anki-2.0.0
	AndroidSuppressLint condition: ""LogNotTimber"" , add info: -
	AndroidXNullable condition: "" , add info: -
constraints in Anki-3.0.0

POSTCONDITION_REMOVED
version 1: Anki-2.0.0
version 2: Anki-3.0.0
compilation unit: 0056-Anki-Android-v2.15alpha7/AnkiDroid/src/main/java/com/ichi2/anki/AnkiDroidApp.java
method: simulateRestoreFromBackup()
constraints in Anki-2.0.0
	AndroidXVisibleForTesting condition: "[otherwise = VisibleForTesting.NONE]" , add info: -
constraints in Anki-3.0.0

POSTCONDITION_REMOVED
version 1: Anki-2.0.0
version 2: Anki-3.0.0
compilation unit: 0056-Anki-Android-v2.15alpha7/AnkiDroid/src/main/java/com/ichi2/anki/CardBrowser.java
method: renderBrowserQAParams(int,
constraints in Anki-2.0.0
	AndroidXNonNull condition: "" , add info: -
constraints in Anki-3.0.0

POSTCONDITION_REMOVED
version 1: Anki-2.0.0
version 2: Anki-3.0.0
compilation unit: 0056-Anki-Android-v2.15alpha7/AnkiDroid/src/main/java/com/ichi2/anki/CardBrowser.java
method: iterator()
constraints in Anki-2.0.0
	AndroidXNonNull condition: "" , add info: -
constraints in Anki-3.0.0

POSTCONDITION_REMOVED
version 1: Anki-2.0.0
version 2: Anki-3.0.0
compilation unit: 0056-Anki-Android-v2.15alpha7/AnkiDroid/src/main/java/com/ichi2/anki/CardBrowser.java
method: checkedCardCount()
constraints in Anki-2.0.0
	AndroidXVisibleForTesting condition: "" , add info: -
constraints in Anki-3.0.0

POSTCONDITION_REMOVED
version 1: Anki-2.0.0
version 2: Anki-3.0.0
compilation unit: 0056-Anki-Android-v2.15alpha7/AnkiDroid/src/main/java/com/ichi2/anki/CardBrowser.java
method: getChangeDeckPositionFromId(long)
constraints in Anki-2.0.0
	AndroidXVisibleForTesting condition: "[otherwise = VisibleForTesting.NONE]" , add info: -
constraints in Anki-3.0.0

POSTCONDITION_REMOVED
version 1: Anki-2.0.0
version 2: Anki-3.0.0
compilation unit: 0056-Anki-Android-v2.15alpha7/AnkiDroid/src/main/java/com/ichi2/anki/CardBrowser.java
method: getCheckedCardIds()
constraints in Anki-2.0.0
	AndroidXVisibleForTesting condition: "[otherwise = VisibleForTesting.NONE]" , add info: -
constraints in Anki-3.0.0

POSTCONDITION_REMOVED
version 1: Anki-2.0.0
version 2: Anki-3.0.0
compilation unit: 0056-Anki-Android-v2.15alpha7/AnkiDroid/src/main/java/com/ichi2/anki/CardBrowser.java
method: getPropertiesForCardId(long)
constraints in Anki-2.0.0
	AndroidXVisibleForTesting condition: "[otherwise = VisibleForTesting.NONE]" , add info: -
constraints in Anki-3.0.0

POSTCONDITION_REMOVED
version 1: Anki-2.0.0
version 2: Anki-3.0.0
compilation unit: 0056-Anki-Android-v2.15alpha7/AnkiDroid/src/main/java/com/ichi2/anki/CardInfo.java
method: getModel()
constraints in Anki-2.0.0
	AndroidXVisibleForTesting condition: "[otherwise = VisibleForTesting.NONE]" , add info: -
	AndroidXNullable condition: "" , add info: -
	AndroidXNullable condition: "" , add info: -
	AndroidXNullable condition: "" , add info: -
	AndroidXNullable condition: "" , add info: -
	AndroidXNullable condition: "" , add info: -
	AndroidXNullable condition: "" , add info: -
constraints in Anki-3.0.0

POSTCONDITION_REMOVED
version 1: Anki-2.0.0
version 2: Anki-3.0.0
compilation unit: 0056-Anki-Android-v2.15alpha7/AnkiDroid/src/main/java/com/ichi2/anki/CardInfo.java
method: create(Card,
constraints in Anki-2.0.0
	AndroidXCheckResult condition: "" , add info: -
constraints in Anki-3.0.0

POSTCONDITION_REMOVED
version 1: Anki-2.0.0
version 2: Anki-3.0.0
compilation unit: 0056-Anki-Android-v2.15alpha7/AnkiDroid/src/main/java/com/ichi2/anki/CardInfo.java
method: getCardType(Card,
constraints in Anki-2.0.0
	AndroidXNonNull condition: "" , add info: -
constraints in Anki-3.0.0

POSTCONDITION_REMOVED
version 1: Anki-2.0.0
version 2: Anki-3.0.0
compilation unit: 0056-Anki-Android-v2.15alpha7/AnkiDroid/src/main/java/com/ichi2/anki/CardInfo.java
method: getFirstReviewDate()
constraints in Anki-2.0.0
	AndroidXNullable condition: "" , add info: -
constraints in Anki-3.0.0

POSTCONDITION_REMOVED
version 1: Anki-2.0.0
version 2: Anki-3.0.0
compilation unit: 0056-Anki-Android-v2.15alpha7/AnkiDroid/src/main/java/com/ichi2/anki/CardInfo.java
method: getLatestReviewDate()
constraints in Anki-2.0.0
	AndroidXNullable condition: "" , add info: -
constraints in Anki-3.0.0

POSTCONDITION_REMOVED
version 1: Anki-2.0.0
version 2: Anki-3.0.0
compilation unit: 0056-Anki-Android-v2.15alpha7/AnkiDroid/src/main/java/com/ichi2/anki/CardInfo.java
method: getDue()
constraints in Anki-2.0.0
	AndroidXNullable condition: "" , add info: -
constraints in Anki-3.0.0

POSTCONDITION_REMOVED
version 1: Anki-2.0.0
version 2: Anki-3.0.0
compilation unit: 0056-Anki-Android-v2.15alpha7/AnkiDroid/src/main/java/com/ichi2/anki/CardInfo.java
method: getInterval()
constraints in Anki-2.0.0
	AndroidXNullable condition: "" , add info: -
constraints in Anki-3.0.0

POSTCONDITION_REMOVED
version 1: Anki-2.0.0
version 2: Anki-3.0.0
compilation unit: 0056-Anki-Android-v2.15alpha7/AnkiDroid/src/main/java/com/ichi2/anki/CardInfo.java
method: getEaseInPercent()
constraints in Anki-2.0.0
	AndroidXNullable condition: "" , add info: -
constraints in Anki-3.0.0

POSTCONDITION_REMOVED
version 1: Anki-2.0.0
version 2: Anki-3.0.0
compilation unit: 0056-Anki-Android-v2.15alpha7/AnkiDroid/src/main/java/com/ichi2/anki/CardInfo.java
method: getAverageTimeMs()
constraints in Anki-2.0.0
	AndroidXNullable condition: "" , add info: -
constraints in Anki-3.0.0

POSTCONDITION_REMOVED
version 1: Anki-2.0.0
version 2: Anki-3.0.0
compilation unit: 0056-Anki-Android-v2.15alpha7/AnkiDroid/src/main/java/com/ichi2/anki/CardInfo.java
method: getTotalTimeMs()
constraints in Anki-2.0.0
	AndroidXNullable condition: "" , add info: -
constraints in Anki-3.0.0

POSTCONDITION_REMOVED
version 1: Anki-2.0.0
version 2: Anki-3.0.0
compilation unit: 0056-Anki-Android-v2.15alpha7/AnkiDroid/src/main/java/com/ichi2/anki/CardTemplateBrowserAppearanceEditor.java
method: getQuestion()
constraints in Anki-2.0.0
	AndroidXNonNull condition: "" , add info: -
constraints in Anki-3.0.0

POSTCONDITION_REMOVED
version 1: Anki-2.0.0
version 2: Anki-3.0.0
compilation unit: 0056-Anki-Android-v2.15alpha7/AnkiDroid/src/main/java/com/ichi2/anki/CardTemplateBrowserAppearanceEditor.java
method: getAnswer()
constraints in Anki-2.0.0
	AndroidXNonNull condition: "" , add info: -
constraints in Anki-3.0.0

POSTCONDITION_REMOVED
version 1: Anki-2.0.0
version 2: Anki-3.0.0
compilation unit: 0056-Anki-Android-v2.15alpha7/AnkiDroid/src/main/java/com/ichi2/anki/CardTemplateEditor.java
method: showDiscardChangesDialog()
constraints in Anki-2.0.0
	AndroidXVisibleForTesting condition: "" , add info: -
constraints in Anki-3.0.0

POSTCONDITION_REMOVED
version 1: Anki-2.0.0
version 2: Anki-3.0.0
compilation unit: 0056-Anki-Android-v2.15alpha7/AnkiDroid/src/main/java/com/ichi2/anki/CardTemplateEditor.java
method: createFragment(int)
constraints in Anki-2.0.0
	AndroidXNonNull condition: "" , add info: -
constraints in Anki-3.0.0

POSTCONDITION_REMOVED
version 1: Anki-2.0.0
version 2: Anki-3.0.0
compilation unit: 0056-Anki-Android-v2.15alpha7/AnkiDroid/src/main/java/com/ichi2/anki/CardTemplatePreviewer.java
method: getDummyCard(Model,
constraints in Anki-2.0.0
	AndroidXNullable condition: "" , add info: -
constraints in Anki-3.0.0

POSTCONDITION_REMOVED
version 1: Anki-2.0.0
version 2: Anki-3.0.0
compilation unit: 0056-Anki-Android-v2.15alpha7/AnkiDroid/src/main/java/com/ichi2/anki/cardviewer/CardAppearance.java
method: getCssClasses(int)
constraints in Anki-2.0.0
	AndroidXCheckResult condition: "" , add info: -
constraints in Anki-3.0.0

POSTCONDITION_REMOVED
version 1: Anki-2.0.0
version 2: Anki-3.0.0
compilation unit: 0056-Anki-Android-v2.15alpha7/AnkiDroid/src/main/java/com/ichi2/anki/CollectionHelper.java
method: getCollectionSize(Context)
constraints in Anki-2.0.0
	AndroidXNullable condition: "" , add info: -
constraints in Anki-3.0.0

POSTCONDITION_REMOVED
version 1: Anki-2.0.0
version 2: Anki-3.0.0
compilation unit: 0056-Anki-Android-v2.15alpha7/AnkiDroid/src/main/java/com/ichi2/anki/contextmenu/AnkiCardContextMenu.java
method: getActivityName()
constraints in Anki-2.0.0
	AndroidXNonNull condition: "" , add info: -
constraints in Anki-3.0.0

POSTCONDITION_REMOVED
version 1: Anki-2.0.0
version 2: Anki-3.0.0
compilation unit: 0056-Anki-Android-v2.15alpha7/AnkiDroid/src/main/java/com/ichi2/anki/contextmenu/AnkiCardContextMenu.java
method: getPreferenceKey()
constraints in Anki-2.0.0
	AndroidXNonNull condition: "" , add info: -
constraints in Anki-3.0.0

POSTCONDITION_REMOVED
version 1: Anki-2.0.0
version 2: Anki-3.0.0
compilation unit: 0056-Anki-Android-v2.15alpha7/AnkiDroid/src/main/java/com/ichi2/anki/contextmenu/CardBrowserContextMenu.java
method: getActivityName()
constraints in Anki-2.0.0
	AndroidXNonNull condition: "" , add info: -
constraints in Anki-3.0.0

POSTCONDITION_REMOVED
version 1: Anki-2.0.0
version 2: Anki-3.0.0
compilation unit: 0056-Anki-Android-v2.15alpha7/AnkiDroid/src/main/java/com/ichi2/anki/contextmenu/CardBrowserContextMenu.java
method: getPreferenceKey()
constraints in Anki-2.0.0
	AndroidXNonNull condition: "" , add info: -
constraints in Anki-3.0.0

POSTCONDITION_REMOVED
version 1: Anki-2.0.0
version 2: Anki-3.0.0
compilation unit: 0056-Anki-Android-v2.15alpha7/AnkiDroid/src/main/java/com/ichi2/anki/contextmenu/SystemContextMenu.java
method: getPreferenceKey()
constraints in Anki-2.0.0
	AndroidXNonNull condition: "" , add info: -
constraints in Anki-3.0.0

POSTCONDITION_REMOVED
version 1: Anki-2.0.0
version 2: Anki-3.0.0
compilation unit: 0056-Anki-Android-v2.15alpha7/AnkiDroid/src/main/java/com/ichi2/anki/contextmenu/SystemContextMenu.java
method: getActivityName()
constraints in Anki-2.0.0
	AndroidXNonNull condition: "" , add info: -
	AndroidXNonNull condition: "" , add info: -
constraints in Anki-3.0.0

POSTCONDITION_REMOVED
version 1: Anki-2.0.0
version 2: Anki-3.0.0
compilation unit: 0056-Anki-Android-v2.15alpha7/AnkiDroid/src/main/java/com/ichi2/anki/DeckPicker.java
method: showImportDialog(int,
constraints in Anki-2.0.0
	AndroidTargetApi condition: "Build.VERSION_CODES.KITKAT" , add info: -
constraints in Anki-3.0.0

POSTCONDITION_REMOVED
version 1: Anki-2.0.0
version 2: Anki-3.0.0
compilation unit: 0056-Anki-Android-v2.15alpha7/AnkiDroid/src/main/java/com/ichi2/anki/DeckPicker.java
method: saveExportFile(String)
constraints in Anki-2.0.0
	AndroidTargetApi condition: "19" , add info: -
constraints in Anki-3.0.0

POSTCONDITION_REMOVED
version 1: Anki-2.0.0
version 2: Anki-3.0.0
compilation unit: 0056-Anki-Android-v2.15alpha7/AnkiDroid/src/main/java/com/ichi2/anki/DeckPicker.java
method: rewriteError(int)
constraints in Anki-2.0.0
	AndroidXVisibleForTesting condition: "[]" , add info: -
	AndroidXNullable condition: "" , add info: -
constraints in Anki-3.0.0

POSTCONDITION_REMOVED
version 1: Anki-2.0.0
version 2: Anki-3.0.0
compilation unit: 0056-Anki-Android-v2.15alpha7/AnkiDroid/src/main/java/com/ichi2/anki/DeckPicker.java
method: createIcon(Context)
constraints in Anki-2.0.0
	AndroidXRequiresApi condition: "Build.VERSION_CODES.O" , add info: -
constraints in Anki-3.0.0

POSTCONDITION_REMOVED
version 1: Anki-2.0.0
version 2: Anki-3.0.0
compilation unit: 0056-Anki-Android-v2.15alpha7/AnkiDroid/src/main/java/com/ichi2/anki/dialogs/CardBrowserMySearchesDialog.java
method: onCreateDialog(Bundle)
constraints in Anki-2.0.0
	AndroidXNonNull condition: "" , add info: -
constraints in Anki-3.0.0

POSTCONDITION_REMOVED
version 1: Anki-2.0.0
version 2: Anki-3.0.0
compilation unit: 0056-Anki-Android-v2.15alpha7/AnkiDroid/src/main/java/com/ichi2/anki/dialogs/CardBrowserOrderDialog.java
method: onCreateDialog(Bundle)
constraints in Anki-2.0.0
	AndroidXNonNull condition: "" , add info: -
constraints in Anki-3.0.0

POSTCONDITION_REMOVED
version 1: Anki-2.0.0
version 2: Anki-3.0.0
compilation unit: 0056-Anki-Android-v2.15alpha7/AnkiDroid/src/main/java/com/ichi2/anki/dialogs/ConfirmationDialog.java
method: onCreateDialog(Bundle)
constraints in Anki-2.0.0
	AndroidXNonNull condition: "" , add info: -
constraints in Anki-3.0.0

POSTCONDITION_REMOVED
version 1: Anki-2.0.0
version 2: Anki-3.0.0
compilation unit: 0056-Anki-Android-v2.15alpha7/AnkiDroid/src/main/java/com/ichi2/anki/dialogs/CustomStudyDialog.java
method: onCreateDialog(Bundle)
constraints in Anki-2.0.0
	AndroidXNonNull condition: "" , add info: -
constraints in Anki-3.0.0

POSTCONDITION_REMOVED
version 1: Anki-2.0.0
version 2: Anki-3.0.0
compilation unit: 0056-Anki-Android-v2.15alpha7/AnkiDroid/src/main/java/com/ichi2/anki/dialogs/DatabaseErrorDialog.java
method: onCreateDialog(Bundle)
constraints in Anki-2.0.0
	AndroidXNonNull condition: "" , add info: -
constraints in Anki-3.0.0

POSTCONDITION_REMOVED
version 1: Anki-2.0.0
version 2: Anki-3.0.0
compilation unit: 0056-Anki-Android-v2.15alpha7/AnkiDroid/src/main/java/com/ichi2/anki/dialogs/DeckPickerAnalyticsOptInDialog.java
method: onCreateDialog(Bundle)
constraints in Anki-2.0.0
	AndroidXNonNull condition: "" , add info: -
constraints in Anki-3.0.0

POSTCONDITION_REMOVED
version 1: Anki-2.0.0
version 2: Anki-3.0.0
compilation unit: 0056-Anki-Android-v2.15alpha7/AnkiDroid/src/main/java/com/ichi2/anki/dialogs/DeckPickerBackupNoSpaceLeftDialog.java
method: onCreateDialog(Bundle)
constraints in Anki-2.0.0
	AndroidXNonNull condition: "" , add info: -
constraints in Anki-3.0.0

POSTCONDITION_REMOVED
version 1: Anki-2.0.0
version 2: Anki-3.0.0
compilation unit: 0056-Anki-Android-v2.15alpha7/AnkiDroid/src/main/java/com/ichi2/anki/dialogs/DeckPickerConfirmDeleteDeckDialog.java
method: onCreateDialog(Bundle)
constraints in Anki-2.0.0
	AndroidXNonNull condition: "" , add info: -
constraints in Anki-3.0.0

POSTCONDITION_REMOVED
version 1: Anki-2.0.0
version 2: Anki-3.0.0
compilation unit: 0056-Anki-Android-v2.15alpha7/AnkiDroid/src/main/java/com/ichi2/anki/dialogs/DeckPickerContextMenu.java
method: onCreateDialog(Bundle)
constraints in Anki-2.0.0
	AndroidXNonNull condition: "" , add info: -
constraints in Anki-3.0.0

POSTCONDITION_REMOVED
version 1: Anki-2.0.0
version 2: Anki-3.0.0
compilation unit: 0056-Anki-Android-v2.15alpha7/AnkiDroid/src/main/java/com/ichi2/anki/dialogs/DeckPickerExportCompleteDialog.java
method: onCreateDialog(Bundle)
constraints in Anki-2.0.0
	AndroidXNonNull condition: "" , add info: -
constraints in Anki-3.0.0

POSTCONDITION_REMOVED
version 1: Anki-2.0.0
version 2: Anki-3.0.0
compilation unit: 0056-Anki-Android-v2.15alpha7/AnkiDroid/src/main/java/com/ichi2/anki/dialogs/DeckPickerNoSpaceLeftDialog.java
method: onCreateDialog(Bundle)
constraints in Anki-2.0.0
	AndroidXNonNull condition: "" , add info: -
constraints in Anki-3.0.0

POSTCONDITION_REMOVED
version 1: Anki-2.0.0
version 2: Anki-3.0.0
compilation unit: 0056-Anki-Android-v2.15alpha7/AnkiDroid/src/main/java/com/ichi2/anki/dialogs/DeckSelectionDialog.java
method: getFilter()
constraints in Anki-2.0.0
	AndroidXNonNull condition: "" , add info: -
constraints in Anki-3.0.0

POSTCONDITION_REMOVED
version 1: Anki-2.0.0
version 2: Anki-3.0.0
compilation unit: 0056-Anki-Android-v2.15alpha7/AnkiDroid/src/main/java/com/ichi2/anki/dialogs/DeckSelectionDialog.java
method: getName()
constraints in Anki-2.0.0
	AndroidXNonNull condition: "" , add info: -
constraints in Anki-3.0.0

POSTCONDITION_REMOVED
version 1: Anki-2.0.0
version 2: Anki-3.0.0
compilation unit: 0056-Anki-Android-v2.15alpha7/AnkiDroid/src/main/java/com/ichi2/anki/dialogs/DialogHandler.java
method: discardMessage()
constraints in Anki-2.0.0
	AndroidXVisibleForTesting condition: "[otherwise = VisibleForTesting.NONE]" , add info: -
constraints in Anki-3.0.0

POSTCONDITION_REMOVED
version 1: Anki-2.0.0
version 2: Anki-3.0.0
compilation unit: 0056-Anki-Android-v2.15alpha7/AnkiDroid/src/main/java/com/ichi2/anki/dialogs/ExportDialog.java
method: onCreateDialog(Bundle)
constraints in Anki-2.0.0
	AndroidXNonNull condition: "" , add info: -
constraints in Anki-3.0.0

POSTCONDITION_REMOVED
version 1: Anki-2.0.0
version 2: Anki-3.0.0
compilation unit: 0056-Anki-Android-v2.15alpha7/AnkiDroid/src/main/java/com/ichi2/anki/dialogs/ImportDialog.java
method: onCreateDialog(Bundle)
constraints in Anki-2.0.0
	AndroidXNonNull condition: "" , add info: -
constraints in Anki-3.0.0

POSTCONDITION_REMOVED
version 1: Anki-2.0.0
version 2: Anki-3.0.0
compilation unit: 0056-Anki-Android-v2.15alpha7/AnkiDroid/src/main/java/com/ichi2/anki/dialogs/IntegerDialog.java
method: onCreateDialog(Bundle)
constraints in Anki-2.0.0
	AndroidXNonNull condition: "" , add info: -
constraints in Anki-3.0.0

POSTCONDITION_REMOVED
version 1: Anki-2.0.0
version 2: Anki-3.0.0
compilation unit: 0056-Anki-Android-v2.15alpha7/AnkiDroid/src/main/java/com/ichi2/anki/dialogs/LocaleSelectionDialog.java
method: getLocaleAtPosition(int)
constraints in Anki-2.0.0
	AndroidXNonNull condition: "" , add info: -
constraints in Anki-3.0.0

POSTCONDITION_REMOVED
version 1: Anki-2.0.0
version 2: Anki-3.0.0
compilation unit: 0056-Anki-Android-v2.15alpha7/AnkiDroid/src/main/java/com/ichi2/anki/dialogs/LocaleSelectionDialog.java
method: getFilter()
constraints in Anki-2.0.0
	AndroidXNonNull condition: "" , add info: -
constraints in Anki-3.0.0

POSTCONDITION_REMOVED
version 1: Anki-2.0.0
version 2: Anki-3.0.0
compilation unit: 0056-Anki-Android-v2.15alpha7/AnkiDroid/src/main/java/com/ichi2/anki/dialogs/MediaCheckDialog.java
method: onCreateDialog(Bundle)
constraints in Anki-2.0.0
	AndroidXNonNull condition: "" , add info: -
constraints in Anki-3.0.0

POSTCONDITION_REMOVED
version 1: Anki-2.0.0
version 2: Anki-3.0.0
compilation unit: 0056-Anki-Android-v2.15alpha7/AnkiDroid/src/main/java/com/ichi2/anki/dialogs/ModelBrowserContextMenu.java
method: onCreateDialog(Bundle)
constraints in Anki-2.0.0
	AndroidXNonNull condition: "" , add info: -
constraints in Anki-3.0.0

POSTCONDITION_REMOVED
version 1: Anki-2.0.0
version 2: Anki-3.0.0
compilation unit: 0056-Anki-Android-v2.15alpha7/AnkiDroid/src/main/java/com/ichi2/anki/dialogs/ModelEditorContextMenu.java
method: onCreateDialog(Bundle)
constraints in Anki-2.0.0
	AndroidXNonNull condition: "" , add info: -
constraints in Anki-3.0.0

POSTCONDITION_REMOVED
version 1: Anki-2.0.0
version 2: Anki-3.0.0
compilation unit: 0056-Anki-Android-v2.15alpha7/AnkiDroid/src/main/java/com/ichi2/anki/dialogs/RecursivePictureMenu.java
method: getTitle()
constraints in Anki-2.0.0
	AndroidXStringRes condition: "" , add info: -
constraints in Anki-3.0.0

POSTCONDITION_REMOVED
version 1: Anki-2.0.0
version 2: Anki-3.0.0
compilation unit: 0056-Anki-Android-v2.15alpha7/AnkiDroid/src/main/java/com/ichi2/anki/dialogs/RescheduleDialog.java
method: rescheduleSingleCard(Resources,
constraints in Anki-2.0.0
	AndroidXNonNull condition: "" , add info: -
	AndroidXCheckResult condition: "" , add info: -
constraints in Anki-3.0.0

POSTCONDITION_REMOVED
version 1: Anki-2.0.0
version 2: Anki-3.0.0
compilation unit: 0056-Anki-Android-v2.15alpha7/AnkiDroid/src/main/java/com/ichi2/anki/dialogs/RescheduleDialog.java
method: rescheduleMultipleCards(Resources,
constraints in Anki-2.0.0
	AndroidXNonNull condition: "" , add info: -
	AndroidXCheckResult condition: "" , add info: -
constraints in Anki-3.0.0

POSTCONDITION_REMOVED
version 1: Anki-2.0.0
version 2: Anki-3.0.0
compilation unit: 0056-Anki-Android-v2.15alpha7/AnkiDroid/src/main/java/com/ichi2/anki/dialogs/SimpleMessageDialog.java
method: onCreateDialog(Bundle)
constraints in Anki-2.0.0
	AndroidXNonNull condition: "" , add info: -
constraints in Anki-3.0.0

POSTCONDITION_REMOVED
version 1: Anki-2.0.0
version 2: Anki-3.0.0
compilation unit: 0056-Anki-Android-v2.15alpha7/AnkiDroid/src/main/java/com/ichi2/anki/dialogs/SyncErrorDialog.java
method: onCreateDialog(Bundle)
constraints in Anki-2.0.0
	AndroidXNonNull condition: "" , add info: -
constraints in Anki-3.0.0

POSTCONDITION_REMOVED
version 1: Anki-2.0.0
version 2: Anki-3.0.0
compilation unit: 0056-Anki-Android-v2.15alpha7/AnkiDroid/src/main/java/com/ichi2/anki/dialogs/SyncErrorDialog.java
method: getMessage()
constraints in Anki-2.0.0
	AndroidXNullable condition: "" , add info: -
constraints in Anki-3.0.0

POSTCONDITION_REMOVED
version 1: Anki-2.0.0
version 2: Anki-3.0.0
compilation unit: 0056-Anki-Android-v2.15alpha7/AnkiDroid/src/main/java/com/ichi2/anki/dialogs/TagsDialog.java
method: onCreateDialog(Bundle)
constraints in Anki-2.0.0
	AndroidXNonNull condition: "" , add info: -
constraints in Anki-3.0.0

POSTCONDITION_REMOVED
version 1: Anki-2.0.0
version 2: Anki-3.0.0
compilation unit: 0056-Anki-Android-v2.15alpha7/AnkiDroid/src/main/java/com/ichi2/anki/FieldEditLine.java
method: onSaveInstanceState()
constraints in Anki-2.0.0
	AndroidXNullable condition: "" , add info: -
constraints in Anki-3.0.0

POSTCONDITION_REMOVED
version 1: Anki-2.0.0
version 2: Anki-3.0.0
compilation unit: 0056-Anki-Android-v2.15alpha7/AnkiDroid/src/main/java/com/ichi2/anki/FieldEditText.java
method: onSaveInstanceState()
constraints in Anki-2.0.0
	AndroidXNullable condition: "" , add info: -
constraints in Anki-3.0.0

POSTCONDITION_REMOVED
version 1: Anki-2.0.0
version 2: Anki-3.0.0
compilation unit: 0056-Anki-Android-v2.15alpha7/AnkiDroid/src/main/java/com/ichi2/anki/ModelBrowser.java
method: toString()
constraints in Anki-2.0.0
	AndroidXNonNull condition: "" , add info: -
constraints in Anki-3.0.0

POSTCONDITION_REMOVED
version 1: Anki-2.0.0
version 2: Anki-3.0.0
compilation unit: 0056-Anki-Android-v2.15alpha7/AnkiDroid/src/main/java/com/ichi2/anki/ModelFieldEditor.java
method: onLocaleSelectionCancelled()
constraints in Anki-2.0.0
	AndroidXRequiresApi condition: "[api = Build.VERSION_CODES.N]" , add info: -
constraints in Anki-3.0.0

POSTCONDITION_REMOVED
version 1: Anki-2.0.0
version 2: Anki-3.0.0
compilation unit: 0056-Anki-Android-v2.15alpha7/AnkiDroid/src/main/java/com/ichi2/anki/multimediacard/activity/MultimediaEditFieldActivity.java
method: getFieldFromIntent(Intent)
constraints in Anki-2.0.0
	AndroidXVisibleForTesting condition: "" , add info: -
constraints in Anki-3.0.0

POSTCONDITION_REMOVED
version 1: Anki-2.0.0
version 2: Anki-3.0.0
compilation unit: 0056-Anki-Android-v2.15alpha7/AnkiDroid/src/main/java/com/ichi2/anki/multimediacard/activity/PickStringDialogFragment.java
method: onCreateDialog(Bundle)
constraints in Anki-2.0.0
	AndroidXNonNull condition: "" , add info: -
constraints in Anki-3.0.0

POSTCONDITION_REMOVED
version 1: Anki-2.0.0
version 2: Anki-3.0.0
compilation unit: 0056-Anki-Android-v2.15alpha7/AnkiDroid/src/main/java/com/ichi2/anki/multimediacard/fields/FieldControllerBase.java
method: saveInstanceState()
constraints in Anki-2.0.0
	AndroidXNullable condition: "" , add info: -
constraints in Anki-3.0.0

POSTCONDITION_REMOVED
version 1: Anki-2.0.0
version 2: Anki-3.0.0
compilation unit: 0056-Anki-Android-v2.15alpha7/AnkiDroid/src/main/java/com/ichi2/anki/noteeditor/CustomToolbarButton.java
method: fromString(String)
constraints in Anki-2.0.0
	AndroidXNullable condition: "" , add info: -
constraints in Anki-3.0.0

POSTCONDITION_REMOVED
version 1: Anki-2.0.0
version 2: Anki-3.0.0
compilation unit: 0056-Anki-Android-v2.15alpha7/AnkiDroid/src/main/java/com/ichi2/anki/noteeditor/CustomToolbarButton.java
method: fromStringSet(Set<String>)
constraints in Anki-2.0.0
	AndroidXNonNull condition: "" , add info: -
constraints in Anki-3.0.0

POSTCONDITION_REMOVED
version 1: Anki-2.0.0
version 2: Anki-3.0.0
compilation unit: 0056-Anki-Android-v2.15alpha7/AnkiDroid/src/main/java/com/ichi2/anki/noteeditor/FieldState.java
method: loadFieldEditLines(FieldChangeType)
constraints in Anki-2.0.0
	AndroidXNonNull condition: "" , add info: -
constraints in Anki-3.0.0

POSTCONDITION_REMOVED
version 1: Anki-2.0.0
version 2: Anki-3.0.0
compilation unit: 0056-Anki-Android-v2.15alpha7/AnkiDroid/src/main/java/com/ichi2/anki/noteeditor/FieldState.java
method: createFields(FieldChangeType)
constraints in Anki-2.0.0
	AndroidXNonNull condition: "" , add info: -
constraints in Anki-3.0.0

POSTCONDITION_REMOVED
version 1: Anki-2.0.0
version 2: Anki-3.0.0
compilation unit: 0056-Anki-Android-v2.15alpha7/AnkiDroid/src/main/java/com/ichi2/anki/noteeditor/Toolbar.java
method: createDrawableForString(String)
constraints in Anki-2.0.0
	AndroidXNonNull condition: "" , add info: -
constraints in Anki-3.0.0

POSTCONDITION_REMOVED
version 1: Anki-2.0.0
version 2: Anki-3.0.0
compilation unit: 0056-Anki-Android-v2.15alpha7/AnkiDroid/src/main/java/com/ichi2/anki/NoteEditor.java
method: onActionItemClicked(ActionMode,
constraints in Anki-2.0.0
	AndroidSuppressLint condition: ""SetTextI18n"" , add info: -
constraints in Anki-3.0.0

POSTCONDITION_REMOVED
version 1: Anki-2.0.0
version 2: Anki-3.0.0
compilation unit: 0056-Anki-Android-v2.15alpha7/AnkiDroid/src/main/java/com/ichi2/anki/NoteEditor.java
method: getAddNoteErrorResource()
constraints in Anki-2.0.0
	AndroidXStringRes condition: "" , add info: -
constraints in Anki-3.0.0

POSTCONDITION_REMOVED
version 1: Anki-2.0.0
version 2: Anki-3.0.0
compilation unit: 0056-Anki-Android-v2.15alpha7/AnkiDroid/src/main/java/com/ichi2/anki/NoteEditor.java
method: getCurrentFieldStrings()
constraints in Anki-2.0.0
	AndroidXCheckResult condition: "" , add info: -
constraints in Anki-3.0.0

POSTCONDITION_REMOVED
version 1: Anki-2.0.0
version 2: Anki-3.0.0
compilation unit: 0056-Anki-Android-v2.15alpha7/AnkiDroid/src/main/java/com/ichi2/anki/NoteEditor.java
method: onLocaleSelectionCancelled()
constraints in Anki-2.0.0
	AndroidXRequiresApi condition: "Build.VERSION_CODES.N" , add info: -
constraints in Anki-3.0.0

POSTCONDITION_REMOVED
version 1: Anki-2.0.0
version 2: Anki-3.0.0
compilation unit: 0056-Anki-Android-v2.15alpha7/AnkiDroid/src/main/java/com/ichi2/anki/Preferences.java
method: getLoadedPreferenceKeys()
constraints in Anki-2.0.0
	AndroidXNonNull condition: "" , add info: -
	AndroidXVisibleForTesting condition: "[otherwise = VisibleForTesting.NONE]" , add info: -
constraints in Anki-3.0.0

POSTCONDITION_REMOVED
version 1: Anki-2.0.0
version 2: Anki-3.0.0
compilation unit: 0056-Anki-Android-v2.15alpha7/AnkiDroid/src/main/java/com/ichi2/anki/ReadText.java
method: getTextToSpeak()
constraints in Anki-2.0.0
	AndroidXVisibleForTesting condition: "[otherwise = VisibleForTesting.NONE]" , add info: -
	AndroidXNullable condition: "" , add info: -
constraints in Anki-3.0.0

POSTCONDITION_REMOVED
version 1: Anki-2.0.0
version 2: Anki-3.0.0
compilation unit: 0056-Anki-Android-v2.15alpha7/AnkiDroid/src/main/java/com/ichi2/anki/reviewer/ActionButtonStatus.java
method: getByMenuResourceId(int)
constraints in Anki-2.0.0
	AndroidXNullable condition: "" , add info: -
constraints in Anki-3.0.0

POSTCONDITION_REMOVED
version 1: Anki-2.0.0
version 2: Anki-3.0.0
compilation unit: 0056-Anki-Android-v2.15alpha7/AnkiDroid/src/main/java/com/ichi2/anki/Reviewer.java
method: getSubMenu()
constraints in Anki-2.0.0
	AndroidXMenuRes condition: "" , add info: -
constraints in Anki-3.0.0

POSTCONDITION_REMOVED
version 1: Anki-2.0.0
version 2: Anki-3.0.0
compilation unit: 0056-Anki-Android-v2.15alpha7/AnkiDroid/src/main/java/com/ichi2/anki/Statistics.java
method: getItem(int)
constraints in Anki-2.0.0
	AndroidXNonNull condition: "" , add info: -
constraints in Anki-3.0.0

POSTCONDITION_REMOVED
version 1: Anki-2.0.0
version 2: Anki-3.0.0
compilation unit: 0056-Anki-Android-v2.15alpha7/AnkiDroid/src/main/java/com/ichi2/anki/StudyOptionsFragment.java
method: formatDescription(String)
constraints in Anki-2.0.0
	AndroidXVisibleForTesting condition: "[]" , add info: -
constraints in Anki-3.0.0

POSTCONDITION_REMOVED
version 1: Anki-2.0.0
version 2: Anki-3.0.0
compilation unit: 0056-Anki-Android-v2.15alpha7/AnkiDroid/src/main/java/com/ichi2/anki/TemporaryModel.java
method: fromBundle(Bundle)
constraints in Anki-2.0.0
	AndroidXNullable condition: "" , add info: -
constraints in Anki-3.0.0

POSTCONDITION_REMOVED
version 1: Anki-2.0.0
version 2: Anki-3.0.0
compilation unit: 0056-Anki-Android-v2.15alpha7/AnkiDroid/src/main/java/com/ichi2/anki/TemporaryModel.java
method: getTemplateChanges()
constraints in Anki-2.0.0
	AndroidXNonNull condition: "" , add info: -
constraints in Anki-3.0.0

POSTCONDITION_REMOVED
version 1: Anki-2.0.0
version 2: Anki-3.0.0
compilation unit: 0056-Anki-Android-v2.15alpha7/AnkiDroid/src/main/java/com/ichi2/anki/TemporaryModel.java
method: getAdjustedTemplateChanges()
constraints in Anki-2.0.0
	AndroidXNonNull condition: "" , add info: -
constraints in Anki-3.0.0

POSTCONDITION_REMOVED
version 1: Anki-2.0.0
version 2: Anki-3.0.0
compilation unit: 0056-Anki-Android-v2.15alpha7/AnkiDroid/src/main/java/com/ichi2/anki/widgets/DeckAdapter.java
method: getEta()
constraints in Anki-2.0.0
	AndroidXNullable condition: "" , add info: -
constraints in Anki-3.0.0

POSTCONDITION_REMOVED
version 1: Anki-2.0.0
version 2: Anki-3.0.0
compilation unit: 0056-Anki-Android-v2.15alpha7/AnkiDroid/src/main/java/com/ichi2/anki/widgets/DeckAdapter.java
method: getDue()
constraints in Anki-2.0.0
	AndroidXNullable condition: "" , add info: -
constraints in Anki-3.0.0

POSTCONDITION_REMOVED
version 1: Anki-2.0.0
version 2: Anki-3.0.0
compilation unit: 0056-Anki-Android-v2.15alpha7/AnkiDroid/src/main/java/com/ichi2/async/CollectionTask.java
method: nonTaskUndo(Collection)
constraints in Anki-2.0.0
	AndroidXVisibleForTesting condition: "" , add info: -
constraints in Anki-3.0.0

POSTCONDITION_REMOVED
version 1: Anki-2.0.0
version 2: Anki-3.0.0
compilation unit: 0056-Anki-Android-v2.15alpha7/AnkiDroid/src/main/java/com/ichi2/async/CollectionTask.java
method: doInBackgroundCheckCardSelection(TaskData)
constraints in Anki-2.0.0
	AndroidXNullable condition: "" , add info: -
constraints in Anki-3.0.0

POSTCONDITION_REMOVED
version 1: Anki-2.0.0
version 2: Anki-3.0.0
compilation unit: 0056-Anki-Android-v2.15alpha7/AnkiDroid/src/main/java/com/ichi2/async/Connection.java
method: onPreExecute()
constraints in Anki-2.0.0
	AndroidSuppressLint condition: ""WakelockTimeout"" , add info: -
constraints in Anki-3.0.0

POSTCONDITION_REMOVED
version 1: Anki-2.0.0
version 2: Anki-3.0.0
compilation unit: 0056-Anki-Android-v2.15alpha7/AnkiDroid/src/main/java/com/ichi2/async/Connection.java
method: toString()
constraints in Anki-2.0.0
	AndroidXNonNull condition: "" , add info: -
constraints in Anki-3.0.0

POSTCONDITION_REMOVED
version 1: Anki-2.0.0
version 2: Anki-3.0.0
compilation unit: 0056-Anki-Android-v2.15alpha7/AnkiDroid/src/main/java/com/ichi2/compat/Compat.java
method: getAvailableBytes(StatFs)
constraints in Anki-2.0.0
	AndroidXCheckResult condition: "" , add info: -
constraints in Anki-3.0.0

POSTCONDITION_REMOVED
version 1: Anki-2.0.0
version 2: Anki-3.0.0
compilation unit: 0056-Anki-Android-v2.15alpha7/AnkiDroid/src/main/java/com/ichi2/compat/CompatV16.java
method: getAvailableBytes(StatFs)
constraints in Anki-2.0.0
	AndroidXCheckResult condition: "" , add info: -
constraints in Anki-3.0.0

POSTCONDITION_REMOVED
version 1: Anki-2.0.0
version 2: Anki-3.0.0
compilation unit: 0056-Anki-Android-v2.15alpha7/AnkiDroid/src/main/java/com/ichi2/compat/CompatV18.java
method: getAvailableBytes(StatFs)
constraints in Anki-2.0.0
	AndroidXCheckResult condition: "" , add info: -
constraints in Anki-3.0.0

POSTCONDITION_REMOVED
version 1: Anki-2.0.0
version 2: Anki-3.0.0
compilation unit: 0056-Anki-Android-v2.15alpha7/AnkiDroid/src/main/java/com/ichi2/compat/CompatV21.java
method: getCameraCount()
constraints in Anki-2.0.0
	AndroidSuppressLint condition: ""NewApi"" , add info: -
constraints in Anki-3.0.0

POSTCONDITION_REMOVED
version 1: Anki-2.0.0
version 2: Anki-3.0.0
compilation unit: 0056-Anki-Android-v2.15alpha7/AnkiDroid/src/main/java/com/ichi2/compat/customtabs/CustomTabActivityHelper.java
method: isFailed()
constraints in Anki-2.0.0
	AndroidXVisibleForTesting condition: "[otherwise = VisibleForTesting.NONE]" , add info: -
	AndroidXCheckResult condition: "" , add info: -
constraints in Anki-3.0.0

POSTCONDITION_REMOVED
version 1: Anki-2.0.0
version 2: Anki-3.0.0
compilation unit: 0056-Anki-Android-v2.15alpha7/AnkiDroid/src/main/java/com/ichi2/compat/customtabs/CustomTabActivityHelper.java
method: resetFailed()
constraints in Anki-2.0.0
	AndroidXVisibleForTesting condition: "[otherwise = VisibleForTesting.NONE]" , add info: -
constraints in Anki-3.0.0

POSTCONDITION_REMOVED
version 1: Anki-2.0.0
version 2: Anki-3.0.0
compilation unit: 0056-Anki-Android-v2.15alpha7/AnkiDroid/src/main/java/com/ichi2/libanki/Card.java
method: setId(long)
constraints in Anki-2.0.0
	AndroidXVisibleForTesting condition: "" , add info: -
constraints in Anki-3.0.0

POSTCONDITION_REMOVED
version 1: Anki-2.0.0
version 2: Anki-3.0.0
compilation unit: 0056-Anki-Android-v2.15alpha7/AnkiDroid/src/main/java/com/ichi2/libanki/Card.java
method: setReps(int)
constraints in Anki-2.0.0
	AndroidXVisibleForTesting condition: "" , add info: -
constraints in Anki-3.0.0

POSTCONDITION_REMOVED
version 1: Anki-2.0.0
version 2: Anki-3.0.0
compilation unit: 0056-Anki-Android-v2.15alpha7/AnkiDroid/src/main/java/com/ichi2/libanki/Card.java
method: toString()
constraints in Anki-2.0.0
	AndroidXNonNull condition: "" , add info: -
constraints in Anki-3.0.0

POSTCONDITION_REMOVED
version 1: Anki-2.0.0
version 2: Anki-3.0.0
compilation unit: 0056-Anki-Android-v2.15alpha7/AnkiDroid/src/main/java/com/ichi2/libanki/Card.java
method: setFlag(int)
constraints in Anki-2.0.0
	AndroidXVisibleForTesting condition: "" , add info: -
constraints in Anki-3.0.0

POSTCONDITION_REMOVED
version 1: Anki-2.0.0
version 2: Anki-3.0.0
compilation unit: 0056-Anki-Android-v2.15alpha7/AnkiDroid/src/main/java/com/ichi2/libanki/Card.java
method: getCard()
constraints in Anki-2.0.0
	AndroidXNonNull condition: "" , add info: -
constraints in Anki-3.0.0

POSTCONDITION_REMOVED
version 1: Anki-2.0.0
version 2: Anki-3.0.0
compilation unit: 0056-Anki-Android-v2.15alpha7/AnkiDroid/src/main/java/com/ichi2/libanki/Card.java
method: getCol()
constraints in Anki-2.0.0
	AndroidXNonNull condition: "" , add info: -
constraints in Anki-3.0.0

POSTCONDITION_REMOVED
version 1: Anki-2.0.0
version 2: Anki-3.0.0
compilation unit: 0056-Anki-Android-v2.15alpha7/AnkiDroid/src/main/java/com/ichi2/libanki/Card.java
method: clone()
constraints in Anki-2.0.0
	AndroidXNonNull condition: "" , add info: -
constraints in Anki-3.0.0

POSTCONDITION_REMOVED
version 1: Anki-2.0.0
version 2: Anki-3.0.0
compilation unit: 0056-Anki-Android-v2.15alpha7/AnkiDroid/src/main/java/com/ichi2/libanki/Collection.java
method: undoType()
constraints in Anki-2.0.0
	AndroidXVisibleForTesting condition: "" , add info: -
	AndroidXNullable condition: "" , add info: -
constraints in Anki-3.0.0

POSTCONDITION_REMOVED
version 1: Anki-2.0.0
version 2: Anki-3.0.0
compilation unit: 0056-Anki-Android-v2.15alpha7/AnkiDroid/src/main/java/com/ichi2/libanki/Collection.java
method: undo()
constraints in Anki-2.0.0
	AndroidXNullable condition: "" , add info: -
constraints in Anki-3.0.0

POSTCONDITION_REMOVED
version 1: Anki-2.0.0
version 2: Anki-3.0.0
compilation unit: 0056-Anki-Android-v2.15alpha7/AnkiDroid/src/main/java/com/ichi2/libanki/Collection.java
method: filterToValidCards(long[])
constraints in Anki-2.0.0
	AndroidXCheckResult condition: "" , add info: -
constraints in Anki-3.0.0

POSTCONDITION_REMOVED
version 1: Anki-2.0.0
version 2: Anki-3.0.0
compilation unit: 0056-Anki-Android-v2.15alpha7/AnkiDroid/src/main/java/com/ichi2/libanki/Collection.java
method: setDb(DB)
constraints in Anki-2.0.0
	AndroidXVisibleForTesting condition: "" , add info: -
constraints in Anki-3.0.0

POSTCONDITION_REMOVED
version 1: Anki-2.0.0
version 2: Anki-3.0.0
compilation unit: 0056-Anki-Android-v2.15alpha7/AnkiDroid/src/main/java/com/ichi2/libanki/Collection.java
method: getTime()
constraints in Anki-2.0.0
	AndroidXNonNull condition: "" , add info: -
constraints in Anki-3.0.0

POSTCONDITION_REMOVED
version 1: Anki-2.0.0
version 2: Anki-3.0.0
compilation unit: 0056-Anki-Android-v2.15alpha7/AnkiDroid/src/main/java/com/ichi2/libanki/Deck.java
method: deepClone()
constraints in Anki-2.0.0
	AndroidXCheckResult condition: "" , add info: -
constraints in Anki-3.0.0

POSTCONDITION_REMOVED
version 1: Anki-2.0.0
version 2: Anki-3.0.0
compilation unit: 0056-Anki-Android-v2.15alpha7/AnkiDroid/src/main/java/com/ichi2/libanki/DeckConfig.java
method: parseTimer(JSONObject)
constraints in Anki-2.0.0
	AndroidXNullable condition: "" , add info: -
constraints in Anki-3.0.0

POSTCONDITION_REMOVED
version 1: Anki-2.0.0
version 2: Anki-3.0.0
compilation unit: 0056-Anki-Android-v2.15alpha7/AnkiDroid/src/main/java/com/ichi2/libanki/Decks.java
method: allSortedNames()
constraints in Anki-2.0.0
	AndroidXVisibleForTesting condition: "" , add info: -
constraints in Anki-3.0.0

POSTCONDITION_REMOVED
version 1: Anki-2.0.0
version 2: Anki-3.0.0
compilation unit: 0056-Anki-Android-v2.15alpha7/AnkiDroid/src/main/java/com/ichi2/libanki/Decks.java
method: get(long)
constraints in Anki-2.0.0
	AndroidXCheckResult condition: "" , add info: -
	AndroidXNonNull condition: "" , add info: -
constraints in Anki-3.0.0

POSTCONDITION_REMOVED
version 1: Anki-2.0.0
version 2: Anki-3.0.0
compilation unit: 0056-Anki-Android-v2.15alpha7/AnkiDroid/src/main/java/com/ichi2/libanki/Decks.java
method: get(long,
constraints in Anki-2.0.0
	AndroidXCheckResult condition: "" , add info: -
constraints in Anki-3.0.0

POSTCONDITION_REMOVED
version 1: Anki-2.0.0
version 2: Anki-3.0.0
compilation unit: 0056-Anki-Android-v2.15alpha7/AnkiDroid/src/main/java/com/ichi2/libanki/Decks.java
method: byName(String)
constraints in Anki-2.0.0
	AndroidXCheckResult condition: "" , add info: -
	AndroidXNullable condition: "" , add info: -
constraints in Anki-3.0.0

POSTCONDITION_REMOVED
version 1: Anki-2.0.0
version 2: Anki-3.0.0
compilation unit: 0056-Anki-Android-v2.15alpha7/AnkiDroid/src/main/java/com/ichi2/libanki/Finder.java
method: findCards(String,
constraints in Anki-2.0.0
	AndroidXCheckResult condition: "" , add info: -
	AndroidXCheckResult condition: "" , add info: -
	AndroidXCheckResult condition: "" , add info: -
constraints in Anki-3.0.0

POSTCONDITION_REMOVED
version 1: Anki-2.0.0
version 2: Anki-3.0.0
compilation unit: 0056-Anki-Android-v2.15alpha7/AnkiDroid/src/main/java/com/ichi2/libanki/importer/NoteImporter.java
method: foreignNotes()
constraints in Anki-2.0.0
	AndroidXNonNull condition: "" , add info: -
constraints in Anki-3.0.0

POSTCONDITION_REMOVED
version 1: Anki-2.0.0
version 2: Anki-3.0.0
compilation unit: 0056-Anki-Android-v2.15alpha7/AnkiDroid/src/main/java/com/ichi2/libanki/importer/python/CsvReader.java
method: iterator()
constraints in Anki-2.0.0
	AndroidXNonNull condition: "" , add info: -
constraints in Anki-3.0.0

POSTCONDITION_REMOVED
version 1: Anki-2.0.0
version 2: Anki-3.0.0
compilation unit: 0056-Anki-Android-v2.15alpha7/AnkiDroid/src/main/java/com/ichi2/libanki/importer/python/CsvReader.java
method: next()
constraints in Anki-2.0.0
	AndroidXNullable condition: "" , add info: -
constraints in Anki-3.0.0

POSTCONDITION_REMOVED
version 1: Anki-2.0.0
version 2: Anki-3.0.0
compilation unit: 0056-Anki-Android-v2.15alpha7/AnkiDroid/src/main/java/com/ichi2/libanki/importer/python/CsvReaderIterator.java
method: next()
constraints in Anki-2.0.0
	AndroidXNullable condition: "" , add info: -
constraints in Anki-3.0.0

POSTCONDITION_REMOVED
version 1: Anki-2.0.0
version 2: Anki-3.0.0
compilation unit: 0056-Anki-Android-v2.15alpha7/AnkiDroid/src/main/java/com/ichi2/libanki/importer/TextImporter.java
method: foreignNotes()
constraints in Anki-2.0.0
	AndroidXNonNull condition: "" , add info: -
constraints in Anki-3.0.0

POSTCONDITION_REMOVED
version 1: Anki-2.0.0
version 2: Anki-3.0.0
compilation unit: 0056-Anki-Android-v2.15alpha7/AnkiDroid/src/main/java/com/ichi2/libanki/importer/TextImporter.java
method: readAsUtf8WithoutBOM()
constraints in Anki-2.0.0
	AndroidXNonNull condition: "" , add info: -
constraints in Anki-3.0.0

POSTCONDITION_REMOVED
version 1: Anki-2.0.0
version 2: Anki-3.0.0
compilation unit: 0056-Anki-Android-v2.15alpha7/AnkiDroid/src/main/java/com/ichi2/libanki/Media.java
method: getCollectionMediaPath(String)
constraints in Anki-2.0.0
	AndroidXNonNull condition: "" , add info: -
constraints in Anki-3.0.0

POSTCONDITION_REMOVED
version 1: Anki-2.0.0
version 2: Anki-3.0.0
compilation unit: 0056-Anki-Android-v2.15alpha7/AnkiDroid/src/main/java/com/ichi2/libanki/Model.java
method: deepClone()
constraints in Anki-2.0.0
	AndroidXCheckResult condition: "" , add info: -
constraints in Anki-3.0.0

POSTCONDITION_REMOVED
version 1: Anki-2.0.0
version 2: Anki-3.0.0
compilation unit: 0056-Anki-Android-v2.15alpha7/AnkiDroid/src/main/java/com/ichi2/libanki/Models.java
method: getCardIdsForModel(long,
constraints in Anki-2.0.0
	AndroidXNullable condition: "" , add info: -
constraints in Anki-3.0.0

POSTCONDITION_REMOVED
version 1: Anki-2.0.0
version 2: Anki-3.0.0
compilation unit: 0056-Anki-Android-v2.15alpha7/AnkiDroid/src/main/java/com/ichi2/libanki/Models.java
method: getNamesOfFieldsContainingCloze(String)
constraints in Anki-2.0.0
	AndroidXVisibleForTesting condition: "" , add info: -
constraints in Anki-3.0.0

POSTCONDITION_REMOVED
version 1: Anki-2.0.0
version 2: Anki-3.0.0
compilation unit: 0056-Anki-Android-v2.15alpha7/AnkiDroid/src/main/java/com/ichi2/libanki/sched/AbstractDeckTreeNode.java
method: toString()
constraints in Anki-2.0.0
	AndroidXNonNull condition: "" , add info: -
constraints in Anki-3.0.0

POSTCONDITION_REMOVED
version 1: Anki-2.0.0
version 2: Anki-3.0.0
compilation unit: 0056-Anki-Android-v2.15alpha7/AnkiDroid/src/main/java/com/ichi2/libanki/sched/AbstractSched.java
method: getCard()
constraints in Anki-2.0.0
	AndroidXNullable condition: "" , add info: -
constraints in Anki-3.0.0

POSTCONDITION_REMOVED
version 1: Anki-2.0.0
version 2: Anki-3.0.0
compilation unit: 0056-Anki-Android-v2.15alpha7/AnkiDroid/src/main/java/com/ichi2/libanki/sched/AbstractSched.java
method: counts()
constraints in Anki-2.0.0
	AndroidXNonNull condition: "" , add info: -
constraints in Anki-3.0.0

POSTCONDITION_REMOVED
version 1: Anki-2.0.0
version 2: Anki-3.0.0
compilation unit: 0056-Anki-Android-v2.15alpha7/AnkiDroid/src/main/java/com/ichi2/libanki/sched/AbstractSched.java
method: deckDueList()
constraints in Anki-2.0.0
	AndroidXNonNull condition: "" , add info: -
constraints in Anki-3.0.0

POSTCONDITION_REMOVED
version 1: Anki-2.0.0
version 2: Anki-3.0.0
compilation unit: 0056-Anki-Android-v2.15alpha7/AnkiDroid/src/main/java/com/ichi2/libanki/sched/AbstractSched.java
method: deckDueTree(CancelListener)
constraints in Anki-2.0.0
	AndroidXNullable condition: "" , add info: -
constraints in Anki-3.0.0

POSTCONDITION_REMOVED
version 1: Anki-2.0.0
version 2: Anki-3.0.0
compilation unit: 0056-Anki-Android-v2.15alpha7/AnkiDroid/src/main/java/com/ichi2/libanki/sched/AbstractSched.java
method: deckDueTree()
constraints in Anki-2.0.0
	AndroidXNonNull condition: "" , add info: -
constraints in Anki-3.0.0

POSTCONDITION_REMOVED
version 1: Anki-2.0.0
version 2: Anki-3.0.0
compilation unit: 0056-Anki-Android-v2.15alpha7/AnkiDroid/src/main/java/com/ichi2/libanki/sched/AbstractSched.java
method: quickDeckDueTree()
constraints in Anki-2.0.0
	AndroidXNonNull condition: "" , add info: -
constraints in Anki-3.0.0

POSTCONDITION_REMOVED
version 1: Anki-2.0.0
version 2: Anki-3.0.0
compilation unit: 0056-Anki-Android-v2.15alpha7/AnkiDroid/src/main/java/com/ichi2/libanki/sched/AbstractSched.java
method: Integer>
constraints in Anki-2.0.0
	AndroidXNonNull condition: "" , add info: -
constraints in Anki-3.0.0

POSTCONDITION_REMOVED
version 1: Anki-2.0.0
version 2: Anki-3.0.0
compilation unit: 0056-Anki-Android-v2.15alpha7/AnkiDroid/src/main/java/com/ichi2/libanki/sched/AbstractSched.java
method: getName()
constraints in Anki-2.0.0
	AndroidXNonNull condition: "" , add info: -
constraints in Anki-3.0.0

POSTCONDITION_REMOVED
version 1: Anki-2.0.0
version 2: Anki-3.0.0
compilation unit: 0056-Anki-Android-v2.15alpha7/AnkiDroid/src/main/java/com/ichi2/libanki/sched/AbstractSched.java
method: recalculateCounts()
constraints in Anki-2.0.0
	AndroidXNonNull condition: "" , add info: -
constraints in Anki-3.0.0

POSTCONDITION_REMOVED
version 1: Anki-2.0.0
version 2: Anki-3.0.0
compilation unit: 0056-Anki-Android-v2.15alpha7/AnkiDroid/src/main/java/com/ichi2/libanki/sched/AbstractSched.java
method: getGoodNewButton()
constraints in Anki-2.0.0
	AndroidXVisibleForTesting condition: "" , add info: -
constraints in Anki-3.0.0

POSTCONDITION_REMOVED
version 1: Anki-2.0.0
version 2: Anki-3.0.0
compilation unit: 0056-Anki-Android-v2.15alpha7/AnkiDroid/src/main/java/com/ichi2/libanki/sched/DeckDueTreeNode.java
method: toString()
constraints in Anki-2.0.0
	AndroidXNonNull condition: "" , add info: -
constraints in Anki-3.0.0

POSTCONDITION_REMOVED
version 1: Anki-2.0.0
version 2: Anki-3.0.0
compilation unit: 0056-Anki-Android-v2.15alpha7/AnkiDroid/src/main/java/com/ichi2/libanki/sched/Sched.java
method: _getCard()
constraints in Anki-2.0.0
	AndroidXNullable condition: "" , add info: -
	AndroidXNullable condition: "" , add info: -
constraints in Anki-3.0.0

POSTCONDITION_REMOVED
version 1: Anki-2.0.0
version 2: Anki-3.0.0
compilation unit: 0056-Anki-Android-v2.15alpha7/AnkiDroid/src/main/java/com/ichi2/libanki/sched/Sched.java
method: extends
constraints in Anki-2.0.0
	AndroidXNonNull condition: "" , add info: -
constraints in Anki-3.0.0

POSTCONDITION_REMOVED
version 1: Anki-2.0.0
version 2: Anki-3.0.0
compilation unit: 0056-Anki-Android-v2.15alpha7/AnkiDroid/src/main/java/com/ichi2/libanki/sched/Sched.java
method: _getLrnCard(boolean)
constraints in Anki-2.0.0
	AndroidXNullable condition: "" , add info: -
constraints in Anki-3.0.0

POSTCONDITION_REMOVED
version 1: Anki-2.0.0
version 2: Anki-3.0.0
compilation unit: 0056-Anki-Android-v2.15alpha7/AnkiDroid/src/main/java/com/ichi2/libanki/sched/Sched.java
method: removeLrn()
constraints in Anki-2.0.0
	AndroidXVisibleForTesting condition: "" , add info: -
constraints in Anki-3.0.0

POSTCONDITION_REMOVED
version 1: Anki-2.0.0
version 2: Anki-3.0.0
compilation unit: 0056-Anki-Android-v2.15alpha7/AnkiDroid/src/main/java/com/ichi2/libanki/sched/Sched.java
method: queueIsBuriedSnippet()
constraints in Anki-2.0.0
	AndroidXNonNull condition: "" , add info: -
constraints in Anki-3.0.0

POSTCONDITION_REMOVED
version 1: Anki-2.0.0
version 2: Anki-3.0.0
compilation unit: 0056-Anki-Android-v2.15alpha7/AnkiDroid/src/main/java/com/ichi2/libanki/sched/Sched.java
method: _restoreQueueSnippet()
constraints in Anki-2.0.0
	AndroidXNonNull condition: "" , add info: -
constraints in Anki-3.0.0

POSTCONDITION_REMOVED
version 1: Anki-2.0.0
version 2: Anki-3.0.0
compilation unit: 0056-Anki-Android-v2.15alpha7/AnkiDroid/src/main/java/com/ichi2/libanki/sched/Sched.java
method: getName()
constraints in Anki-2.0.0
	AndroidXNonNull condition: "" , add info: -
constraints in Anki-3.0.0

POSTCONDITION_REMOVED
version 1: Anki-2.0.0
version 2: Anki-3.0.0
compilation unit: 0056-Anki-Android-v2.15alpha7/AnkiDroid/src/main/java/com/ichi2/libanki/sched/Sched.java
method: getGoodNewButton()
constraints in Anki-2.0.0
	AndroidXVisibleForTesting condition: "" , add info: -
constraints in Anki-3.0.0

POSTCONDITION_REMOVED
version 1: Anki-2.0.0
version 2: Anki-3.0.0
compilation unit: 0056-Anki-Android-v2.15alpha7/AnkiDroid/src/main/java/com/ichi2/libanki/sched/SchedV2.java
method: getCard()
constraints in Anki-2.0.0
	AndroidXNullable condition: "" , add info: -
	AndroidXNullable condition: "" , add info: -
constraints in Anki-3.0.0

POSTCONDITION_REMOVED
version 1: Anki-2.0.0
version 2: Anki-3.0.0
compilation unit: 0056-Anki-Android-v2.15alpha7/AnkiDroid/src/main/java/com/ichi2/libanki/sched/SchedV2.java
method: counts()
constraints in Anki-2.0.0
	AndroidXNonNull condition: "" , add info: -
constraints in Anki-3.0.0

POSTCONDITION_REMOVED
version 1: Anki-2.0.0
version 2: Anki-3.0.0
compilation unit: 0056-Anki-Android-v2.15alpha7/AnkiDroid/src/main/java/com/ichi2/libanki/sched/SchedV2.java
method: deckDueList()
constraints in Anki-2.0.0
	AndroidXNonNull condition: "" , add info: -
constraints in Anki-3.0.0

POSTCONDITION_REMOVED
version 1: Anki-2.0.0
version 2: Anki-3.0.0
compilation unit: 0056-Anki-Android-v2.15alpha7/AnkiDroid/src/main/java/com/ichi2/libanki/sched/SchedV2.java
method: quickDeckDueTree()
constraints in Anki-2.0.0
	AndroidXNonNull condition: "" , add info: -
constraints in Anki-3.0.0

POSTCONDITION_REMOVED
version 1: Anki-2.0.0
version 2: Anki-3.0.0
compilation unit: 0056-Anki-Android-v2.15alpha7/AnkiDroid/src/main/java/com/ichi2/libanki/sched/SchedV2.java
method: deckDueTree()
constraints in Anki-2.0.0
	AndroidXNonNull condition: "" , add info: -
constraints in Anki-3.0.0

POSTCONDITION_REMOVED
version 1: Anki-2.0.0
version 2: Anki-3.0.0
compilation unit: 0056-Anki-Android-v2.15alpha7/AnkiDroid/src/main/java/com/ichi2/libanki/sched/SchedV2.java
method: _getCard()
constraints in Anki-2.0.0
	AndroidXNullable condition: "" , add info: -
	AndroidXNullable condition: "" , add info: -
constraints in Anki-3.0.0

POSTCONDITION_REMOVED
version 1: Anki-2.0.0
version 2: Anki-3.0.0
compilation unit: 0056-Anki-Android-v2.15alpha7/AnkiDroid/src/main/java/com/ichi2/libanki/sched/SchedV2.java
method: extends
constraints in Anki-2.0.0
	AndroidXNonNull condition: "" , add info: -
constraints in Anki-3.0.0

POSTCONDITION_REMOVED
version 1: Anki-2.0.0
version 2: Anki-3.0.0
compilation unit: 0056-Anki-Android-v2.15alpha7/AnkiDroid/src/main/java/com/ichi2/libanki/sched/SchedV2.java
method: _getNewCard()
constraints in Anki-2.0.0
	AndroidXNullable condition: "" , add info: -
constraints in Anki-3.0.0

POSTCONDITION_REMOVED
version 1: Anki-2.0.0
version 2: Anki-3.0.0
compilation unit: 0056-Anki-Android-v2.15alpha7/AnkiDroid/src/main/java/com/ichi2/libanki/sched/SchedV2.java
method: _getLrnCard()
constraints in Anki-2.0.0
	AndroidXNullable condition: "" , add info: -
constraints in Anki-3.0.0

POSTCONDITION_REMOVED
version 1: Anki-2.0.0
version 2: Anki-3.0.0
compilation unit: 0056-Anki-Android-v2.15alpha7/AnkiDroid/src/main/java/com/ichi2/libanki/sched/SchedV2.java
method: _getLrnCard(boolean)
constraints in Anki-2.0.0
	AndroidXNullable condition: "" , add info: -
constraints in Anki-3.0.0

POSTCONDITION_REMOVED
version 1: Anki-2.0.0
version 2: Anki-3.0.0
compilation unit: 0056-Anki-Android-v2.15alpha7/AnkiDroid/src/main/java/com/ichi2/libanki/sched/SchedV2.java
method: _getLrnDayCard()
constraints in Anki-2.0.0
	AndroidXNullable condition: "" , add info: -
constraints in Anki-3.0.0

POSTCONDITION_REMOVED
version 1: Anki-2.0.0
version 2: Anki-3.0.0
compilation unit: 0056-Anki-Android-v2.15alpha7/AnkiDroid/src/main/java/com/ichi2/libanki/sched/SchedV2.java
method: _getRevCard()
constraints in Anki-2.0.0
	AndroidXNullable condition: "" , add info: -
constraints in Anki-3.0.0

POSTCONDITION_REMOVED
version 1: Anki-2.0.0
version 2: Anki-3.0.0
compilation unit: 0056-Anki-Android-v2.15alpha7/AnkiDroid/src/main/java/com/ichi2/libanki/sched/SchedV2.java
method: Integer>
constraints in Anki-2.0.0
	AndroidXNonNull condition: "" , add info: -
constraints in Anki-3.0.0

POSTCONDITION_REMOVED
version 1: Anki-2.0.0
version 2: Anki-3.0.0
compilation unit: 0056-Anki-Android-v2.15alpha7/AnkiDroid/src/main/java/com/ichi2/libanki/sched/SchedV2.java
method: _dynOrder(int,
constraints in Anki-2.0.0
	AndroidXNonNull condition: "" , add info: -
constraints in Anki-3.0.0

POSTCONDITION_REMOVED
version 1: Anki-2.0.0
version 2: Anki-3.0.0
compilation unit: 0056-Anki-Android-v2.15alpha7/AnkiDroid/src/main/java/com/ichi2/libanki/sched/SchedV2.java
method: _deckLimit()
constraints in Anki-2.0.0
	AndroidXNonNull condition: "" , add info: -
constraints in Anki-3.0.0

POSTCONDITION_REMOVED
version 1: Anki-2.0.0
version 2: Anki-3.0.0
compilation unit: 0056-Anki-Android-v2.15alpha7/AnkiDroid/src/main/java/com/ichi2/libanki/sched/SchedV2.java
method: _restoreQueueSnippet()
constraints in Anki-2.0.0
	AndroidXNonNull condition: "" , add info: -
constraints in Anki-3.0.0

POSTCONDITION_REMOVED
version 1: Anki-2.0.0
version 2: Anki-3.0.0
compilation unit: 0056-Anki-Android-v2.15alpha7/AnkiDroid/src/main/java/com/ichi2/libanki/sched/SchedV2.java
method: _restoreQueueWhenEmptyingSnippet()
constraints in Anki-2.0.0
	AndroidXNonNull condition: "" , add info: -
constraints in Anki-3.0.0

POSTCONDITION_REMOVED
version 1: Anki-2.0.0
version 2: Anki-3.0.0
compilation unit: 0056-Anki-Android-v2.15alpha7/AnkiDroid/src/main/java/com/ichi2/libanki/sched/SchedV2.java
method: queueIsBuriedSnippet()
constraints in Anki-2.0.0
	AndroidXNonNull condition: "" , add info: -
constraints in Anki-3.0.0

POSTCONDITION_REMOVED
version 1: Anki-2.0.0
version 2: Anki-3.0.0
compilation unit: 0056-Anki-Android-v2.15alpha7/AnkiDroid/src/main/java/com/ichi2/libanki/sched/SchedV2.java
method: getName()
constraints in Anki-2.0.0
	AndroidXNonNull condition: "" , add info: -
constraints in Anki-3.0.0

POSTCONDITION_REMOVED
version 1: Anki-2.0.0
version 2: Anki-3.0.0
compilation unit: 0056-Anki-Android-v2.15alpha7/AnkiDroid/src/main/java/com/ichi2/libanki/sched/SchedV2.java
method: recalculateCounts()
constraints in Anki-2.0.0
	AndroidXNonNull condition: "" , add info: -
constraints in Anki-3.0.0

POSTCONDITION_REMOVED
version 1: Anki-2.0.0
version 2: Anki-3.0.0
compilation unit: 0056-Anki-Android-v2.15alpha7/AnkiDroid/src/main/java/com/ichi2/libanki/sched/SchedV2.java
method: getTime()
constraints in Anki-2.0.0
	AndroidXNonNull condition: "" , add info: -
constraints in Anki-3.0.0

POSTCONDITION_REMOVED
version 1: Anki-2.0.0
version 2: Anki-3.0.0
compilation unit: 0056-Anki-Android-v2.15alpha7/AnkiDroid/src/main/java/com/ichi2/libanki/sched/SchedV2.java
method: getCol()
constraints in Anki-2.0.0
	AndroidXNonNull condition: "" , add info: -
constraints in Anki-3.0.0

POSTCONDITION_REMOVED
version 1: Anki-2.0.0
version 2: Anki-3.0.0
compilation unit: 0056-Anki-Android-v2.15alpha7/AnkiDroid/src/main/java/com/ichi2/libanki/sched/SchedV2.java
method: getGoodNewButton()
constraints in Anki-2.0.0
	AndroidXVisibleForTesting condition: "" , add info: -
constraints in Anki-3.0.0

POSTCONDITION_REMOVED
version 1: Anki-2.0.0
version 2: Anki-3.0.0
compilation unit: 0056-Anki-Android-v2.15alpha7/AnkiDroid/src/main/java/com/ichi2/libanki/stats/AdvancedStatistics.java
method: toString()
constraints in Anki-2.0.0
	AndroidXNonNull condition: "" , add info: -
	AndroidXNonNull condition: "" , add info: -
constraints in Anki-3.0.0

POSTCONDITION_REMOVED
version 1: Anki-2.0.0
version 2: Anki-3.0.0
compilation unit: 0056-Anki-Android-v2.15alpha7/AnkiDroid/src/main/java/com/ichi2/libanki/sync/Syncer.java
method: sanityCheckError(JSONObject,
constraints in Anki-2.0.0
	AndroidXNonNull condition: "" , add info: -
constraints in Anki-3.0.0

POSTCONDITION_REMOVED
version 1: Anki-2.0.0
version 2: Anki-3.0.0
compilation unit: 0056-Anki-Android-v2.15alpha7/AnkiDroid/src/main/java/com/ichi2/libanki/template/Template.java
method: render()
constraints in Anki-2.0.0
	AndroidXNonNull condition: "" , add info: -
constraints in Anki-3.0.0

POSTCONDITION_REMOVED
version 1: Anki-2.0.0
version 2: Anki-3.0.0
compilation unit: 0056-Anki-Android-v2.15alpha7/AnkiDroid/src/main/java/com/ichi2/libanki/Undoable.java
method: revertToProvidedState(DismissType,
constraints in Anki-2.0.0
	AndroidXNonNull condition: "" , add info: -
constraints in Anki-3.0.0

POSTCONDITION_REMOVED
version 1: Anki-2.0.0
version 2: Anki-3.0.0
compilation unit: 0056-Anki-Android-v2.15alpha7/AnkiDroid/src/main/java/com/ichi2/ui/ActionBarOverflow.java
method: isActionButton(MenuItem)
constraints in Anki-2.0.0
	AndroidXNullable condition: "" , add info: -
	AndroidXVisibleForTesting condition: "" , add info: -
constraints in Anki-3.0.0

POSTCONDITION_REMOVED
version 1: Anki-2.0.0
version 2: Anki-3.0.0
compilation unit: 0056-Anki-Android-v2.15alpha7/AnkiDroid/src/main/java/com/ichi2/ui/ActionBarOverflow.java
method: hasUsableMethod()
constraints in Anki-2.0.0
	AndroidXVisibleForTesting condition: "[otherwise = VisibleForTesting.NONE]" , add info: -
constraints in Anki-3.0.0

POSTCONDITION_REMOVED
version 1: Anki-2.0.0
version 2: Anki-3.0.0
compilation unit: 0056-Anki-Android-v2.15alpha7/AnkiDroid/src/main/java/com/ichi2/ui/ActionBarOverflow.java
method: Method>
constraints in Anki-2.0.0
	AndroidXCheckResult condition: "" , add info: -
	AndroidXVisibleForTesting condition: "[otherwise = VisibleForTesting.NONE]" , add info: -
constraints in Anki-3.0.0

POSTCONDITION_REMOVED
version 1: Anki-2.0.0
version 2: Anki-3.0.0
compilation unit: 0056-Anki-Android-v2.15alpha7/AnkiDroid/src/main/java/com/ichi2/ui/AppCompatPreferenceActivity.java
method: getMenuInflater()
constraints in Anki-2.0.0
	AndroidXNonNull condition: "" , add info: -
constraints in Anki-3.0.0

POSTCONDITION_REMOVED
version 1: Anki-2.0.0
version 2: Anki-3.0.0
compilation unit: 0056-Anki-Android-v2.15alpha7/AnkiDroid/src/main/java/com/ichi2/ui/BadgeDrawableBuilder.java
method: withText(char)
constraints in Anki-2.0.0
	AndroidXNonNull condition: "" , add info: -
constraints in Anki-3.0.0

POSTCONDITION_REMOVED
version 1: Anki-2.0.0
version 2: Anki-3.0.0
compilation unit: 0056-Anki-Android-v2.15alpha7/AnkiDroid/src/main/java/com/ichi2/utils/BitmapUtil.java
method: decodeFile(File,
constraints in Anki-2.0.0
	AndroidXNullable condition: "" , add info: -
constraints in Anki-3.0.0

POSTCONDITION_REMOVED
version 1: Anki-2.0.0
version 2: Anki-3.0.0
compilation unit: 0056-Anki-Android-v2.15alpha7/AnkiDroid/src/main/java/com/ichi2/utils/ContentResolverUtil.java
method: getFileName(ContentResolver,
constraints in Anki-2.0.0
	AndroidXCheckResult condition: "" , add info: -
constraints in Anki-3.0.0

POSTCONDITION_REMOVED
version 1: Anki-2.0.0
version 2: Anki-3.0.0
compilation unit: 0056-Anki-Android-v2.15alpha7/AnkiDroid/src/main/java/com/ichi2/utils/ExceptionUtil.java
method: getExceptionMessage(Throwable)
constraints in Anki-2.0.0
	AndroidXNonNull condition: "" , add info: -
	AndroidXCheckResult condition: "" , add info: -
constraints in Anki-3.0.0

POSTCONDITION_REMOVED
version 1: Anki-2.0.0
version 2: Anki-3.0.0
compilation unit: 0056-Anki-Android-v2.15alpha7/AnkiDroid/src/main/java/com/ichi2/utils/FunctionalInterfaces.java
method: allowAll()
constraints in Anki-2.0.0
	AndroidXNonNull condition: "" , add info: -
constraints in Anki-3.0.0

POSTCONDITION_REMOVED
version 1: Anki-2.0.0
version 2: Anki-3.0.0
compilation unit: 0056-Anki-Android-v2.15alpha7/AnkiDroid/src/main/java/com/ichi2/utils/ImportUtils.java
method: validateZipFile(Context,
constraints in Anki-2.0.0
	JetBrainsNullable condition: "" , add info: -
	AndroidXNullable condition: "" , add info: -
constraints in Anki-3.0.0

POSTCONDITION_REMOVED
version 1: Anki-2.0.0
version 2: Anki-3.0.0
compilation unit: 0056-Anki-Android-v2.15alpha7/AnkiDroid/src/main/java/com/ichi2/utils/ImportUtils.java
method: getFileNameFromContentProvider(Context,
constraints in Anki-2.0.0
	JetBrainsNullable condition: "" , add info: -
	AndroidXNullable condition: "" , add info: -
constraints in Anki-3.0.0

POSTCONDITION_REMOVED
version 1: Anki-2.0.0
version 2: Anki-3.0.0
compilation unit: 0056-Anki-Android-v2.15alpha7/AnkiDroid/src/main/java/com/ichi2/utils/ImportUtils.java
method: handleFileImport(Context,
constraints in Anki-2.0.0
	AndroidXNonNull condition: "" , add info: -
	AndroidXNonNull condition: "" , add info: -
constraints in Anki-3.0.0

POSTCONDITION_REMOVED
version 1: Anki-2.0.0
version 2: Anki-3.0.0
compilation unit: 0056-Anki-Android-v2.15alpha7/AnkiDroid/src/main/java/com/ichi2/utils/JSONArray.java
method: toString(int)
constraints in Anki-2.0.0
	AndroidXNonNull condition: "" , add info: -
constraints in Anki-3.0.0

POSTCONDITION_REMOVED
version 1: Anki-2.0.0
version 2: Anki-3.0.0
compilation unit: 0056-Anki-Android-v2.15alpha7/AnkiDroid/src/main/java/com/ichi2/utils/JSONObject.java
method: iterator()
constraints in Anki-2.0.0
	AndroidXNonNull condition: "" , add info: -
constraints in Anki-3.0.0

POSTCONDITION_REMOVED
version 1: Anki-2.0.0
version 2: Anki-3.0.0
compilation unit: 0056-Anki-Android-v2.15alpha7/AnkiDroid/src/main/java/com/ichi2/utils/JSONObject.java
method: get(String)
constraints in Anki-2.0.0
	AndroidXCheckResult condition: "" , add info: -
constraints in Anki-3.0.0

POSTCONDITION_REMOVED
version 1: Anki-2.0.0
version 2: Anki-3.0.0
compilation unit: 0056-Anki-Android-v2.15alpha7/AnkiDroid/src/main/java/com/ichi2/utils/JSONObject.java
method: getBoolean(String)
constraints in Anki-2.0.0
	AndroidXCheckResult condition: "" , add info: -
constraints in Anki-3.0.0

POSTCONDITION_REMOVED
version 1: Anki-2.0.0
version 2: Anki-3.0.0
compilation unit: 0056-Anki-Android-v2.15alpha7/AnkiDroid/src/main/java/com/ichi2/utils/JSONObject.java
method: getDouble(String)
constraints in Anki-2.0.0
	AndroidXCheckResult condition: "" , add info: -
constraints in Anki-3.0.0

POSTCONDITION_REMOVED
version 1: Anki-2.0.0
version 2: Anki-3.0.0
compilation unit: 0056-Anki-Android-v2.15alpha7/AnkiDroid/src/main/java/com/ichi2/utils/JSONObject.java
method: getInt(String)
constraints in Anki-2.0.0
	AndroidXCheckResult condition: "" , add info: -
constraints in Anki-3.0.0

POSTCONDITION_REMOVED
version 1: Anki-2.0.0
version 2: Anki-3.0.0
compilation unit: 0056-Anki-Android-v2.15alpha7/AnkiDroid/src/main/java/com/ichi2/utils/JSONObject.java
method: getLong(String)
constraints in Anki-2.0.0
	AndroidXCheckResult condition: "" , add info: -
constraints in Anki-3.0.0

POSTCONDITION_REMOVED
version 1: Anki-2.0.0
version 2: Anki-3.0.0
compilation unit: 0056-Anki-Android-v2.15alpha7/AnkiDroid/src/main/java/com/ichi2/utils/JSONObject.java
method: getString(String)
constraints in Anki-2.0.0
	AndroidXCheckResult condition: "" , add info: -
constraints in Anki-3.0.0

POSTCONDITION_REMOVED
version 1: Anki-2.0.0
version 2: Anki-3.0.0
compilation unit: 0056-Anki-Android-v2.15alpha7/AnkiDroid/src/main/java/com/ichi2/utils/JSONObject.java
method: getJSONArray(String)
constraints in Anki-2.0.0
	AndroidXCheckResult condition: "" , add info: -
constraints in Anki-3.0.0

POSTCONDITION_REMOVED
version 1: Anki-2.0.0
version 2: Anki-3.0.0
compilation unit: 0056-Anki-Android-v2.15alpha7/AnkiDroid/src/main/java/com/ichi2/utils/JSONObject.java
method: getJSONObject(String)
constraints in Anki-2.0.0
	AndroidXCheckResult condition: "" , add info: -
constraints in Anki-3.0.0

POSTCONDITION_REMOVED
version 1: Anki-2.0.0
version 2: Anki-3.0.0
compilation unit: 0056-Anki-Android-v2.15alpha7/AnkiDroid/src/main/java/com/ichi2/utils/JSONObject.java
method: toJSONArray(JSONArray)
constraints in Anki-2.0.0
	AndroidXCheckResult condition: "" , add info: -
constraints in Anki-3.0.0

POSTCONDITION_REMOVED
version 1: Anki-2.0.0
version 2: Anki-3.0.0
compilation unit: 0056-Anki-Android-v2.15alpha7/AnkiDroid/src/main/java/com/ichi2/utils/JSONObject.java
method: numberToString(Number)
constraints in Anki-2.0.0
	AndroidXCheckResult condition: "" , add info: -
constraints in Anki-3.0.0

POSTCONDITION_REMOVED
version 1: Anki-2.0.0
version 2: Anki-3.0.0
compilation unit: 0056-Anki-Android-v2.15alpha7/AnkiDroid/src/main/java/com/ichi2/utils/JSONObject.java
method: names()
constraints in Anki-2.0.0
	AndroidXCheckResult condition: "" , add info: -
constraints in Anki-3.0.0

POSTCONDITION_REMOVED
version 1: Anki-2.0.0
version 2: Anki-3.0.0
compilation unit: 0056-Anki-Android-v2.15alpha7/AnkiDroid/src/main/java/com/ichi2/utils/JSONObject.java
method: optJSONArray(String)
constraints in Anki-2.0.0
	AndroidXCheckResult condition: "" , add info: -
constraints in Anki-3.0.0

POSTCONDITION_REMOVED
version 1: Anki-2.0.0
version 2: Anki-3.0.0
compilation unit: 0056-Anki-Android-v2.15alpha7/AnkiDroid/src/main/java/com/ichi2/utils/JSONObject.java
method: optJSONObject(String)
constraints in Anki-2.0.0
	AndroidXCheckResult condition: "" , add info: -
constraints in Anki-3.0.0

POSTCONDITION_REMOVED
version 1: Anki-2.0.0
version 2: Anki-3.0.0
compilation unit: 0056-Anki-Android-v2.15alpha7/AnkiDroid/src/main/java/com/ichi2/utils/JSONObject.java
method: deepClone()
constraints in Anki-2.0.0
	AndroidXCheckResult condition: "" , add info: -
constraints in Anki-3.0.0

POSTCONDITION_REMOVED
version 1: Anki-2.0.0
version 2: Anki-3.0.0
compilation unit: 0056-Anki-Android-v2.15alpha7/AnkiDroid/src/main/java/com/ichi2/utils/LanguageUtil.java
method: getLocale()
constraints in Anki-2.0.0
	AndroidXNonNull condition: "" , add info: -
constraints in Anki-3.0.0

POSTCONDITION_REMOVED
version 1: Anki-2.0.0
version 2: Anki-3.0.0
compilation unit: 0056-Anki-Android-v2.15alpha7/AnkiDroid/src/main/java/com/ichi2/utils/LanguageUtil.java
method: getShortDateFormatFromMs(long)
constraints in Anki-2.0.0
	AndroidXNonNull condition: "" , add info: -
constraints in Anki-3.0.0

POSTCONDITION_REMOVED
version 1: Anki-2.0.0
version 2: Anki-3.0.0
compilation unit: 0056-Anki-Android-v2.15alpha7/AnkiDroid/src/main/java/com/ichi2/utils/LanguageUtil.java
method: getShortDateFormatFromS(long)
constraints in Anki-2.0.0
	AndroidXNonNull condition: "" , add info: -
constraints in Anki-3.0.0

POSTCONDITION_REMOVED
version 1: Anki-2.0.0
version 2: Anki-3.0.0
compilation unit: 0056-Anki-Android-v2.15alpha7/AnkiDroid/src/main/java/com/ichi2/utils/Threads.java
method: checkMainThread()
constraints in Anki-2.0.0
	AndroidXUiThread condition: "" , add info: -
constraints in Anki-3.0.0

POSTCONDITION_REMOVED
version 1: Anki-2.0.0
version 2: Anki-3.0.0
compilation unit: 0056-Anki-Android-v2.15alpha7/AnkiDroid/src/main/java/com/ichi2/utils/Threads.java
method: checkNotMainThread()
constraints in Anki-2.0.0
	AndroidXWorkerThread condition: "" , add info: -
constraints in Anki-3.0.0

POSTCONDITION_REMOVED
version 1: Anki-2.0.0
version 2: Anki-3.0.0
compilation unit: 0056-Anki-Android-v2.15alpha7/AnkiDroid/src/main/java/com/ichi2/utils/WebViewDebugging.java
method: initializeDebugging(SharedPreferences)
constraints in Anki-2.0.0
	AndroidXUiThread condition: "" , add info: -
constraints in Anki-3.0.0

POSTCONDITION_REMOVED
version 1: Anki-2.0.0
version 2: Anki-3.0.0
compilation unit: 0056-Anki-Android-v2.15alpha7/AnkiDroid/src/test/java/com/ichi2/anki/CardBrowser_CardCollectionTest.java
method: createCollection(Positioned...)
constraints in Anki-2.0.0
	AndroidXNonNull condition: "" , add info: -
constraints in Anki-3.0.0

POSTCONDITION_REMOVED
version 1: Anki-2.0.0
version 2: Anki-3.0.0
compilation unit: 0056-Anki-Android-v2.15alpha7/AnkiDroid/src/test/java/com/ichi2/anki/dialogs/utils/RecursivePictureMenuUtil.java
method: getRecyclerViewFor(RecursivePictureMenu)
constraints in Anki-2.0.0
	AndroidXCheckResult condition: "" , add info: -
constraints in Anki-3.0.0

POSTCONDITION_REMOVED
version 1: Anki-2.0.0
version 2: Anki-3.0.0
compilation unit: 0056-Anki-Android-v2.15alpha7/AnkiDroid/src/test/java/com/ichi2/anki/multimediacard/fields/BasicImageFieldControllerTest.java
method: getValidControllerNoImage()
constraints in Anki-2.0.0
	AndroidXCheckResult condition: "" , add info: -
constraints in Anki-3.0.0

POSTCONDITION_REMOVED
version 1: Anki-2.0.0
version 2: Anki-3.0.0
compilation unit: 0056-Anki-Android-v2.15alpha7/AnkiDroid/src/test/java/com/ichi2/anki/multimediacard/fields/ImageFieldTest.java
method: collectionWithMediaFolder(String)
constraints in Anki-2.0.0
	AndroidXCheckResult condition: "" , add info: -
constraints in Anki-3.0.0

POSTCONDITION_REMOVED
version 1: Anki-2.0.0
version 2: Anki-3.0.0
compilation unit: 0056-Anki-Android-v2.15alpha7/AnkiDroid/src/test/java/com/ichi2/anki/ReviewerKeyboardInputTest.java
method: displayingAnswer()
constraints in Anki-2.0.0
	AndroidXCheckResult condition: "" , add info: -
constraints in Anki-3.0.0

POSTCONDITION_REMOVED
version 1: Anki-2.0.0
version 2: Anki-3.0.0
compilation unit: 0056-Anki-Android-v2.15alpha7/AnkiDroid/src/test/java/com/ichi2/anki/ReviewerKeyboardInputTest.java
method: displayingQuestion()
constraints in Anki-2.0.0
	AndroidXCheckResult condition: "" , add info: -
constraints in Anki-3.0.0

POSTCONDITION_REMOVED
version 1: Anki-2.0.0
version 2: Anki-3.0.0
compilation unit: 0056-Anki-Android-v2.15alpha7/AnkiDroid/src/test/java/com/ichi2/anki/RobolectricTest.java
method: getHelperFactory()
constraints in Anki-2.0.0
	AndroidXNonNull condition: "" , add info: -
constraints in Anki-3.0.0

POSTCONDITION_REMOVED
version 1: Anki-2.0.0
version 2: Anki-3.0.0
compilation unit: 0056-Anki-Android-v2.15alpha7/AnkiDroid/src/test/java/com/ichi2/anki/RobolectricTest.java
method: openDialogFragmentUsingActivity(DialogFragment)
constraints in Anki-2.0.0
	AndroidXNonNull condition: "" , add info: -
	AndroidXCheckResult condition: "" , add info: -
constraints in Anki-3.0.0

POSTCONDITION_REMOVED
version 1: Anki-2.0.0
version 2: Anki-3.0.0
compilation unit: 0056-Anki-Android-v2.15alpha7/AnkiDroid/src/test/java/com/ichi2/testutils/ActivityList.java
method: allActivitiesAndIntents()
constraints in Anki-2.0.0
	AndroidXCheckResult condition: "" , add info: -
constraints in Anki-3.0.0

POSTCONDITION_REMOVED
version 1: Anki-2.0.0
version 2: Anki-3.0.0
compilation unit: 0056-Anki-Android-v2.15alpha7/AnkiDroid/src/test/java/com/ichi2/utils/ContentResolverUtilTest.java
method: cursorReturning(String)
constraints in Anki-2.0.0
	AndroidXNonNull condition: "" , add info: -
constraints in Anki-3.0.0

POSTCONDITION_REMOVED
version 1: Anki-2.0.0
version 2: Anki-3.0.0
compilation unit: 0056-Anki-Android-v2.15alpha7/AnkiDroid/src/test/java/com/ichi2/utils/ImportUtilsTest.java
method: getFileNameFromContentProvider(Context,
constraints in Anki-2.0.0
	AndroidXNullable condition: "" , add info: -
constraints in Anki-3.0.0

POSTCONDITION_REMOVED
version 1: Anki-2.0.0
version 2: Anki-3.0.0
compilation unit: 0056-Anki-Android-v2.15alpha7/lint-rules/src/main/java/com/ichi2/anki/lint/IssueRegistry.java
method: getIssues()
constraints in Anki-2.0.0
	JetBrainsNotNull condition: "" , add info: -
constraints in Anki-3.0.0

POSTCONDITION_REMOVED
version 1: AntennaPod-2.0.0
version 2: AntennaPod-3.0.0
compilation unit: 0073-AntennaPod-0.9.9.1/src/de/danoeh/antennapod/activity/PreferenceActivity.java
method: onCreate(Bundle)
constraints in AntennaPod-2.0.0
	AndroidSuppressLint condition: ""NewApi"" , add info: -
constraints in AntennaPod-3.0.0

POSTCONDITION_REMOVED
version 1: AntennaPod-2.0.0
version 2: AntennaPod-3.0.0
compilation unit: 0073-AntennaPod-0.9.9.1/src/de/danoeh/antennapod/asynctask/FeedRemover.java
method: executeAsync()
constraints in AntennaPod-2.0.0
	AndroidSuppressLint condition: ""NewApi"" , add info: -
constraints in AntennaPod-3.0.0

POSTCONDITION_REMOVED
version 1: AntennaPod-2.0.0
version 2: AntennaPod-3.0.0
compilation unit: 0073-AntennaPod-0.9.9.1/src/de/danoeh/antennapod/asynctask/FlattrClickWorker.java
method: executeAsync()
constraints in AntennaPod-2.0.0
	AndroidSuppressLint condition: ""NewApi"" , add info: -
constraints in AntennaPod-3.0.0

POSTCONDITION_REMOVED
version 1: AntennaPod-2.0.0
version 2: AntennaPod-3.0.0
compilation unit: 0073-AntennaPod-0.9.9.1/src/de/danoeh/antennapod/asynctask/FlattrTokenFetcher.java
method: executeAsync()
constraints in AntennaPod-2.0.0
	AndroidSuppressLint condition: ""NewApi"" , add info: -
constraints in AntennaPod-3.0.0

POSTCONDITION_REMOVED
version 1: AntennaPod-2.0.0
version 2: AntennaPod-3.0.0
compilation unit: 0073-AntennaPod-0.9.9.1/src/de/danoeh/antennapod/asynctask/OpmlExportWorker.java
method: executeAsync()
constraints in AntennaPod-2.0.0
	AndroidSuppressLint condition: ""NewApi"" , add info: -
constraints in AntennaPod-3.0.0

POSTCONDITION_REMOVED
version 1: AntennaPod-2.0.0
version 2: AntennaPod-3.0.0
compilation unit: 0073-AntennaPod-0.9.9.1/src/de/danoeh/antennapod/asynctask/OpmlFeedQueuer.java
method: executeAsync()
constraints in AntennaPod-2.0.0
	AndroidSuppressLint condition: ""NewApi"" , add info: -
constraints in AntennaPod-3.0.0

POSTCONDITION_REMOVED
version 1: AntennaPod-2.0.0
version 2: AntennaPod-3.0.0
compilation unit: 0073-AntennaPod-0.9.9.1/src/de/danoeh/antennapod/asynctask/OpmlImportWorker.java
method: executeAsync()
constraints in AntennaPod-2.0.0
	AndroidSuppressLint condition: ""NewApi"" , add info: -
constraints in AntennaPod-3.0.0

POSTCONDITION_REMOVED
version 1: AntennaPod-2.0.0
version 2: AntennaPod-3.0.0
compilation unit: 0073-AntennaPod-0.9.9.1/src/de/danoeh/antennapod/fragment/ItemDescriptionFragment.java
method: onCreateView(LayoutInflater,
constraints in AntennaPod-2.0.0
	AndroidSuppressLint condition: ""NewApi"" , add info: -
constraints in AntennaPod-3.0.0

POSTCONDITION_REMOVED
version 1: AntennaPod-2.0.0
version 2: AntennaPod-3.0.0
compilation unit: 0073-AntennaPod-0.9.9.1/src/de/danoeh/antennapod/fragment/ItemDescriptionFragment.java
method: onCreate(Bundle)
constraints in AntennaPod-2.0.0
	AndroidSuppressLint condition: ""NewApi"" , add info: -
constraints in AntennaPod-3.0.0

POSTCONDITION_REMOVED
version 1: AntennaPod-2.0.0
version 2: AntennaPod-3.0.0
compilation unit: 0073-AntennaPod-0.9.9.1/src/de/danoeh/antennapod/fragment/ItemDescriptionFragment.java
method: onContextItemSelected(MenuItem)
constraints in AntennaPod-2.0.0
	AndroidSuppressLint condition: ""NewApi"" , add info: -
constraints in AntennaPod-3.0.0

POSTCONDITION_REMOVED
version 1: AntennaPod-2.0.0
version 2: AntennaPod-3.0.0
compilation unit: 0073-AntennaPod-0.9.9.1/src/de/danoeh/antennapod/service/download/DownloadService.java
method: onCreate()
constraints in AntennaPod-2.0.0
	AndroidSuppressLint condition: ""NewApi"" , add info: -
constraints in AntennaPod-3.0.0

POSTCONDITION_REMOVED
version 1: AntennaPod-2.0.0
version 2: AntennaPod-3.0.0
compilation unit: 0073-AntennaPod-0.9.9.1/src/de/danoeh/antennapod/service/playback/PlaybackService.java
method: onCreate()
constraints in AntennaPod-2.0.0
	AndroidSuppressLint condition: ""NewApi"" , add info: -
constraints in AntennaPod-3.0.0

POSTCONDITION_REMOVED
version 1: AntennaPod-2.0.0
version 2: AntennaPod-3.0.0
compilation unit: 0073-AntennaPod-0.9.9.1/src/de/danoeh/antennapod/service/playback/PlaybackService.java
method: onDestroy()
constraints in AntennaPod-2.0.0
	AndroidSuppressLint condition: ""NewApi"" , add info: -
constraints in AntennaPod-3.0.0

POSTCONDITION_REMOVED
version 1: AnySoftKeyboard-2.0.0
version 2: AnySoftKeyboard-3.0.0
compilation unit: 0250-AnySoftKeyboard-1.5-r4/src/main/java/com/anysoftkeyboard/devicespecific/StrictModeImpl.java
method: setupStrictMode()
constraints in AnySoftKeyboard-2.0.0
	AndroidTargetApi condition: "19" , add info: -
constraints in AnySoftKeyboard-3.0.0

POSTCONDITION_REMOVED
version 1: AnySoftKeyboard-2.0.0
version 2: AnySoftKeyboard-3.0.0
compilation unit: 0250-AnySoftKeyboard-1.5-r4/src/main/java/com/anysoftkeyboard/utils/CompatUtils.java
method: getLocaleForLanguageTag(String)
constraints in AnySoftKeyboard-2.0.0
	AndroidTargetApi condition: "Build.VERSION_CODES.LOLLIPOP" , add info: -
constraints in AnySoftKeyboard-3.0.0

POSTCONDITION_REMOVED
version 1: AnySoftKeyboard-2.0.0
version 2: AnySoftKeyboard-3.0.0
compilation unit: 0250-AnySoftKeyboard-1.5-r4/src/main/java/com/anysoftkeyboard/utils/CompatUtils.java
method: setViewBackgroundDrawable(View,
constraints in AnySoftKeyboard-2.0.0
	AndroidTargetApi condition: "Build.VERSION_CODES.JELLY_BEAN" , add info: -
constraints in AnySoftKeyboard-3.0.0

POSTCONDITION_REMOVED
version 1: AnySoftKeyboard-2.0.0
version 2: AnySoftKeyboard-3.0.0
compilation unit: 0250-AnySoftKeyboard-1.5-r4/src/main/java/com/anysoftkeyboard/utils/CompatUtils.java
method: setPopupUnattachedToDecod(PopupWindow)
constraints in AnySoftKeyboard-2.0.0
	AndroidTargetApi condition: "Build.VERSION_CODES.LOLLIPOP_MR1" , add info: -
constraints in AnySoftKeyboard-3.0.0

POSTCONDITION_REMOVED
version 1: AnySoftKeyboard-2.0.0
version 2: AnySoftKeyboard-3.0.0
compilation unit: 0250-AnySoftKeyboard-1.5-r4/src/main/java/com/anysoftkeyboard/utils/Log.java
method: wtf(String,
constraints in AnySoftKeyboard-2.0.0
	AndroidTargetApi condition: "8" , add info: -
	AndroidTargetApi condition: "8" , add info: -
constraints in AnySoftKeyboard-3.0.0

POSTCONDITION_REMOVED
version 1: AppManager-2.0.0
version 2: AppManager-3.0.0
compilation unit: 0125-AppManager-v2.0.0/app/src/main/java/io/github/muntashirakon/AppManager/AppDetailsActivity.java
method: createFragment(int)
constraints in AppManager-2.0.0
	AndroidXNonNull condition: "" , add info: -
constraints in AppManager-3.0.0

POSTCONDITION_REMOVED
version 1: AppManager-2.0.0
version 2: AppManager-3.0.0
compilation unit: 0125-AppManager-v2.0.0/app/src/main/java/io/github/muntashirakon/AppManager/MainActivity.java
method: onOptionsItemSelected(MenuItem)
constraints in AppManager-2.0.0
	AndroidSuppressLint condition: ""InflateParams"" , add info: -
constraints in AppManager-3.0.0

POSTCONDITION_REMOVED
version 1: AppManager-2.0.0
version 2: AppManager-3.0.0
compilation unit: 0125-AppManager-v2.0.0/app/src/main/java/io/github/muntashirakon/AppManager/MainListFragment.java
method: getView(int,
constraints in AppManager-2.0.0
	AndroidSuppressLint condition: ""DefaultLocale"" , add info: -
constraints in AppManager-3.0.0

POSTCONDITION_REMOVED
version 1: Aria2Android-2.0.0
version 2: Aria2Android-3.0.0
compilation unit: 0355-Aria2Android-v1.11.0/app/src/main/java/com/gianlu/aria2android/Aria2/BinService.java
method: onBind(Intent)
constraints in Aria2Android-2.0.0
	AndroidXNullable condition: "" , add info: -
constraints in Aria2Android-3.0.0

POSTCONDITION_REMOVED
version 1: Aria2Android-2.0.0
version 2: Aria2Android-3.0.0
compilation unit: 0355-Aria2Android-v1.11.0/app/src/main/java/com/gianlu/aria2android/Aria2/BinService.java
method: find(Intent)
constraints in Aria2Android-2.0.0
	AndroidXNullable condition: "" , add info: -
constraints in Aria2Android-3.0.0

POSTCONDITION_REMOVED
version 1: Aria2Android-2.0.0
version 2: Aria2Android-3.0.0
compilation unit: 0355-Aria2Android-v1.11.0/app/src/main/java/com/gianlu/aria2android/Aria2/StartConfig.java
method: fromPrefs()
constraints in Aria2Android-2.0.0
	AndroidXNonNull condition: "" , add info: -
constraints in Aria2Android-3.0.0

POSTCONDITION_REMOVED
version 1: Aria2Android-2.0.0
version 2: Aria2Android-3.0.0
compilation unit: 0355-Aria2Android-v1.11.0/app/src/main/java/com/gianlu/aria2android/BinUtils.java
method: binVersion(Context)
constraints in Aria2Android-2.0.0
	AndroidXNullable condition: "" , add info: -
constraints in Aria2Android-3.0.0

POSTCONDITION_REMOVED
version 1: Aria2Android-2.0.0
version 2: Aria2Android-3.0.0
compilation unit: 0355-Aria2Android-v1.11.0/app/src/main/java/com/gianlu/aria2android/ConfigEditor/OptionsAdapter.java
method: get()
constraints in Aria2Android-2.0.0
	AndroidXNonNull condition: "" , add info: -
constraints in Aria2Android-3.0.0

POSTCONDITION_REMOVED
version 1: Aria2Android-2.0.0
version 2: Aria2Android-3.0.0
compilation unit: 0355-Aria2Android-v1.11.0/app/src/main/java/com/gianlu/aria2android/DownloadBin/GitHubApi.java
method: get()
constraints in Aria2Android-2.0.0
	AndroidXNonNull condition: "" , add info: -
constraints in Aria2Android-3.0.0

POSTCONDITION_REMOVED
version 1: Aria2Android-2.0.0
version 2: Aria2Android-3.0.0
compilation unit: 0355-Aria2Android-v1.11.0/app/src/main/java/com/gianlu/aria2android/PreferenceActivity.java
method: getPreferencesItems()
constraints in Aria2Android-2.0.0
	AndroidXNonNull condition: "" , add info: -
constraints in Aria2Android-3.0.0

POSTCONDITION_REMOVED
version 1: Aria2Android-2.0.0
version 2: Aria2Android-3.0.0
compilation unit: 0355-Aria2Android-v1.11.0/app/src/main/java/com/gianlu/aria2android/PreferenceActivity.java
method: getOpenSourceUrl()
constraints in Aria2Android-2.0.0
	AndroidXNullable condition: "" , add info: -
constraints in Aria2Android-3.0.0

POSTCONDITION_REMOVED
version 1: Aria2App-2.0.0
version 2: Aria2App-3.0.0
compilation unit: 0184-Aria2App-v5.3.0/app/src/main/java/com/gianlu/aria2app/Activities/AddDownload/AddBase64Bundle.java
method: fileUri()
constraints in Aria2App-2.0.0
	AndroidXNonNull condition: "" , add info: -
constraints in Aria2App-3.0.0

POSTCONDITION_REMOVED
version 1: Aria2App-2.0.0
version 2: Aria2App-3.0.0
compilation unit: 0184-Aria2App-v5.3.0/app/src/main/java/com/gianlu/aria2app/Activities/AddDownload/Base64Fragment.java
method: getFilenameOnDevice()
constraints in Aria2App-2.0.0
	AndroidXNullable condition: "" , add info: -
constraints in Aria2App-3.0.0

POSTCONDITION_REMOVED
version 1: Aria2App-2.0.0
version 2: Aria2App-3.0.0
compilation unit: 0184-Aria2App-v5.3.0/app/src/main/java/com/gianlu/aria2app/Activities/AddDownload/Base64Fragment.java
method: getBase64()
constraints in Aria2App-2.0.0
	AndroidXNullable condition: "" , add info: -
constraints in Aria2App-3.0.0

POSTCONDITION_REMOVED
version 1: Aria2App-2.0.0
version 2: Aria2App-3.0.0
compilation unit: 0184-Aria2App-v5.3.0/app/src/main/java/com/gianlu/aria2app/Activities/AddDownload/Base64Fragment.java
method: getFileUri()
constraints in Aria2App-2.0.0
	AndroidXNullable condition: "" , add info: -
constraints in Aria2App-3.0.0

POSTCONDITION_REMOVED
version 1: Aria2App-2.0.0
version 2: Aria2App-3.0.0
compilation unit: 0184-Aria2App-v5.3.0/app/src/main/java/com/gianlu/aria2app/Activities/AddDownload/OptionsFragment.java
method: getFilename()
constraints in Aria2App-2.0.0
	AndroidXNullable condition: "" , add info: -
constraints in Aria2App-3.0.0

POSTCONDITION_REMOVED
version 1: Aria2App-2.0.0
version 2: Aria2App-3.0.0
compilation unit: 0184-Aria2App-v5.3.0/app/src/main/java/com/gianlu/aria2app/Activities/AddDownload/OptionsFragment.java
method: getOptions()
constraints in Aria2App-2.0.0
	AndroidXNonNull condition: "" , add info: -
constraints in Aria2App-3.0.0

POSTCONDITION_REMOVED
version 1: Aria2App-2.0.0
version 2: Aria2App-3.0.0
compilation unit: 0184-Aria2App-v5.3.0/app/src/main/java/com/gianlu/aria2app/Activities/AddDownload/OptionsFragment.java
method: getPosition()
constraints in Aria2App-2.0.0
	AndroidXNullable condition: "" , add info: -
constraints in Aria2App-3.0.0

POSTCONDITION_REMOVED
version 1: Aria2App-2.0.0
version 2: Aria2App-3.0.0
compilation unit: 0184-Aria2App-v5.3.0/app/src/main/java/com/gianlu/aria2app/Activities/AddDownload/UrisFragment.java
method: getUris()
constraints in Aria2App-2.0.0
	AndroidXNullable condition: "" , add info: -
constraints in Aria2App-3.0.0

POSTCONDITION_REMOVED
version 1: Aria2App-2.0.0
version 2: Aria2App-3.0.0
compilation unit: 0184-Aria2App-v5.3.0/app/src/main/java/com/gianlu/aria2app/Activities/AddDownloadActivity.java
method: createBundle()
constraints in Aria2App-2.0.0
	AndroidXNullable condition: "" , add info: -
constraints in Aria2App-3.0.0

POSTCONDITION_REMOVED
version 1: Aria2App-2.0.0
version 2: Aria2App-3.0.0
compilation unit: 0184-Aria2App-v5.3.0/app/src/main/java/com/gianlu/aria2app/Activities/AddMetalinkActivity.java
method: createBundle()
constraints in Aria2App-2.0.0
	AndroidXNullable condition: "" , add info: -
constraints in Aria2App-3.0.0

POSTCONDITION_REMOVED
version 1: Aria2App-2.0.0
version 2: Aria2App-3.0.0
compilation unit: 0184-Aria2App-v5.3.0/app/src/main/java/com/gianlu/aria2app/Activities/AddTorrentActivity.java
method: createBundle()
constraints in Aria2App-2.0.0
	AndroidXNullable condition: "" , add info: -
constraints in Aria2App-3.0.0

POSTCONDITION_REMOVED
version 1: Aria2App-2.0.0
version 2: Aria2App-3.0.0
compilation unit: 0184-Aria2App-v5.3.0/app/src/main/java/com/gianlu/aria2app/Activities/AddUriActivity.java
method: createBundle()
constraints in Aria2App-2.0.0
	AndroidXNullable condition: "" , add info: -
constraints in Aria2App-3.0.0

POSTCONDITION_REMOVED
version 1: Aria2App-2.0.0
version 2: Aria2App-3.0.0
compilation unit: 0184-Aria2App-v5.3.0/app/src/main/java/com/gianlu/aria2app/Activities/EditProfile/CertificateInputView.java
method: saveState()
constraints in Aria2App-2.0.0
	AndroidXNonNull condition: "" , add info: -
constraints in Aria2App-3.0.0

POSTCONDITION_REMOVED
version 1: Aria2App-2.0.0
version 2: Aria2App-3.0.0
compilation unit: 0184-Aria2App-v5.3.0/app/src/main/java/com/gianlu/aria2app/Activities/EditProfile/CertificateInputView.java
method: getActivity()
constraints in Aria2App-2.0.0
	AndroidXNullable condition: "" , add info: -
constraints in Aria2App-3.0.0

POSTCONDITION_REMOVED
version 1: Aria2App-2.0.0
version 2: Aria2App-3.0.0
compilation unit: 0184-Aria2App-v5.3.0/app/src/main/java/com/gianlu/aria2app/Activities/EditProfile/TestFragment.java
method: getInstance(Context)
constraints in Aria2App-2.0.0
	AndroidXNonNull condition: "" , add info: -
constraints in Aria2App-3.0.0

POSTCONDITION_REMOVED
version 1: Aria2App-2.0.0
version 2: Aria2App-3.0.0
compilation unit: 0184-Aria2App-v5.3.0/app/src/main/java/com/gianlu/aria2app/Activities/EditProfile/TestFragment.java
method: getProfile()
constraints in Aria2App-2.0.0
	AndroidXNullable condition: "" , add info: -
constraints in Aria2App-3.0.0

POSTCONDITION_REMOVED
version 1: Aria2App-2.0.0
version 2: Aria2App-3.0.0
compilation unit: 0184-Aria2App-v5.3.0/app/src/main/java/com/gianlu/aria2app/Activities/EditProfile/WifisAdapter.java
method: getItem(int)
constraints in Aria2App-2.0.0
	AndroidXNonNull condition: "" , add info: -
constraints in Aria2App-3.0.0

POSTCONDITION_REMOVED
version 1: Aria2App-2.0.0
version 2: Aria2App-3.0.0
compilation unit: 0184-Aria2App-v5.3.0/app/src/main/java/com/gianlu/aria2app/Activities/EditProfile/WifisAdapter.java
method: getFilter()
constraints in Aria2App-2.0.0
	AndroidXNonNull condition: "" , add info: -
constraints in Aria2App-3.0.0

POSTCONDITION_REMOVED
version 1: Aria2App-2.0.0
version 2: Aria2App-3.0.0
compilation unit: 0184-Aria2App-v5.3.0/app/src/main/java/com/gianlu/aria2app/Activities/EditProfileActivity.java
method: getProfile()
constraints in Aria2App-2.0.0
	AndroidXNullable condition: "" , add info: -
constraints in Aria2App-3.0.0

POSTCONDITION_REMOVED
version 1: Aria2App-2.0.0
version 2: Aria2App-3.0.0
compilation unit: 0184-Aria2App-v5.3.0/app/src/main/java/com/gianlu/aria2app/Activities/MoreAboutDownload/Files/DirectorySheet.java
method: get()
constraints in Aria2App-2.0.0
	AndroidXNonNull condition: "" , add info: -
constraints in Aria2App-3.0.0

POSTCONDITION_REMOVED
version 1: Aria2App-2.0.0
version 2: Aria2App-3.0.0
compilation unit: 0184-Aria2App-v5.3.0/app/src/main/java/com/gianlu/aria2app/Activities/MoreAboutDownload/Files/FilesAdapter.java
method: getSelectedFiles()
constraints in Aria2App-2.0.0
	AndroidXNonNull condition: "" , add info: -
constraints in Aria2App-3.0.0

POSTCONDITION_REMOVED
version 1: Aria2App-2.0.0
version 2: Aria2App-3.0.0
compilation unit: 0184-Aria2App-v5.3.0/app/src/main/java/com/gianlu/aria2app/Activities/MoreAboutDownload/Files/FilesAdapter.java
method: getCurrentDir()
constraints in Aria2App-2.0.0
	AndroidXNullable condition: "" , add info: -
constraints in Aria2App-3.0.0

POSTCONDITION_REMOVED
version 1: Aria2App-2.0.0
version 2: Aria2App-3.0.0
compilation unit: 0184-Aria2App-v5.3.0/app/src/main/java/com/gianlu/aria2app/Activities/MoreAboutDownload/Files/FilesFragment.java
method: getInstance(Context,
constraints in Aria2App-2.0.0
	AndroidXNonNull condition: "" , add info: -
constraints in Aria2App-3.0.0

POSTCONDITION_REMOVED
version 1: Aria2App-2.0.0
version 2: Aria2App-3.0.0
compilation unit: 0184-Aria2App-v5.3.0/app/src/main/java/com/gianlu/aria2app/Activities/MoreAboutDownload/Files/FileSheet.java
method: get()
constraints in Aria2App-2.0.0
	AndroidXNonNull condition: "" , add info: -
constraints in Aria2App-3.0.0

POSTCONDITION_REMOVED
version 1: Aria2App-2.0.0
version 2: Aria2App-3.0.0
compilation unit: 0184-Aria2App-v5.3.0/app/src/main/java/com/gianlu/aria2app/Activities/MoreAboutDownload/Info/InfoFragment.java
method: getInstance(Context,
constraints in Aria2App-2.0.0
	AndroidXNonNull condition: "" , add info: -
constraints in Aria2App-3.0.0

POSTCONDITION_REMOVED
version 1: Aria2App-2.0.0
version 2: Aria2App-3.0.0
compilation unit: 0184-Aria2App-v5.3.0/app/src/main/java/com/gianlu/aria2app/Activities/MoreAboutDownload/Peers/PeersAdapter.java
method: getComparatorFor(SortBy)
constraints in Aria2App-2.0.0
	AndroidXNonNull condition: "" , add info: -
constraints in Aria2App-3.0.0

POSTCONDITION_REMOVED
version 1: Aria2App-2.0.0
version 2: Aria2App-3.0.0
compilation unit: 0184-Aria2App-v5.3.0/app/src/main/java/com/gianlu/aria2app/Activities/MoreAboutDownload/Peers/PeersFragment.java
method: getInstance(Context,
constraints in Aria2App-2.0.0
	AndroidXNonNull condition: "" , add info: -
constraints in Aria2App-3.0.0

POSTCONDITION_REMOVED
version 1: Aria2App-2.0.0
version 2: Aria2App-3.0.0
compilation unit: 0184-Aria2App-v5.3.0/app/src/main/java/com/gianlu/aria2app/Activities/MoreAboutDownload/Peers/PeerSheet.java
method: get()
constraints in Aria2App-2.0.0
	AndroidXNonNull condition: "" , add info: -
constraints in Aria2App-3.0.0

POSTCONDITION_REMOVED
version 1: Aria2App-2.0.0
version 2: Aria2App-3.0.0
compilation unit: 0184-Aria2App-v5.3.0/app/src/main/java/com/gianlu/aria2app/Activities/MoreAboutDownload/Servers/ServersFragment.java
method: getInstance(Context,
constraints in Aria2App-2.0.0
	AndroidXNonNull condition: "" , add info: -
constraints in Aria2App-3.0.0

POSTCONDITION_REMOVED
version 1: Aria2App-2.0.0
version 2: Aria2App-3.0.0
compilation unit: 0184-Aria2App-v5.3.0/app/src/main/java/com/gianlu/aria2app/Activities/MoreAboutDownload/Servers/ServerSheet.java
method: get()
constraints in Aria2App-2.0.0
	AndroidXNonNull condition: "" , add info: -
constraints in Aria2App-3.0.0

POSTCONDITION_REMOVED
version 1: Aria2App-2.0.0
version 2: Aria2App-3.0.0
compilation unit: 0184-Aria2App-v5.3.0/app/src/main/java/com/gianlu/aria2app/Activities/MoreAboutDownloadActivity.java
method: wants()
constraints in Aria2App-2.0.0
	AndroidXNonNull condition: "" , add info: -
constraints in Aria2App-3.0.0

POSTCONDITION_REMOVED
version 1: Aria2App-2.0.0
version 2: Aria2App-3.0.0
compilation unit: 0184-Aria2App-v5.3.0/app/src/main/java/com/gianlu/aria2app/Activities/MoreAboutDownloadActivity.java
method: requireProvider()
constraints in Aria2App-2.0.0
	AndroidXNonNull condition: "" , add info: -
constraints in Aria2App-3.0.0

POSTCONDITION_REMOVED
version 1: Aria2App-2.0.0
version 2: Aria2App-3.0.0
compilation unit: 0184-Aria2App-v5.3.0/app/src/main/java/com/gianlu/aria2app/Adapters/AddDownloadBundlesAdapter.java
method: getBundles()
constraints in Aria2App-2.0.0
	AndroidXNonNull condition: "" , add info: -
constraints in Aria2App-3.0.0

POSTCONDITION_REMOVED
version 1: Aria2App-2.0.0
version 2: Aria2App-3.0.0
compilation unit: 0184-Aria2App-v5.3.0/app/src/main/java/com/gianlu/aria2app/Adapters/DirectDownloadsAdapter.java
method: add(Download)
constraints in Aria2App-2.0.0
	AndroidXUiThread condition: "" , add info: -
constraints in Aria2App-3.0.0

POSTCONDITION_REMOVED
version 1: Aria2App-2.0.0
version 2: Aria2App-3.0.0
compilation unit: 0184-Aria2App-v5.3.0/app/src/main/java/com/gianlu/aria2app/Adapters/DirectDownloadsAdapter.java
method: remove(Download)
constraints in Aria2App-2.0.0
	AndroidXUiThread condition: "" , add info: -
constraints in Aria2App-3.0.0

POSTCONDITION_REMOVED
version 1: Aria2App-2.0.0
version 2: Aria2App-3.0.0
compilation unit: 0184-Aria2App-v5.3.0/app/src/main/java/com/gianlu/aria2app/Adapters/DownloadCardsAdapter.java
method: getComparatorFor(SortBy)
constraints in Aria2App-2.0.0
	AndroidXNonNull condition: "" , add info: -
constraints in Aria2App-3.0.0

POSTCONDITION_REMOVED
version 1: Aria2App-2.0.0
version 2: Aria2App-3.0.0
compilation unit: 0184-Aria2App-v5.3.0/app/src/main/java/com/gianlu/aria2app/Adapters/SearchResultsAdapter.java
method: getDateFromItem(SearchResult)
constraints in Aria2App-2.0.0
	AndroidXNullable condition: "" , add info: -
constraints in Aria2App-3.0.0

POSTCONDITION_REMOVED
version 1: Aria2App-2.0.0
version 2: Aria2App-3.0.0
compilation unit: 0184-Aria2App-v5.3.0/app/src/main/java/com/gianlu/aria2app/Adapters/StatePagerAdapter.java
method: getItem(int)
constraints in Aria2App-2.0.0
	AndroidXNonNull condition: "" , add info: -
constraints in Aria2App-3.0.0

POSTCONDITION_REMOVED
version 1: Aria2App-2.0.0
version 2: Aria2App-3.0.0
compilation unit: 0184-Aria2App-v5.3.0/app/src/main/java/com/gianlu/aria2app/CountryFlags.java
method: get()
constraints in Aria2App-2.0.0
	AndroidXNonNull condition: "" , add info: -
constraints in Aria2App-3.0.0

POSTCONDITION_REMOVED
version 1: Aria2App-2.0.0
version 2: Aria2App-3.0.0
compilation unit: 0184-Aria2App-v5.3.0/app/src/main/java/com/gianlu/aria2app/FileTypeTextView.java
method: onMeasure(int,
constraints in Aria2App-2.0.0
	AndroidSuppressLint condition: ""DrawAllocation"" , add info: -
constraints in Aria2App-3.0.0

POSTCONDITION_REMOVED
version 1: Aria2App-2.0.0
version 2: Aria2App-3.0.0
compilation unit: 0184-Aria2App-v5.3.0/app/src/main/java/com/gianlu/aria2app/InAppAria2/Aria2ConfigProvider.java
method: extends
constraints in Aria2App-2.0.0
	AndroidXNonNull condition: "" , add info: -
constraints in Aria2App-3.0.0

POSTCONDITION_REMOVED
version 1: Aria2App-2.0.0
version 2: Aria2App-3.0.0
compilation unit: 0184-Aria2App-v5.3.0/app/src/main/java/com/gianlu/aria2app/Main/AboutAria2Dialog.java
method: get()
constraints in Aria2App-2.0.0
	AndroidXNonNull condition: "" , add info: -
constraints in Aria2App-3.0.0

POSTCONDITION_REMOVED
version 1: Aria2App-2.0.0
version 2: Aria2App-3.0.0
compilation unit: 0184-Aria2App-v5.3.0/app/src/main/java/com/gianlu/aria2app/Main/AboutAria2Dialog.java
method: onCreateDialog(Bundle)
constraints in Aria2App-2.0.0
	AndroidXNonNull condition: "" , add info: -
constraints in Aria2App-3.0.0

POSTCONDITION_REMOVED
version 1: Aria2App-2.0.0
version 2: Aria2App-3.0.0
compilation unit: 0184-Aria2App-v5.3.0/app/src/main/java/com/gianlu/aria2app/Main/MainActivity.java
method: wants()
constraints in Aria2App-2.0.0
	AndroidXNonNull condition: "" , add info: -
constraints in Aria2App-3.0.0

POSTCONDITION_REMOVED
version 1: Aria2App-2.0.0
version 2: Aria2App-3.0.0
compilation unit: 0184-Aria2App-v5.3.0/app/src/main/java/com/gianlu/aria2app/Main/MainActivity.java
method: requireProvider()
constraints in Aria2App-2.0.0
	AndroidXNonNull condition: "" , add info: -
constraints in Aria2App-3.0.0

POSTCONDITION_REMOVED
version 1: Aria2App-2.0.0
version 2: Aria2App-3.0.0
compilation unit: 0184-Aria2App-v5.3.0/app/src/main/java/com/gianlu/aria2app/NetIO/AbstractClient.java
method: close()
constraints in Aria2App-2.0.0
	AndroidXWorkerThread condition: "" , add info: -
constraints in Aria2App-3.0.0

POSTCONDITION_REMOVED
version 1: Aria2App-2.0.0
version 2: Aria2App-3.0.0
compilation unit: 0184-Aria2App-v5.3.0/app/src/main/java/com/gianlu/aria2app/NetIO/AbstractClient.java
method: closeClient()
constraints in Aria2App-2.0.0
	AndroidXWorkerThread condition: "" , add info: -
constraints in Aria2App-3.0.0

POSTCONDITION_REMOVED
version 1: Aria2App-2.0.0
version 2: Aria2App-3.0.0
compilation unit: 0184-Aria2App-v5.3.0/app/src/main/java/com/gianlu/aria2app/NetIO/AbstractClient.java
method: onSuccess()
constraints in Aria2App-2.0.0
	AndroidXUiThread condition: "" , add info: -
constraints in Aria2App-3.0.0

POSTCONDITION_REMOVED
version 1: Aria2App-2.0.0
version 2: Aria2App-3.0.0
compilation unit: 0184-Aria2App-v5.3.0/app/src/main/java/com/gianlu/aria2app/NetIO/AbstractClient.java
method: run()
constraints in Aria2App-2.0.0
	AndroidXWorkerThread condition: "" , add info: -
constraints in Aria2App-3.0.0

POSTCONDITION_REMOVED
version 1: Aria2App-2.0.0
version 2: Aria2App-3.0.0
compilation unit: 0184-Aria2App-v5.3.0/app/src/main/java/com/gianlu/aria2app/NetIO/Aria2/AriaDirectory.java
method: allFiles()
constraints in Aria2App-2.0.0
	AndroidXNonNull condition: "" , add info: -
constraints in Aria2App-3.0.0

POSTCONDITION_REMOVED
version 1: Aria2App-2.0.0
version 2: Aria2App-3.0.0
compilation unit: 0184-Aria2App-v5.3.0/app/src/main/java/com/gianlu/aria2app/NetIO/Aria2/AriaDirectory.java
method: findDirectory(String)
constraints in Aria2App-2.0.0
	AndroidXNullable condition: "" , add info: -
constraints in Aria2App-3.0.0

POSTCONDITION_REMOVED
version 1: Aria2App-2.0.0
version 2: Aria2App-3.0.0
compilation unit: 0184-Aria2App-v5.3.0/app/src/main/java/com/gianlu/aria2app/NetIO/Aria2/AriaException.java
method: toString()
constraints in Aria2App-2.0.0
	AndroidXNonNull condition: "" , add info: -
constraints in Aria2App-3.0.0

POSTCONDITION_REMOVED
version 1: Aria2App-2.0.0
version 2: Aria2App-3.0.0
compilation unit: 0184-Aria2App-v5.3.0/app/src/main/java/com/gianlu/aria2app/NetIO/Aria2/AriaFile.java
method: getName()
constraints in Aria2App-2.0.0
	AndroidXNonNull condition: "" , add info: -
constraints in Aria2App-3.0.0

POSTCONDITION_REMOVED
version 1: Aria2App-2.0.0
version 2: Aria2App-3.0.0
compilation unit: 0184-Aria2App-v5.3.0/app/src/main/java/com/gianlu/aria2app/NetIO/Aria2/AriaFile.java
method: getMimeType()
constraints in Aria2App-2.0.0
	AndroidXNullable condition: "" , add info: -
constraints in Aria2App-3.0.0

POSTCONDITION_REMOVED
version 1: Aria2App-2.0.0
version 2: Aria2App-3.0.0
compilation unit: 0184-Aria2App-v5.3.0/app/src/main/java/com/gianlu/aria2app/NetIO/Aria2/AriaFile.java
method: findByStatus(Status)
constraints in Aria2App-2.0.0
	AndroidXNonNull condition: "" , add info: -
constraints in Aria2App-3.0.0

POSTCONDITION_REMOVED
version 1: Aria2App-2.0.0
version 2: Aria2App-3.0.0
compilation unit: 0184-Aria2App-v5.3.0/app/src/main/java/com/gianlu/aria2app/NetIO/Aria2/AriaFiles.java
method: findFileByIndex(int)
constraints in Aria2App-2.0.0
	AndroidXNullable condition: "" , add info: -
constraints in Aria2App-3.0.0

POSTCONDITION_REMOVED
version 1: Aria2App-2.0.0
version 2: Aria2App-3.0.0
compilation unit: 0184-Aria2App-v5.3.0/app/src/main/java/com/gianlu/aria2app/NetIO/Aria2/BitTorrent.java
method: create(JSONObject)
constraints in Aria2App-2.0.0
	AndroidXNullable condition: "" , add info: -
constraints in Aria2App-3.0.0

POSTCONDITION_REMOVED
version 1: Aria2App-2.0.0
version 2: Aria2App-3.0.0
compilation unit: 0184-Aria2App-v5.3.0/app/src/main/java/com/gianlu/aria2app/NetIO/Aria2/Download.java
method: stringValues()
constraints in Aria2App-2.0.0
	AndroidXNonNull condition: "" , add info: -
constraints in Aria2App-3.0.0

POSTCONDITION_REMOVED
version 1: Aria2App-2.0.0
version 2: Aria2App-3.0.0
compilation unit: 0184-Aria2App-v5.3.0/app/src/main/java/com/gianlu/aria2app/NetIO/Aria2/Download.java
method: getFormal(Context,
constraints in Aria2App-2.0.0
	AndroidXNonNull condition: "" , add info: -
constraints in Aria2App-3.0.0

POSTCONDITION_REMOVED
version 1: Aria2App-2.0.0
version 2: Aria2App-3.0.0
compilation unit: 0184-Aria2App-v5.3.0/app/src/main/java/com/gianlu/aria2app/NetIO/Aria2/DownloadWithUpdate.java
method: create(ClientInterface,
constraints in Aria2App-2.0.0
	AndroidXNonNull condition: "" , add info: -
constraints in Aria2App-3.0.0

POSTCONDITION_REMOVED
version 1: Aria2App-2.0.0
version 2: Aria2App-3.0.0
compilation unit: 0184-Aria2App-v5.3.0/app/src/main/java/com/gianlu/aria2app/NetIO/Aria2/DownloadWithUpdate.java
method: update(JSONObject,
constraints in Aria2App-2.0.0
	AndroidXNonNull condition: "" , add info: -
constraints in Aria2App-3.0.0

POSTCONDITION_REMOVED
version 1: Aria2App-2.0.0
version 2: Aria2App-3.0.0
compilation unit: 0184-Aria2App-v5.3.0/app/src/main/java/com/gianlu/aria2app/NetIO/Aria2/DownloadWithUpdate.java
method: update()
constraints in Aria2App-2.0.0
	AndroidXNonNull condition: "" , add info: -
constraints in Aria2App-3.0.0

POSTCONDITION_REMOVED
version 1: Aria2App-2.0.0
version 2: Aria2App-3.0.0
compilation unit: 0184-Aria2App-v5.3.0/app/src/main/java/com/gianlu/aria2app/NetIO/Aria2/DownloadWithUpdate.java
method: getFilterable()
constraints in Aria2App-2.0.0
	AndroidXNonNull condition: "" , add info: -
constraints in Aria2App-3.0.0

POSTCONDITION_REMOVED
version 1: Aria2App-2.0.0
version 2: Aria2App-3.0.0
compilation unit: 0184-Aria2App-v5.3.0/app/src/main/java/com/gianlu/aria2app/NetIO/Aria2/DownloadWithUpdate.java
method: bigUpdate()
constraints in Aria2App-2.0.0
	AndroidXNonNull condition: "" , add info: -
constraints in Aria2App-3.0.0

POSTCONDITION_REMOVED
version 1: Aria2App-2.0.0
version 2: Aria2App-3.0.0
compilation unit: 0184-Aria2App-v5.3.0/app/src/main/java/com/gianlu/aria2app/NetIO/Aria2/DownloadWithUpdate.java
method: download()
constraints in Aria2App-2.0.0
	AndroidXNonNull condition: "" , add info: -
constraints in Aria2App-3.0.0

POSTCONDITION_REMOVED
version 1: Aria2App-2.0.0
version 2: Aria2App-3.0.0
compilation unit: 0184-Aria2App-v5.3.0/app/src/main/java/com/gianlu/aria2app/NetIO/Aria2/DownloadWithUpdate.java
method: getName()
constraints in Aria2App-2.0.0
	AndroidXNonNull condition: "" , add info: -
constraints in Aria2App-3.0.0

POSTCONDITION_REMOVED
version 1: Aria2App-2.0.0
version 2: Aria2App-3.0.0
compilation unit: 0184-Aria2App-v5.3.0/app/src/main/java/com/gianlu/aria2app/NetIO/Aria2/DownloadWithUpdate.java
method: getThemeResource()
constraints in Aria2App-2.0.0
	AndroidXStyleRes condition: "" , add info: -
constraints in Aria2App-3.0.0

POSTCONDITION_REMOVED
version 1: Aria2App-2.0.0
version 2: Aria2App-3.0.0
compilation unit: 0184-Aria2App-v5.3.0/app/src/main/java/com/gianlu/aria2app/NetIO/Aria2/DownloadWithUpdate.java
method: getBackgroundColor()
constraints in Aria2App-2.0.0
	AndroidXColorRes condition: "" , add info: -
constraints in Aria2App-3.0.0

POSTCONDITION_REMOVED
version 1: Aria2App-2.0.0
version 2: Aria2App-3.0.0
compilation unit: 0184-Aria2App-v5.3.0/app/src/main/java/com/gianlu/aria2app/NetIO/Aria2/DownloadWithUpdate.java
method: getColorAccent()
constraints in Aria2App-2.0.0
	AndroidXColorRes condition: "" , add info: -
constraints in Aria2App-3.0.0

POSTCONDITION_REMOVED
version 1: Aria2App-2.0.0
version 2: Aria2App-3.0.0
compilation unit: 0184-Aria2App-v5.3.0/app/src/main/java/com/gianlu/aria2app/NetIO/Aria2/Option.java
method: toString()
constraints in Aria2App-2.0.0
	AndroidXNonNull condition: "" , add info: -
constraints in Aria2App-3.0.0

POSTCONDITION_REMOVED
version 1: Aria2App-2.0.0
version 2: Aria2App-3.0.0
compilation unit: 0184-Aria2App-v5.3.0/app/src/main/java/com/gianlu/aria2app/NetIO/Aria2/OptionsMap.java
method: toJson()
constraints in Aria2App-2.0.0
	AndroidXNonNull condition: "" , add info: -
constraints in Aria2App-3.0.0

POSTCONDITION_REMOVED
version 1: Aria2App-2.0.0
version 2: Aria2App-3.0.0
compilation unit: 0184-Aria2App-v5.3.0/app/src/main/java/com/gianlu/aria2app/NetIO/Aria2/OptionsMap.java
method: values()
constraints in Aria2App-2.0.0
	AndroidXNonNull condition: "" , add info: -
constraints in Aria2App-3.0.0

POSTCONDITION_REMOVED
version 1: Aria2App-2.0.0
version 2: Aria2App-3.0.0
compilation unit: 0184-Aria2App-v5.3.0/app/src/main/java/com/gianlu/aria2app/NetIO/Aria2/Peer.java
method: peerId()
constraints in Aria2App-2.0.0
	AndroidXNullable condition: "" , add info: -
constraints in Aria2App-3.0.0

POSTCONDITION_REMOVED
version 1: Aria2App-2.0.0
version 2: Aria2App-3.0.0
compilation unit: 0184-Aria2App-v5.3.0/app/src/main/java/com/gianlu/aria2app/NetIO/Aria2/Peers.java
method: empty()
constraints in Aria2App-2.0.0
	AndroidXNonNull condition: "" , add info: -
constraints in Aria2App-3.0.0

POSTCONDITION_REMOVED
version 1: Aria2App-2.0.0
version 2: Aria2App-3.0.0
compilation unit: 0184-Aria2App-v5.3.0/app/src/main/java/com/gianlu/aria2app/NetIO/Aria2/Peers.java
method: find(Peer)
constraints in Aria2App-2.0.0
	AndroidXNullable condition: "" , add info: -
constraints in Aria2App-3.0.0

POSTCONDITION_REMOVED
version 1: Aria2App-2.0.0
version 2: Aria2App-3.0.0
compilation unit: 0184-Aria2App-v5.3.0/app/src/main/java/com/gianlu/aria2app/NetIO/Aria2/Server.java
method: getShortUri()
constraints in Aria2App-2.0.0
	AndroidXNonNull condition: "" , add info: -
constraints in Aria2App-3.0.0

POSTCONDITION_REMOVED
version 1: Aria2App-2.0.0
version 2: Aria2App-3.0.0
compilation unit: 0184-Aria2App-v5.3.0/app/src/main/java/com/gianlu/aria2app/NetIO/Aria2/Servers.java
method: empty()
constraints in Aria2App-2.0.0
	AndroidXNonNull condition: "" , add info: -
constraints in Aria2App-3.0.0

POSTCONDITION_REMOVED
version 1: Aria2App-2.0.0
version 2: Aria2App-3.0.0
compilation unit: 0184-Aria2App-v5.3.0/app/src/main/java/com/gianlu/aria2app/NetIO/Aria2/SparseServers.java
method: empty()
constraints in Aria2App-2.0.0
	AndroidXNonNull condition: "" , add info: -
constraints in Aria2App-3.0.0

POSTCONDITION_REMOVED
version 1: Aria2App-2.0.0
version 2: Aria2App-3.0.0
compilation unit: 0184-Aria2App-v5.3.0/app/src/main/java/com/gianlu/aria2app/NetIO/Aria2/SparseServers.java
method: find(Server)
constraints in Aria2App-2.0.0
	AndroidXNullable condition: "" , add info: -
constraints in Aria2App-3.0.0

POSTCONDITION_REMOVED
version 1: Aria2App-2.0.0
version 2: Aria2App-3.0.0
compilation unit: 0184-Aria2App-v5.3.0/app/src/main/java/com/gianlu/aria2app/NetIO/AriaRequests.java
method: changePosition(String,
constraints in Aria2App-2.0.0
	AndroidXNonNull condition: "" , add info: -
constraints in Aria2App-3.0.0

POSTCONDITION_REMOVED
version 1: Aria2App-2.0.0
version 2: Aria2App-3.0.0
compilation unit: 0184-Aria2App-v5.3.0/app/src/main/java/com/gianlu/aria2app/NetIO/AriaRequests.java
method: getServers(String)
constraints in Aria2App-2.0.0
	AndroidXNonNull condition: "" , add info: -
constraints in Aria2App-3.0.0

POSTCONDITION_REMOVED
version 1: Aria2App-2.0.0
version 2: Aria2App-3.0.0
compilation unit: 0184-Aria2App-v5.3.0/app/src/main/java/com/gianlu/aria2app/NetIO/AriaRequests.java
method: getPeers(String)
constraints in Aria2App-2.0.0
	AndroidXNonNull condition: "" , add info: -
constraints in Aria2App-3.0.0

POSTCONDITION_REMOVED
version 1: Aria2App-2.0.0
version 2: Aria2App-3.0.0
compilation unit: 0184-Aria2App-v5.3.0/app/src/main/java/com/gianlu/aria2app/NetIO/AriaRequests.java
method: getFiles(String)
constraints in Aria2App-2.0.0
	AndroidXNonNull condition: "" , add info: -
constraints in Aria2App-3.0.0

POSTCONDITION_REMOVED
version 1: Aria2App-2.0.0
version 2: Aria2App-3.0.0
compilation unit: 0184-Aria2App-v5.3.0/app/src/main/java/com/gianlu/aria2app/NetIO/AriaRequests.java
method: getFileIndexes(String)
constraints in Aria2App-2.0.0
	AndroidXNonNull condition: "" , add info: -
constraints in Aria2App-3.0.0

POSTCONDITION_REMOVED
version 1: Aria2App-2.0.0
version 2: Aria2App-3.0.0
compilation unit: 0184-Aria2App-v5.3.0/app/src/main/java/com/gianlu/aria2app/NetIO/AriaRequests.java
method: changeDownloadOptions(String,
constraints in Aria2App-2.0.0
	AndroidXNonNull condition: "" , add info: -
constraints in Aria2App-3.0.0

POSTCONDITION_REMOVED
version 1: Aria2App-2.0.0
version 2: Aria2App-3.0.0
compilation unit: 0184-Aria2App-v5.3.0/app/src/main/java/com/gianlu/aria2app/NetIO/AriaRequests.java
method: changeGlobalOptions(OptionsMap)
constraints in Aria2App-2.0.0
	AndroidXNonNull condition: "" , add info: -
constraints in Aria2App-3.0.0

POSTCONDITION_REMOVED
version 1: Aria2App-2.0.0
version 2: Aria2App-3.0.0
compilation unit: 0184-Aria2App-v5.3.0/app/src/main/java/com/gianlu/aria2app/NetIO/AriaRequests.java
method: getGlobalOptions()
constraints in Aria2App-2.0.0
	AndroidXNonNull condition: "" , add info: -
constraints in Aria2App-3.0.0

POSTCONDITION_REMOVED
version 1: Aria2App-2.0.0
version 2: Aria2App-3.0.0
compilation unit: 0184-Aria2App-v5.3.0/app/src/main/java/com/gianlu/aria2app/NetIO/AriaRequests.java
method: getGlobalStats()
constraints in Aria2App-2.0.0
	AndroidXNonNull condition: "" , add info: -
constraints in Aria2App-3.0.0

POSTCONDITION_REMOVED
version 1: Aria2App-2.0.0
version 2: Aria2App-3.0.0
compilation unit: 0184-Aria2App-v5.3.0/app/src/main/java/com/gianlu/aria2app/NetIO/AriaRequests.java
method: listMethods()
constraints in Aria2App-2.0.0
	AndroidXNonNull condition: "" , add info: -
constraints in Aria2App-3.0.0

POSTCONDITION_REMOVED
version 1: Aria2App-2.0.0
version 2: Aria2App-3.0.0
compilation unit: 0184-Aria2App-v5.3.0/app/src/main/java/com/gianlu/aria2app/NetIO/AriaRequests.java
method: getSessionInfo()
constraints in Aria2App-2.0.0
	AndroidXNonNull condition: "" , add info: -
constraints in Aria2App-3.0.0

POSTCONDITION_REMOVED
version 1: Aria2App-2.0.0
version 2: Aria2App-3.0.0
compilation unit: 0184-Aria2App-v5.3.0/app/src/main/java/com/gianlu/aria2app/NetIO/AriaRequests.java
method: saveSession()
constraints in Aria2App-2.0.0
	AndroidXNonNull condition: "" , add info: -
constraints in Aria2App-3.0.0

POSTCONDITION_REMOVED
version 1: Aria2App-2.0.0
version 2: Aria2App-3.0.0
compilation unit: 0184-Aria2App-v5.3.0/app/src/main/java/com/gianlu/aria2app/NetIO/AriaRequests.java
method: purgeDownloadResults()
constraints in Aria2App-2.0.0
	AndroidXNonNull condition: "" , add info: -
constraints in Aria2App-3.0.0

POSTCONDITION_REMOVED
version 1: Aria2App-2.0.0
version 2: Aria2App-3.0.0
compilation unit: 0184-Aria2App-v5.3.0/app/src/main/java/com/gianlu/aria2app/NetIO/AriaRequests.java
method: pauseAll()
constraints in Aria2App-2.0.0
	AndroidXNonNull condition: "" , add info: -
constraints in Aria2App-3.0.0

POSTCONDITION_REMOVED
version 1: Aria2App-2.0.0
version 2: Aria2App-3.0.0
compilation unit: 0184-Aria2App-v5.3.0/app/src/main/java/com/gianlu/aria2app/NetIO/AriaRequests.java
method: unpauseAll()
constraints in Aria2App-2.0.0
	AndroidXNonNull condition: "" , add info: -
constraints in Aria2App-3.0.0

POSTCONDITION_REMOVED
version 1: Aria2App-2.0.0
version 2: Aria2App-3.0.0
compilation unit: 0184-Aria2App-v5.3.0/app/src/main/java/com/gianlu/aria2app/NetIO/AriaRequests.java
method: forcePauseAll()
constraints in Aria2App-2.0.0
	AndroidXNonNull condition: "" , add info: -
constraints in Aria2App-3.0.0

POSTCONDITION_REMOVED
version 1: Aria2App-2.0.0
version 2: Aria2App-3.0.0
compilation unit: 0184-Aria2App-v5.3.0/app/src/main/java/com/gianlu/aria2app/NetIO/AriaRequests.java
method: forcePause(String)
constraints in Aria2App-2.0.0
	AndroidXNonNull condition: "" , add info: -
constraints in Aria2App-3.0.0

POSTCONDITION_REMOVED
version 1: Aria2App-2.0.0
version 2: Aria2App-3.0.0
compilation unit: 0184-Aria2App-v5.3.0/app/src/main/java/com/gianlu/aria2app/NetIO/AriaRequests.java
method: forceRemove(String)
constraints in Aria2App-2.0.0
	AndroidXNonNull condition: "" , add info: -
constraints in Aria2App-3.0.0

POSTCONDITION_REMOVED
version 1: Aria2App-2.0.0
version 2: Aria2App-3.0.0
compilation unit: 0184-Aria2App-v5.3.0/app/src/main/java/com/gianlu/aria2app/NetIO/AriaRequests.java
method: pause(String)
constraints in Aria2App-2.0.0
	AndroidXNonNull condition: "" , add info: -
constraints in Aria2App-3.0.0

POSTCONDITION_REMOVED
version 1: Aria2App-2.0.0
version 2: Aria2App-3.0.0
compilation unit: 0184-Aria2App-v5.3.0/app/src/main/java/com/gianlu/aria2app/NetIO/AriaRequests.java
method: unpause(String)
constraints in Aria2App-2.0.0
	AndroidXNonNull condition: "" , add info: -
constraints in Aria2App-3.0.0

POSTCONDITION_REMOVED
version 1: Aria2App-2.0.0
version 2: Aria2App-3.0.0
compilation unit: 0184-Aria2App-v5.3.0/app/src/main/java/com/gianlu/aria2app/NetIO/AriaRequests.java
method: remove(String)
constraints in Aria2App-2.0.0
	AndroidXNonNull condition: "" , add info: -
constraints in Aria2App-3.0.0

POSTCONDITION_REMOVED
version 1: Aria2App-2.0.0
version 2: Aria2App-3.0.0
compilation unit: 0184-Aria2App-v5.3.0/app/src/main/java/com/gianlu/aria2app/NetIO/AriaRequests.java
method: removeDownloadResult(String)
constraints in Aria2App-2.0.0
	AndroidXNonNull condition: "" , add info: -
constraints in Aria2App-3.0.0

POSTCONDITION_REMOVED
version 1: Aria2App-2.0.0
version 2: Aria2App-3.0.0
compilation unit: 0184-Aria2App-v5.3.0/app/src/main/java/com/gianlu/aria2app/NetIO/AriaRequests.java
method: tellStatus(String)
constraints in Aria2App-2.0.0
	AndroidXNonNull condition: "" , add info: -
constraints in Aria2App-3.0.0

POSTCONDITION_REMOVED
version 1: Aria2App-2.0.0
version 2: Aria2App-3.0.0
compilation unit: 0184-Aria2App-v5.3.0/app/src/main/java/com/gianlu/aria2app/NetIO/AriaRequests.java
method: tellActiveSmall()
constraints in Aria2App-2.0.0
	AndroidXNonNull condition: "" , add info: -
constraints in Aria2App-3.0.0

POSTCONDITION_REMOVED
version 1: Aria2App-2.0.0
version 2: Aria2App-3.0.0
compilation unit: 0184-Aria2App-v5.3.0/app/src/main/java/com/gianlu/aria2app/NetIO/AriaRequests.java
method: tellWaitingSmall(int,
constraints in Aria2App-2.0.0
	AndroidXNonNull condition: "" , add info: -
constraints in Aria2App-3.0.0

POSTCONDITION_REMOVED
version 1: Aria2App-2.0.0
version 2: Aria2App-3.0.0
compilation unit: 0184-Aria2App-v5.3.0/app/src/main/java/com/gianlu/aria2app/NetIO/AriaRequests.java
method: tellStoppedSmall(int,
constraints in Aria2App-2.0.0
	AndroidXNonNull condition: "" , add info: -
constraints in Aria2App-3.0.0

POSTCONDITION_REMOVED
version 1: Aria2App-2.0.0
version 2: Aria2App-3.0.0
compilation unit: 0184-Aria2App-v5.3.0/app/src/main/java/com/gianlu/aria2app/NetIO/AriaRequests.java
method: getVersion()
constraints in Aria2App-2.0.0
	AndroidXNonNull condition: "" , add info: -
constraints in Aria2App-3.0.0

POSTCONDITION_REMOVED
version 1: Aria2App-2.0.0
version 2: Aria2App-3.0.0
compilation unit: 0184-Aria2App-v5.3.0/app/src/main/java/com/gianlu/aria2app/NetIO/CertUtils.java
method: toString()
constraints in Aria2App-2.0.0
	AndroidXNonNull condition: "" , add info: -
constraints in Aria2App-3.0.0

POSTCONDITION_REMOVED
version 1: Aria2App-2.0.0
version 2: Aria2App-3.0.0
compilation unit: 0184-Aria2App-v5.3.0/app/src/main/java/com/gianlu/aria2app/NetIO/Downloader/FetchDownloadWrapper.java
method: get()
constraints in Aria2App-2.0.0
	JetBrainsNotNull condition: "" , add info: -
constraints in Aria2App-3.0.0

POSTCONDITION_REMOVED
version 1: Aria2App-2.0.0
version 2: Aria2App-3.0.0
compilation unit: 0184-Aria2App-v5.3.0/app/src/main/java/com/gianlu/aria2app/NetIO/Downloader/FetchDownloadWrapper.java
method: getName()
constraints in Aria2App-2.0.0
	JetBrainsNotNull condition: "" , add info: -
constraints in Aria2App-3.0.0

POSTCONDITION_REMOVED
version 1: Aria2App-2.0.0
version 2: Aria2App-3.0.0
compilation unit: 0184-Aria2App-v5.3.0/app/src/main/java/com/gianlu/aria2app/NetIO/Downloader/FetchDownloadWrapper.java
method: getStatus()
constraints in Aria2App-2.0.0
	JetBrainsNotNull condition: "" , add info: -
constraints in Aria2App-3.0.0

POSTCONDITION_REMOVED
version 1: Aria2App-2.0.0
version 2: Aria2App-3.0.0
compilation unit: 0184-Aria2App-v5.3.0/app/src/main/java/com/gianlu/aria2app/NetIO/Downloader/FetchDownloadWrapper.java
method: getFile()
constraints in Aria2App-2.0.0
	JetBrainsNotNull condition: "" , add info: -
constraints in Aria2App-3.0.0

POSTCONDITION_REMOVED
version 1: Aria2App-2.0.0
version 2: Aria2App-3.0.0
compilation unit: 0184-Aria2App-v5.3.0/app/src/main/java/com/gianlu/aria2app/NetIO/Downloader/FetchDownloadWrapper.java
method: getUri()
constraints in Aria2App-2.0.0
	JetBrainsNotNull condition: "" , add info: -
constraints in Aria2App-3.0.0

POSTCONDITION_REMOVED
version 1: Aria2App-2.0.0
version 2: Aria2App-3.0.0
compilation unit: 0184-Aria2App-v5.3.0/app/src/main/java/com/gianlu/aria2app/NetIO/Downloader/FetchDownloadWrapper.java
method: getDecodedUrl()
constraints in Aria2App-2.0.0
	AndroidXNonNull condition: "" , add info: -
constraints in Aria2App-3.0.0

POSTCONDITION_REMOVED
version 1: Aria2App-2.0.0
version 2: Aria2App-3.0.0
compilation unit: 0184-Aria2App-v5.3.0/app/src/main/java/com/gianlu/aria2app/NetIO/Downloader/FetchDownloadWrapper.java
method: getUrl()
constraints in Aria2App-2.0.0
	AndroidXNonNull condition: "" , add info: -
constraints in Aria2App-3.0.0

POSTCONDITION_REMOVED
version 1: Aria2App-2.0.0
version 2: Aria2App-3.0.0
compilation unit: 0184-Aria2App-v5.3.0/app/src/main/java/com/gianlu/aria2app/NetIO/Geolocalization/GeoIP.java
method: get()
constraints in Aria2App-2.0.0
	AndroidXNonNull condition: "" , add info: -
constraints in Aria2App-3.0.0

POSTCONDITION_REMOVED
version 1: Aria2App-2.0.0
version 2: Aria2App-3.0.0
compilation unit: 0184-Aria2App-v5.3.0/app/src/main/java/com/gianlu/aria2app/NetIO/Geolocalization/IPDetails.java
method: getNiceLocalizationString()
constraints in Aria2App-2.0.0
	AndroidXNonNull condition: "" , add info: -
constraints in Aria2App-3.0.0

POSTCONDITION_REMOVED
version 1: Aria2App-2.0.0
version 2: Aria2App-3.0.0
compilation unit: 0184-Aria2App-v5.3.0/app/src/main/java/com/gianlu/aria2app/NetIO/HttpClient.java
method: run()
constraints in Aria2App-2.0.0
	AndroidXWorkerThread condition: "" , add info: -
constraints in Aria2App-3.0.0

POSTCONDITION_REMOVED
version 1: Aria2App-2.0.0
version 2: Aria2App-3.0.0
compilation unit: 0184-Aria2App-v5.3.0/app/src/main/java/com/gianlu/aria2app/NetIO/NetInstanceHolder.java
method: referenceFor(AbstractClient)
constraints in Aria2App-2.0.0
	AndroidXNonNull condition: "" , add info: -
constraints in Aria2App-3.0.0

POSTCONDITION_REMOVED
version 1: Aria2App-2.0.0
version 2: Aria2App-3.0.0
compilation unit: 0184-Aria2App-v5.3.0/app/src/main/java/com/gianlu/aria2app/NetIO/PeerIdParser.java
method: toString()
constraints in Aria2App-2.0.0
	AndroidXNonNull condition: "" , add info: -
constraints in Aria2App-3.0.0

POSTCONDITION_REMOVED
version 1: Aria2App-2.0.0
version 2: Aria2App-3.0.0
compilation unit: 0184-Aria2App-v5.3.0/app/src/main/java/com/gianlu/aria2app/NetIO/Search/MissingSearchEngine.java
method: toString()
constraints in Aria2App-2.0.0
	AndroidXNonNull condition: "" , add info: -
constraints in Aria2App-3.0.0

POSTCONDITION_REMOVED
version 1: Aria2App-2.0.0
version 2: Aria2App-3.0.0
compilation unit: 0184-Aria2App-v5.3.0/app/src/main/java/com/gianlu/aria2app/NetIO/Search/SearchApi.java
method: get()
constraints in Aria2App-2.0.0
	AndroidXNonNull condition: "" , add info: -
constraints in Aria2App-3.0.0

POSTCONDITION_REMOVED
version 1: Aria2App-2.0.0
version 2: Aria2App-3.0.0
compilation unit: 0184-Aria2App-v5.3.0/app/src/main/java/com/gianlu/aria2app/NetIO/Search/SearchEngine.java
method: list(JSONArray)
constraints in Aria2App-2.0.0
	AndroidXNonNull condition: "" , add info: -
constraints in Aria2App-3.0.0

POSTCONDITION_REMOVED
version 1: Aria2App-2.0.0
version 2: Aria2App-3.0.0
compilation unit: 0184-Aria2App-v5.3.0/app/src/main/java/com/gianlu/aria2app/NetIO/Search/SearchResult.java
method: list(JSONArray)
constraints in Aria2App-2.0.0
	AndroidXNonNull condition: "" , add info: -
constraints in Aria2App-3.0.0

POSTCONDITION_REMOVED
version 1: Aria2App-2.0.0
version 2: Aria2App-3.0.0
compilation unit: 0184-Aria2App-v5.3.0/app/src/main/java/com/gianlu/aria2app/NetIO/TrackersListFetch.java
method: get()
constraints in Aria2App-2.0.0
	AndroidXNonNull condition: "" , add info: -
constraints in Aria2App-3.0.0

POSTCONDITION_REMOVED
version 1: Aria2App-2.0.0
version 2: Aria2App-3.0.0
compilation unit: 0184-Aria2App-v5.3.0/app/src/main/java/com/gianlu/aria2app/NetIO/TrackersListFetch.java
method: getId()
constraints in Aria2App-2.0.0
	AndroidXNonNull condition: "" , add info: -
constraints in Aria2App-3.0.0

POSTCONDITION_REMOVED
version 1: Aria2App-2.0.0
version 2: Aria2App-3.0.0
compilation unit: 0184-Aria2App-v5.3.0/app/src/main/java/com/gianlu/aria2app/NetIO/Updater/PayloadProvider.java
method: toString()
constraints in Aria2App-2.0.0
	JetBrainsNotNull condition: "" , add info: -
constraints in Aria2App-3.0.0

POSTCONDITION_REMOVED
version 1: Aria2App-2.0.0
version 2: Aria2App-3.0.0
compilation unit: 0184-Aria2App-v5.3.0/app/src/main/java/com/gianlu/aria2app/NetIO/Updater/PayloadProvider.java
method: provides()
constraints in Aria2App-2.0.0
	AndroidXNonNull condition: "" , add info: -
constraints in Aria2App-3.0.0

POSTCONDITION_REMOVED
version 1: Aria2App-2.0.0
version 2: Aria2App-3.0.0
compilation unit: 0184-Aria2App-v5.3.0/app/src/main/java/com/gianlu/aria2app/NetIO/Updater/PayloadProvider.java
method: getHelper()
constraints in Aria2App-2.0.0
	AndroidXNonNull condition: "" , add info: -
constraints in Aria2App-3.0.0

POSTCONDITION_REMOVED
version 1: Aria2App-2.0.0
version 2: Aria2App-3.0.0
compilation unit: 0184-Aria2App-v5.3.0/app/src/main/java/com/gianlu/aria2app/NetIO/Updater/PayloadUpdater.java
method: getHelper()
constraints in Aria2App-2.0.0
	AndroidXNonNull condition: "" , add info: -
constraints in Aria2App-3.0.0

POSTCONDITION_REMOVED
version 1: Aria2App-2.0.0
version 2: Aria2App-3.0.0
compilation unit: 0184-Aria2App-v5.3.0/app/src/main/java/com/gianlu/aria2app/NetIO/Updater/Receiver.java
method: wants()
constraints in Aria2App-2.0.0
	AndroidXNonNull condition: "" , add info: -
constraints in Aria2App-3.0.0

POSTCONDITION_REMOVED
version 1: Aria2App-2.0.0
version 2: Aria2App-3.0.0
compilation unit: 0184-Aria2App-v5.3.0/app/src/main/java/com/gianlu/aria2app/NetIO/Updater/Receiver.java
method: requireProvider()
constraints in Aria2App-2.0.0
	AndroidXNonNull condition: "" , add info: -
constraints in Aria2App-3.0.0

POSTCONDITION_REMOVED
version 1: Aria2App-2.0.0
version 2: Aria2App-3.0.0
compilation unit: 0184-Aria2App-v5.3.0/app/src/main/java/com/gianlu/aria2app/NetIO/Updater/ReceiverOwner.java
method: toString()
constraints in Aria2App-2.0.0
	AndroidXNonNull condition: "" , add info: -
constraints in Aria2App-3.0.0

POSTCONDITION_REMOVED
version 1: Aria2App-2.0.0
version 2: Aria2App-3.0.0
compilation unit: 0184-Aria2App-v5.3.0/app/src/main/java/com/gianlu/aria2app/NetIO/Updater/UpdaterActivity.java
method: onResume()
constraints in Aria2App-2.0.0
	AndroidXCallSuper condition: "" , add info: -
constraints in Aria2App-3.0.0

POSTCONDITION_REMOVED
version 1: Aria2App-2.0.0
version 2: Aria2App-3.0.0
compilation unit: 0184-Aria2App-v5.3.0/app/src/main/java/com/gianlu/aria2app/NetIO/Updater/UpdaterActivity.java
method: onDestroy()
constraints in Aria2App-2.0.0
	AndroidXCallSuper condition: "" , add info: -
constraints in Aria2App-3.0.0

POSTCONDITION_REMOVED
version 1: Aria2App-2.0.0
version 2: Aria2App-3.0.0
compilation unit: 0184-Aria2App-v5.3.0/app/src/main/java/com/gianlu/aria2app/NetIO/Updater/UpdaterActivity.java
method: onPause()
constraints in Aria2App-2.0.0
	AndroidXCallSuper condition: "" , add info: -
constraints in Aria2App-3.0.0

POSTCONDITION_REMOVED
version 1: Aria2App-2.0.0
version 2: Aria2App-3.0.0
compilation unit: 0184-Aria2App-v5.3.0/app/src/main/java/com/gianlu/aria2app/NetIO/Updater/UpdaterActivity.java
method: onStop()
constraints in Aria2App-2.0.0
	AndroidXCallSuper condition: "" , add info: -
constraints in Aria2App-3.0.0

POSTCONDITION_REMOVED
version 1: Aria2App-2.0.0
version 2: Aria2App-3.0.0
compilation unit: 0184-Aria2App-v5.3.0/app/src/main/java/com/gianlu/aria2app/NetIO/Updater/UpdaterActivity.java
method: getFramework()
constraints in Aria2App-2.0.0
	AndroidXNonNull condition: "" , add info: -
constraints in Aria2App-3.0.0

POSTCONDITION_REMOVED
version 1: Aria2App-2.0.0
version 2: Aria2App-3.0.0
compilation unit: 0184-Aria2App-v5.3.0/app/src/main/java/com/gianlu/aria2app/NetIO/Updater/UpdaterFragment.java
method: getHelper()
constraints in Aria2App-2.0.0
	AndroidXNonNull condition: "" , add info: -
constraints in Aria2App-3.0.0

POSTCONDITION_REMOVED
version 1: Aria2App-2.0.0
version 2: Aria2App-3.0.0
compilation unit: 0184-Aria2App-v5.3.0/app/src/main/java/com/gianlu/aria2app/NetIO/Updater/UpdaterFragment.java
method: onDestroy()
constraints in Aria2App-2.0.0
	AndroidXCallSuper condition: "" , add info: -
constraints in Aria2App-3.0.0

POSTCONDITION_REMOVED
version 1: Aria2App-2.0.0
version 2: Aria2App-3.0.0
compilation unit: 0184-Aria2App-v5.3.0/app/src/main/java/com/gianlu/aria2app/NetIO/Updater/UpdaterFragment.java
method: onPause()
constraints in Aria2App-2.0.0
	AndroidXCallSuper condition: "" , add info: -
constraints in Aria2App-3.0.0

POSTCONDITION_REMOVED
version 1: Aria2App-2.0.0
version 2: Aria2App-3.0.0
compilation unit: 0184-Aria2App-v5.3.0/app/src/main/java/com/gianlu/aria2app/NetIO/Updater/UpdaterFragment.java
method: onStop()
constraints in Aria2App-2.0.0
	AndroidXCallSuper condition: "" , add info: -
constraints in Aria2App-3.0.0

POSTCONDITION_REMOVED
version 1: Aria2App-2.0.0
version 2: Aria2App-3.0.0
compilation unit: 0184-Aria2App-v5.3.0/app/src/main/java/com/gianlu/aria2app/NetIO/Updater/UpdaterFramework.java
method: get()
constraints in Aria2App-2.0.0
	AndroidXNonNull condition: "" , add info: -
constraints in Aria2App-3.0.0

POSTCONDITION_REMOVED
version 1: Aria2App-2.0.0
version 2: Aria2App-3.0.0
compilation unit: 0184-Aria2App-v5.3.0/app/src/main/java/com/gianlu/aria2app/NetIO/Updater/Wants.java
method: downloadsAndStats()
constraints in Aria2App-2.0.0
	AndroidXNonNull condition: "" , add info: -
constraints in Aria2App-3.0.0

POSTCONDITION_REMOVED
version 1: Aria2App-2.0.0
version 2: Aria2App-3.0.0
compilation unit: 0184-Aria2App-v5.3.0/app/src/main/java/com/gianlu/aria2app/Options/OptionsDialog.java
method: getDownload(String,
constraints in Aria2App-2.0.0
	AndroidXNonNull condition: "" , add info: -
constraints in Aria2App-3.0.0

POSTCONDITION_REMOVED
version 1: Aria2App-2.0.0
version 2: Aria2App-3.0.0
compilation unit: 0184-Aria2App-v5.3.0/app/src/main/java/com/gianlu/aria2app/Options/OptionsDialog.java
method: getGlobal(boolean)
constraints in Aria2App-2.0.0
	AndroidXNonNull condition: "" , add info: -
constraints in Aria2App-3.0.0

POSTCONDITION_REMOVED
version 1: Aria2App-2.0.0
version 2: Aria2App-3.0.0
compilation unit: 0184-Aria2App-v5.3.0/app/src/main/java/com/gianlu/aria2app/Options/OptionsDialog.java
method: onCreateDialog(Bundle)
constraints in Aria2App-2.0.0
	AndroidXNonNull condition: "" , add info: -
constraints in Aria2App-3.0.0

POSTCONDITION_REMOVED
version 1: Aria2App-2.0.0
version 2: Aria2App-3.0.0
compilation unit: 0184-Aria2App-v5.3.0/app/src/main/java/com/gianlu/aria2app/Options/OptionsManager.java
method: loadGlobalOptions()
constraints in Aria2App-2.0.0
	AndroidXNonNull condition: "" , add info: -
constraints in Aria2App-3.0.0

POSTCONDITION_REMOVED
version 1: Aria2App-2.0.0
version 2: Aria2App-3.0.0
compilation unit: 0184-Aria2App-v5.3.0/app/src/main/java/com/gianlu/aria2app/Options/OptionsManager.java
method: loadDownloadOptions()
constraints in Aria2App-2.0.0
	AndroidXNonNull condition: "" , add info: -
constraints in Aria2App-3.0.0

POSTCONDITION_REMOVED
version 1: Aria2App-2.0.0
version 2: Aria2App-3.0.0
compilation unit: 0184-Aria2App-v5.3.0/app/src/main/java/com/gianlu/aria2app/Options/OptionsView.java
method: getAdapter()
constraints in Aria2App-2.0.0
	AndroidXNullable condition: "" , add info: -
constraints in Aria2App-3.0.0

POSTCONDITION_REMOVED
version 1: Aria2App-2.0.0
version 2: Aria2App-3.0.0
compilation unit: 0184-Aria2App-v5.3.0/app/src/main/java/com/gianlu/aria2app/PreferenceActivity.java
method: getPreferencesItems()
constraints in Aria2App-2.0.0
	AndroidXNonNull condition: "" , add info: -
constraints in Aria2App-3.0.0

POSTCONDITION_REMOVED
version 1: Aria2App-2.0.0
version 2: Aria2App-3.0.0
compilation unit: 0184-Aria2App-v5.3.0/app/src/main/java/com/gianlu/aria2app/PreferenceActivity.java
method: getOpenSourceUrl()
constraints in Aria2App-2.0.0
	AndroidXNullable condition: "" , add info: -
constraints in Aria2App-3.0.0

POSTCONDITION_REMOVED
version 1: Aria2App-2.0.0
version 2: Aria2App-3.0.0
compilation unit: 0184-Aria2App-v5.3.0/app/src/main/java/com/gianlu/aria2app/ProfilesManager/ChooserTargetsCache.java
method: get()
constraints in Aria2App-2.0.0
	AndroidXNonNull condition: "" , add info: -
constraints in Aria2App-3.0.0

POSTCONDITION_REMOVED
version 1: Aria2App-2.0.0
version 2: Aria2App-3.0.0
compilation unit: 0184-Aria2App-v5.3.0/app/src/main/java/com/gianlu/aria2app/ProfilesManager/MultiProfile.java
method: shouldSkipVersionCheck(Context)
constraints in Aria2App-2.0.0
	JetBrainsNullable condition: "" , add info: -
	AndroidXNullable condition: "" , add info: -
constraints in Aria2App-3.0.0

POSTCONDITION_REMOVED
version 1: Aria2App-2.0.0
version 2: Aria2App-3.0.0
compilation unit: 0184-Aria2App-v5.3.0/app/src/main/java/com/gianlu/aria2app/ProfilesManager/MultiProfile.java
method: toString()
constraints in Aria2App-2.0.0
	JetBrainsNotNull condition: "" , add info: -
	JetBrainsNotNull condition: "" , add info: -
constraints in Aria2App-3.0.0

POSTCONDITION_REMOVED
version 1: Aria2App-2.0.0
version 2: Aria2App-3.0.0
compilation unit: 0184-Aria2App-v5.3.0/app/src/main/java/com/gianlu/aria2app/ProfilesManager/MultiProfile.java
method: getUrl()
constraints in Aria2App-2.0.0
	JetBrainsNullable condition: "" , add info: -
	AndroidXNullable condition: "" , add info: -
constraints in Aria2App-3.0.0

POSTCONDITION_REMOVED
version 1: Aria2App-2.0.0
version 2: Aria2App-3.0.0
compilation unit: 0184-Aria2App-v5.3.0/app/src/main/java/com/gianlu/aria2app/ProfilesManager/MultiProfile.java
method: getEncodedCredentials()
constraints in Aria2App-2.0.0
	JetBrainsNullable condition: "" , add info: -
	AndroidXNullable condition: "" , add info: -
constraints in Aria2App-3.0.0

POSTCONDITION_REMOVED
version 1: Aria2App-2.0.0
version 2: Aria2App-3.0.0
compilation unit: 0184-Aria2App-v5.3.0/app/src/main/java/com/gianlu/aria2app/ProfilesManager/MultiProfile.java
method: forInAppDownloader()
constraints in Aria2App-2.0.0
	AndroidXNonNull condition: "" , add info: -
constraints in Aria2App-3.0.0

POSTCONDITION_REMOVED
version 1: Aria2App-2.0.0
version 2: Aria2App-3.0.0
compilation unit: 0184-Aria2App-v5.3.0/app/src/main/java/com/gianlu/aria2app/ProfilesManager/MultiProfile.java
method: getProfile(ProfilesManager)
constraints in Aria2App-2.0.0
	AndroidXNonNull condition: "" , add info: -
constraints in Aria2App-3.0.0

POSTCONDITION_REMOVED
version 1: Aria2App-2.0.0
version 2: Aria2App-3.0.0
compilation unit: 0184-Aria2App-v5.3.0/app/src/main/java/com/gianlu/aria2app/ProfilesManager/MultiProfile.java
method: getProfile(Context)
constraints in Aria2App-2.0.0
	AndroidXNonNull condition: "" , add info: -
constraints in Aria2App-3.0.0

POSTCONDITION_REMOVED
version 1: Aria2App-2.0.0
version 2: Aria2App-3.0.0
compilation unit: 0184-Aria2App-v5.3.0/app/src/main/java/com/gianlu/aria2app/ProfilesManager/MultiProfile.java
method: getProfile(int,
constraints in Aria2App-2.0.0
	AndroidXNonNull condition: "" , add info: -
constraints in Aria2App-3.0.0

POSTCONDITION_REMOVED
version 1: Aria2App-2.0.0
version 2: Aria2App-3.0.0
compilation unit: 0184-Aria2App-v5.3.0/app/src/main/java/com/gianlu/aria2app/ProfilesManager/MultiProfile.java
method: getParent()
constraints in Aria2App-2.0.0
	AndroidXNonNull condition: "" , add info: -
constraints in Aria2App-3.0.0

POSTCONDITION_REMOVED
version 1: Aria2App-2.0.0
version 2: Aria2App-3.0.0
compilation unit: 0184-Aria2App-v5.3.0/app/src/main/java/com/gianlu/aria2app/ProfilesManager/ProfilesManager.java
method: exportAllProfiles()
constraints in Aria2App-2.0.0
	AndroidXNonNull condition: "" , add info: -
constraints in Aria2App-3.0.0

POSTCONDITION_REMOVED
version 1: Aria2App-2.0.0
version 2: Aria2App-3.0.0
compilation unit: 0184-Aria2App-v5.3.0/app/src/main/java/com/gianlu/aria2app/ProfilesManager/ProfilesManager.java
method: getCurrentSpecific()
constraints in Aria2App-2.0.0
	AndroidXNonNull condition: "" , add info: -
constraints in Aria2App-3.0.0

POSTCONDITION_REMOVED
version 1: Aria2App-2.0.0
version 2: Aria2App-3.0.0
compilation unit: 0184-Aria2App-v5.3.0/app/src/main/java/com/gianlu/aria2app/ProfilesManager/ProfilesManager.java
method: getCurrent()
constraints in Aria2App-2.0.0
	AndroidXNonNull condition: "" , add info: -
constraints in Aria2App-3.0.0

POSTCONDITION_REMOVED
version 1: Aria2App-2.0.0
version 2: Aria2App-3.0.0
compilation unit: 0184-Aria2App-v5.3.0/app/src/main/java/com/gianlu/aria2app/ProfilesManager/ProfilesManager.java
method: getLastProfile()
constraints in Aria2App-2.0.0
	AndroidXNullable condition: "" , add info: -
constraints in Aria2App-3.0.0

POSTCONDITION_REMOVED
version 1: Aria2App-2.0.0
version 2: Aria2App-3.0.0
compilation unit: 0184-Aria2App-v5.3.0/app/src/main/java/com/gianlu/aria2app/ProfilesManager/ProfilesManager.java
method: getProfiles()
constraints in Aria2App-2.0.0
	AndroidXNonNull condition: "" , add info: -
constraints in Aria2App-3.0.0

POSTCONDITION_REMOVED
version 1: Aria2App-2.0.0
version 2: Aria2App-3.0.0
compilation unit: 0184-Aria2App-v5.3.0/app/src/main/java/com/gianlu/aria2app/ProfilesManager/ProfilesManager.java
method: getWifiManager()
constraints in Aria2App-2.0.0
	AndroidXNonNull condition: "" , add info: -
constraints in Aria2App-3.0.0

POSTCONDITION_REMOVED
version 1: Aria2App-2.0.0
version 2: Aria2App-3.0.0
compilation unit: 0184-Aria2App-v5.3.0/app/src/main/java/com/gianlu/aria2app/ProfilesManager/ProfilesManager.java
method: getConnectivityManager()
constraints in Aria2App-2.0.0
	AndroidXNonNull condition: "" , add info: -
constraints in Aria2App-3.0.0

POSTCONDITION_REMOVED
version 1: Aria2App-2.0.0
version 2: Aria2App-3.0.0
compilation unit: 0184-Aria2App-v5.3.0/app/src/main/java/com/gianlu/aria2app/ProfilesManager/Testers/Aria2Tester.java
method: describe()
constraints in Aria2App-2.0.0
	AndroidXNonNull condition: "" , add info: -
constraints in Aria2App-3.0.0

POSTCONDITION_REMOVED
version 1: Aria2App-2.0.0
version 2: Aria2App-3.0.0
compilation unit: 0184-Aria2App-v5.3.0/app/src/main/java/com/gianlu/aria2app/ProfilesManager/Testers/BaseTester.java
method: describe()
constraints in Aria2App-2.0.0
	AndroidXNonNull condition: "" , add info: -
constraints in Aria2App-3.0.0

POSTCONDITION_REMOVED
version 1: Aria2App-2.0.0
version 2: Aria2App-3.0.0
compilation unit: 0184-Aria2App-v5.3.0/app/src/main/java/com/gianlu/aria2app/ProfilesManager/Testers/DirectDownloadTester.java
method: describe()
constraints in Aria2App-2.0.0
	AndroidXNonNull condition: "" , add info: -
constraints in Aria2App-3.0.0

POSTCONDITION_REMOVED
version 1: Aria2App-2.0.0
version 2: Aria2App-3.0.0
compilation unit: 0184-Aria2App-v5.3.0/app/src/main/java/com/gianlu/aria2app/ProfilesManager/Testers/NetTester.java
method: describe()
constraints in Aria2App-2.0.0
	AndroidXNonNull condition: "" , add info: -
constraints in Aria2App-3.0.0

POSTCONDITION_REMOVED
version 1: Aria2App-2.0.0
version 2: Aria2App-3.0.0
compilation unit: 0184-Aria2App-v5.3.0/app/src/main/java/com/gianlu/aria2app/Services/NotificationService.java
method: onBind(Intent)
constraints in Aria2App-2.0.0
	AndroidXNullable condition: "" , add info: -
constraints in Aria2App-3.0.0

POSTCONDITION_REMOVED
version 1: Aria2App-2.0.0
version 2: Aria2App-3.0.0
compilation unit: 0184-Aria2App-v5.3.0/app/src/main/java/com/gianlu/aria2app/Services/NotificationService.java
method: prefsValues()
constraints in Aria2App-2.0.0
	AndroidXNonNull condition: "" , add info: -
constraints in Aria2App-3.0.0

POSTCONDITION_REMOVED
version 1: Aria2App-2.0.0
version 2: Aria2App-3.0.0
compilation unit: 0184-Aria2App-v5.3.0/app/src/main/java/com/gianlu/aria2app/Services/NotificationService.java
method: formalValues(Context)
constraints in Aria2App-2.0.0
	AndroidXNonNull condition: "" , add info: -
constraints in Aria2App-3.0.0

POSTCONDITION_REMOVED
version 1: Aria2App-2.0.0
version 2: Aria2App-3.0.0
compilation unit: 0184-Aria2App-v5.3.0/app/src/main/java/com/gianlu/aria2app/Services/NotificationService.java
method: channelName()
constraints in Aria2App-2.0.0
	AndroidXNonNull condition: "" , add info: -
constraints in Aria2App-3.0.0

POSTCONDITION_REMOVED
version 1: Aria2App-2.0.0
version 2: Aria2App-3.0.0
compilation unit: 0184-Aria2App-v5.3.0/app/src/main/java/com/gianlu/aria2app/ThisApplication.java
method: getInAppAria2Version()
constraints in Aria2App-2.0.0
	AndroidXNullable condition: "" , add info: -
constraints in Aria2App-3.0.0

POSTCONDITION_REMOVED
version 1: Aria2App-2.0.0
version 2: Aria2App-3.0.0
compilation unit: 0184-Aria2App-v5.3.0/app/src/main/java/com/gianlu/aria2app/Tutorial/Discovery.java
method: extends
constraints in Aria2App-2.0.0
	AndroidXNonNull condition: "" , add info: -
constraints in Aria2App-3.0.0

POSTCONDITION_REMOVED
version 1: Aria2App-2.0.0
version 2: Aria2App-3.0.0
compilation unit: 0184-Aria2App-v5.3.0/app/src/main/java/com/gianlu/aria2app/Utils.java
method: toHexString(byte[])
constraints in Aria2App-2.0.0
	AndroidXNonNull condition: "" , add info: -
constraints in Aria2App-3.0.0

POSTCONDITION_REMOVED
version 1: Aria2App-2.0.0
version 2: Aria2App-3.0.0
compilation unit: 0184-Aria2App-v5.3.0/app/src/main/java/com/gianlu/aria2app/WebView/InterceptedRequest.java
method: url()
constraints in Aria2App-2.0.0
	AndroidXNonNull condition: "" , add info: -
constraints in Aria2App-3.0.0

POSTCONDITION_REMOVED
version 1: Aria2App-2.0.0
version 2: Aria2App-3.0.0
compilation unit: 0184-Aria2App-v5.3.0/app/src/main/java/com/gianlu/aria2app/WebView/InterceptedRequest.java
method: String>
constraints in Aria2App-2.0.0
	AndroidXNonNull condition: "" , add info: -
constraints in Aria2App-3.0.0

POSTCONDITION_REMOVED
version 1: Aria2App-2.0.0
version 2: Aria2App-3.0.0
compilation unit: 0184-Aria2App-v5.3.0/app/src/main/java/com/gianlu/aria2app/WebView/InterceptedRequest.java
method: filename()
constraints in Aria2App-2.0.0
	AndroidXNullable condition: "" , add info: -
constraints in Aria2App-3.0.0

POSTCONDITION_REMOVED
version 1: Aria2App-2.0.0
version 2: Aria2App-3.0.0
compilation unit: 0184-Aria2App-v5.3.0/app/src/main/java/com/gianlu/aria2app/WebView/WebViewActivity.java
method: shouldInterceptRequest(WebView,
constraints in Aria2App-2.0.0
	AndroidXNullable condition: "" , add info: -
constraints in Aria2App-3.0.0

POSTCONDITION_REMOVED
version 1: BaldPhone-2.0.0
version 2: BaldPhone-3.0.0
compilation unit: 0131-BaldPhone-75/app/src/main/java/com/bald/uriah/baldphone/activities/contacts/BaseContactsActivity.java
method: layout()
constraints in BaldPhone-2.0.0
	AndroidXLayoutRes condition: "" , add info: -
constraints in BaldPhone-3.0.0

POSTCONDITION_REMOVED
version 1: BaldPhone-2.0.0
version 2: BaldPhone-3.0.0
compilation unit: 0131-BaldPhone-75/app/src/main/java/com/bald/uriah/baldphone/activities/HomeScreenActivity.java
method: onResume()
constraints in BaldPhone-2.0.0
	AndroidSuppressLint condition: ""InlinedApi"" , add info: -
constraints in BaldPhone-3.0.0

POSTCONDITION_REMOVED
version 1: BaldPhone-2.0.0
version 2: BaldPhone-3.0.0
compilation unit: 0131-BaldPhone-75/app/src/main/java/com/bald/uriah/baldphone/activities/TutorialActivity.java
method: getItem(int)
constraints in BaldPhone-2.0.0
	AndroidXNonNull condition: "" , add info: -
constraints in BaldPhone-3.0.0

POSTCONDITION_REMOVED
version 1: BaldPhone-2.0.0
version 2: BaldPhone-3.0.0
compilation unit: 0131-BaldPhone-75/app/src/main/java/com/bald/uriah/baldphone/BaldPhone.java
method: uncaughtException(Thread,
constraints in BaldPhone-2.0.0
	AndroidSuppressLint condition: ""ApplySharedPref"" , add info: -
constraints in BaldPhone-3.0.0

POSTCONDITION_REMOVED
version 1: BaldPhone-2.0.0
version 2: BaldPhone-3.0.0
compilation unit: 0131-BaldPhone-75/app/src/main/java/com/bald/uriah/baldphone/databases/alarms/Alarm.java
method: getNext()
constraints in BaldPhone-2.0.0
	AndroidXNullable condition: "" , add info: -
constraints in BaldPhone-3.0.0

POSTCONDITION_REMOVED
version 1: BaldPhone-2.0.0
version 2: BaldPhone-3.0.0
compilation unit: 0131-BaldPhone-75/app/src/main/java/com/bald/uriah/baldphone/databases/calls/Call.java
method: getMiniContact(Context)
constraints in BaldPhone-2.0.0
	AndroidXNullable condition: "" , add info: -
constraints in BaldPhone-3.0.0

POSTCONDITION_REMOVED
version 1: BaldPhone-2.0.0
version 2: BaldPhone-3.0.0
compilation unit: 0131-BaldPhone-75/app/src/main/java/com/bald/uriah/baldphone/databases/contacts/Contact.java
method: String[]>>
constraints in BaldPhone-2.0.0
	AndroidXNonNull condition: "" , add info: -
constraints in BaldPhone-3.0.0

POSTCONDITION_REMOVED
version 1: BaldPhone-2.0.0
version 2: BaldPhone-3.0.0
compilation unit: 0131-BaldPhone-75/app/src/main/java/com/bald/uriah/baldphone/databases/contacts/Contact.java
method: getAddress()
constraints in BaldPhone-2.0.0
	AndroidXNullable condition: "" , add info: -
constraints in BaldPhone-3.0.0

POSTCONDITION_REMOVED
version 1: BaldPhone-2.0.0
version 2: BaldPhone-3.0.0
compilation unit: 0131-BaldPhone-75/app/src/main/java/com/bald/uriah/baldphone/databases/contacts/Contact.java
method: getWhatsappNumbers()
constraints in BaldPhone-2.0.0
	AndroidXNonNull condition: "" , add info: -
constraints in BaldPhone-3.0.0

POSTCONDITION_REMOVED
version 1: BaldPhone-2.0.0
version 2: BaldPhone-3.0.0
compilation unit: 0131-BaldPhone-75/app/src/main/java/com/bald/uriah/baldphone/databases/contacts/Contact.java
method: String>>
constraints in BaldPhone-2.0.0
	AndroidXNonNull condition: "" , add info: -
constraints in BaldPhone-3.0.0

POSTCONDITION_REMOVED
version 1: BaldPhone-2.0.0
version 2: BaldPhone-3.0.0
compilation unit: 0131-BaldPhone-75/app/src/main/java/com/bald/uriah/baldphone/databases/contacts/Contact.java
method: getMobilePhone()
constraints in BaldPhone-2.0.0
	AndroidXNullable condition: "" , add info: -
constraints in BaldPhone-3.0.0

POSTCONDITION_REMOVED
version 1: BaldPhone-2.0.0
version 2: BaldPhone-3.0.0
compilation unit: 0131-BaldPhone-75/app/src/main/java/com/bald/uriah/baldphone/databases/contacts/Contact.java
method: getHomePhone()
constraints in BaldPhone-2.0.0
	AndroidXNullable condition: "" , add info: -
constraints in BaldPhone-3.0.0

POSTCONDITION_REMOVED
version 1: BaldPhone-2.0.0
version 2: BaldPhone-3.0.0
compilation unit: 0131-BaldPhone-75/app/src/main/java/com/bald/uriah/baldphone/databases/contacts/Contact.java
method: getMailList()
constraints in BaldPhone-2.0.0
	AndroidXNonNull condition: "" , add info: -
constraints in BaldPhone-3.0.0

POSTCONDITION_REMOVED
version 1: BaldPhone-2.0.0
version 2: BaldPhone-3.0.0
compilation unit: 0131-BaldPhone-75/app/src/main/java/com/bald/uriah/baldphone/databases/contacts/Contact.java
method: getLookupKey()
constraints in BaldPhone-2.0.0
	AndroidXNonNull condition: "" , add info: -
constraints in BaldPhone-3.0.0

POSTCONDITION_REMOVED
version 1: BaldPhone-2.0.0
version 2: BaldPhone-3.0.0
compilation unit: 0131-BaldPhone-75/app/src/main/java/com/bald/uriah/baldphone/databases/contacts/Contact.java
method: getName()
constraints in BaldPhone-2.0.0
	AndroidXNonNull condition: "" , add info: -
constraints in BaldPhone-3.0.0

POSTCONDITION_REMOVED
version 1: BaldPhone-2.0.0
version 2: BaldPhone-3.0.0
compilation unit: 0131-BaldPhone-75/app/src/main/java/com/bald/uriah/baldphone/databases/contacts/Contact.java
method: getPhoto()
constraints in BaldPhone-2.0.0
	AndroidXNullable condition: "" , add info: -
constraints in BaldPhone-3.0.0

POSTCONDITION_REMOVED
version 1: BaldPhone-2.0.0
version 2: BaldPhone-3.0.0
compilation unit: 0131-BaldPhone-75/app/src/main/java/com/bald/uriah/baldphone/databases/reminders/Reminder.java
method: getTextualContent()
constraints in BaldPhone-2.0.0
	AndroidXNullable condition: "" , add info: -
constraints in BaldPhone-3.0.0

POSTCONDITION_REMOVED
version 1: BaldPhone-2.0.0
version 2: BaldPhone-3.0.0
compilation unit: 0131-BaldPhone-75/app/src/main/java/com/bald/uriah/baldphone/databases/reminders/Reminder.java
method: getTimeAsStringRes()
constraints in BaldPhone-2.0.0
	AndroidXStringRes condition: "" , add info: -
	AndroidXIntDef condition: "{ TYPE_PILL, TYPE_REGULAR, TYPE_BIRTHDAY, TYPE_PICTURE }" , add info: -
	AndroidXIntDef condition: "{ TIME_MORNING, TIME_AFTERNOON, TIME_EVENING }" , add info: -
	AndroidXIntDef condition: "{ BINARY_RGB, BINARY_PNG, BINARY_M4A, NULL }" , add info: -
constraints in BaldPhone-3.0.0

POSTCONDITION_REMOVED
version 1: BaldPhone-2.0.0
version 2: BaldPhone-3.0.0
compilation unit: 0131-BaldPhone-75/app/src/main/java/com/bald/uriah/baldphone/fragments_and_dialogs/tutorial_fragments/TutorialFragment.java
method: layoutRes()
constraints in BaldPhone-2.0.0
	AndroidXLayoutRes condition: "" , add info: -
constraints in BaldPhone-3.0.0

POSTCONDITION_REMOVED
version 1: BaldPhone-2.0.0
version 2: BaldPhone-3.0.0
compilation unit: 0131-BaldPhone-75/app/src/main/java/com/bald/uriah/baldphone/keyboard/BaldKeyboard.java
method: layout()
constraints in BaldPhone-2.0.0
	AndroidXLayoutRes condition: "" , add info: -
constraints in BaldPhone-3.0.0

POSTCONDITION_REMOVED
version 1: BaldPhone-2.0.0
version 2: BaldPhone-3.0.0
compilation unit: 0131-BaldPhone-75/app/src/main/java/com/bald/uriah/baldphone/utils/S.java
method: balddayToStringId(int)
constraints in BaldPhone-2.0.0
	AndroidXStringRes condition: "" , add info: -
constraints in BaldPhone-3.0.0

POSTCONDITION_REMOVED
version 1: BaldPhone-2.0.0
version 2: BaldPhone-3.0.0
compilation unit: 0131-BaldPhone-75/app/src/main/java/com/bald/uriah/baldphone/utils/UpdatingUtil.java
method: getDownloadedFile()
constraints in BaldPhone-2.0.0
	AndroidXNonNull condition: "" , add info: -
constraints in BaldPhone-3.0.0

POSTCONDITION_REMOVED
version 1: BaldPhone-2.0.0
version 2: BaldPhone-3.0.0
compilation unit: 0131-BaldPhone-75/app/src/main/java/com/bald/uriah/baldphone/views/BaldButtonInterface.java
method: onTouch(View,
constraints in BaldPhone-2.0.0
	AndroidSuppressLint condition: ""ClickableViewAccessibility"" , add info: -
constraints in BaldPhone-3.0.0

POSTCONDITION_REMOVED
version 1: BaldPhone-2.0.0
version 2: BaldPhone-3.0.0
compilation unit: 0131-BaldPhone-75/app/src/main/java/com/bald/uriah/baldphone/views/BaldConstraintLayoutButton.java
method: setOnTouchListener(OnTouchListener)
constraints in BaldPhone-2.0.0
	AndroidSuppressLint condition: ""ClickableViewAccessibility"" , add info: -
constraints in BaldPhone-3.0.0

POSTCONDITION_REMOVED
version 1: BaldPhone-2.0.0
version 2: BaldPhone-3.0.0
compilation unit: 0131-BaldPhone-75/app/src/main/java/com/bald/uriah/baldphone/views/ViewPagerHolder.java
method: setViewPagerAdapter(PagerAdapter)
constraints in BaldPhone-2.0.0
	AndroidSuppressLint condition: ""ClickableViewAccessibility"" , add info: -
constraints in BaldPhone-3.0.0

POSTCONDITION_REMOVED
version 1: BiglyBT-2.0.0
version 2: BiglyBT-3.0.0
compilation unit: 0048-BiglyBT-Android-v1.1.0/BiglyBT/src/main/java/com/biglybt/android/client/AndroidUtils.java
method: statesDebug(int[])
constraints in BiglyBT-2.0.0
	AndroidSuppressLint condition: ""InlinedApi"" , add info: -
constraints in BiglyBT-3.0.0

POSTCONDITION_REMOVED
version 1: BiglyBT-2.0.0
version 2: BiglyBT-3.0.0
compilation unit: 0048-BiglyBT-Android-v1.1.0/BiglyBT/src/main/java/com/biglybt/android/client/AndroidUtilsUI.java
method: popupContextMenu(Context,
constraints in BiglyBT-2.0.0
	AndroidSuppressLint condition: ""RestrictedApi"" , add info: -
constraints in BiglyBT-3.0.0

POSTCONDITION_REMOVED
version 1: BiglyBT-2.0.0
version 2: BiglyBT-3.0.0
compilation unit: 0048-BiglyBT-Android-v1.1.0/BiglyBT/src/main/java/com/biglybt/android/client/AndroidUtilsUI.java
method: popupContextMenu(Activity,
constraints in BiglyBT-2.0.0
	AndroidSuppressLint condition: ""RestrictedApi"" , add info: -
constraints in BiglyBT-3.0.0

POSTCONDITION_REMOVED
version 1: BiglyBT-2.0.0
version 2: BiglyBT-3.0.0
compilation unit: 0048-BiglyBT-Android-v1.1.0/BiglyBT/src/main/java/com/biglybt/android/client/dialog/DialogFragmentGenericRemoteProfile.java
method: onCreateDialog(Bundle)
constraints in BiglyBT-2.0.0
	AndroidSuppressLint condition: ""SetTextI18n"" , add info: -
constraints in BiglyBT-3.0.0

POSTCONDITION_REMOVED
version 1: BiglyBT-2.0.0
version 2: BiglyBT-3.0.0
compilation unit: 0048-BiglyBT-Android-v1.1.0/BiglyBT/src/main/java/com/biglybt/android/client/dialog/DialogFragmentMoveData.java
method: onClick(View)
constraints in BiglyBT-2.0.0
	AndroidTargetApi condition: "Build.VERSION_CODES.LOLLIPOP" , add info: -
constraints in BiglyBT-3.0.0

POSTCONDITION_REMOVED
version 1: BiglyBT-2.0.0
version 2: BiglyBT-3.0.0
compilation unit: 0048-BiglyBT-Android-v1.1.0/BiglyBT/src/main/java/com/biglybt/android/client/SideListHelper.java
method: onAnimationEnd(Animator)
constraints in BiglyBT-2.0.0
	AndroidTargetApi condition: "Build.VERSION_CODES.ICE_CREAM_SANDWICH" , add info: -
constraints in BiglyBT-3.0.0

POSTCONDITION_REMOVED
version 1: BiglyBT-2.0.0
version 2: BiglyBT-3.0.0
compilation unit: 0048-BiglyBT-Android-v1.1.0/BiglyBT/src/main/java/com/biglybt/android/client/spanbubbles/SpanTags.java
method: onLayoutChange(View,
constraints in BiglyBT-2.0.0
	AndroidTargetApi condition: "Build.VERSION_CODES.HONEYCOMB" , add info: -
constraints in BiglyBT-3.0.0

POSTCONDITION_REMOVED
version 1: BiglyBT-2.0.0
version 2: BiglyBT-3.0.0
compilation unit: 0048-BiglyBT-Android-v1.1.0/BiglyBT/src/main/java/com/biglybt/android/FlexibleRecyclerView.java
method: onTouchEvent(MotionEvent)
constraints in BiglyBT-2.0.0
	AndroidSuppressLint condition: ""ClickableViewAccessibility"" , add info: -
constraints in BiglyBT-3.0.0

POSTCONDITION_REMOVED
version 1: BiglyBT-2.0.0
version 2: BiglyBT-3.0.0
compilation unit: 0048-BiglyBT-Android-v1.1.0/BiglyBT/src/main/java/com/biglybt/android/util/FileUtils.java
method: openFolderChooser(Activity,
constraints in BiglyBT-2.0.0
	AndroidTargetApi condition: "Build.VERSION_CODES.LOLLIPOP" , add info: -
constraints in BiglyBT-3.0.0

POSTCONDITION_REMOVED
version 1: BiglyBT-2.0.0
version 2: BiglyBT-3.0.0
compilation unit: 0048-BiglyBT-Android-v1.1.0/BiglyBT/src/main/java/com/biglybt/android/util/OnSwipeTouchListener.java
method: onTouch(View,
constraints in BiglyBT-2.0.0
	AndroidSuppressLint condition: ""ClickableViewAccessibility"" , add info: -
constraints in BiglyBT-3.0.0

POSTCONDITION_REMOVED
version 1: BiglyBT-2.0.0
version 2: BiglyBT-3.0.0
compilation unit: 0048-BiglyBT-Android-v1.1.0/BiglyBT/src/main/java/com/biglybt/android/widget/FlingLinearLayout.java
method: onTouchEvent(MotionEvent)
constraints in BiglyBT-2.0.0
	AndroidSuppressLint condition: ""ClickableViewAccessibility"" , add info: -
constraints in BiglyBT-3.0.0

POSTCONDITION_REMOVED
version 1: BiglyBT-2.0.0
version 2: BiglyBT-3.0.0
compilation unit: 0048-BiglyBT-Android-v1.1.0/recyclerview-fastscroll/src/main/java/com/simplecityapps/recyclerview_fastscroll/utils/Utils.java
method: isRtl(Resources)
constraints in BiglyBT-2.0.0
	AndroidTargetApi condition: "Build.VERSION_CODES.JELLY_BEAN_MR1" , add info: -
constraints in BiglyBT-3.0.0

POSTCONDITION_REMOVED
version 1: BiglyBT-2.0.0
version 2: BiglyBT-3.0.0
compilation unit: 0048-BiglyBT-Android-v1.1.0/recyclerview-fastscroll/src/main/java/com/simplecityapps/recyclerview_fastscroll/views/FastScrollerOffsetXAnimator.java
method: getOffsetXAnimator(FastScroller,
constraints in BiglyBT-2.0.0
	AndroidTargetApi condition: "Build.VERSION_CODES.HONEYCOMB" , add info: -
constraints in BiglyBT-3.0.0

POSTCONDITION_REMOVED
version 1: BiglyBT-2.0.0
version 2: BiglyBT-3.0.0
compilation unit: 0048-BiglyBT-Android-v1.1.0/recyclerview-fastscroll/src/main/java/com/simplecityapps/recyclerview_fastscroll/views/FastScrollerPreApi14OffsetXAnimatorImp.java
method: getOffsetXAnimator(FastScroller,
constraints in BiglyBT-2.0.0
	AndroidTargetApi condition: "Build.VERSION_CODES.HONEYCOMB" , add info: -
constraints in BiglyBT-3.0.0

POSTCONDITION_REMOVED
version 1: DSAAssistant-2.0.0
version 2: DSAAssistant-3.0.0
compilation unit: 0104-DSAAssistant-Erebor/app/src/main/java/eu/roggstar/luigithehunter/dsaassistent/GMActivity.java
method: onCreate(Bundle)
constraints in DSAAssistant-2.0.0
	AndroidSuppressLint condition: ""CommitPrefEdits"" , add info: -
constraints in DSAAssistant-3.0.0

POSTCONDITION_REMOVED
version 1: DSAAssistant-2.0.0
version 2: DSAAssistant-3.0.0
compilation unit: 0104-DSAAssistant-Erebor/app/src/main/java/eu/roggstar/luigithehunter/dsaassistent/MainActivity.java
method: onCreate(Bundle)
constraints in DSAAssistant-2.0.0
	AndroidSuppressLint condition: ""CommitPrefEdits"" , add info: -
constraints in DSAAssistant-3.0.0

POSTCONDITION_REMOVED
version 1: DSAAssistant-2.0.0
version 2: DSAAssistant-3.0.0
compilation unit: 0104-DSAAssistant-Erebor/app/src/main/java/eu/roggstar/luigithehunter/dsaassistent/ParametersActivity.java
method: onCreate(Bundle)
constraints in DSAAssistant-2.0.0
	AndroidSuppressLint condition: ""CommitPrefEdits"" , add info: -
constraints in DSAAssistant-3.0.0

POSTCONDITION_REMOVED
version 1: Etar-2.0.0
version 2: Etar-3.0.0
compilation unit: 0154-Etar-Calendar-v1.0/src/com/android/calendar/alerts/AlertActivity.java
method: onItemClick(AdapterView<?>,
constraints in Etar-2.0.0
	AndroidSuppressLint condition: ""NewApi"" , add info: -
constraints in Etar-3.0.0

POSTCONDITION_REMOVED
version 1: FairEmail-2.0.0
version 2: FairEmail-3.0.0
compilation unit: 0039-FairEmail-1.1507/app/src/fdroid/java/eu/faircode/email/ActivityBilling.java
method: onCreate(Bundle)
constraints in FairEmail-2.0.0
	AndroidSuppressLint condition: ""MissingSuperCall"" , add info: -
constraints in FairEmail-3.0.0

POSTCONDITION_REMOVED
version 1: FairEmail-2.0.0
version 2: FairEmail-3.0.0
compilation unit: 0039-FairEmail-1.1507/app/src/main/java/androidx/lifecycle/ComputableLiveData.java
method: getLiveData()
constraints in FairEmail-2.0.0
	AndroidXNonNull condition: "" , add info: -
	AndroidXVisibleForTesting condition: "" , add info: -
constraints in FairEmail-3.0.0

POSTCONDITION_REMOVED
version 1: FairEmail-2.0.0
version 2: FairEmail-3.0.0
compilation unit: 0039-FairEmail-1.1507/app/src/main/java/androidx/lifecycle/ComputableLiveData.java
method: run()
constraints in FairEmail-2.0.0
	AndroidXWorkerThread condition: "" , add info: -
	AndroidXVisibleForTesting condition: "" , add info: -
	AndroidXMainThread condition: "" , add info: -
constraints in FairEmail-3.0.0

POSTCONDITION_REMOVED
version 1: FairEmail-2.0.0
version 2: FairEmail-3.0.0
compilation unit: 0039-FairEmail-1.1507/app/src/main/java/androidx/lifecycle/ComputableLiveData.java
method: compute()
constraints in FairEmail-2.0.0
	AndroidXWorkerThread condition: "" , add info: -
constraints in FairEmail-3.0.0

POSTCONDITION_REMOVED
version 1: FairEmail-2.0.0
version 2: FairEmail-3.0.0
compilation unit: 0039-FairEmail-1.1507/app/src/main/java/androidx/lifecycle/LiveData.java
method: setValue(T)
constraints in FairEmail-2.0.0
	AndroidXMainThread condition: "" , add info: -
constraints in FairEmail-3.0.0

POSTCONDITION_REMOVED
version 1: FairEmail-2.0.0
version 2: FairEmail-3.0.0
compilation unit: 0039-FairEmail-1.1507/app/src/main/java/androidx/lifecycle/LiveData.java
method: getValue()
constraints in FairEmail-2.0.0
	AndroidXNullable condition: "" , add info: -
constraints in FairEmail-3.0.0

POSTCONDITION_REMOVED
version 1: FairEmail-2.0.0
version 2: FairEmail-3.0.0
compilation unit: 0039-FairEmail-1.1507/app/src/main/java/androidx/lifecycle/MediatorLiveData.java
method: onActive()
constraints in FairEmail-2.0.0
	AndroidXCallSuper condition: "" , add info: -
constraints in FairEmail-3.0.0

POSTCONDITION_REMOVED
version 1: FairEmail-2.0.0
version 2: FairEmail-3.0.0
compilation unit: 0039-FairEmail-1.1507/app/src/main/java/androidx/lifecycle/MediatorLiveData.java
method: onInactive()
constraints in FairEmail-2.0.0
	AndroidXCallSuper condition: "" , add info: -
constraints in FairEmail-3.0.0

POSTCONDITION_REMOVED
version 1: FairEmail-2.0.0
version 2: FairEmail-3.0.0
compilation unit: 0039-FairEmail-1.1507/app/src/main/java/androidx/paging/AsyncPagedListDiffer.java
method: getCurrentList()
constraints in FairEmail-2.0.0
	AndroidXNullable condition: "" , add info: -
constraints in FairEmail-3.0.0

POSTCONDITION_REMOVED
version 1: FairEmail-2.0.0
version 2: FairEmail-3.0.0
compilation unit: 0039-FairEmail-1.1507/app/src/main/java/androidx/paging/ContiguousPagedList.java
method: loadAroundInternal(int)
constraints in FairEmail-2.0.0
	AndroidXMainThread condition: "" , add info: -
constraints in FairEmail-3.0.0

POSTCONDITION_REMOVED
version 1: FairEmail-2.0.0
version 2: FairEmail-3.0.0
compilation unit: 0039-FairEmail-1.1507/app/src/main/java/androidx/paging/ContiguousPagedList.java
method: V>
constraints in FairEmail-2.0.0
	AndroidXNonNull condition: "" , add info: -
constraints in FairEmail-3.0.0

POSTCONDITION_REMOVED
version 1: FairEmail-2.0.0
version 2: FairEmail-3.0.0
compilation unit: 0039-FairEmail-1.1507/app/src/main/java/androidx/paging/ContiguousPagedList.java
method: getLastKey()
constraints in FairEmail-2.0.0
	AndroidXNullable condition: "" , add info: -
constraints in FairEmail-3.0.0

POSTCONDITION_REMOVED
version 1: FairEmail-2.0.0
version 2: FairEmail-3.0.0
compilation unit: 0039-FairEmail-1.1507/app/src/main/java/androidx/paging/ContiguousPagedList.java
method: onInitialized(int)
constraints in FairEmail-2.0.0
	AndroidXMainThread condition: "" , add info: -
constraints in FairEmail-3.0.0

POSTCONDITION_REMOVED
version 1: FairEmail-2.0.0
version 2: FairEmail-3.0.0
compilation unit: 0039-FairEmail-1.1507/app/src/main/java/androidx/paging/ContiguousPagedList.java
method: onPagePrepended(int,
constraints in FairEmail-2.0.0
	AndroidXMainThread condition: "" , add info: -
constraints in FairEmail-3.0.0

POSTCONDITION_REMOVED
version 1: FairEmail-2.0.0
version 2: FairEmail-3.0.0
compilation unit: 0039-FairEmail-1.1507/app/src/main/java/androidx/paging/ContiguousPagedList.java
method: onEmptyPrepend()
constraints in FairEmail-2.0.0
	AndroidXMainThread condition: "" , add info: -
constraints in FairEmail-3.0.0

POSTCONDITION_REMOVED
version 1: FairEmail-2.0.0
version 2: FairEmail-3.0.0
compilation unit: 0039-FairEmail-1.1507/app/src/main/java/androidx/paging/ContiguousPagedList.java
method: onPageAppended(int,
constraints in FairEmail-2.0.0
	AndroidXMainThread condition: "" , add info: -
constraints in FairEmail-3.0.0

POSTCONDITION_REMOVED
version 1: FairEmail-2.0.0
version 2: FairEmail-3.0.0
compilation unit: 0039-FairEmail-1.1507/app/src/main/java/androidx/paging/ContiguousPagedList.java
method: onEmptyAppend()
constraints in FairEmail-2.0.0
	AndroidXMainThread condition: "" , add info: -
constraints in FairEmail-3.0.0

POSTCONDITION_REMOVED
version 1: FairEmail-2.0.0
version 2: FairEmail-3.0.0
compilation unit: 0039-FairEmail-1.1507/app/src/main/java/androidx/paging/ContiguousPagedList.java
method: onPagePlaceholderInserted(int)
constraints in FairEmail-2.0.0
	AndroidXMainThread condition: "" , add info: -
constraints in FairEmail-3.0.0

POSTCONDITION_REMOVED
version 1: FairEmail-2.0.0
version 2: FairEmail-3.0.0
compilation unit: 0039-FairEmail-1.1507/app/src/main/java/androidx/paging/ContiguousPagedList.java
method: onPageInserted(int,
constraints in FairEmail-2.0.0
	AndroidXMainThread condition: "" , add info: -
constraints in FairEmail-3.0.0

POSTCONDITION_REMOVED
version 1: FairEmail-2.0.0
version 2: FairEmail-3.0.0
compilation unit: 0039-FairEmail-1.1507/app/src/main/java/androidx/paging/DataSource.java
method: Value>
constraints in FairEmail-2.0.0
	AndroidXNonNull condition: "" , add info: -
constraints in FairEmail-3.0.0

POSTCONDITION_REMOVED
version 1: FairEmail-2.0.0
version 2: FairEmail-3.0.0
compilation unit: 0039-FairEmail-1.1507/app/src/main/java/androidx/paging/DataSource.java
method: onInvalidated()
constraints in FairEmail-2.0.0
	AndroidXAnyThread condition: "" , add info: -
constraints in FairEmail-3.0.0

POSTCONDITION_REMOVED
version 1: FairEmail-2.0.0
version 2: FairEmail-3.0.0
compilation unit: 0039-FairEmail-1.1507/app/src/main/java/androidx/paging/DataSource.java
method: invalidate()
constraints in FairEmail-2.0.0
	AndroidXAnyThread condition: "" , add info: -
constraints in FairEmail-3.0.0

POSTCONDITION_REMOVED
version 1: FairEmail-2.0.0
version 2: FairEmail-3.0.0
compilation unit: 0039-FairEmail-1.1507/app/src/main/java/androidx/paging/DataSource.java
method: isInvalid()
constraints in FairEmail-2.0.0
	AndroidXWorkerThread condition: "" , add info: -
constraints in FairEmail-3.0.0

POSTCONDITION_REMOVED
version 1: FairEmail-2.0.0
version 2: FairEmail-3.0.0
compilation unit: 0039-FairEmail-1.1507/app/src/main/java/androidx/paging/LivePagedListBuilder.java
method: build()
constraints in FairEmail-2.0.0
	AndroidSuppressLint condition: ""RestrictedApi"" , add info: -
	AndroidXNonNull condition: "" , add info: -
constraints in FairEmail-3.0.0

POSTCONDITION_REMOVED
version 1: FairEmail-2.0.0
version 2: FairEmail-3.0.0
compilation unit: 0039-FairEmail-1.1507/app/src/main/java/androidx/paging/PagedList.java
method: get(int)
constraints in FairEmail-2.0.0
	AndroidXNullable condition: "" , add info: -
constraints in FairEmail-3.0.0

POSTCONDITION_REMOVED
version 1: FairEmail-2.0.0
version 2: FairEmail-3.0.0
compilation unit: 0039-FairEmail-1.1507/app/src/main/java/androidx/paging/PagedList.java
method: snapshot()
constraints in FairEmail-2.0.0
	AndroidXNonNull condition: "" , add info: -
constraints in FairEmail-3.0.0

POSTCONDITION_REMOVED
version 1: FairEmail-2.0.0
version 2: FairEmail-3.0.0
compilation unit: 0039-FairEmail-1.1507/app/src/main/java/androidx/paging/PagedList.java
method: getConfig()
constraints in FairEmail-2.0.0
	AndroidXNonNull condition: "" , add info: -
constraints in FairEmail-3.0.0

POSTCONDITION_REMOVED
version 1: FairEmail-2.0.0
version 2: FairEmail-3.0.0
compilation unit: 0039-FairEmail-1.1507/app/src/main/java/androidx/paging/PagedList.java
method: T>
constraints in FairEmail-2.0.0
	AndroidXNonNull condition: "" , add info: -
constraints in FairEmail-3.0.0

POSTCONDITION_REMOVED
version 1: FairEmail-2.0.0
version 2: FairEmail-3.0.0
compilation unit: 0039-FairEmail-1.1507/app/src/main/java/androidx/paging/PagedList.java
method: getLastKey()
constraints in FairEmail-2.0.0
	AndroidXNullable condition: "" , add info: -
constraints in FairEmail-3.0.0

POSTCONDITION_REMOVED
version 1: FairEmail-2.0.0
version 2: FairEmail-3.0.0
compilation unit: 0039-FairEmail-1.1507/app/src/main/java/androidx/paging/PagedList.java
method: setEnablePlaceholders(boolean)
constraints in FairEmail-2.0.0
	AndroidXNonNull condition: "" , add info: -
constraints in FairEmail-3.0.0

POSTCONDITION_REMOVED
version 1: FairEmail-2.0.0
version 2: FairEmail-3.0.0
compilation unit: 0039-FairEmail-1.1507/app/src/main/java/androidx/paging/PagedListAdapter.java
method: getItem(int)
constraints in FairEmail-2.0.0
	AndroidXNullable condition: "" , add info: -
constraints in FairEmail-3.0.0

POSTCONDITION_REMOVED
version 1: FairEmail-2.0.0
version 2: FairEmail-3.0.0
compilation unit: 0039-FairEmail-1.1507/app/src/main/java/androidx/paging/PagedListAdapter.java
method: getCurrentList()
constraints in FairEmail-2.0.0
	AndroidXNullable condition: "" , add info: -
constraints in FairEmail-3.0.0

POSTCONDITION_REMOVED
version 1: FairEmail-2.0.0
version 2: FairEmail-3.0.0
compilation unit: 0039-FairEmail-1.1507/app/src/main/java/androidx/paging/SnapshotPagedList.java
method: getLastKey()
constraints in FairEmail-2.0.0
	AndroidXNullable condition: "" , add info: -
constraints in FairEmail-3.0.0

POSTCONDITION_REMOVED
version 1: FairEmail-2.0.0
version 2: FairEmail-3.0.0
compilation unit: 0039-FairEmail-1.1507/app/src/main/java/androidx/paging/SnapshotPagedList.java
method: T>
constraints in FairEmail-2.0.0
	AndroidXNonNull condition: "" , add info: -
constraints in FairEmail-3.0.0

POSTCONDITION_REMOVED
version 1: FairEmail-2.0.0
version 2: FairEmail-3.0.0
compilation unit: 0039-FairEmail-1.1507/app/src/main/java/androidx/paging/TiledDataSource.java
method: countItems()
constraints in FairEmail-2.0.0
	AndroidXWorkerThread condition: "" , add info: -
constraints in FairEmail-3.0.0

POSTCONDITION_REMOVED
version 1: FairEmail-2.0.0
version 2: FairEmail-3.0.0
compilation unit: 0039-FairEmail-1.1507/app/src/main/java/androidx/paging/TiledDataSource.java
method: loadRange(int,
constraints in FairEmail-2.0.0
	AndroidXNullable condition: "" , add info: -
	AndroidXWorkerThread condition: "" , add info: -
constraints in FairEmail-3.0.0

POSTCONDITION_REMOVED
version 1: FairEmail-2.0.0
version 2: FairEmail-3.0.0
compilation unit: 0039-FairEmail-1.1507/app/src/main/java/androidx/paging/TiledPagedList.java
method: T>
constraints in FairEmail-2.0.0
	AndroidXNonNull condition: "" , add info: -
constraints in FairEmail-3.0.0

POSTCONDITION_REMOVED
version 1: FairEmail-2.0.0
version 2: FairEmail-3.0.0
compilation unit: 0039-FairEmail-1.1507/app/src/main/java/androidx/paging/TiledPagedList.java
method: getLastKey()
constraints in FairEmail-2.0.0
	AndroidXNullable condition: "" , add info: -
constraints in FairEmail-3.0.0

POSTCONDITION_REMOVED
version 1: FairEmail-2.0.0
version 2: FairEmail-3.0.0
compilation unit: 0039-FairEmail-1.1507/app/src/main/java/androidx/recyclerview/selection/DefaultSelectionTracker.java
method: getSelection()
constraints in FairEmail-2.0.0
	AndroidXNonNull condition: "" , add info: -
constraints in FairEmail-3.0.0

POSTCONDITION_REMOVED
version 1: FairEmail-2.0.0
version 2: FairEmail-3.0.0
compilation unit: 0039-FairEmail-1.1507/app/src/main/java/androidx/recyclerview/selection/DefaultSelectionTracker.java
method: getAdapterDataObserver()
constraints in FairEmail-2.0.0
	AndroidXNonNull condition: "" , add info: -
constraints in FairEmail-3.0.0

POSTCONDITION_REMOVED
version 1: FairEmail-2.0.0
version 2: FairEmail-3.0.0
compilation unit: 0039-FairEmail-1.1507/app/src/main/java/androidx/recyclerview/selection/ItemDetailsLookup.java
method: getSelectionKey()
constraints in FairEmail-2.0.0
	AndroidXNullable condition: "" , add info: -
constraints in FairEmail-3.0.0

POSTCONDITION_REMOVED
version 1: FairEmail-2.0.0
version 2: FairEmail-3.0.0
compilation unit: 0039-FairEmail-1.1507/app/src/main/java/androidx/recyclerview/selection/ItemKeyProvider.java
method: getKey(int)
constraints in FairEmail-2.0.0
	AndroidXNullable condition: "" , add info: -
constraints in FairEmail-3.0.0

POSTCONDITION_REMOVED
version 1: FairEmail-2.0.0
version 2: FairEmail-3.0.0
compilation unit: 0039-FairEmail-1.1507/app/src/main/java/androidx/recyclerview/selection/Selection.java
method: iterator()
constraints in FairEmail-2.0.0
	AndroidXNonNull condition: "" , add info: -
constraints in FairEmail-3.0.0

POSTCONDITION_REMOVED
version 1: FairEmail-2.0.0
version 2: FairEmail-3.0.0
compilation unit: 0039-FairEmail-1.1507/app/src/main/java/androidx/recyclerview/selection/SelectionPredicates.java
method: createSelectAnything()
constraints in FairEmail-2.0.0
	AndroidXNonNull condition: "" , add info: -
constraints in FairEmail-3.0.0

POSTCONDITION_REMOVED
version 1: FairEmail-2.0.0
version 2: FairEmail-3.0.0
compilation unit: 0039-FairEmail-1.1507/app/src/main/java/androidx/recyclerview/selection/SelectionPredicates.java
method: createSelectSingleAnything()
constraints in FairEmail-2.0.0
	AndroidXNonNull condition: "" , add info: -
constraints in FairEmail-3.0.0

POSTCONDITION_REMOVED
version 1: FairEmail-2.0.0
version 2: FairEmail-3.0.0
compilation unit: 0039-FairEmail-1.1507/app/src/main/java/androidx/recyclerview/selection/SelectionTracker.java
method: getSelection()
constraints in FairEmail-2.0.0
	AndroidXNonNull condition: "" , add info: -
constraints in FairEmail-3.0.0

POSTCONDITION_REMOVED
version 1: FairEmail-2.0.0
version 2: FairEmail-3.0.0
compilation unit: 0039-FairEmail-1.1507/app/src/main/java/androidx/recyclerview/selection/SelectionTracker.java
method: getAdapterDataObserver()
constraints in FairEmail-2.0.0
	AndroidXRestrictTo condition: "LIBRARY" , add info: -
	AndroidXNonNull condition: "" , add info: -
constraints in FairEmail-3.0.0

POSTCONDITION_REMOVED
version 1: FairEmail-2.0.0
version 2: FairEmail-3.0.0
compilation unit: 0039-FairEmail-1.1507/app/src/main/java/androidx/recyclerview/selection/SelectionTracker.java
method: startRange(int)
constraints in FairEmail-2.0.0
	AndroidXRestrictTo condition: "LIBRARY" , add info: -
constraints in FairEmail-3.0.0

POSTCONDITION_REMOVED
version 1: FairEmail-2.0.0
version 2: FairEmail-3.0.0
compilation unit: 0039-FairEmail-1.1507/app/src/main/java/androidx/recyclerview/selection/SelectionTracker.java
method: extendRange(int)
constraints in FairEmail-2.0.0
	AndroidXRestrictTo condition: "LIBRARY" , add info: -
constraints in FairEmail-3.0.0

POSTCONDITION_REMOVED
version 1: FairEmail-2.0.0
version 2: FairEmail-3.0.0
compilation unit: 0039-FairEmail-1.1507/app/src/main/java/androidx/recyclerview/selection/SelectionTracker.java
method: endRange()
constraints in FairEmail-2.0.0
	AndroidXRestrictTo condition: "LIBRARY" , add info: -
constraints in FairEmail-3.0.0

POSTCONDITION_REMOVED
version 1: FairEmail-2.0.0
version 2: FairEmail-3.0.0
compilation unit: 0039-FairEmail-1.1507/app/src/main/java/androidx/recyclerview/selection/SelectionTracker.java
method: isRangeActive()
constraints in FairEmail-2.0.0
	AndroidXRestrictTo condition: "LIBRARY" , add info: -
constraints in FairEmail-3.0.0

POSTCONDITION_REMOVED
version 1: FairEmail-2.0.0
version 2: FairEmail-3.0.0
compilation unit: 0039-FairEmail-1.1507/app/src/main/java/androidx/recyclerview/selection/SelectionTracker.java
method: anchorRange(int)
constraints in FairEmail-2.0.0
	AndroidXRestrictTo condition: "LIBRARY" , add info: -
constraints in FairEmail-3.0.0

POSTCONDITION_REMOVED
version 1: FairEmail-2.0.0
version 2: FairEmail-3.0.0
compilation unit: 0039-FairEmail-1.1507/app/src/main/java/androidx/recyclerview/selection/SelectionTracker.java
method: extendProvisionalRange(int)
constraints in FairEmail-2.0.0
	AndroidXRestrictTo condition: "LIBRARY" , add info: -
constraints in FairEmail-3.0.0

POSTCONDITION_REMOVED
version 1: FairEmail-2.0.0
version 2: FairEmail-3.0.0
compilation unit: 0039-FairEmail-1.1507/app/src/main/java/androidx/recyclerview/selection/SelectionTracker.java
method: clearProvisionalSelection()
constraints in FairEmail-2.0.0
	AndroidXRestrictTo condition: "LIBRARY" , add info: -
constraints in FairEmail-3.0.0

POSTCONDITION_REMOVED
version 1: FairEmail-2.0.0
version 2: FairEmail-3.0.0
compilation unit: 0039-FairEmail-1.1507/app/src/main/java/androidx/recyclerview/selection/SelectionTracker.java
method: mergeProvisionalSelection()
constraints in FairEmail-2.0.0
	AndroidXRestrictTo condition: "LIBRARY" , add info: -
constraints in FairEmail-3.0.0

POSTCONDITION_REMOVED
version 1: FairEmail-2.0.0
version 2: FairEmail-3.0.0
compilation unit: 0039-FairEmail-1.1507/app/src/main/java/androidx/recyclerview/selection/SelectionTracker.java
method: onSelectionCleared()
constraints in FairEmail-2.0.0
	AndroidXRestrictTo condition: "LIBRARY" , add info: -
constraints in FairEmail-3.0.0

POSTCONDITION_REMOVED
version 1: FairEmail-2.0.0
version 2: FairEmail-3.0.0
compilation unit: 0039-FairEmail-1.1507/app/src/main/java/androidx/recyclerview/selection/SelectionTracker.java
method: build()
constraints in FairEmail-2.0.0
	AndroidXNonNull condition: "" , add info: -
constraints in FairEmail-3.0.0

POSTCONDITION_REMOVED
version 1: FairEmail-2.0.0
version 2: FairEmail-3.0.0
compilation unit: 0039-FairEmail-1.1507/app/src/main/java/androidx/recyclerview/selection/StableIdKeyProvider.java
method: getKey(int)
constraints in FairEmail-2.0.0
	AndroidXNullable condition: "" , add info: -
constraints in FairEmail-3.0.0

POSTCONDITION_REMOVED
version 1: FairEmail-2.0.0
version 2: FairEmail-3.0.0
compilation unit: 0039-FairEmail-1.1507/app/src/main/java/androidx/recyclerview/selection/StorageStrategy.java
method: createStringStorage()
constraints in FairEmail-2.0.0
	AndroidXNonNull condition: "" , add info: -
constraints in FairEmail-3.0.0

POSTCONDITION_REMOVED
version 1: FairEmail-2.0.0
version 2: FairEmail-3.0.0
compilation unit: 0039-FairEmail-1.1507/app/src/main/java/androidx/recyclerview/selection/StorageStrategy.java
method: createLongStorage()
constraints in FairEmail-2.0.0
	AndroidXNonNull condition: "" , add info: -
constraints in FairEmail-3.0.0

POSTCONDITION_REMOVED
version 1: FairEmail-2.0.0
version 2: FairEmail-3.0.0
compilation unit: 0039-FairEmail-1.1507/app/src/main/java/androidx/room/AutoCloser.java
method: getDelegateDatabase()
constraints in FairEmail-2.0.0
	AndroidXNullable condition: "" , add info: -
constraints in FairEmail-3.0.0

POSTCONDITION_REMOVED
version 1: FairEmail-2.0.0
version 2: FairEmail-3.0.0
compilation unit: 0039-FairEmail-1.1507/app/src/main/java/androidx/room/AutoCloser.java
method: getRefCountForTest()
constraints in FairEmail-2.0.0
	AndroidXVisibleForTesting condition: "" , add info: -
constraints in FairEmail-3.0.0

POSTCONDITION_REMOVED
version 1: FairEmail-2.0.0
version 2: FairEmail-3.0.0
compilation unit: 0039-FairEmail-1.1507/app/src/main/java/androidx/room/AutoClosingRoomOpenHelper.java
method: setForeignKeyConstraintsEnabled(boolean)
constraints in FairEmail-2.0.0
	AndroidSuppressLint condition: ""UnsafeNewApiCall"" , add info: -
	AndroidXRequiresApi condition: "[api = Build.VERSION_CODES.JELLY_BEAN]" , add info: -
constraints in FairEmail-3.0.0

POSTCONDITION_REMOVED
version 1: FairEmail-2.0.0
version 2: FairEmail-3.0.0
compilation unit: 0039-FairEmail-1.1507/app/src/main/java/androidx/room/AutoClosingRoomOpenHelper.java
method: isWriteAheadLoggingEnabled()
constraints in FairEmail-2.0.0
	AndroidSuppressLint condition: ""UnsafeNewApiCall"" , add info: -
	AndroidXRequiresApi condition: "[api = Build.VERSION_CODES.JELLY_BEAN]" , add info: -
constraints in FairEmail-3.0.0

POSTCONDITION_REMOVED
version 1: FairEmail-2.0.0
version 2: FairEmail-3.0.0
compilation unit: 0039-FairEmail-1.1507/app/src/main/java/androidx/room/AutoClosingRoomOpenHelper.java
method: getNotificationUri()
constraints in FairEmail-2.0.0
	AndroidSuppressLint condition: ""UnsafeNewApiCall"" , add info: -
	AndroidXRequiresApi condition: "[api = Build.VERSION_CODES.KITKAT]" , add info: -
constraints in FairEmail-3.0.0

POSTCONDITION_REMOVED
version 1: FairEmail-2.0.0
version 2: FairEmail-3.0.0
compilation unit: 0039-FairEmail-1.1507/app/src/main/java/androidx/room/AutoClosingRoomOpenHelper.java
method: getNotificationUris()
constraints in FairEmail-2.0.0
	AndroidSuppressLint condition: ""UnsafeNewApiCall"" , add info: -
	AndroidXRequiresApi condition: "[api = Build.VERSION_CODES.Q]" , add info: -
	AndroidXNullable condition: "" , add info: -
constraints in FairEmail-3.0.0

POSTCONDITION_REMOVED
version 1: FairEmail-2.0.0
version 2: FairEmail-3.0.0
compilation unit: 0039-FairEmail-1.1507/app/src/main/java/androidx/room/AutoClosingRoomOpenHelper.java
method: setExtras(Bundle)
constraints in FairEmail-2.0.0
	AndroidSuppressLint condition: ""UnsafeNewApiCall"" , add info: -
	AndroidXRequiresApi condition: "[api = Build.VERSION_CODES.M]" , add info: -
constraints in FairEmail-3.0.0

POSTCONDITION_REMOVED
version 1: FairEmail-2.0.0
version 2: FairEmail-3.0.0
compilation unit: 0039-FairEmail-1.1507/app/src/main/java/androidx/room/AutoClosingRoomOpenHelper.java
method: getDatabaseName()
constraints in FairEmail-2.0.0
	AndroidXNullable condition: "" , add info: -
constraints in FairEmail-3.0.0

POSTCONDITION_REMOVED
version 1: FairEmail-2.0.0
version 2: FairEmail-3.0.0
compilation unit: 0039-FairEmail-1.1507/app/src/main/java/androidx/room/AutoClosingRoomOpenHelper.java
method: setWriteAheadLoggingEnabled(boolean)
constraints in FairEmail-2.0.0
	AndroidXRequiresApi condition: "[api = Build.VERSION_CODES.JELLY_BEAN]" , add info: -
constraints in FairEmail-3.0.0

POSTCONDITION_REMOVED
version 1: FairEmail-2.0.0
version 2: FairEmail-3.0.0
compilation unit: 0039-FairEmail-1.1507/app/src/main/java/androidx/room/AutoClosingRoomOpenHelper.java
method: getWritableDatabase()
constraints in FairEmail-2.0.0
	AndroidXNonNull condition: "" , add info: -
	AndroidXRequiresApi condition: "[api = Build.VERSION_CODES.N]" , add info: -
constraints in FairEmail-3.0.0

POSTCONDITION_REMOVED
version 1: FairEmail-2.0.0
version 2: FairEmail-3.0.0
compilation unit: 0039-FairEmail-1.1507/app/src/main/java/androidx/room/AutoClosingRoomOpenHelper.java
method: getReadableDatabase()
constraints in FairEmail-2.0.0
	AndroidXNonNull condition: "" , add info: -
	AndroidXRequiresApi condition: "[api = Build.VERSION_CODES.N]" , add info: -
constraints in FairEmail-3.0.0

POSTCONDITION_REMOVED
version 1: FairEmail-2.0.0
version 2: FairEmail-3.0.0
compilation unit: 0039-FairEmail-1.1507/app/src/main/java/androidx/room/AutoClosingRoomOpenHelper.java
method: getDelegate()
constraints in FairEmail-2.0.0
	AndroidXNonNull condition: "" , add info: -
	AndroidXNonNull condition: "" , add info: -
constraints in FairEmail-3.0.0

POSTCONDITION_REMOVED
version 1: FairEmail-2.0.0
version 2: FairEmail-3.0.0
compilation unit: 0039-FairEmail-1.1507/app/src/main/java/androidx/room/AutoClosingRoomOpenHelper.java
method: query(SupportSQLiteQuery,
constraints in FairEmail-2.0.0
	AndroidXRequiresApi condition: "[api = Build.VERSION_CODES.N]" , add info: -
constraints in FairEmail-3.0.0

POSTCONDITION_REMOVED
version 1: FairEmail-2.0.0
version 2: FairEmail-3.0.0
compilation unit: 0039-FairEmail-1.1507/app/src/main/java/androidx/room/DelegatingOpenHelper.java
method: getDelegate()
constraints in FairEmail-2.0.0
	AndroidXNonNull condition: "" , add info: -
constraints in FairEmail-3.0.0

POSTCONDITION_REMOVED
version 1: FairEmail-2.0.0
version 2: FairEmail-3.0.0
compilation unit: 0039-FairEmail-1.1507/app/src/main/java/androidx/room/InvalidationTracker.java
method: addWeakObserver(Observer)
constraints in FairEmail-2.0.0
	AndroidXRestrictTo condition: "RestrictTo.Scope.LIBRARY_GROUP_PREFIX" , add info: -
constraints in FairEmail-3.0.0

POSTCONDITION_REMOVED
version 1: FairEmail-2.0.0
version 2: FairEmail-3.0.0
compilation unit: 0039-FairEmail-1.1507/app/src/main/java/androidx/room/InvalidationTracker.java
method: refreshVersionsSync()
constraints in FairEmail-2.0.0
	AndroidXRestrictTo condition: "RestrictTo.Scope.LIBRARY_GROUP_PREFIX" , add info: -
	AndroidXWorkerThread condition: "" , add info: -
constraints in FairEmail-3.0.0

POSTCONDITION_REMOVED
version 1: FairEmail-2.0.0
version 2: FairEmail-3.0.0
compilation unit: 0039-FairEmail-1.1507/app/src/main/java/androidx/room/InvalidationTracker.java
method: notifyObserversByTableNames(String...)
constraints in FairEmail-2.0.0
	AndroidXRestrictTo condition: "RestrictTo.Scope.LIBRARY" , add info: -
	AndroidXVisibleForTesting condition: "[otherwise = VisibleForTesting.PACKAGE_PRIVATE]" , add info: -
constraints in FairEmail-3.0.0

POSTCONDITION_REMOVED
version 1: FairEmail-2.0.0
version 2: FairEmail-3.0.0
compilation unit: 0039-FairEmail-1.1507/app/src/main/java/androidx/room/InvalidationTracker.java
method: createLiveData(String[],
constraints in FairEmail-2.0.0
	AndroidXRestrictTo condition: "RestrictTo.Scope.LIBRARY_GROUP_PREFIX" , add info: -
	AndroidXRestrictTo condition: "RestrictTo.Scope.LIBRARY_GROUP_PREFIX" , add info: -
constraints in FairEmail-3.0.0

POSTCONDITION_REMOVED
version 1: FairEmail-2.0.0
version 2: FairEmail-3.0.0
compilation unit: 0039-FairEmail-1.1507/app/src/main/java/androidx/room/MultiInstanceInvalidationService.java
method: onBind(Intent)
constraints in FairEmail-2.0.0
	AndroidXNullable condition: "" , add info: -
constraints in FairEmail-3.0.0

POSTCONDITION_REMOVED
version 1: FairEmail-2.0.0
version 2: FairEmail-3.0.0
compilation unit: 0039-FairEmail-1.1507/app/src/main/java/androidx/room/paging/LimitOffsetDataSource.java
method: loadRange(int,
constraints in FairEmail-2.0.0
	AndroidXNonNull condition: "" , add info: -
constraints in FairEmail-3.0.0

POSTCONDITION_REMOVED
version 1: FairEmail-2.0.0
version 2: FairEmail-3.0.0
compilation unit: 0039-FairEmail-1.1507/app/src/main/java/androidx/room/QueryInterceptorDatabase.java
method: getPath()
constraints in FairEmail-2.0.0
	AndroidXNonNull condition: "" , add info: -
constraints in FairEmail-3.0.0

POSTCONDITION_REMOVED
version 1: FairEmail-2.0.0
version 2: FairEmail-3.0.0
compilation unit: 0039-FairEmail-1.1507/app/src/main/java/androidx/room/QueryInterceptorDatabase.java
method: setForeignKeyConstraintsEnabled(boolean)
constraints in FairEmail-2.0.0
	AndroidXRequiresApi condition: "[api = Build.VERSION_CODES.JELLY_BEAN]" , add info: -
constraints in FairEmail-3.0.0

POSTCONDITION_REMOVED
version 1: FairEmail-2.0.0
version 2: FairEmail-3.0.0
compilation unit: 0039-FairEmail-1.1507/app/src/main/java/androidx/room/QueryInterceptorDatabase.java
method: disableWriteAheadLogging()
constraints in FairEmail-2.0.0
	AndroidXRequiresApi condition: "[api = Build.VERSION_CODES.JELLY_BEAN]" , add info: -
constraints in FairEmail-3.0.0

POSTCONDITION_REMOVED
version 1: FairEmail-2.0.0
version 2: FairEmail-3.0.0
compilation unit: 0039-FairEmail-1.1507/app/src/main/java/androidx/room/QueryInterceptorDatabase.java
method: isWriteAheadLoggingEnabled()
constraints in FairEmail-2.0.0
	AndroidXRequiresApi condition: "[api = Build.VERSION_CODES.JELLY_BEAN]" , add info: -
constraints in FairEmail-3.0.0

POSTCONDITION_REMOVED
version 1: FairEmail-2.0.0
version 2: FairEmail-3.0.0
compilation unit: 0039-FairEmail-1.1507/app/src/main/java/androidx/room/QueryInterceptorDatabase.java
method: String>>
constraints in FairEmail-2.0.0
	AndroidXNonNull condition: "" , add info: -
constraints in FairEmail-3.0.0

POSTCONDITION_REMOVED
version 1: FairEmail-2.0.0
version 2: FairEmail-3.0.0
compilation unit: 0039-FairEmail-1.1507/app/src/main/java/androidx/room/QueryInterceptorOpenHelper.java
method: getDatabaseName()
constraints in FairEmail-2.0.0
	AndroidXNullable condition: "" , add info: -
constraints in FairEmail-3.0.0

POSTCONDITION_REMOVED
version 1: FairEmail-2.0.0
version 2: FairEmail-3.0.0
compilation unit: 0039-FairEmail-1.1507/app/src/main/java/androidx/room/QueryInterceptorOpenHelper.java
method: setWriteAheadLoggingEnabled(boolean)
constraints in FairEmail-2.0.0
	AndroidXRequiresApi condition: "[api = Build.VERSION_CODES.JELLY_BEAN]" , add info: -
constraints in FairEmail-3.0.0

POSTCONDITION_REMOVED
version 1: FairEmail-2.0.0
version 2: FairEmail-3.0.0
compilation unit: 0039-FairEmail-1.1507/app/src/main/java/androidx/room/QueryInterceptorOpenHelper.java
method: getDelegate()
constraints in FairEmail-2.0.0
	AndroidXNonNull condition: "" , add info: -
constraints in FairEmail-3.0.0

POSTCONDITION_REMOVED
version 1: FairEmail-2.0.0
version 2: FairEmail-3.0.0
compilation unit: 0039-FairEmail-1.1507/app/src/main/java/androidx/room/RoomDatabase.java
method: getOpenHelper()
constraints in FairEmail-2.0.0
	AndroidXNonNull condition: "" , add info: -
constraints in FairEmail-3.0.0

POSTCONDITION_REMOVED
version 1: FairEmail-2.0.0
version 2: FairEmail-3.0.0
compilation unit: 0039-FairEmail-1.1507/app/src/main/java/androidx/room/RoomDatabase.java
method: createOpenHelper(DatabaseConfiguration)
constraints in FairEmail-2.0.0
	AndroidXNonNull condition: "" , add info: -
constraints in FairEmail-3.0.0

POSTCONDITION_REMOVED
version 1: FairEmail-2.0.0
version 2: FairEmail-3.0.0
compilation unit: 0039-FairEmail-1.1507/app/src/main/java/androidx/room/RoomDatabase.java
method: createInvalidationTracker()
constraints in FairEmail-2.0.0
	AndroidXNonNull condition: "" , add info: -
constraints in FairEmail-3.0.0

POSTCONDITION_REMOVED
version 1: FairEmail-2.0.0
version 2: FairEmail-3.0.0
compilation unit: 0039-FairEmail-1.1507/app/src/main/java/androidx/room/RoomDatabase.java
method: List<Class<?>>>
constraints in FairEmail-2.0.0
	AndroidXNonNull condition: "" , add info: -
	AndroidXRestrictTo condition: "RestrictTo.Scope.LIBRARY_GROUP" , add info: -
constraints in FairEmail-3.0.0

POSTCONDITION_REMOVED
version 1: FairEmail-2.0.0
version 2: FairEmail-3.0.0
compilation unit: 0039-FairEmail-1.1507/app/src/main/java/androidx/room/RoomDatabase.java
method: clearAllTables()
constraints in FairEmail-2.0.0
	AndroidXWorkerThread condition: "" , add info: -
constraints in FairEmail-3.0.0

POSTCONDITION_REMOVED
version 1: FairEmail-2.0.0
version 2: FairEmail-3.0.0
compilation unit: 0039-FairEmail-1.1507/app/src/main/java/androidx/room/RoomDatabase.java
method: getQueryExecutor()
constraints in FairEmail-2.0.0
	AndroidXNonNull condition: "" , add info: -
constraints in FairEmail-3.0.0

POSTCONDITION_REMOVED
version 1: FairEmail-2.0.0
version 2: FairEmail-3.0.0
compilation unit: 0039-FairEmail-1.1507/app/src/main/java/androidx/room/RoomDatabase.java
method: getTransactionExecutor()
constraints in FairEmail-2.0.0
	AndroidXNonNull condition: "" , add info: -
constraints in FairEmail-3.0.0

POSTCONDITION_REMOVED
version 1: FairEmail-2.0.0
version 2: FairEmail-3.0.0
compilation unit: 0039-FairEmail-1.1507/app/src/main/java/androidx/room/RoomDatabase.java
method: getInvalidationTracker()
constraints in FairEmail-2.0.0
	AndroidXNonNull condition: "" , add info: -
constraints in FairEmail-3.0.0

POSTCONDITION_REMOVED
version 1: FairEmail-2.0.0
version 2: FairEmail-3.0.0
compilation unit: 0039-FairEmail-1.1507/app/src/main/java/androidx/room/RoomDatabase.java
method: allowMainThreadQueries()
constraints in FairEmail-2.0.0
	AndroidXNonNull condition: "" , add info: -
constraints in FairEmail-3.0.0

POSTCONDITION_REMOVED
version 1: FairEmail-2.0.0
version 2: FairEmail-3.0.0
compilation unit: 0039-FairEmail-1.1507/app/src/main/java/androidx/room/RoomDatabase.java
method: enableMultiInstanceInvalidation()
constraints in FairEmail-2.0.0
	AndroidXNonNull condition: "" , add info: -
constraints in FairEmail-3.0.0

POSTCONDITION_REMOVED
version 1: FairEmail-2.0.0
version 2: FairEmail-3.0.0
compilation unit: 0039-FairEmail-1.1507/app/src/main/java/androidx/room/RoomDatabase.java
method: fallbackToDestructiveMigration()
constraints in FairEmail-2.0.0
	AndroidXNonNull condition: "" , add info: -
constraints in FairEmail-3.0.0

POSTCONDITION_REMOVED
version 1: FairEmail-2.0.0
version 2: FairEmail-3.0.0
compilation unit: 0039-FairEmail-1.1507/app/src/main/java/androidx/room/RoomDatabase.java
method: fallbackToDestructiveMigrationOnDowngrade()
constraints in FairEmail-2.0.0
	AndroidXNonNull condition: "" , add info: -
constraints in FairEmail-3.0.0

POSTCONDITION_REMOVED
version 1: FairEmail-2.0.0
version 2: FairEmail-3.0.0
compilation unit: 0039-FairEmail-1.1507/app/src/main/java/androidx/room/RoomDatabase.java
method: fallbackToDestructiveMigrationFrom(int...)
constraints in FairEmail-2.0.0
	AndroidXNonNull condition: "" , add info: -
constraints in FairEmail-3.0.0

POSTCONDITION_REMOVED
version 1: FairEmail-2.0.0
version 2: FairEmail-3.0.0
compilation unit: 0039-FairEmail-1.1507/app/src/main/java/androidx/room/RoomDatabase.java
method: findMigrationPath(int,
constraints in FairEmail-2.0.0
	AndroidXNullable condition: "" , add info: -
constraints in FairEmail-3.0.0

POSTCONDITION_REMOVED
version 1: FairEmail-2.0.0
version 2: FairEmail-3.0.0
compilation unit: 0039-FairEmail-1.1507/app/src/main/java/androidx/room/RoomTrackingLiveData.java
method: run()
constraints in FairEmail-2.0.0
	AndroidXWorkerThread condition: "" , add info: -
	AndroidXMainThread condition: "" , add info: -
constraints in FairEmail-3.0.0

POSTCONDITION_REMOVED
version 1: FairEmail-2.0.0
version 2: FairEmail-3.0.0
compilation unit: 0039-FairEmail-1.1507/app/src/main/java/androidx/room/SQLiteCopyOpenHelper.java
method: setWriteAheadLoggingEnabled(boolean)
constraints in FairEmail-2.0.0
	AndroidXRequiresApi condition: "[api = Build.VERSION_CODES.JELLY_BEAN]" , add info: -
constraints in FairEmail-3.0.0

POSTCONDITION_REMOVED
version 1: FairEmail-2.0.0
version 2: FairEmail-3.0.0
compilation unit: 0039-FairEmail-1.1507/app/src/main/java/androidx/room/SQLiteCopyOpenHelper.java
method: getDelegate()
constraints in FairEmail-2.0.0
	AndroidXNonNull condition: "" , add info: -
constraints in FairEmail-3.0.0

POSTCONDITION_REMOVED
version 1: FairEmail-2.0.0
version 2: FairEmail-3.0.0
compilation unit: 0039-FairEmail-1.1507/app/src/main/java/androidx/room/SQLiteCopyOpenHelperFactory.java
method: create(SupportSQLiteOpenHelper.Configuration)
constraints in FairEmail-2.0.0
	AndroidXNonNull condition: "" , add info: -
constraints in FairEmail-3.0.0

POSTCONDITION_REMOVED
version 1: FairEmail-2.0.0
version 2: FairEmail-3.0.0
compilation unit: 0039-FairEmail-1.1507/app/src/main/java/androidx/room/util/DBUtil.java
method: createCancellationSignal()
constraints in FairEmail-2.0.0
	AndroidXNullable condition: "" , add info: -
constraints in FairEmail-3.0.0

POSTCONDITION_REMOVED
version 1: FairEmail-2.0.0
version 2: FairEmail-3.0.0
compilation unit: 0039-FairEmail-1.1507/app/src/main/java/eu/faircode/email/ActivitySearch.java
method: onCreate(Bundle)
constraints in FairEmail-2.0.0
	AndroidXRequiresApi condition: "[api = Build.VERSION_CODES.M]" , add info: -
constraints in FairEmail-3.0.0

POSTCONDITION_REMOVED
version 1: FairEmail-2.0.0
version 2: FairEmail-3.0.0
compilation unit: 0039-FairEmail-1.1507/app/src/main/java/eu/faircode/email/ActivityView.java
method: onCreate(Bundle)
constraints in FairEmail-2.0.0
	AndroidSuppressLint condition: ""MissingSuperCall"" , add info: -
constraints in FairEmail-3.0.0

POSTCONDITION_REMOVED
version 1: FairEmail-2.0.0
version 2: FairEmail-3.0.0
compilation unit: 0039-FairEmail-1.1507/app/src/main/java/eu/faircode/email/ApplicationEx.java
method: getWorkManagerConfiguration()
constraints in FairEmail-2.0.0
	AndroidXNonNull condition: "" , add info: -
constraints in FairEmail-3.0.0

POSTCONDITION_REMOVED
version 1: FairEmail-2.0.0
version 2: FairEmail-3.0.0
compilation unit: 0039-FairEmail-1.1507/app/src/main/java/eu/faircode/email/BoundaryCallbackMessages.java
method: toString()
constraints in FairEmail-2.0.0
	AndroidXNonNull condition: "" , add info: -
constraints in FairEmail-3.0.0

POSTCONDITION_REMOVED
version 1: FairEmail-2.0.0
version 2: FairEmail-3.0.0
compilation unit: 0039-FairEmail-1.1507/app/src/main/java/eu/faircode/email/Core.java
method: toString()
constraints in FairEmail-2.0.0
	AndroidXNonNull condition: "" , add info: -
constraints in FairEmail-3.0.0

POSTCONDITION_REMOVED
version 1: FairEmail-2.0.0
version 2: FairEmail-3.0.0
compilation unit: 0039-FairEmail-1.1507/app/src/main/java/eu/faircode/email/EmailProvider.java
method: toString()
constraints in FairEmail-2.0.0
	AndroidXNonNull condition: "" , add info: -
	AndroidXNonNull condition: "" , add info: -
constraints in FairEmail-3.0.0

POSTCONDITION_REMOVED
version 1: FairEmail-2.0.0
version 2: FairEmail-3.0.0
compilation unit: 0039-FairEmail-1.1507/app/src/main/java/eu/faircode/email/EmailService.java
method: toString()
constraints in FairEmail-2.0.0
	AndroidXNonNull condition: "" , add info: -
constraints in FairEmail-3.0.0

POSTCONDITION_REMOVED
version 1: FairEmail-2.0.0
version 2: FairEmail-3.0.0
compilation unit: 0039-FairEmail-1.1507/app/src/main/java/eu/faircode/email/EntityAccount.java
method: toString()
constraints in FairEmail-2.0.0
	AndroidXNonNull condition: "" , add info: -
constraints in FairEmail-3.0.0

POSTCONDITION_REMOVED
version 1: FairEmail-2.0.0
version 2: FairEmail-3.0.0
compilation unit: 0039-FairEmail-1.1507/app/src/main/java/eu/faircode/email/EntityAnswer.java
method: toString()
constraints in FairEmail-2.0.0
	AndroidXNonNull condition: "" , add info: -
constraints in FairEmail-3.0.0

POSTCONDITION_REMOVED
version 1: FairEmail-2.0.0
version 2: FairEmail-3.0.0
compilation unit: 0039-FairEmail-1.1507/app/src/main/java/eu/faircode/email/EntityAttachment.java
method: toString()
constraints in FairEmail-2.0.0
	AndroidXNonNull condition: "" , add info: -
constraints in FairEmail-3.0.0

POSTCONDITION_REMOVED
version 1: FairEmail-2.0.0
version 2: FairEmail-3.0.0
compilation unit: 0039-FairEmail-1.1507/app/src/main/java/eu/faircode/email/EntityContact.java
method: toString()
constraints in FairEmail-2.0.0
	AndroidXNonNull condition: "" , add info: -
constraints in FairEmail-3.0.0

POSTCONDITION_REMOVED
version 1: FairEmail-2.0.0
version 2: FairEmail-3.0.0
compilation unit: 0039-FairEmail-1.1507/app/src/main/java/eu/faircode/email/EntityFolder.java
method: toString()
constraints in FairEmail-2.0.0
	AndroidXNonNull condition: "" , add info: -
constraints in FairEmail-3.0.0

POSTCONDITION_REMOVED
version 1: FairEmail-2.0.0
version 2: FairEmail-3.0.0
compilation unit: 0039-FairEmail-1.1507/app/src/main/java/eu/faircode/email/EntityIdentity.java
method: toString()
constraints in FairEmail-2.0.0
	AndroidXNonNull condition: "" , add info: -
constraints in FairEmail-3.0.0

POSTCONDITION_REMOVED
version 1: FairEmail-2.0.0
version 2: FairEmail-3.0.0
compilation unit: 0039-FairEmail-1.1507/app/src/main/java/eu/faircode/email/FragmentDialogBase.java
method: getLifecycle()
constraints in FairEmail-2.0.0
	AndroidXNonNull condition: "" , add info: -
constraints in FairEmail-3.0.0

POSTCONDITION_REMOVED
version 1: FairEmail-2.0.0
version 2: FairEmail-3.0.0
compilation unit: 0039-FairEmail-1.1507/app/src/main/java/eu/faircode/email/FragmentDialogBase.java
method: getViewLifecycleOwner()
constraints in FairEmail-2.0.0
	AndroidXNonNull condition: "" , add info: -
constraints in FairEmail-3.0.0

POSTCONDITION_REMOVED
version 1: FairEmail-2.0.0
version 2: FairEmail-3.0.0
compilation unit: 0039-FairEmail-1.1507/app/src/main/java/eu/faircode/email/FragmentOptions.java
method: getItem(int)
constraints in FairEmail-2.0.0
	JetBrainsNotNull condition: "" , add info: -
constraints in FairEmail-3.0.0

POSTCONDITION_REMOVED
version 1: FairEmail-2.0.0
version 2: FairEmail-3.0.0
compilation unit: 0039-FairEmail-1.1507/app/src/main/java/eu/faircode/email/FragmentOptionsSynchronize.java
method: onCreateDialog(Bundle)
constraints in FairEmail-2.0.0
	AndroidXNonNull condition: "" , add info: -
constraints in FairEmail-3.0.0

POSTCONDITION_REMOVED
version 1: FairEmail-2.0.0
version 2: FairEmail-3.0.0
compilation unit: 0039-FairEmail-1.1507/app/src/main/java/eu/faircode/email/FragmentRule.java
method: toString()
constraints in FairEmail-2.0.0
	AndroidXNonNull condition: "" , add info: -
	AndroidXNonNull condition: "" , add info: -
constraints in FairEmail-3.0.0

POSTCONDITION_REMOVED
version 1: FairEmail-2.0.0
version 2: FairEmail-3.0.0
compilation unit: 0039-FairEmail-1.1507/app/src/main/java/eu/faircode/email/ItemDetailsMessage.java
method: getSelectionKey()
constraints in FairEmail-2.0.0
	AndroidXNullable condition: "" , add info: -
constraints in FairEmail-3.0.0

POSTCONDITION_REMOVED
version 1: FairEmail-2.0.0
version 2: FairEmail-3.0.0
compilation unit: 0039-FairEmail-1.1507/app/src/main/java/eu/faircode/email/ItemKeyProviderMessage.java
method: getKey(int)
constraints in FairEmail-2.0.0
	AndroidXNullable condition: "" , add info: -
constraints in FairEmail-3.0.0

POSTCONDITION_REMOVED
version 1: FairEmail-2.0.0
version 2: FairEmail-3.0.0
compilation unit: 0039-FairEmail-1.1507/app/src/main/java/eu/faircode/email/MessageClassifier.java
method: toString()
constraints in FairEmail-2.0.0
	JetBrainsNotNull condition: "" , add info: -
constraints in FairEmail-3.0.0

POSTCONDITION_REMOVED
version 1: FairEmail-2.0.0
version 2: FairEmail-3.0.0
compilation unit: 0039-FairEmail-1.1507/app/src/main/java/eu/faircode/email/ServiceExternal.java
method: onBind(Intent)
constraints in FairEmail-2.0.0
	AndroidXNullable condition: "" , add info: -
constraints in FairEmail-3.0.0

POSTCONDITION_REMOVED
version 1: FairEmail-2.0.0
version 2: FairEmail-3.0.0
compilation unit: 0039-FairEmail-1.1507/app/src/main/java/eu/faircode/email/ServiceSynchronize.java
method: onReceive(Context,
constraints in FairEmail-2.0.0
	AndroidXRequiresApi condition: "[api = Build.VERSION_CODES.M]" , add info: -
	AndroidXRequiresApi condition: "[api = Build.VERSION_CODES.N]" , add info: -
constraints in FairEmail-3.0.0

POSTCONDITION_REMOVED
version 1: FairEmail-2.0.0
version 2: FairEmail-3.0.0
compilation unit: 0039-FairEmail-1.1507/app/src/main/java/eu/faircode/email/TupleAccountNetworkState.java
method: toString()
constraints in FairEmail-2.0.0
	AndroidXNonNull condition: "" , add info: -
constraints in FairEmail-3.0.0

POSTCONDITION_REMOVED
version 1: FairEmail-2.0.0
version 2: FairEmail-3.0.0
compilation unit: 0039-FairEmail-1.1507/app/src/main/java/eu/faircode/email/TupleMessageStats.java
method: toString()
constraints in FairEmail-2.0.0
	AndroidXNonNull condition: "" , add info: -
constraints in FairEmail-3.0.0

POSTCONDITION_REMOVED
version 1: FairEmail-2.0.0
version 2: FairEmail-3.0.0
compilation unit: 0039-FairEmail-1.1507/app/src/main/java/eu/faircode/email/TupleOperationEx.java
method: toString()
constraints in FairEmail-2.0.0
	AndroidXNonNull condition: "" , add info: -
constraints in FairEmail-3.0.0

POSTCONDITION_REMOVED
version 1: FairEmail-2.0.0
version 2: FairEmail-3.0.0
compilation unit: 0039-FairEmail-1.1507/app/src/main/java/eu/faircode/email/TwoStateOwner.java
method: getLifecycle()
constraints in FairEmail-2.0.0
	AndroidXNonNull condition: "" , add info: -
constraints in FairEmail-3.0.0

POSTCONDITION_REMOVED
version 1: FairEmail-2.0.0
version 2: FairEmail-3.0.0
compilation unit: 0039-FairEmail-1.1507/app/src/main/java/eu/faircode/email/ViewModelMessages.java
method: put(AdapterMessage.ViewType,
constraints in FairEmail-2.0.0
	AndroidXNullable condition: "" , add info: -
constraints in FairEmail-3.0.0

POSTCONDITION_REMOVED
version 1: FairEmail-2.0.0
version 2: FairEmail-3.0.0
compilation unit: 0039-FairEmail-1.1507/app/src/main/java/eu/faircode/email/ViewModelMessages.java
method: toString()
constraints in FairEmail-2.0.0
	AndroidXNonNull condition: "" , add info: -
constraints in FairEmail-3.0.0

POSTCONDITION_REMOVED
version 1: FairEmail-2.0.0
version 2: FairEmail-3.0.0
compilation unit: 0039-FairEmail-1.1507/app/src/main/java/eu/faircode/email/WorkerCleanup.java
method: doWork()
constraints in FairEmail-2.0.0
	AndroidXNonNull condition: "" , add info: -
constraints in FairEmail-3.0.0

POSTCONDITION_REMOVED
version 1: FairEmail-2.0.0
version 2: FairEmail-3.0.0
compilation unit: 0039-FairEmail-1.1507/app/src/main/java/eu/faircode/email/WorkerFts.java
method: doWork()
constraints in FairEmail-2.0.0
	AndroidXNonNull condition: "" , add info: -
constraints in FairEmail-3.0.0

POSTCONDITION_REMOVED
version 1: FairEmail-2.0.0
version 2: FairEmail-3.0.0
compilation unit: 0039-FairEmail-1.1507/app/src/main/java/eu/faircode/email/WorkerWatchdog.java
method: doWork()
constraints in FairEmail-2.0.0
	AndroidXNonNull condition: "" , add info: -
constraints in FairEmail-3.0.0

POSTCONDITION_REMOVED
version 1: FairEmail-2.0.0
version 2: FairEmail-3.0.0
compilation unit: 0039-FairEmail-1.1507/app/src/play/java/eu/faircode/email/ActivityBilling.java
method: onCreate(Bundle)
constraints in FairEmail-2.0.0
	AndroidSuppressLint condition: ""MissingSuperCall"" , add info: -
constraints in FairEmail-3.0.0

POSTCONDITION_REMOVED
version 1: Handy-2.0.0
version 2: Handy-3.0.0
compilation unit: 0226-Handy-News-Reader-v0.9.4/FlymFork/src/main/java/ru/yanus171/feedexfork/fragment/EntryFragment.java
method: onTouch(View,
constraints in Handy-2.0.0
	AndroidSuppressLint condition: ""ClickableViewAccessibility"" , add info: -
constraints in Handy-3.0.0

POSTCONDITION_REMOVED
version 1: Handy-2.0.0
version 2: Handy-3.0.0
compilation unit: 0226-Handy-News-Reader-v0.9.4/FlymFork/src/main/java/ru/yanus171/feedexfork/service/AutoJobService.java
method: onStartJob(JobParameters)
constraints in Handy-2.0.0
	AndroidTargetApi condition: "Build.VERSION_CODES.LOLLIPOP" , add info: -
constraints in Handy-3.0.0

POSTCONDITION_REMOVED
version 1: Handy-2.0.0
version 2: Handy-3.0.0
compilation unit: 0226-Handy-News-Reader-v0.9.4/FlymFork/src/main/java/ru/yanus171/feedexfork/utils/Brightness.java
method: onTouch(View,
constraints in Handy-2.0.0
	AndroidSuppressLint condition: "{ "ClickableViewAccessibility", "DefaultLocale" }" , add info: -
constraints in Handy-3.0.0

POSTCONDITION_REMOVED
version 1: Handy-2.0.0
version 2: Handy-3.0.0
compilation unit: 0226-Handy-News-Reader-v0.9.4/FlymFork/src/main/java/ru/yanus171/feedexfork/utils/PrefUtils.java
method: ToogleTheme(Intent)
constraints in Handy-2.0.0
	AndroidSuppressLint condition: ""ApplySharedPref"" , add info: -
constraints in Handy-3.0.0

POSTCONDITION_REMOVED
version 1: Handy-2.0.0
version 2: Handy-3.0.0
compilation unit: 0226-Handy-News-Reader-v0.9.4/FlymFork/src/main/java/ru/yanus171/feedexfork/view/ColorPreference.java
method: onClick(DialogInterface,
constraints in Handy-2.0.0
	AndroidSuppressLint condition: ""CommitPrefEdits"" , add info: -
constraints in Handy-3.0.0

POSTCONDITION_REMOVED
version 1: Hendroid-2.0.0
version 2: Hendroid-3.0.0
compilation unit: 0297-Hendroid-1.9.4.3/app/src/main/java/me/devsaki/hentoid/activities/sources/BaseWebActivity.java
method: shouldOverrideUrlLoading(WebView,
constraints in Hendroid-2.0.0
	AndroidTargetApi condition: "Build.VERSION_CODES.N" , add info: -
constraints in Hendroid-3.0.0

POSTCONDITION_REMOVED
version 1: Hendroid-2.0.0
version 2: Hendroid-3.0.0
compilation unit: 0297-Hendroid-1.9.4.3/app/src/main/java/me/devsaki/hentoid/adapters/ImagePagerAdapter.java
method: getImageAt(int)
constraints in Hendroid-2.0.0
	AndroidXNullable condition: "" , add info: -
constraints in Hendroid-3.0.0

POSTCONDITION_REMOVED
version 1: Hendroid-2.0.0
version 2: Hendroid-3.0.0
compilation unit: 0297-Hendroid-1.9.4.3/app/src/main/java/me/devsaki/hentoid/database/domains/Attribute.java
method: toString()
constraints in Hendroid-2.0.0
	AndroidXNonNull condition: "" , add info: -
constraints in Hendroid-3.0.0

POSTCONDITION_REMOVED
version 1: Hendroid-2.0.0
version 2: Hendroid-3.0.0
compilation unit: 0297-Hendroid-1.9.4.3/app/src/main/java/me/devsaki/hentoid/database/domains/Content.java
method: getImageFiles()
constraints in Hendroid-2.0.0
	AndroidXNullable condition: "" , add info: -
constraints in Hendroid-3.0.0

POSTCONDITION_REMOVED
version 1: Hendroid-2.0.0
version 2: Hendroid-3.0.0
compilation unit: 0297-Hendroid-1.9.4.3/app/src/main/java/me/devsaki/hentoid/database/domains/Content.java
method: getErrorLog()
constraints in Hendroid-2.0.0
	AndroidXNullable condition: "" , add info: -
constraints in Hendroid-3.0.0

POSTCONDITION_REMOVED
version 1: Hendroid-2.0.0
version 2: Hendroid-3.0.0
compilation unit: 0297-Hendroid-1.9.4.3/app/src/main/java/me/devsaki/hentoid/database/domains/ErrorRecord.java
method: toString()
constraints in Hendroid-2.0.0
	AndroidXNonNull condition: "" , add info: -
constraints in Hendroid-3.0.0

POSTCONDITION_REMOVED
version 1: Hendroid-2.0.0
version 2: Hendroid-3.0.0
compilation unit: 0297-Hendroid-1.9.4.3/app/src/main/java/me/devsaki/hentoid/fragments/downloads/AboutMikanDialogFragment.java
method: onCreateDialog(Bundle)
constraints in Hendroid-2.0.0
	AndroidXNonNull condition: "" , add info: -
constraints in Hendroid-3.0.0

POSTCONDITION_REMOVED
version 1: Hendroid-2.0.0
version 2: Hendroid-3.0.0
compilation unit: 0297-Hendroid-1.9.4.3/app/src/main/java/me/devsaki/hentoid/fragments/viewer/GoToPageDialogFragment.java
method: onCreateDialog(Bundle)
constraints in Hendroid-2.0.0
	AndroidXNonNull condition: "" , add info: -
constraints in Hendroid-3.0.0

POSTCONDITION_REMOVED
version 1: Hendroid-2.0.0
version 2: Hendroid-3.0.0
compilation unit: 0297-Hendroid-1.9.4.3/app/src/main/java/me/devsaki/hentoid/notification/download/DownloadErrorNotification.java
method: onCreateNotification(Context)
constraints in Hendroid-2.0.0
	AndroidXNonNull condition: "" , add info: -
constraints in Hendroid-3.0.0

POSTCONDITION_REMOVED
version 1: Hendroid-2.0.0
version 2: Hendroid-3.0.0
compilation unit: 0297-Hendroid-1.9.4.3/app/src/main/java/me/devsaki/hentoid/notification/download/DownloadProgressNotification.java
method: onCreateNotification(Context)
constraints in Hendroid-2.0.0
	AndroidXNonNull condition: "" , add info: -
constraints in Hendroid-3.0.0

POSTCONDITION_REMOVED
version 1: Hendroid-2.0.0
version 2: Hendroid-3.0.0
compilation unit: 0297-Hendroid-1.9.4.3/app/src/main/java/me/devsaki/hentoid/notification/download/DownloadSuccessNotification.java
method: onCreateNotification(Context)
constraints in Hendroid-2.0.0
	AndroidXNonNull condition: "" , add info: -
constraints in Hendroid-3.0.0

POSTCONDITION_REMOVED
version 1: Hendroid-2.0.0
version 2: Hendroid-3.0.0
compilation unit: 0297-Hendroid-1.9.4.3/app/src/main/java/me/devsaki/hentoid/notification/download/DownloadWarningNotification.java
method: onCreateNotification(Context)
constraints in Hendroid-2.0.0
	AndroidXNonNull condition: "" , add info: -
constraints in Hendroid-3.0.0

POSTCONDITION_REMOVED
version 1: Hendroid-2.0.0
version 2: Hendroid-3.0.0
compilation unit: 0297-Hendroid-1.9.4.3/app/src/main/java/me/devsaki/hentoid/notification/import_/ImportCompleteNotification.java
method: onCreateNotification(Context)
constraints in Hendroid-2.0.0
	AndroidXNonNull condition: "" , add info: -
constraints in Hendroid-3.0.0

POSTCONDITION_REMOVED
version 1: Hendroid-2.0.0
version 2: Hendroid-3.0.0
compilation unit: 0297-Hendroid-1.9.4.3/app/src/main/java/me/devsaki/hentoid/notification/import_/ImportStartNotification.java
method: onCreateNotification(Context)
constraints in Hendroid-2.0.0
	AndroidXNonNull condition: "" , add info: -
constraints in Hendroid-3.0.0

POSTCONDITION_REMOVED
version 1: Hendroid-2.0.0
version 2: Hendroid-3.0.0
compilation unit: 0297-Hendroid-1.9.4.3/app/src/main/java/me/devsaki/hentoid/notification/maintenance/MaintenanceNotification.java
method: onCreateNotification(Context)
constraints in Hendroid-2.0.0
	AndroidXNonNull condition: "" , add info: -
constraints in Hendroid-3.0.0

POSTCONDITION_REMOVED
version 1: Hendroid-2.0.0
version 2: Hendroid-3.0.0
compilation unit: 0297-Hendroid-1.9.4.3/app/src/main/java/me/devsaki/hentoid/notification/update/UpdateAvailableNotification.java
method: onCreateNotification(Context)
constraints in Hendroid-2.0.0
	AndroidXNonNull condition: "" , add info: -
constraints in Hendroid-3.0.0

POSTCONDITION_REMOVED
version 1: Hendroid-2.0.0
version 2: Hendroid-3.0.0
compilation unit: 0297-Hendroid-1.9.4.3/app/src/main/java/me/devsaki/hentoid/notification/update/UpdateCheckNotification.java
method: onCreateNotification(Context)
constraints in Hendroid-2.0.0
	AndroidXNonNull condition: "" , add info: -
constraints in Hendroid-3.0.0

POSTCONDITION_REMOVED
version 1: Hendroid-2.0.0
version 2: Hendroid-3.0.0
compilation unit: 0297-Hendroid-1.9.4.3/app/src/main/java/me/devsaki/hentoid/notification/update/UpdateFailedNotification.java
method: onCreateNotification(Context)
constraints in Hendroid-2.0.0
	AndroidXNonNull condition: "" , add info: -
constraints in Hendroid-3.0.0

POSTCONDITION_REMOVED
version 1: Hendroid-2.0.0
version 2: Hendroid-3.0.0
compilation unit: 0297-Hendroid-1.9.4.3/app/src/main/java/me/devsaki/hentoid/notification/update/UpdateInstallNotification.java
method: onCreateNotification(Context)
constraints in Hendroid-2.0.0
	AndroidXNonNull condition: "" , add info: -
constraints in Hendroid-3.0.0

POSTCONDITION_REMOVED
version 1: Hendroid-2.0.0
version 2: Hendroid-3.0.0
compilation unit: 0297-Hendroid-1.9.4.3/app/src/main/java/me/devsaki/hentoid/notification/update/UpdateProgressNotification.java
method: onCreateNotification(Context)
constraints in Hendroid-2.0.0
	AndroidXNonNull condition: "" , add info: -
constraints in Hendroid-3.0.0

POSTCONDITION_REMOVED
version 1: Hendroid-2.0.0
version 2: Hendroid-3.0.0
compilation unit: 0297-Hendroid-1.9.4.3/app/src/main/java/me/devsaki/hentoid/services/ContentDownloadService.java
method: onBind(Intent)
constraints in Hendroid-2.0.0
	JSR305Nullable condition: "" , add info: -
	AndroidXNullable condition: "" , add info: -
constraints in Hendroid-3.0.0

POSTCONDITION_REMOVED
version 1: Hendroid-2.0.0
version 2: Hendroid-3.0.0
compilation unit: 0297-Hendroid-1.9.4.3/app/src/main/java/me/devsaki/hentoid/services/DatabaseMaintenanceService.java
method: onBind(Intent)
constraints in Hendroid-2.0.0
	AndroidXNullable condition: "" , add info: -
constraints in Hendroid-3.0.0

POSTCONDITION_REMOVED
version 1: Hendroid-2.0.0
version 2: Hendroid-3.0.0
compilation unit: 0297-Hendroid-1.9.4.3/app/src/main/java/me/devsaki/hentoid/services/DatabaseMigrationService.java
method: onBind(Intent)
constraints in Hendroid-2.0.0
	AndroidXNullable condition: "" , add info: -
constraints in Hendroid-3.0.0

POSTCONDITION_REMOVED
version 1: Hendroid-2.0.0
version 2: Hendroid-3.0.0
compilation unit: 0297-Hendroid-1.9.4.3/app/src/main/java/me/devsaki/hentoid/services/ImportService.java
method: onBind(Intent)
constraints in Hendroid-2.0.0
	AndroidXNullable condition: "" , add info: -
constraints in Hendroid-3.0.0

POSTCONDITION_REMOVED
version 1: Hendroid-2.0.0
version 2: Hendroid-3.0.0
compilation unit: 0297-Hendroid-1.9.4.3/app/src/main/java/me/devsaki/hentoid/services/UpdateCheckService.java
method: onBind(Intent)
constraints in Hendroid-2.0.0
	AndroidXNullable condition: "" , add info: -
constraints in Hendroid-3.0.0

POSTCONDITION_REMOVED
version 1: Hendroid-2.0.0
version 2: Hendroid-3.0.0
compilation unit: 0297-Hendroid-1.9.4.3/app/src/main/java/me/devsaki/hentoid/services/UpdateDownloadService.java
method: onBind(Intent)
constraints in Hendroid-2.0.0
	AndroidXNullable condition: "" , add info: -
constraints in Hendroid-3.0.0

POSTCONDITION_REMOVED
version 1: Hendroid-2.0.0
version 2: Hendroid-3.0.0
compilation unit: 0297-Hendroid-1.9.4.3/app/src/main/java/me/devsaki/hentoid/util/ContentHelper.java
method: getPictureFilesFromContent(Content)
constraints in Hendroid-2.0.0
	JSR305Nullable condition: "" , add info: -
	AndroidXNullable condition: "" , add info: -
constraints in Hendroid-3.0.0

POSTCONDITION_REMOVED
version 1: Hendroid-2.0.0
version 2: Hendroid-3.0.0
compilation unit: 0297-Hendroid-1.9.4.3/app/src/main/java/me/devsaki/hentoid/util/ContentHelper.java
method: removeContent(Content)
constraints in Hendroid-2.0.0
	AndroidXWorkerThread condition: "" , add info: -
constraints in Hendroid-3.0.0

POSTCONDITION_REMOVED
version 1: Hendroid-2.0.0
version 2: Hendroid-3.0.0
compilation unit: 0297-Hendroid-1.9.4.3/app/src/main/java/me/devsaki/hentoid/util/HttpHelper.java
method: getOnlineDocument(String)
constraints in Hendroid-2.0.0
	JSR305Nullable condition: "" , add info: -
	AndroidXNullable condition: "" , add info: -
constraints in Hendroid-3.0.0

POSTCONDITION_REMOVED
version 1: Hendroid-2.0.0
version 2: Hendroid-3.0.0
compilation unit: 0297-Hendroid-1.9.4.3/app/src/main/java/me/devsaki/hentoid/util/HttpHelper.java
method: getOnlineDocument(String,
constraints in Hendroid-2.0.0
	JSR305Nullable condition: "" , add info: -
	AndroidXNullable condition: "" , add info: -
constraints in Hendroid-3.0.0

POSTCONDITION_REMOVED
version 1: Hendroid-2.0.0
version 2: Hendroid-3.0.0
compilation unit: 0297-Hendroid-1.9.4.3/app/src/main/java/me/devsaki/hentoid/util/HttpHelper.java
method: getOnlineJson(String,
constraints in Hendroid-2.0.0
	JSR305Nullable condition: "" , add info: -
	JSR305Nullable condition: "" , add info: -
	AndroidXNullable condition: "" , add info: -
	AndroidXNullable condition: "" , add info: -
constraints in Hendroid-3.0.0

POSTCONDITION_REMOVED
version 1: Hendroid-2.0.0
version 2: Hendroid-3.0.0
compilation unit: 0297-Hendroid-1.9.4.3/app/src/main/java/me/devsaki/hentoid/util/notification/Notification.java
method: onCreateNotification(Context)
constraints in Hendroid-2.0.0
	AndroidXNonNull condition: "" , add info: -
constraints in Hendroid-3.0.0

POSTCONDITION_REMOVED
version 1: Hendroid-2.0.0
version 2: Hendroid-3.0.0
compilation unit: 0297-Hendroid-1.9.4.3/app/src/main/java/me/devsaki/hentoid/util/ShortcutHelper.java
method: buildShortcuts(Context)
constraints in Hendroid-2.0.0
	AndroidXRequiresApi condition: "[api = Build.VERSION_CODES.N_MR1]" , add info: -
constraints in Hendroid-3.0.0

POSTCONDITION_REMOVED
version 1: Hendroid-2.0.0
version 2: Hendroid-3.0.0
compilation unit: 0297-Hendroid-1.9.4.3/app/src/main/java/me/devsaki/hentoid/viewmodels/ImageViewerViewModel.java
method: getImages()
constraints in Hendroid-2.0.0
	AndroidXNonNull condition: "" , add info: -
constraints in Hendroid-3.0.0

POSTCONDITION_REMOVED
version 1: Hendroid-2.0.0
version 2: Hendroid-3.0.0
compilation unit: 0297-Hendroid-1.9.4.3/app/src/main/java/me/devsaki/hentoid/viewmodels/ImageViewerViewModel.java
method: getStartingIndex()
constraints in Hendroid-2.0.0
	AndroidXNonNull condition: "" , add info: -
constraints in Hendroid-3.0.0

POSTCONDITION_REMOVED
version 1: Hendroid-2.0.0
version 2: Hendroid-3.0.0
compilation unit: 0297-Hendroid-1.9.4.3/app/src/main/java/me/devsaki/hentoid/viewmodels/ImageViewerViewModel.java
method: getContent()
constraints in Hendroid-2.0.0
	AndroidXNonNull condition: "" , add info: -
constraints in Hendroid-3.0.0

POSTCONDITION_REMOVED
version 1: Hendroid-2.0.0
version 2: Hendroid-3.0.0
compilation unit: 0297-Hendroid-1.9.4.3/app/src/main/java/me/devsaki/hentoid/viewmodels/SearchViewModel.java
method: getProposedAttributesData()
constraints in Hendroid-2.0.0
	AndroidXNonNull condition: "" , add info: -
constraints in Hendroid-3.0.0

POSTCONDITION_REMOVED
version 1: Hendroid-2.0.0
version 2: Hendroid-3.0.0
compilation unit: 0297-Hendroid-1.9.4.3/app/src/main/java/me/devsaki/hentoid/viewmodels/SearchViewModel.java
method: getSelectedAttributesData()
constraints in Hendroid-2.0.0
	AndroidXNonNull condition: "" , add info: -
constraints in Hendroid-3.0.0

POSTCONDITION_REMOVED
version 1: Hendroid-2.0.0
version 2: Hendroid-3.0.0
compilation unit: 0297-Hendroid-1.9.4.3/app/src/main/java/me/devsaki/hentoid/viewmodels/SearchViewModel.java
method: getAttributesCountData()
constraints in Hendroid-2.0.0
	AndroidXNonNull condition: "" , add info: -
constraints in Hendroid-3.0.0

POSTCONDITION_REMOVED
version 1: Hendroid-2.0.0
version 2: Hendroid-3.0.0
compilation unit: 0297-Hendroid-1.9.4.3/app/src/main/java/me/devsaki/hentoid/viewmodels/SearchViewModel.java
method: getSelectedContentData()
constraints in Hendroid-2.0.0
	AndroidXNonNull condition: "" , add info: -
constraints in Hendroid-3.0.0

POSTCONDITION_REMOVED
version 1: Hendroid-2.0.0
version 2: Hendroid-3.0.0
compilation unit: 0297-Hendroid-1.9.4.3/app/src/main/java/me/devsaki/hentoid/views/ssiv/CustomSubsamplingScaleImageView.java
method: viewToSourceCoord(PointF)
constraints in Hendroid-2.0.0
	AndroidXNullable condition: "" , add info: -
constraints in Hendroid-3.0.0

POSTCONDITION_REMOVED
version 1: Hendroid-2.0.0
version 2: Hendroid-3.0.0
compilation unit: 0297-Hendroid-1.9.4.3/app/src/main/java/me/devsaki/hentoid/views/ssiv/CustomSubsamplingScaleImageView.java
method: sourceToViewCoord(PointF)
constraints in Hendroid-2.0.0
	AndroidXNullable condition: "" , add info: -
constraints in Hendroid-3.0.0

POSTCONDITION_REMOVED
version 1: Hendroid-2.0.0
version 2: Hendroid-3.0.0
compilation unit: 0297-Hendroid-1.9.4.3/app/src/main/java/me/devsaki/hentoid/views/ssiv/CustomSubsamplingScaleImageView.java
method: getCenter()
constraints in Hendroid-2.0.0
	AndroidXNullable condition: "" , add info: -
constraints in Hendroid-3.0.0

POSTCONDITION_REMOVED
version 1: Hendroid-2.0.0
version 2: Hendroid-3.0.0
compilation unit: 0297-Hendroid-1.9.4.3/app/src/main/java/me/devsaki/hentoid/views/ssiv/CustomSubsamplingScaleImageView.java
method: getState()
constraints in Hendroid-2.0.0
	AndroidXNullable condition: "" , add info: -
constraints in Hendroid-3.0.0

POSTCONDITION_REMOVED
version 1: Hendroid-2.0.0
version 2: Hendroid-3.0.0
compilation unit: 0297-Hendroid-1.9.4.3/app/src/main/java/me/devsaki/hentoid/views/ssiv/CustomSubsamplingScaleImageView.java
method: animateCenter(PointF)
constraints in Hendroid-2.0.0
	AndroidXNullable condition: "" , add info: -
constraints in Hendroid-3.0.0

POSTCONDITION_REMOVED
version 1: Hendroid-2.0.0
version 2: Hendroid-3.0.0
compilation unit: 0297-Hendroid-1.9.4.3/app/src/main/java/me/devsaki/hentoid/views/ssiv/CustomSubsamplingScaleImageView.java
method: animateScale(float)
constraints in Hendroid-2.0.0
	AndroidXNullable condition: "" , add info: -
constraints in Hendroid-3.0.0

POSTCONDITION_REMOVED
version 1: Hendroid-2.0.0
version 2: Hendroid-3.0.0
compilation unit: 0297-Hendroid-1.9.4.3/app/src/main/java/me/devsaki/hentoid/views/ssiv/CustomSubsamplingScaleImageView.java
method: animateScaleAndCenter(float,
constraints in Hendroid-2.0.0
	AndroidXNullable condition: "" , add info: -
constraints in Hendroid-3.0.0

POSTCONDITION_REMOVED
version 1: Hendroid-2.0.0
version 2: Hendroid-3.0.0
compilation unit: 0297-Hendroid-1.9.4.3/app/src/main/java/me/devsaki/hentoid/views/ssiv/CustomSubsamplingScaleImageView.java
method: withDuration(long)
constraints in Hendroid-2.0.0
	AndroidXNonNull condition: "" , add info: -
constraints in Hendroid-3.0.0

POSTCONDITION_REMOVED
version 1: Hendroid-2.0.0
version 2: Hendroid-3.0.0
compilation unit: 0297-Hendroid-1.9.4.3/app/src/main/java/me/devsaki/hentoid/views/ssiv/CustomSubsamplingScaleImageView.java
method: withInterruptible(boolean)
constraints in Hendroid-2.0.0
	AndroidXNonNull condition: "" , add info: -
constraints in Hendroid-3.0.0

POSTCONDITION_REMOVED
version 1: Hendroid-2.0.0
version 2: Hendroid-3.0.0
compilation unit: 0297-Hendroid-1.9.4.3/app/src/main/java/me/devsaki/hentoid/views/ssiv/CustomSubsamplingScaleImageView.java
method: withOnAnimationEventListener(OnAnimationEventListener)
constraints in Hendroid-2.0.0
	AndroidXNonNull condition: "" , add info: -
constraints in Hendroid-3.0.0

POSTCONDITION_REMOVED
version 1: Hendroid-2.0.0
version 2: Hendroid-3.0.0
compilation unit: 0297-Hendroid-1.9.4.3/app/src/main/java/me/devsaki/hentoid/views/ssiv/ImageSource.java
method: resource(int)
constraints in Hendroid-2.0.0
	AndroidXNonNull condition: "" , add info: -
constraints in Hendroid-3.0.0

POSTCONDITION_REMOVED
version 1: Hendroid-2.0.0
version 2: Hendroid-3.0.0
compilation unit: 0297-Hendroid-1.9.4.3/app/src/main/java/me/devsaki/hentoid/views/ssiv/ImageSource.java
method: tilingEnabled()
constraints in Hendroid-2.0.0
	AndroidXNonNull condition: "" , add info: -
constraints in Hendroid-3.0.0

POSTCONDITION_REMOVED
version 1: Hendroid-2.0.0
version 2: Hendroid-3.0.0
compilation unit: 0297-Hendroid-1.9.4.3/app/src/main/java/me/devsaki/hentoid/views/ssiv/ImageSource.java
method: tilingDisabled()
constraints in Hendroid-2.0.0
	AndroidXNonNull condition: "" , add info: -
constraints in Hendroid-3.0.0

POSTCONDITION_REMOVED
version 1: Hendroid-2.0.0
version 2: Hendroid-3.0.0
compilation unit: 0297-Hendroid-1.9.4.3/app/src/main/java/me/devsaki/hentoid/views/ssiv/ImageSource.java
method: tiling(boolean)
constraints in Hendroid-2.0.0
	AndroidXNonNull condition: "" , add info: -
constraints in Hendroid-3.0.0

POSTCONDITION_REMOVED
version 1: Hendroid-2.0.0
version 2: Hendroid-3.0.0
compilation unit: 0297-Hendroid-1.9.4.3/app/src/main/java/me/devsaki/hentoid/views/ssiv/ImageSource.java
method: region(Rect)
constraints in Hendroid-2.0.0
	AndroidXNonNull condition: "" , add info: -
constraints in Hendroid-3.0.0

POSTCONDITION_REMOVED
version 1: Hendroid-2.0.0
version 2: Hendroid-3.0.0
compilation unit: 0297-Hendroid-1.9.4.3/app/src/main/java/me/devsaki/hentoid/views/ssiv/ImageSource.java
method: dimensions(int,
constraints in Hendroid-2.0.0
	AndroidXNonNull condition: "" , add info: -
constraints in Hendroid-3.0.0

POSTCONDITION_REMOVED
version 1: Hendroid-2.0.0
version 2: Hendroid-3.0.0
compilation unit: 0297-Hendroid-1.9.4.3/app/src/main/java/me/devsaki/hentoid/views/ZoomableRecyclerView.java
method: onScrollStateChanged(int)
constraints in Hendroid-2.0.0
	AndroidTargetApi condition: "Build.VERSION_CODES.KITKAT" , add info: -
constraints in Hendroid-3.0.0

POSTCONDITION_REMOVED
version 1: J2ME-2.0.0
version 2: J2ME-3.0.0
compilation unit: 0286-J2ME-Loader-1.4.1/app/src/main/java/javax/microedition/lcdui/Canvas.java
method: onTouchEvent(MotionEvent)
constraints in J2ME-2.0.0
	AndroidSuppressLint condition: ""ClickableViewAccessibility"" , add info: -
constraints in J2ME-3.0.0

POSTCONDITION_REMOVED
version 1: J2ME-2.0.0
version 2: J2ME-3.0.0
compilation unit: 0286-J2ME-Loader-1.4.1/app/src/main/java/javax/microedition/shell/MicroLoader.java
method: takeScreenshot(Canvas)
constraints in J2ME-2.0.0
	AndroidSuppressLint condition: ""SimpleDateFormat"" , add info: -
constraints in J2ME-3.0.0

POSTCONDITION_REMOVED
version 1: J2ME-2.0.0
version 2: J2ME-3.0.0
compilation unit: 0286-J2ME-Loader-1.4.1/app/src/main/java/ru/playsoftware/j2meloader/config/ConfigActivity.java
method: onCreate(Bundle)
constraints in J2ME-2.0.0
	AndroidSuppressLint condition: "{ "StringFormatMatches", "StringFormatInvalid" }" , add info: -
constraints in J2ME-3.0.0

POSTCONDITION_REMOVED
version 1: J2ME-2.0.0
version 2: J2ME-3.0.0
compilation unit: 0286-J2ME-Loader-1.4.1/app/src/main/java/ru/playsoftware/j2meloader/config/ConfigActivity.java
method: onClick(View)
constraints in J2ME-2.0.0
	AndroidSuppressLint condition: ""SetTextI18n"" , add info: -
constraints in J2ME-3.0.0

POSTCONDITION_REMOVED
version 1: K6nele-2.0.0
version 2: K6nele-3.0.0
compilation unit: 0080-K6nele-v0.8.45-alpha/app/src/ee/ioc/phon/android/speak/RecognizerIntentActivity.java
method: onStop()
constraints in K6nele-2.0.0
	AndroidSuppressLint condition: ""NewApi"" , add info: -
constraints in K6nele-3.0.0

POSTCONDITION_REMOVED
version 1: KISS-2.0.0
version 2: KISS-3.0.0
compilation unit: 0182-KISS-v3.7.0/app/src/main/java/fr/neamar/kiss/DataHandler.java
method: getExcluded()
constraints in KISS-2.0.0
	AndroidXNonNull condition: "" , add info: -
constraints in KISS-3.0.0

POSTCONDITION_REMOVED
version 1: KISS-2.0.0
version 2: KISS-3.0.0
compilation unit: 0182-KISS-v3.7.0/app/src/main/java/fr/neamar/kiss/DataHandler.java
method: getApplications()
constraints in KISS-2.0.0
	AndroidXNullable condition: "" , add info: -
constraints in KISS-3.0.0

POSTCONDITION_REMOVED
version 1: KISS-2.0.0
version 2: KISS-3.0.0
compilation unit: 0182-KISS-v3.7.0/app/src/main/java/fr/neamar/kiss/DataHandler.java
method: getContactsProvider()
constraints in KISS-2.0.0
	AndroidXNullable condition: "" , add info: -
constraints in KISS-3.0.0

POSTCONDITION_REMOVED
version 1: KISS-2.0.0
version 2: KISS-3.0.0
compilation unit: 0182-KISS-v3.7.0/app/src/main/java/fr/neamar/kiss/DataHandler.java
method: getShortcutsProvider()
constraints in KISS-2.0.0
	AndroidXNullable condition: "" , add info: -
constraints in KISS-3.0.0

POSTCONDITION_REMOVED
version 1: KISS-2.0.0
version 2: KISS-3.0.0
compilation unit: 0182-KISS-v3.7.0/app/src/main/java/fr/neamar/kiss/DataHandler.java
method: getAppProvider()
constraints in KISS-2.0.0
	AndroidXNullable condition: "" , add info: -
constraints in KISS-3.0.0

POSTCONDITION_REMOVED
version 1: KISS-2.0.0
version 2: KISS-3.0.0
compilation unit: 0182-KISS-v3.7.0/app/src/main/java/fr/neamar/kiss/DataHandler.java
method: getSearchProvider()
constraints in KISS-2.0.0
	AndroidXNullable condition: "" , add info: -
constraints in KISS-3.0.0

POSTCONDITION_REMOVED
version 1: KISS-2.0.0
version 2: KISS-3.0.0
compilation unit: 0182-KISS-v3.7.0/app/src/main/java/fr/neamar/kiss/dataprovider/AppProvider.java
method: onCreate()
constraints in KISS-2.0.0
	JavaAssert condition: "manager != null" , add info: -
	JavaAssert condition: "launcher != null" , add info: -
	AndroidSuppressLint condition: ""NewApi"" , add info: -
constraints in KISS-3.0.0

POSTCONDITION_REMOVED
version 1: KISS-2.0.0
version 2: KISS-3.0.0
compilation unit: 0182-KISS-v3.7.0/app/src/main/java/fr/neamar/kiss/dataprovider/AppProvider.java
method: onReceive(Context,
constraints in KISS-2.0.0
	AndroidXRequiresApi condition: "[api = Build.VERSION_CODES.LOLLIPOP]" , add info: -
constraints in KISS-3.0.0

POSTCONDITION_REMOVED
version 1: KISS-2.0.0
version 2: KISS-3.0.0
compilation unit: 0182-KISS-v3.7.0/app/src/main/java/fr/neamar/kiss/forwarder/TagsMenu.java
method: getView(int,
constraints in KISS-2.0.0
	AndroidSuppressLint condition: ""ViewHolder"" , add info: -
constraints in KISS-3.0.0

POSTCONDITION_REMOVED
version 1: KISS-2.0.0
version 2: KISS-3.0.0
compilation unit: 0182-KISS-v3.7.0/app/src/main/java/fr/neamar/kiss/forwarder/TagsMenu.java
method: getPrefTags(SharedPreferences,
constraints in KISS-2.0.0
	AndroidXNonNull condition: "" , add info: -
constraints in KISS-3.0.0

POSTCONDITION_REMOVED
version 1: KISS-2.0.0
version 2: KISS-3.0.0
compilation unit: 0182-KISS-v3.7.0/app/src/main/java/fr/neamar/kiss/forwarder/TagsMenu.java
method: getLayoutResource()
constraints in KISS-2.0.0
	AndroidXLayoutRes condition: "" , add info: -
constraints in KISS-3.0.0

POSTCONDITION_REMOVED
version 1: KISS-2.0.0
version 2: KISS-3.0.0
compilation unit: 0182-KISS-v3.7.0/app/src/main/java/fr/neamar/kiss/MainActivity.java
method: onResume()
constraints in KISS-2.0.0
	AndroidSuppressLint condition: ""CommitPrefEdits"" , add info: -
constraints in KISS-3.0.0

POSTCONDITION_REMOVED
version 1: KISS-2.0.0
version 2: KISS-3.0.0
compilation unit: 0182-KISS-v3.7.0/app/src/main/java/fr/neamar/kiss/result/PhoneResult.java
method: doLaunch(Context,
constraints in KISS-2.0.0
	AndroidSuppressLint condition: ""MissingPermission"" , add info: -
constraints in KISS-3.0.0

POSTCONDITION_REMOVED
version 1: KISS-2.0.0
version 2: KISS-3.0.0
compilation unit: 0182-KISS-v3.7.0/app/src/main/java/fr/neamar/kiss/searcher/Searcher.java
method: onPreExecute()
constraints in KISS-2.0.0
	AndroidXCallSuper condition: "" , add info: -
constraints in KISS-3.0.0

POSTCONDITION_REMOVED
version 1: KISS-2.0.0
version 2: KISS-3.0.0
compilation unit: 0182-KISS-v3.7.0/app/src/main/java/fr/neamar/kiss/utils/UserHandle.java
method: getRealHandle()
constraints in KISS-2.0.0
	AndroidTargetApi condition: "Build.VERSION_CODES.JELLY_BEAN_MR1" , add info: -
constraints in KISS-3.0.0

POSTCONDITION_REMOVED
version 1: LRC-2.0.0
version 2: LRC-3.0.0
compilation unit: 0165-LRC-Editor-v2.3/app/src/main/java/com/cg/lrceditor/FinalizeActivity.java
method: onRequestPermissionsResult(int,
constraints in LRC-2.0.0
	AndroidTargetApi condition: "Build.VERSION_CODES.M" , add info: -
constraints in LRC-3.0.0

POSTCONDITION_REMOVED
version 1: LRC-2.0.0
version 2: LRC-3.0.0
compilation unit: 0165-LRC-Editor-v2.3/app/src/main/java/com/cg/lrceditor/HomePage.java
method: onRequestPermissionsResult(int,
constraints in LRC-2.0.0
	AndroidTargetApi condition: "Build.VERSION_CODES.M" , add info: -
constraints in LRC-3.0.0

POSTCONDITION_REMOVED
version 1: Music-2.0.0
version 2: Music-3.0.0
compilation unit: 0198-Music-Player-v.1.0.1/app/src/main/java/com/maxfour/music/adapter/CategoryInfoAdapter.java
method: onBindViewHolder(CategoryInfoAdapter.ViewHolder,
constraints in Music-2.0.0
	AndroidSuppressLint condition: ""ClickableViewAccessibility"" , add info: -
constraints in Music-3.0.0

POSTCONDITION_REMOVED
version 1: Music-2.0.0
version 2: Music-3.0.0
compilation unit: 0198-Music-Player-v.1.0.1/app/src/main/java/com/maxfour/music/dialogs/RemoveFromPlaylistDialog.java
method: onCreateDialog(Bundle)
constraints in Music-2.0.0
	AndroidSuppressLint condition: ""ResourceType"" , add info: -
constraints in Music-3.0.0

POSTCONDITION_REMOVED
version 1: Music-2.0.0
version 2: Music-3.0.0
compilation unit: 0198-Music-Player-v.1.0.1/app/src/main/java/com/maxfour/music/util/ArtistSignatureUtil.java
method: updateArtistSignature(String)
constraints in Music-2.0.0
	AndroidSuppressLint condition: ""CommitPrefEdits"" , add info: -
constraints in Music-3.0.0

POSTCONDITION_REMOVED
version 1: Music-2.0.0
version 2: Music-3.0.0
compilation unit: 0198-Music-Player-v.1.0.1/app/src/main/java/com/maxfour/music/util/CustomArtistImageUtil.java
method: doInBackground(Void...)
constraints in Music-2.0.0
	AndroidSuppressLint condition: ""ApplySharedPref"" , add info: -
	AndroidSuppressLint condition: ""ApplySharedPref"" , add info: -
constraints in Music-3.0.0

POSTCONDITION_REMOVED
version 1: Music-2.0.0
version 2: Music-3.0.0
compilation unit: 0198-Music-Player-v.1.0.1/app/src/main/java/com/maxfour/music/util/PreferenceUtil.java
method: setNowPlayingScreen(NowPlayingScreen)
constraints in Music-2.0.0
	AndroidSuppressLint condition: ""CommitPrefEdits"" , add info: -
constraints in Music-3.0.0

POSTCONDITION_REMOVED
version 1: Music-2.0.0
version 2: Music-3.0.0
compilation unit: 0198-Music-Player-v.1.0.1/app/src/main/java/com/maxfour/music/util/PreferenceUtil.java
method: setIntroShown()
constraints in Music-2.0.0
	AndroidSuppressLint condition: ""CommitPrefEdits"" , add info: -
constraints in Music-3.0.0

POSTCONDITION_REMOVED
version 1: Music-2.0.0
version 2: Music-3.0.0
compilation unit: 0198-Music-Player-v.1.0.1/app/src/main/java/com/maxfour/music/util/Util.java
method: setStatusBarTranslucent(Window)
constraints in Music-2.0.0
	AndroidTargetApi condition: "Build.VERSION_CODES.KITKAT" , add info: -
constraints in Music-3.0.0

POSTCONDITION_REMOVED
version 1: Music-2.0.0
version 2: Music-3.0.0
compilation unit: 0198-Music-Player-v.1.0.1/app/src/main/java/com/maxfour/music/util/Util.java
method: isRTL(Context)
constraints in Music-2.0.0
	AndroidTargetApi condition: "Build.VERSION_CODES.JELLY_BEAN_MR1" , add info: -
constraints in Music-3.0.0

POSTCONDITION_REMOVED
version 1: MyExpenses-2.0.0
version 2: MyExpenses-3.0.0
compilation unit: 0065-MyExpenses-r113/src/org/totschnig/myexpenses/activity/AccountEdit.java
method: onCreate(Bundle)
constraints in MyExpenses-2.0.0
	AndroidSuppressLint condition: ""InlinedApi"" , add info: -
constraints in MyExpenses-3.0.0

POSTCONDITION_REMOVED
version 1: MyExpenses-2.0.0
version 2: MyExpenses-3.0.0
compilation unit: 0065-MyExpenses-r113/tests/src/org/totschnig/myexpenses/test/util/Fixture.java
method: clear(Context)
constraints in MyExpenses-2.0.0
	AndroidSuppressLint condition: ""NewApi"" , add info: -
constraints in MyExpenses-3.0.0

POSTCONDITION_REMOVED
version 1: NClientV2-2.0.0
version 2: NClientV2-3.0.0
compilation unit: 0144-NClientV2-2.4.8/app/src/main/java/com/dar/nclientv2/api/components/Gallery.java
method: getPathTitle()
constraints in NClientV2-2.0.0
	AndroidXNonNull condition: "" , add info: -
constraints in NClientV2-3.0.0

POSTCONDITION_REMOVED
version 1: NClientV2-2.0.0
version 2: NClientV2-3.0.0
compilation unit: 0144-NClientV2-2.4.8/app/src/main/java/com/dar/nclientv2/api/components/Gallery.java
method: getPageURI(int)
constraints in NClientV2-2.0.0
	AndroidXNullable condition: "" , add info: -
constraints in NClientV2-3.0.0

POSTCONDITION_REMOVED
version 1: NClientV2-2.0.0
version 2: NClientV2-3.0.0
compilation unit: 0144-NClientV2-2.4.8/app/src/main/java/com/dar/nclientv2/api/components/Gallery.java
method: getTitle()
constraints in NClientV2-2.0.0
	AndroidXNonNull condition: "" , add info: -
constraints in NClientV2-3.0.0

POSTCONDITION_REMOVED
version 1: NClientV2-2.0.0
version 2: NClientV2-3.0.0
compilation unit: 0144-NClientV2-2.4.8/app/src/main/java/com/dar/nclientv2/api/components/Gallery.java
method: getGalleryData()
constraints in NClientV2-2.0.0
	AndroidXNonNull condition: "" , add info: -
constraints in NClientV2-3.0.0

POSTCONDITION_REMOVED
version 1: NClientV2-2.0.0
version 2: NClientV2-3.0.0
compilation unit: 0144-NClientV2-2.4.8/app/src/main/java/com/dar/nclientv2/api/components/GenericGallery.java
method: getTitle()
constraints in NClientV2-2.0.0
	AndroidXNonNull condition: "" , add info: -
constraints in NClientV2-3.0.0

POSTCONDITION_REMOVED
version 1: NClientV2-2.0.0
version 2: NClientV2-3.0.0
compilation unit: 0144-NClientV2-2.4.8/app/src/main/java/com/dar/nclientv2/api/components/GenericGallery.java
method: getPageURI(int)
constraints in NClientV2-2.0.0
	AndroidXNullable condition: "" , add info: -
constraints in NClientV2-3.0.0

POSTCONDITION_REMOVED
version 1: NClientV2-2.0.0
version 2: NClientV2-3.0.0
compilation unit: 0144-NClientV2-2.4.8/app/src/main/java/com/dar/nclientv2/api/enums/SortType.java
method: getUrlAddition()
constraints in NClientV2-2.0.0
	AndroidXNullable condition: "" , add info: -
constraints in NClientV2-3.0.0

POSTCONDITION_REMOVED
version 1: NClientV2-2.0.0
version 2: NClientV2-3.0.0
compilation unit: 0144-NClientV2-2.4.8/app/src/main/java/com/dar/nclientv2/api/local/LocalGallery.java
method: getMaxSize()
constraints in NClientV2-2.0.0
	AndroidXNonNull condition: "" , add info: -
constraints in NClientV2-3.0.0

POSTCONDITION_REMOVED
version 1: NClientV2-2.0.0
version 2: NClientV2-3.0.0
compilation unit: 0144-NClientV2-2.4.8/app/src/main/java/com/dar/nclientv2/api/local/LocalGallery.java
method: getMinSize()
constraints in NClientV2-2.0.0
	AndroidXNonNull condition: "" , add info: -
constraints in NClientV2-3.0.0

POSTCONDITION_REMOVED
version 1: NClientV2-2.0.0
version 2: NClientV2-3.0.0
compilation unit: 0144-NClientV2-2.4.8/app/src/main/java/com/dar/nclientv2/api/local/LocalGallery.java
method: getGalleryData()
constraints in NClientV2-2.0.0
	AndroidXNonNull condition: "" , add info: -
constraints in NClientV2-3.0.0

POSTCONDITION_REMOVED
version 1: NClientV2-2.0.0
version 2: NClientV2-3.0.0
compilation unit: 0144-NClientV2-2.4.8/app/src/main/java/com/dar/nclientv2/api/local/LocalGallery.java
method: getTitle()
constraints in NClientV2-2.0.0
	AndroidXNonNull condition: "" , add info: -
constraints in NClientV2-3.0.0

POSTCONDITION_REMOVED
version 1: NClientV2-2.0.0
version 2: NClientV2-3.0.0
compilation unit: 0144-NClientV2-2.4.8/app/src/main/java/com/dar/nclientv2/api/local/LocalGallery.java
method: getPageURI(int)
constraints in NClientV2-2.0.0
	AndroidXNullable condition: "" , add info: -
constraints in NClientV2-3.0.0

POSTCONDITION_REMOVED
version 1: NClientV2-2.0.0
version 2: NClientV2-3.0.0
compilation unit: 0144-NClientV2-2.4.8/app/src/main/java/com/dar/nclientv2/api/local/LocalGallery.java
method: getDirectory()
constraints in NClientV2-2.0.0
	AndroidXNonNull condition: "" , add info: -
constraints in NClientV2-3.0.0

POSTCONDITION_REMOVED
version 1: NClientV2-2.0.0
version 2: NClientV2-3.0.0
compilation unit: 0144-NClientV2-2.4.8/app/src/main/java/com/dar/nclientv2/api/local/LocalGallery.java
method: getPage(int)
constraints in NClientV2-2.0.0
	AndroidXNullable condition: "" , add info: -
constraints in NClientV2-3.0.0

POSTCONDITION_REMOVED
version 1: NClientV2-2.0.0
version 2: NClientV2-3.0.0
compilation unit: 0144-NClientV2-2.4.8/app/src/main/java/com/dar/nclientv2/api/local/LocalGallery.java
method: toString()
constraints in NClientV2-2.0.0
	AndroidXNonNull condition: "" , add info: -
constraints in NClientV2-3.0.0

POSTCONDITION_REMOVED
version 1: NClientV2-2.0.0
version 2: NClientV2-3.0.0
compilation unit: 0144-NClientV2-2.4.8/app/src/main/java/com/dar/nclientv2/api/SimpleGallery.java
method: getPageURI(int)
constraints in NClientV2-2.0.0
	AndroidXNonNull condition: "" , add info: -
constraints in NClientV2-3.0.0

POSTCONDITION_REMOVED
version 1: NClientV2-2.0.0
version 2: NClientV2-3.0.0
compilation unit: 0144-NClientV2-2.4.8/app/src/main/java/com/dar/nclientv2/api/SimpleGallery.java
method: getTitle()
constraints in NClientV2-2.0.0
	AndroidXNonNull condition: "" , add info: -
constraints in NClientV2-3.0.0

POSTCONDITION_REMOVED
version 1: NClientV2-2.0.0
version 2: NClientV2-3.0.0
compilation unit: 0144-NClientV2-2.4.8/app/src/main/java/com/dar/nclientv2/async/database/Queries.java
method: getAllFavoriteCursorDeprecated(CharSequence,
constraints in NClientV2-2.0.0
	AndroidXNonNull condition: "" , add info: -
constraints in NClientV2-3.0.0

POSTCONDITION_REMOVED
version 1: NClientV2-2.0.0
version 2: NClientV2-3.0.0
compilation unit: 0144-NClientV2-2.4.8/app/src/main/java/com/dar/nclientv2/async/database/Queries.java
method: getTagById(int)
constraints in NClientV2-2.0.0
	AndroidXNullable condition: "" , add info: -
constraints in NClientV2-3.0.0

POSTCONDITION_REMOVED
version 1: NClientV2-2.0.0
version 2: NClientV2-3.0.0
compilation unit: 0144-NClientV2-2.4.8/app/src/main/java/com/dar/nclientv2/async/database/Queries.java
method: getStatus(Tag)
constraints in NClientV2-2.0.0
	AndroidXNullable condition: "" , add info: -
constraints in NClientV2-3.0.0

POSTCONDITION_REMOVED
version 1: NClientV2-2.0.0
version 2: NClientV2-3.0.0
compilation unit: 0144-NClientV2-2.4.8/app/src/main/java/com/dar/nclientv2/async/downloader/GalleryDownloaderV2.java
method: getPathTitle()
constraints in NClientV2-2.0.0
	AndroidXNonNull condition: "" , add info: -
constraints in NClientV2-3.0.0

POSTCONDITION_REMOVED
version 1: NClientV2-2.0.0
version 2: NClientV2-3.0.0
compilation unit: 0144-NClientV2-2.4.8/app/src/main/java/com/dar/nclientv2/async/downloader/GalleryDownloaderV2.java
method: getTruePathTitle()
constraints in NClientV2-2.0.0
	AndroidXNonNull condition: "" , add info: -
constraints in NClientV2-3.0.0

POSTCONDITION_REMOVED
version 1: NClientV2-2.0.0
version 2: NClientV2-3.0.0
compilation unit: 0144-NClientV2-2.4.8/app/src/main/java/com/dar/nclientv2/components/classes/Bookmark.java
method: toString()
constraints in NClientV2-2.0.0
	AndroidXNonNull condition: "" , add info: -
constraints in NClientV2-3.0.0

POSTCONDITION_REMOVED
version 1: NClientV2-2.0.0
version 2: NClientV2-3.0.0
compilation unit: 0144-NClientV2-2.4.8/app/src/main/java/com/dar/nclientv2/components/GlideX.java
method: get(Context)
constraints in NClientV2-2.0.0
	AndroidXNullable condition: "" , add info: -
constraints in NClientV2-3.0.0

POSTCONDITION_REMOVED
version 1: NClientV2-2.0.0
version 2: NClientV2-3.0.0
compilation unit: 0144-NClientV2-2.4.8/app/src/main/java/com/dar/nclientv2/components/GlideX.java
method: with(View)
constraints in NClientV2-2.0.0
	AndroidXNullable condition: "" , add info: -
constraints in NClientV2-3.0.0

POSTCONDITION_REMOVED
version 1: NClientV2-2.0.0
version 2: NClientV2-3.0.0
compilation unit: 0144-NClientV2-2.4.8/app/src/main/java/com/dar/nclientv2/components/GlideX.java
method: with(Context)
constraints in NClientV2-2.0.0
	AndroidXNullable condition: "" , add info: -
constraints in NClientV2-3.0.0

POSTCONDITION_REMOVED
version 1: NClientV2-2.0.0
version 2: NClientV2-3.0.0
compilation unit: 0144-NClientV2-2.4.8/app/src/main/java/com/dar/nclientv2/components/GlideX.java
method: with(Fragment)
constraints in NClientV2-2.0.0
	AndroidXNullable condition: "" , add info: -
constraints in NClientV2-3.0.0

POSTCONDITION_REMOVED
version 1: NClientV2-2.0.0
version 2: NClientV2-3.0.0
compilation unit: 0144-NClientV2-2.4.8/app/src/main/java/com/dar/nclientv2/components/GlideX.java
method: with(FragmentActivity)
constraints in NClientV2-2.0.0
	AndroidXNullable condition: "" , add info: -
constraints in NClientV2-3.0.0

POSTCONDITION_REMOVED
version 1: NClientV2-2.0.0
version 2: NClientV2-3.0.0
compilation unit: 0144-NClientV2-2.4.8/app/src/main/java/com/dar/nclientv2/components/GlideX.java
method: with(Activity)
constraints in NClientV2-2.0.0
	AndroidXNullable condition: "" , add info: -
constraints in NClientV2-3.0.0

POSTCONDITION_REMOVED
version 1: NClientV2-2.0.0
version 2: NClientV2-3.0.0
compilation unit: 0144-NClientV2-2.4.8/app/src/main/java/com/dar/nclientv2/components/views/CustomWebView.java
method: initialize()
constraints in NClientV2-2.0.0
	AndroidSuppressLint condition: "{ "SetJavaScriptEnabled", "AddJavascriptInterface" }" , add info: -
constraints in NClientV2-3.0.0

POSTCONDITION_REMOVED
version 1: NClientV2-2.0.0
version 2: NClientV2-3.0.0
compilation unit: 0144-NClientV2-2.4.8/app/src/main/java/com/dar/nclientv2/settings/Database.java
method: getDatabase()
constraints in NClientV2-2.0.0
	AndroidXNonNull condition: "" , add info: -
constraints in NClientV2-3.0.0

POSTCONDITION_REMOVED
version 1: NClientV2-2.0.0
version 2: NClientV2-3.0.0
compilation unit: 0144-NClientV2-2.4.8/app/src/main/java/com/dar/nclientv2/settings/Global.java
method: getClient()
constraints in NClientV2-2.0.0
	AndroidXNullable condition: "" , add info: -
constraints in NClientV2-3.0.0

POSTCONDITION_REMOVED
version 1: NClientV2-2.0.0
version 2: NClientV2-3.0.0
compilation unit: 0144-NClientV2-2.4.8/app/src/main/java/com/dar/nclientv2/settings/Global.java
method: getClient(Context)
constraints in NClientV2-2.0.0
	AndroidXNonNull condition: "" , add info: -
constraints in NClientV2-3.0.0

POSTCONDITION_REMOVED
version 1: NClientV2-2.0.0
version 2: NClientV2-3.0.0
compilation unit: 0144-NClientV2-2.4.8/app/src/main/java/com/dar/nclientv2/settings/Global.java
method: getOnlyLanguage()
constraints in NClientV2-2.0.0
	AndroidXNonNull condition: "" , add info: -
constraints in NClientV2-3.0.0

POSTCONDITION_REMOVED
version 1: NClientV2-2.0.0
version 2: NClientV2-3.0.0
compilation unit: 0144-NClientV2-2.4.8/app/src/main/java/com/dar/nclientv2/settings/Global.java
method: findGalleryFolder(int)
constraints in NClientV2-2.0.0
	AndroidXNullable condition: "" , add info: -
constraints in NClientV2-3.0.0

POSTCONDITION_REMOVED
version 1: NClientV2-2.0.0
version 2: NClientV2-3.0.0
compilation unit: 0144-NClientV2-2.4.8/app/src/main/java/com/dar/nclientv2/settings/Global.java
method: getVersionName(Context)
constraints in NClientV2-2.0.0
	AndroidXNonNull condition: "" , add info: -
constraints in NClientV2-3.0.0

POSTCONDITION_REMOVED
version 1: NClientV2-2.0.0
version 2: NClientV2-3.0.0
compilation unit: 0144-NClientV2-2.4.8/app/src/main/java/com/dar/nclientv2/utility/ImageDownloadUtility.java
method: loadImageOp(Context,
constraints in NClientV2-2.0.0
	AndroidXNullable condition: "" , add info: -
constraints in NClientV2-3.0.0

POSTCONDITION_REMOVED
version 1: NClientV2-2.0.0
version 2: NClientV2-3.0.0
compilation unit: 0144-NClientV2-2.4.8/app/src/main/java/com/dar/nclientv2/ZoomActivity.java
method: getItem(int)
constraints in NClientV2-2.0.0
	AndroidXNonNull condition: "" , add info: -
constraints in NClientV2-3.0.0

POSTCONDITION_REMOVED
version 1: NetGuard-2.0.0
version 2: NetGuard-3.0.0
compilation unit: 0276-NetGuard-2.266/app/src/main/java/eu/faircode/netguard/ActivitySettings.java
method: onSharedPreferenceChanged(SharedPreferences,
constraints in NetGuard-2.0.0
	AndroidTargetApi condition: "Build.VERSION_CODES.M" , add info: -
constraints in NetGuard-3.0.0

POSTCONDITION_REMOVED
version 1: NetGuard-2.0.0
version 2: NetGuard-3.0.0
compilation unit: 0276-NetGuard-2.266/app/src/main/java/eu/faircode/netguard/AdapterRule.java
method: onCheckedChanged(CompoundButton,
constraints in NetGuard-2.0.0
	AndroidTargetApi condition: "Build.VERSION_CODES.M" , add info: -
	AndroidTargetApi condition: "Build.VERSION_CODES.M" , add info: -
constraints in NetGuard-3.0.0

POSTCONDITION_REMOVED
version 1: NetGuard-2.0.0
version 2: NetGuard-3.0.0
compilation unit: 0276-NetGuard-2.266/app/src/main/java/eu/faircode/netguard/ServiceSinkhole.java
method: onReceive(Context,
constraints in NetGuard-2.0.0
	AndroidTargetApi condition: "Build.VERSION_CODES.JELLY_BEAN_MR1" , add info: -
	AndroidTargetApi condition: "Build.VERSION_CODES.M" , add info: -
constraints in NetGuard-3.0.0

POSTCONDITION_REMOVED
version 1: NetGuard-2.0.0
version 2: NetGuard-3.0.0
compilation unit: 0276-NetGuard-2.266/app/src/main/java/eu/faircode/netguard/Util.java
method: batteryOptimizing(Context)
constraints in NetGuard-2.0.0
	AndroidTargetApi condition: "Build.VERSION_CODES.M" , add info: -
constraints in NetGuard-3.0.0

POSTCONDITION_REMOVED
version 1: NetGuard-2.0.0
version 2: NetGuard-3.0.0
compilation unit: 0276-NetGuard-2.266/app/src/main/java/eu/faircode/netguard/Util.java
method: dataSaving(Context)
constraints in NetGuard-2.0.0
	AndroidTargetApi condition: "Build.VERSION_CODES.N" , add info: -
constraints in NetGuard-3.0.0

POSTCONDITION_REMOVED
version 1: NewPipe-0.0.0
version 2: NewPipe-1.0.0
compilation unit: 0178-NewPipe-legacy-v0.15.1/app/src/main/java/org/schabi/newpipelegacy/ExitActivity.java
method: onCreate(Bundle)
constraints in NewPipe-0.0.0
	AndroidSuppressLint condition: ""NewApi"" , add info: -
constraints in NewPipe-1.0.0

POSTCONDITION_REMOVED
version 1: NewPipe-0.0.0
version 2: NewPipe-1.0.0
compilation unit: 0178-NewPipe-legacy-v0.15.1/app/src/main/java/org/schabi/newpipelegacy/ImageDownloader.java
method: getStream(String,
constraints in NewPipe-0.0.0
	AndroidSuppressLint condition: ""ResourceType"" , add info: -
constraints in NewPipe-1.0.0

POSTCONDITION_REMOVED
version 1: NewPipe-0.0.0
version 2: NewPipe-1.0.0
compilation unit: 0178-NewPipe-legacy-v0.15.1/app/src/main/java/org/schabi/newpipelegacy/PanicResponderActivity.java
method: onCreate(Bundle)
constraints in NewPipe-0.0.0
	AndroidSuppressLint condition: ""NewApi"" , add info: -
constraints in NewPipe-1.0.0

POSTCONDITION_REMOVED
version 1: NewPipe-0.0.0
version 2: NewPipe-1.0.0
compilation unit: 0178-NewPipe-legacy-v0.15.1/app/src/main/java/us/shandian/giga/get/DownloadRunnableFallback.java
method: run()
constraints in NewPipe-0.0.0
	AndroidSuppressLint condition: ""LongLogTag"" , add info: -
constraints in NewPipe-1.0.0

POSTCONDITION_REMOVED
version 1: NewPipe-1.0.0
version 2: NewPipe-2.0.0
compilation unit: 0031-NewPipe-v0.20.11/app/src/main/java/androidx/fragment/app/FragmentStatePagerAdapterMenuWorkaround.java
method: getItem(int)
constraints in NewPipe-1.0.0
	AndroidXNonNull condition: "" , add info: -
constraints in NewPipe-2.0.0

POSTCONDITION_REMOVED
version 1: NewPipe-1.0.0
version 2: NewPipe-2.0.0
compilation unit: 0031-NewPipe-v0.20.11/app/src/main/java/androidx/fragment/app/FragmentStatePagerAdapterMenuWorkaround.java
method: saveState()
constraints in NewPipe-1.0.0
	AndroidXNullable condition: "" , add info: -
constraints in NewPipe-2.0.0

POSTCONDITION_REMOVED
version 1: NewPipe-1.0.0
version 2: NewPipe-2.0.0
compilation unit: 0031-NewPipe-v0.20.11/app/src/main/java/org/schabi/newpipe/about/AboutActivity.java
method: createFragment(int)
constraints in NewPipe-1.0.0
	AndroidXNonNull condition: "" , add info: -
constraints in NewPipe-2.0.0

POSTCONDITION_REMOVED
version 1: NewPipe-1.0.0
version 2: NewPipe-2.0.0
compilation unit: 0031-NewPipe-v0.20.11/app/src/main/java/org/schabi/newpipe/App.java
method: getApp()
constraints in NewPipe-1.0.0
	AndroidXNonNull condition: "" , add info: -
constraints in NewPipe-2.0.0

POSTCONDITION_REMOVED
version 1: NewPipe-1.0.0
version 2: NewPipe-2.0.0
compilation unit: 0031-NewPipe-v0.20.11/app/src/main/java/org/schabi/newpipe/database/history/dao/SearchHistoryDAO.java
method: getLatestEntry()
constraints in NewPipe-1.0.0
	AndroidXNullable condition: "" , add info: -
constraints in NewPipe-2.0.0

POSTCONDITION_REMOVED
version 1: NewPipe-1.0.0
version 2: NewPipe-2.0.0
compilation unit: 0031-NewPipe-v0.20.11/app/src/main/java/org/schabi/newpipe/database/history/dao/StreamHistoryDAO.java
method: getLatestEntry()
constraints in NewPipe-1.0.0
	AndroidXNullable condition: "" , add info: -
constraints in NewPipe-2.0.0

POSTCONDITION_REMOVED
version 1: NewPipe-1.0.0
version 2: NewPipe-2.0.0
compilation unit: 0031-NewPipe-v0.20.11/app/src/main/java/org/schabi/newpipe/database/history/dao/StreamHistoryDAO.java
method: getLatestEntry(long)
constraints in NewPipe-1.0.0
	AndroidXNullable condition: "" , add info: -
constraints in NewPipe-2.0.0

POSTCONDITION_REMOVED
version 1: NewPipe-1.0.0
version 2: NewPipe-2.0.0
compilation unit: 0031-NewPipe-v0.20.11/app/src/main/java/org/schabi/newpipe/database/history/model/StreamHistoryEntity.java
method: getAccessDate()
constraints in NewPipe-1.0.0
	AndroidXNonNull condition: "" , add info: -
constraints in NewPipe-2.0.0

POSTCONDITION_REMOVED
version 1: NewPipe-1.0.0
version 2: NewPipe-2.0.0
compilation unit: 0031-NewPipe-v0.20.11/app/src/main/java/org/schabi/newpipe/ExitActivity.java
method: onCreate(Bundle)
constraints in NewPipe-1.0.0
	AndroidSuppressLint condition: ""NewApi"" , add info: -
constraints in NewPipe-2.0.0

POSTCONDITION_REMOVED
version 1: NewPipe-1.0.0
version 2: NewPipe-2.0.0
compilation unit: 0031-NewPipe-v0.20.11/app/src/main/java/org/schabi/newpipe/fragments/detail/TabAdapter.java
method: getItem(int)
constraints in NewPipe-1.0.0
	AndroidXNonNull condition: "" , add info: -
constraints in NewPipe-2.0.0

POSTCONDITION_REMOVED
version 1: NewPipe-1.0.0
version 2: NewPipe-2.0.0
compilation unit: 0031-NewPipe-v0.20.11/app/src/main/java/org/schabi/newpipe/fragments/detail/TabAdapter.java
method: getItemTitle(int)
constraints in NewPipe-1.0.0
	AndroidXNullable condition: "" , add info: -
constraints in NewPipe-2.0.0

POSTCONDITION_REMOVED
version 1: NewPipe-1.0.0
version 2: NewPipe-2.0.0
compilation unit: 0031-NewPipe-v0.20.11/app/src/main/java/org/schabi/newpipe/fragments/list/BaseListFragment.java
method: getListHeader()
constraints in NewPipe-1.0.0
	AndroidXNullable condition: "" , add info: -
constraints in NewPipe-2.0.0

POSTCONDITION_REMOVED
version 1: NewPipe-1.0.0
version 2: NewPipe-2.0.0
compilation unit: 0031-NewPipe-v0.20.11/app/src/main/java/org/schabi/newpipe/fragments/MainFragment.java
method: getItem(int)
constraints in NewPipe-1.0.0
	AndroidXNonNull condition: "" , add info: -
constraints in NewPipe-2.0.0

POSTCONDITION_REMOVED
version 1: NewPipe-1.0.0
version 2: NewPipe-2.0.0
compilation unit: 0031-NewPipe-v0.20.11/app/src/main/java/org/schabi/newpipe/ImageDownloader.java
method: getStream(String,
constraints in NewPipe-1.0.0
	AndroidSuppressLint condition: ""ResourceType"" , add info: -
constraints in NewPipe-2.0.0

POSTCONDITION_REMOVED
version 1: NewPipe-1.0.0
version 2: NewPipe-2.0.0
compilation unit: 0031-NewPipe-v0.20.11/app/src/main/java/org/schabi/newpipe/local/BaseLocalListFragment.java
method: getListHeader()
constraints in NewPipe-1.0.0
	AndroidXNullable condition: "" , add info: -
constraints in NewPipe-2.0.0

POSTCONDITION_REMOVED
version 1: NewPipe-1.0.0
version 2: NewPipe-2.0.0
compilation unit: 0031-NewPipe-v0.20.11/app/src/main/java/org/schabi/newpipe/local/dialog/PlaylistDialog.java
method: onCreateDialog(Bundle)
constraints in NewPipe-1.0.0
	AndroidXNonNull condition: "" , add info: -
constraints in NewPipe-2.0.0

POSTCONDITION_REMOVED
version 1: NewPipe-1.0.0
version 2: NewPipe-2.0.0
compilation unit: 0031-NewPipe-v0.20.11/app/src/main/java/org/schabi/newpipe/local/subscription/services/BaseImportExportService.java
method: onBind(Intent)
constraints in NewPipe-1.0.0
	AndroidXNullable condition: "" , add info: -
constraints in NewPipe-2.0.0

POSTCONDITION_REMOVED
version 1: NewPipe-1.0.0
version 2: NewPipe-2.0.0
compilation unit: 0031-NewPipe-v0.20.11/app/src/main/java/org/schabi/newpipe/local/subscription/services/BaseImportExportService.java
method: getTitle()
constraints in NewPipe-1.0.0
	AndroidXStringRes condition: "" , add info: -
constraints in NewPipe-2.0.0

POSTCONDITION_REMOVED
version 1: NewPipe-1.0.0
version 2: NewPipe-2.0.0
compilation unit: 0031-NewPipe-v0.20.11/app/src/main/java/org/schabi/newpipe/PanicResponderActivity.java
method: onCreate(Bundle)
constraints in NewPipe-1.0.0
	AndroidSuppressLint condition: ""NewApi"" , add info: -
constraints in NewPipe-2.0.0

POSTCONDITION_REMOVED
version 1: NewPipe-1.0.0
version 2: NewPipe-2.0.0
compilation unit: 0031-NewPipe-v0.20.11/app/src/main/java/org/schabi/newpipe/player/helper/MediaSessionManager.java
method: handleMediaButtonIntent(Intent)
constraints in NewPipe-1.0.0
	AndroidXNullable condition: "" , add info: -
constraints in NewPipe-2.0.0

POSTCONDITION_REMOVED
version 1: NewPipe-1.0.0
version 2: NewPipe-2.0.0
compilation unit: 0031-NewPipe-v0.20.11/app/src/main/java/org/schabi/newpipe/player/helper/PlayerHelper.java
method: nextResizeModeAndSaveToPrefs(Player,
constraints in NewPipe-1.0.0
	AndroidSuppressLint condition: ""SwitchIntDef"" , add info: -
constraints in NewPipe-2.0.0

POSTCONDITION_REMOVED
version 1: NewPipe-1.0.0
version 2: NewPipe-2.0.0
compilation unit: 0031-NewPipe-v0.20.11/app/src/main/java/org/schabi/newpipe/player/helper/PlayerHelper.java
method: retrievePopupLayoutParamsFromPrefs(Player)
constraints in NewPipe-1.0.0
	AndroidSuppressLint condition: ""RtlHardcoded"" , add info: -
constraints in NewPipe-2.0.0

POSTCONDITION_REMOVED
version 1: NewPipe-1.0.0
version 2: NewPipe-2.0.0
compilation unit: 0031-NewPipe-v0.20.11/app/src/main/java/org/schabi/newpipe/player/helper/PlayerHelper.java
method: buildCloseOverlayLayoutParams()
constraints in NewPipe-1.0.0
	AndroidSuppressLint condition: ""RtlHardcoded"" , add info: -
constraints in NewPipe-2.0.0

POSTCONDITION_REMOVED
version 1: NewPipe-1.0.0
version 2: NewPipe-2.0.0
compilation unit: 0031-NewPipe-v0.20.11/app/src/main/java/org/schabi/newpipe/player/helper/PlayerHolder.java
method: getType()
constraints in NewPipe-1.0.0
	AndroidXNullable condition: "" , add info: -
constraints in NewPipe-2.0.0

POSTCONDITION_REMOVED
version 1: NewPipe-1.0.0
version 2: NewPipe-2.0.0
compilation unit: 0031-NewPipe-v0.20.11/app/src/main/java/org/schabi/newpipe/player/MainPlayer.java
method: getView()
constraints in NewPipe-1.0.0
	AndroidXNullable condition: "" , add info: -
constraints in NewPipe-2.0.0

POSTCONDITION_REMOVED
version 1: NewPipe-1.0.0
version 2: NewPipe-2.0.0
compilation unit: 0031-NewPipe-v0.20.11/app/src/main/java/org/schabi/newpipe/player/mediasource/ManagedMediaSource.java
method: getTag()
constraints in NewPipe-1.0.0
	AndroidXNullable condition: "" , add info: -
constraints in NewPipe-2.0.0

POSTCONDITION_REMOVED
version 1: NewPipe-1.0.0
version 2: NewPipe-2.0.0
compilation unit: 0031-NewPipe-v0.20.11/app/src/main/java/org/schabi/newpipe/player/mediasource/ManagedMediaSourcePlaylist.java
method: get(int)
constraints in NewPipe-1.0.0
	AndroidXNullable condition: "" , add info: -
constraints in NewPipe-2.0.0

POSTCONDITION_REMOVED
version 1: NewPipe-1.0.0
version 2: NewPipe-2.0.0
compilation unit: 0031-NewPipe-v0.20.11/app/src/main/java/org/schabi/newpipe/player/mediasource/ManagedMediaSourcePlaylist.java
method: getParentMediaSource()
constraints in NewPipe-1.0.0
	AndroidXNonNull condition: "" , add info: -
constraints in NewPipe-2.0.0

POSTCONDITION_REMOVED
version 1: NewPipe-1.0.0
version 2: NewPipe-2.0.0
compilation unit: 0031-NewPipe-v0.20.11/app/src/main/java/org/schabi/newpipe/player/playback/PlaybackListener.java
method: sourceOf(PlayQueueItem,
constraints in NewPipe-1.0.0
	AndroidXNullable condition: "" , add info: -
constraints in NewPipe-2.0.0

POSTCONDITION_REMOVED
version 1: NewPipe-1.0.0
version 2: NewPipe-2.0.0
compilation unit: 0031-NewPipe-v0.20.11/app/src/main/java/org/schabi/newpipe/player/Player.java
method: getVideoTitle()
constraints in NewPipe-1.0.0
	AndroidXNonNull condition: "" , add info: -
constraints in NewPipe-2.0.0

POSTCONDITION_REMOVED
version 1: NewPipe-1.0.0
version 2: NewPipe-2.0.0
compilation unit: 0031-NewPipe-v0.20.11/app/src/main/java/org/schabi/newpipe/player/Player.java
method: getUploaderName()
constraints in NewPipe-1.0.0
	AndroidXNonNull condition: "" , add info: -
constraints in NewPipe-2.0.0

POSTCONDITION_REMOVED
version 1: NewPipe-1.0.0
version 2: NewPipe-2.0.0
compilation unit: 0031-NewPipe-v0.20.11/app/src/main/java/org/schabi/newpipe/player/Player.java
method: getThumbnail()
constraints in NewPipe-1.0.0
	AndroidXNullable condition: "" , add info: -
constraints in NewPipe-2.0.0

POSTCONDITION_REMOVED
version 1: NewPipe-1.0.0
version 2: NewPipe-2.0.0
compilation unit: 0031-NewPipe-v0.20.11/app/src/main/java/org/schabi/newpipe/player/Player.java
method: sourceOf(PlayQueueItem,
constraints in NewPipe-1.0.0
	AndroidXNullable condition: "" , add info: -
constraints in NewPipe-2.0.0

POSTCONDITION_REMOVED
version 1: NewPipe-1.0.0
version 2: NewPipe-2.0.0
compilation unit: 0031-NewPipe-v0.20.11/app/src/main/java/org/schabi/newpipe/player/Player.java
method: getSelectedVideoStream()
constraints in NewPipe-1.0.0
	AndroidXNullable condition: "" , add info: -
constraints in NewPipe-2.0.0

POSTCONDITION_REMOVED
version 1: NewPipe-1.0.0
version 2: NewPipe-2.0.0
compilation unit: 0031-NewPipe-v0.20.11/app/src/main/java/org/schabi/newpipe/player/Player.java
method: getContext()
constraints in NewPipe-1.0.0
	AndroidXNonNull condition: "" , add info: -
constraints in NewPipe-2.0.0

POSTCONDITION_REMOVED
version 1: NewPipe-1.0.0
version 2: NewPipe-2.0.0
compilation unit: 0031-NewPipe-v0.20.11/app/src/main/java/org/schabi/newpipe/player/Player.java
method: getPrefs()
constraints in NewPipe-1.0.0
	AndroidXNonNull condition: "" , add info: -
constraints in NewPipe-2.0.0

POSTCONDITION_REMOVED
version 1: NewPipe-1.0.0
version 2: NewPipe-2.0.0
compilation unit: 0031-NewPipe-v0.20.11/app/src/main/java/org/schabi/newpipe/player/Player.java
method: getPopupLayoutParams()
constraints in NewPipe-1.0.0
	AndroidXNullable condition: "" , add info: -
constraints in NewPipe-2.0.0

POSTCONDITION_REMOVED
version 1: NewPipe-1.0.0
version 2: NewPipe-2.0.0
compilation unit: 0031-NewPipe-v0.20.11/app/src/main/java/org/schabi/newpipe/player/Player.java
method: getWindowManager()
constraints in NewPipe-1.0.0
	AndroidXNullable condition: "" , add info: -
constraints in NewPipe-2.0.0

POSTCONDITION_REMOVED
version 1: NewPipe-1.0.0
version 2: NewPipe-2.0.0
compilation unit: 0031-NewPipe-v0.20.11/app/src/main/java/org/schabi/newpipe/player/PlayerState.java
method: getPlayQueue()
constraints in NewPipe-1.0.0
	AndroidXNonNull condition: "" , add info: -
constraints in NewPipe-2.0.0

POSTCONDITION_REMOVED
version 1: NewPipe-1.0.0
version 2: NewPipe-2.0.0
compilation unit: 0031-NewPipe-v0.20.11/app/src/main/java/org/schabi/newpipe/player/PlayerState.java
method: getPlaybackQuality()
constraints in NewPipe-1.0.0
	AndroidXNullable condition: "" , add info: -
constraints in NewPipe-2.0.0

POSTCONDITION_REMOVED
version 1: NewPipe-1.0.0
version 2: NewPipe-2.0.0
compilation unit: 0031-NewPipe-v0.20.11/app/src/main/java/org/schabi/newpipe/player/playqueue/PlayQueue.java
method: getItem()
constraints in NewPipe-1.0.0
	AndroidXNullable condition: "" , add info: -
constraints in NewPipe-2.0.0

POSTCONDITION_REMOVED
version 1: NewPipe-1.0.0
version 2: NewPipe-2.0.0
compilation unit: 0031-NewPipe-v0.20.11/app/src/main/java/org/schabi/newpipe/player/playqueue/PlayQueue.java
method: getItem(int)
constraints in NewPipe-1.0.0
	AndroidXNullable condition: "" , add info: -
constraints in NewPipe-2.0.0

POSTCONDITION_REMOVED
version 1: NewPipe-1.0.0
version 2: NewPipe-2.0.0
compilation unit: 0031-NewPipe-v0.20.11/app/src/main/java/org/schabi/newpipe/player/playqueue/PlayQueue.java
method: getStreams()
constraints in NewPipe-1.0.0
	AndroidXNonNull condition: "" , add info: -
constraints in NewPipe-2.0.0

POSTCONDITION_REMOVED
version 1: NewPipe-1.0.0
version 2: NewPipe-2.0.0
compilation unit: 0031-NewPipe-v0.20.11/app/src/main/java/org/schabi/newpipe/player/playqueue/PlayQueue.java
method: getBroadcastReceiver()
constraints in NewPipe-1.0.0
	AndroidXNullable condition: "" , add info: -
constraints in NewPipe-2.0.0

POSTCONDITION_REMOVED
version 1: NewPipe-1.0.0
version 2: NewPipe-2.0.0
compilation unit: 0031-NewPipe-v0.20.11/app/src/main/java/org/schabi/newpipe/player/playqueue/PlayQueueItem.java
method: getTitle()
constraints in NewPipe-1.0.0
	AndroidXNonNull condition: "" , add info: -
constraints in NewPipe-2.0.0

POSTCONDITION_REMOVED
version 1: NewPipe-1.0.0
version 2: NewPipe-2.0.0
compilation unit: 0031-NewPipe-v0.20.11/app/src/main/java/org/schabi/newpipe/player/playqueue/PlayQueueItem.java
method: getUrl()
constraints in NewPipe-1.0.0
	AndroidXNonNull condition: "" , add info: -
constraints in NewPipe-2.0.0

POSTCONDITION_REMOVED
version 1: NewPipe-1.0.0
version 2: NewPipe-2.0.0
compilation unit: 0031-NewPipe-v0.20.11/app/src/main/java/org/schabi/newpipe/player/playqueue/PlayQueueItem.java
method: getThumbnailUrl()
constraints in NewPipe-1.0.0
	AndroidXNonNull condition: "" , add info: -
constraints in NewPipe-2.0.0

POSTCONDITION_REMOVED
version 1: NewPipe-1.0.0
version 2: NewPipe-2.0.0
compilation unit: 0031-NewPipe-v0.20.11/app/src/main/java/org/schabi/newpipe/player/playqueue/PlayQueueItem.java
method: getUploader()
constraints in NewPipe-1.0.0
	AndroidXNonNull condition: "" , add info: -
constraints in NewPipe-2.0.0

POSTCONDITION_REMOVED
version 1: NewPipe-1.0.0
version 2: NewPipe-2.0.0
compilation unit: 0031-NewPipe-v0.20.11/app/src/main/java/org/schabi/newpipe/player/playqueue/PlayQueueItem.java
method: getStreamType()
constraints in NewPipe-1.0.0
	AndroidXNonNull condition: "" , add info: -
constraints in NewPipe-2.0.0

POSTCONDITION_REMOVED
version 1: NewPipe-1.0.0
version 2: NewPipe-2.0.0
compilation unit: 0031-NewPipe-v0.20.11/app/src/main/java/org/schabi/newpipe/player/playqueue/PlayQueueItem.java
method: getError()
constraints in NewPipe-1.0.0
	AndroidXNullable condition: "" , add info: -
constraints in NewPipe-2.0.0

POSTCONDITION_REMOVED
version 1: NewPipe-1.0.0
version 2: NewPipe-2.0.0
compilation unit: 0031-NewPipe-v0.20.11/app/src/main/java/org/schabi/newpipe/player/playqueue/PlayQueueItem.java
method: getStream()
constraints in NewPipe-1.0.0
	AndroidXNonNull condition: "" , add info: -
constraints in NewPipe-2.0.0

POSTCONDITION_REMOVED
version 1: NewPipe-1.0.0
version 2: NewPipe-2.0.0
compilation unit: 0031-NewPipe-v0.20.11/app/src/main/java/org/schabi/newpipe/player/resolver/MediaSourceTag.java
method: getMetadata()
constraints in NewPipe-1.0.0
	AndroidXNonNull condition: "" , add info: -
constraints in NewPipe-2.0.0

POSTCONDITION_REMOVED
version 1: NewPipe-1.0.0
version 2: NewPipe-2.0.0
compilation unit: 0031-NewPipe-v0.20.11/app/src/main/java/org/schabi/newpipe/player/resolver/MediaSourceTag.java
method: getSortedAvailableVideoStreams()
constraints in NewPipe-1.0.0
	AndroidXNonNull condition: "" , add info: -
constraints in NewPipe-2.0.0

POSTCONDITION_REMOVED
version 1: NewPipe-1.0.0
version 2: NewPipe-2.0.0
compilation unit: 0031-NewPipe-v0.20.11/app/src/main/java/org/schabi/newpipe/player/resolver/MediaSourceTag.java
method: getSelectedVideoStream()
constraints in NewPipe-1.0.0
	AndroidXNullable condition: "" , add info: -
constraints in NewPipe-2.0.0

POSTCONDITION_REMOVED
version 1: NewPipe-1.0.0
version 2: NewPipe-2.0.0
compilation unit: 0031-NewPipe-v0.20.11/app/src/main/java/org/schabi/newpipe/player/resolver/VideoPlaybackResolver.java
method: getPlaybackQuality()
constraints in NewPipe-1.0.0
	AndroidXNullable condition: "" , add info: -
constraints in NewPipe-2.0.0

POSTCONDITION_REMOVED
version 1: NewPipe-1.0.0
version 2: NewPipe-2.0.0
compilation unit: 0031-NewPipe-v0.20.11/app/src/main/java/org/schabi/newpipe/settings/NewPipeSettings.java
method: getDir(String)
constraints in NewPipe-1.0.0
	AndroidXNonNull condition: "" , add info: -
constraints in NewPipe-2.0.0

POSTCONDITION_REMOVED
version 1: NewPipe-1.0.0
version 2: NewPipe-2.0.0
compilation unit: 0031-NewPipe-v0.20.11/app/src/main/java/org/schabi/newpipe/settings/SelectPlaylistFragment.java
method: onCreateViewHolder(ViewGroup,
constraints in NewPipe-1.0.0
	AndroidXNonNull condition: "" , add info: -
constraints in NewPipe-2.0.0

POSTCONDITION_REMOVED
version 1: NewPipe-1.0.0
version 2: NewPipe-2.0.0
compilation unit: 0031-NewPipe-v0.20.11/app/src/main/java/org/schabi/newpipe/settings/tabs/Tab.java
method: from(int)
constraints in NewPipe-1.0.0
	AndroidXNullable condition: "" , add info: -
constraints in NewPipe-2.0.0

POSTCONDITION_REMOVED
version 1: NewPipe-1.0.0
version 2: NewPipe-2.0.0
compilation unit: 0031-NewPipe-v0.20.11/app/src/main/java/org/schabi/newpipe/settings/tabs/Tab.java
method: typeFrom(int)
constraints in NewPipe-1.0.0
	AndroidXNullable condition: "" , add info: -
constraints in NewPipe-2.0.0

POSTCONDITION_REMOVED
version 1: NewPipe-1.0.0
version 2: NewPipe-2.0.0
compilation unit: 0031-NewPipe-v0.20.11/app/src/main/java/org/schabi/newpipe/streams/WebMWriter.java
method: toString()
constraints in NewPipe-1.0.0
	AndroidXNonNull condition: "" , add info: -
constraints in NewPipe-2.0.0

POSTCONDITION_REMOVED
version 1: NewPipe-1.0.0
version 2: NewPipe-2.0.0
compilation unit: 0031-NewPipe-v0.20.11/app/src/main/java/org/schabi/newpipe/util/BitmapUtils.java
method: centerCrop(Bitmap,
constraints in NewPipe-1.0.0
	AndroidXNullable condition: "" , add info: -
constraints in NewPipe-2.0.0

POSTCONDITION_REMOVED
version 1: NewPipe-1.0.0
version 2: NewPipe-2.0.0
compilation unit: 0031-NewPipe-v0.20.11/app/src/main/java/org/schabi/newpipe/util/Localization.java
method: localizeUploadDate(Context,
constraints in NewPipe-1.0.0
	AndroidSuppressLint condition: ""StringFormatInvalid"" , add info: -
constraints in NewPipe-2.0.0

POSTCONDITION_REMOVED
version 1: NewPipe-1.0.0
version 2: NewPipe-2.0.0
compilation unit: 0031-NewPipe-v0.20.11/app/src/main/java/org/schabi/newpipe/util/Localization.java
method: concatenateStrings(String...)
constraints in NewPipe-1.0.0
	AndroidXNonNull condition: "" , add info: -
constraints in NewPipe-2.0.0

POSTCONDITION_REMOVED
version 1: NewPipe-1.0.0
version 2: NewPipe-2.0.0
compilation unit: 0031-NewPipe-v0.20.11/app/src/main/java/org/schabi/newpipe/util/Localization.java
method: concatenateStrings(List<String>)
constraints in NewPipe-1.0.0
	AndroidXNonNull condition: "" , add info: -
constraints in NewPipe-2.0.0

POSTCONDITION_REMOVED
version 1: NewPipe-1.0.0
version 2: NewPipe-2.0.0
compilation unit: 0031-NewPipe-v0.20.11/app/src/main/java/org/schabi/newpipe/util/PermissionHelper.java
method: checkReadStoragePermissions(Activity,
constraints in NewPipe-1.0.0
	AndroidXRequiresApi condition: "[api = Build.VERSION_CODES.JELLY_BEAN]" , add info: -
constraints in NewPipe-2.0.0

POSTCONDITION_REMOVED
version 1: NewPipe-1.0.0
version 2: NewPipe-2.0.0
compilation unit: 0031-NewPipe-v0.20.11/app/src/main/java/org/schabi/newpipe/util/PermissionHelper.java
method: checkSystemAlertWindowPermission(Context)
constraints in NewPipe-1.0.0
	AndroidXRequiresApi condition: "[api = Build.VERSION_CODES.M]" , add info: -
constraints in NewPipe-2.0.0

POSTCONDITION_REMOVED
version 1: NewPipe-1.0.0
version 2: NewPipe-2.0.0
compilation unit: 0031-NewPipe-v0.20.11/app/src/main/java/org/schabi/newpipe/util/ServiceHelper.java
method: getIcon(int)
constraints in NewPipe-1.0.0
	AndroidXDrawableRes condition: "" , add info: -
constraints in NewPipe-2.0.0

POSTCONDITION_REMOVED
version 1: NewPipe-1.0.0
version 2: NewPipe-2.0.0
compilation unit: 0031-NewPipe-v0.20.11/app/src/main/java/org/schabi/newpipe/util/ServiceHelper.java
method: getImportInstructions(int)
constraints in NewPipe-1.0.0
	AndroidXStringRes condition: "" , add info: -
constraints in NewPipe-2.0.0

POSTCONDITION_REMOVED
version 1: NewPipe-1.0.0
version 2: NewPipe-2.0.0
compilation unit: 0031-NewPipe-v0.20.11/app/src/main/java/org/schabi/newpipe/util/ServiceHelper.java
method: getImportInstructionsHint(int)
constraints in NewPipe-1.0.0
	AndroidXStringRes condition: "" , add info: -
constraints in NewPipe-2.0.0

POSTCONDITION_REMOVED
version 1: NewPipe-1.0.0
version 2: NewPipe-2.0.0
compilation unit: 0031-NewPipe-v0.20.11/app/src/main/java/org/schabi/newpipe/util/ThemeHelper.java
method: getDefaultTheme(Context)
constraints in NewPipe-1.0.0
	AndroidXStyleRes condition: "" , add info: -
constraints in NewPipe-2.0.0

POSTCONDITION_REMOVED
version 1: NewPipe-1.0.0
version 2: NewPipe-2.0.0
compilation unit: 0031-NewPipe-v0.20.11/app/src/main/java/org/schabi/newpipe/util/ThemeHelper.java
method: getDialogTheme(Context)
constraints in NewPipe-1.0.0
	AndroidXStyleRes condition: "" , add info: -
constraints in NewPipe-2.0.0

POSTCONDITION_REMOVED
version 1: NewPipe-1.0.0
version 2: NewPipe-2.0.0
compilation unit: 0031-NewPipe-v0.20.11/app/src/main/java/org/schabi/newpipe/util/ThemeHelper.java
method: getMinWidthDialogTheme(Context)
constraints in NewPipe-1.0.0
	AndroidXStyleRes condition: "" , add info: -
constraints in NewPipe-2.0.0

POSTCONDITION_REMOVED
version 1: NewPipe-1.0.0
version 2: NewPipe-2.0.0
compilation unit: 0031-NewPipe-v0.20.11/app/src/main/java/org/schabi/newpipe/util/ThemeHelper.java
method: getThemeForService(Context,
constraints in NewPipe-1.0.0
	AndroidXStyleRes condition: "" , add info: -
constraints in NewPipe-2.0.0

POSTCONDITION_REMOVED
version 1: NewPipe-1.0.0
version 2: NewPipe-2.0.0
compilation unit: 0031-NewPipe-v0.20.11/app/src/main/java/org/schabi/newpipe/util/ThemeHelper.java
method: getSettingsThemeStyle(Context)
constraints in NewPipe-1.0.0
	AndroidXStyleRes condition: "" , add info: -
constraints in NewPipe-2.0.0

POSTCONDITION_REMOVED
version 1: NewPipe-1.0.0
version 2: NewPipe-2.0.0
compilation unit: 0031-NewPipe-v0.20.11/app/src/main/java/org/schabi/newpipe/views/CollapsibleView.java
method: onSaveInstanceState()
constraints in NewPipe-1.0.0
	AndroidXNullable condition: "" , add info: -
constraints in NewPipe-2.0.0

POSTCONDITION_REMOVED
version 1: NewPipe-1.0.0
version 2: NewPipe-2.0.0
compilation unit: 0031-NewPipe-v0.20.11/app/src/main/java/org/schabi/newpipe/views/FocusAwareCoordinator.java
method: dispatchApplyWindowInsets(WindowInsets)
constraints in NewPipe-1.0.0
	AndroidTargetApi condition: "Build.VERSION_CODES.LOLLIPOP" , add info: -
constraints in NewPipe-2.0.0

POSTCONDITION_REMOVED
version 1: NewPipe-1.0.0
version 2: NewPipe-2.0.0
compilation unit: 0031-NewPipe-v0.20.11/app/src/main/java/us/shandian/giga/get/Mission.java
method: toString()
constraints in NewPipe-1.0.0
	AndroidXNonNull condition: "" , add info: -
constraints in NewPipe-2.0.0

POSTCONDITION_REMOVED
version 1: NewPipe-1.0.0
version 2: NewPipe-2.0.0
compilation unit: 0031-NewPipe-v0.20.11/app/src/main/java/us/shandian/giga/io/CircularFileWriter.java
method: toString()
constraints in NewPipe-1.0.0
	AndroidXNonNull condition: "" , add info: -
constraints in NewPipe-2.0.0

POSTCONDITION_REMOVED
version 1: NewPipe-1.0.0
version 2: NewPipe-2.0.0
compilation unit: 0031-NewPipe-v0.20.11/app/src/main/java/us/shandian/giga/io/StoredDirectoryHelper.java
method: toString()
constraints in NewPipe-1.0.0
	AndroidXNonNull condition: "" , add info: -
constraints in NewPipe-2.0.0

POSTCONDITION_REMOVED
version 1: NewPipe-1.0.0
version 2: NewPipe-2.0.0
compilation unit: 0031-NewPipe-v0.20.11/app/src/main/java/us/shandian/giga/io/StoredFileHelper.java
method: toString()
constraints in NewPipe-1.0.0
	AndroidXNonNull condition: "" , add info: -
constraints in NewPipe-2.0.0

POSTCONDITION_REMOVED
version 1: NewPipe-1.0.0
version 2: NewPipe-2.0.0
compilation unit: 0031-NewPipe-v0.20.11/app/src/main/java/us/shandian/giga/postprocessing/Postprocessing.java
method: toString()
constraints in NewPipe-1.0.0
	AndroidXNonNull condition: "" , add info: -
constraints in NewPipe-2.0.0

POSTCONDITION_REMOVED
version 1: NewPipe-1.0.0
version 2: NewPipe-2.0.0
compilation unit: 0031-NewPipe-v0.20.11/app/src/main/java/us/shandian/giga/service/DownloadManagerService.java
method: getMainStorageVideo()
constraints in NewPipe-1.0.0
	AndroidXNullable condition: "" , add info: -
constraints in NewPipe-2.0.0

POSTCONDITION_REMOVED
version 1: NewPipe-1.0.0
version 2: NewPipe-2.0.0
compilation unit: 0031-NewPipe-v0.20.11/app/src/main/java/us/shandian/giga/service/DownloadManagerService.java
method: getMainStorageAudio()
constraints in NewPipe-1.0.0
	AndroidXNullable condition: "" , add info: -
constraints in NewPipe-2.0.0

POSTCONDITION_REMOVED
version 1: NewPipe-1.0.0
version 2: NewPipe-2.0.0
compilation unit: 0031-NewPipe-v0.20.11/app/src/main/java/us/shandian/giga/util/Utility.java
method: readFromFile(File)
constraints in NewPipe-1.0.0
	AndroidXNullable condition: "" , add info: -
constraints in NewPipe-2.0.0

POSTCONDITION_REMOVED
version 1: NewPipe-1.0.0
version 2: NewPipe-2.0.0
compilation unit: 0031-NewPipe-v0.20.11/app/src/main/java/us/shandian/giga/util/Utility.java
method: getFileExt(String)
constraints in NewPipe-1.0.0
	AndroidXNullable condition: "" , add info: -
constraints in NewPipe-2.0.0

POSTCONDITION_REMOVED
version 1: NewPipe-1.0.0
version 2: NewPipe-2.0.0
compilation unit: 0031-NewPipe-v0.20.11/app/src/main/java/us/shandian/giga/util/Utility.java
method: getBackgroundForFileType(Context,
constraints in NewPipe-1.0.0
	AndroidXColorInt condition: "" , add info: -
constraints in NewPipe-2.0.0

POSTCONDITION_REMOVED
version 1: NewPipe-1.0.0
version 2: NewPipe-2.0.0
compilation unit: 0031-NewPipe-v0.20.11/app/src/main/java/us/shandian/giga/util/Utility.java
method: getForegroundForFileType(Context,
constraints in NewPipe-1.0.0
	AndroidXColorInt condition: "" , add info: -
constraints in NewPipe-2.0.0

POSTCONDITION_REMOVED
version 1: NewPipe-1.0.0
version 2: NewPipe-2.0.0
compilation unit: 0031-NewPipe-v0.20.11/app/src/main/java/us/shandian/giga/util/Utility.java
method: getIconForFileType(FileType)
constraints in NewPipe-1.0.0
	AndroidXDrawableRes condition: "" , add info: -
constraints in NewPipe-2.0.0

POSTCONDITION_REMOVED
version 1: NewPipe-2.0.0
version 2: NewPipe-3.0.0
compilation unit: 0032-NewPipe-v0.17.4/app/src/main/java/org/schabi/newpipe/App.java
method: getRefWatcher(Context)
constraints in NewPipe-2.0.0
	AndroidXNullable condition: "" , add info: -
constraints in NewPipe-3.0.0

POSTCONDITION_REMOVED
version 1: NewPipe-2.0.0
version 2: NewPipe-3.0.0
compilation unit: 0032-NewPipe-v0.17.4/app/src/main/java/org/schabi/newpipe/database/history/dao/SearchHistoryDAO.java
method: getLatestEntry()
constraints in NewPipe-2.0.0
	AndroidXNullable condition: "" , add info: -
constraints in NewPipe-3.0.0

POSTCONDITION_REMOVED
version 1: NewPipe-2.0.0
version 2: NewPipe-3.0.0
compilation unit: 0032-NewPipe-v0.17.4/app/src/main/java/org/schabi/newpipe/database/history/dao/StreamHistoryDAO.java
method: getLatestEntry()
constraints in NewPipe-2.0.0
	AndroidXNullable condition: "" , add info: -
constraints in NewPipe-3.0.0

POSTCONDITION_REMOVED
version 1: NewPipe-2.0.0
version 2: NewPipe-3.0.0
compilation unit: 0032-NewPipe-v0.17.4/app/src/main/java/org/schabi/newpipe/database/history/dao/StreamHistoryDAO.java
method: getLatestEntry(long)
constraints in NewPipe-2.0.0
	AndroidXNullable condition: "" , add info: -
constraints in NewPipe-3.0.0

POSTCONDITION_REMOVED
version 1: NewPipe-2.0.0
version 2: NewPipe-3.0.0
compilation unit: 0032-NewPipe-v0.17.4/app/src/main/java/org/schabi/newpipe/ExitActivity.java
method: onCreate(Bundle)
constraints in NewPipe-2.0.0
	AndroidSuppressLint condition: ""NewApi"" , add info: -
constraints in NewPipe-3.0.0

POSTCONDITION_REMOVED
version 1: NewPipe-2.0.0
version 2: NewPipe-3.0.0
compilation unit: 0032-NewPipe-v0.17.4/app/src/main/java/org/schabi/newpipe/fragments/detail/TabAdaptor.java
method: getItemTitle(int)
constraints in NewPipe-2.0.0
	AndroidXNullable condition: "" , add info: -
constraints in NewPipe-3.0.0

POSTCONDITION_REMOVED
version 1: NewPipe-2.0.0
version 2: NewPipe-3.0.0
compilation unit: 0032-NewPipe-v0.17.4/app/src/main/java/org/schabi/newpipe/ImageDownloader.java
method: getStream(String,
constraints in NewPipe-2.0.0
	AndroidSuppressLint condition: ""ResourceType"" , add info: -
constraints in NewPipe-3.0.0

POSTCONDITION_REMOVED
version 1: NewPipe-2.0.0
version 2: NewPipe-3.0.0
compilation unit: 0032-NewPipe-v0.17.4/app/src/main/java/org/schabi/newpipe/local/dialog/PlaylistDialog.java
method: onCreateDialog(Bundle)
constraints in NewPipe-2.0.0
	AndroidXNonNull condition: "" , add info: -
constraints in NewPipe-3.0.0

POSTCONDITION_REMOVED
version 1: NewPipe-2.0.0
version 2: NewPipe-3.0.0
compilation unit: 0032-NewPipe-v0.17.4/app/src/main/java/org/schabi/newpipe/local/subscription/services/BaseImportExportService.java
method: onBind(Intent)
constraints in NewPipe-2.0.0
	AndroidXNullable condition: "" , add info: -
constraints in NewPipe-3.0.0

POSTCONDITION_REMOVED
version 1: NewPipe-2.0.0
version 2: NewPipe-3.0.0
compilation unit: 0032-NewPipe-v0.17.4/app/src/main/java/org/schabi/newpipe/local/subscription/services/BaseImportExportService.java
method: getTitle()
constraints in NewPipe-2.0.0
	AndroidXStringRes condition: "" , add info: -
constraints in NewPipe-3.0.0

POSTCONDITION_REMOVED
version 1: NewPipe-2.0.0
version 2: NewPipe-3.0.0
compilation unit: 0032-NewPipe-v0.17.4/app/src/main/java/org/schabi/newpipe/local/subscription/SubscriptionService.java
method: getSubscription()
constraints in NewPipe-2.0.0
	AndroidXNonNull condition: "" , add info: -
constraints in NewPipe-3.0.0

POSTCONDITION_REMOVED
version 1: NewPipe-2.0.0
version 2: NewPipe-3.0.0
compilation unit: 0032-NewPipe-v0.17.4/app/src/main/java/org/schabi/newpipe/PanicResponderActivity.java
method: onCreate(Bundle)
constraints in NewPipe-2.0.0
	AndroidSuppressLint condition: ""NewApi"" , add info: -
constraints in NewPipe-3.0.0

POSTCONDITION_REMOVED
version 1: NewPipe-2.0.0
version 2: NewPipe-3.0.0
compilation unit: 0032-NewPipe-v0.17.4/app/src/main/java/org/schabi/newpipe/player/BackgroundPlayer.java
method: sourceOf(PlayQueueItem,
constraints in NewPipe-2.0.0
	AndroidXNullable condition: "" , add info: -
constraints in NewPipe-3.0.0

POSTCONDITION_REMOVED
version 1: NewPipe-2.0.0
version 2: NewPipe-3.0.0
compilation unit: 0032-NewPipe-v0.17.4/app/src/main/java/org/schabi/newpipe/player/BasePlayer.java
method: getCurrentMetadata()
constraints in NewPipe-2.0.0
	AndroidXNullable condition: "" , add info: -
constraints in NewPipe-3.0.0

POSTCONDITION_REMOVED
version 1: NewPipe-2.0.0
version 2: NewPipe-3.0.0
compilation unit: 0032-NewPipe-v0.17.4/app/src/main/java/org/schabi/newpipe/player/BasePlayer.java
method: getVideoUrl()
constraints in NewPipe-2.0.0
	AndroidXNonNull condition: "" , add info: -
constraints in NewPipe-3.0.0

POSTCONDITION_REMOVED
version 1: NewPipe-2.0.0
version 2: NewPipe-3.0.0
compilation unit: 0032-NewPipe-v0.17.4/app/src/main/java/org/schabi/newpipe/player/BasePlayer.java
method: getVideoTitle()
constraints in NewPipe-2.0.0
	AndroidXNonNull condition: "" , add info: -
constraints in NewPipe-3.0.0

POSTCONDITION_REMOVED
version 1: NewPipe-2.0.0
version 2: NewPipe-3.0.0
compilation unit: 0032-NewPipe-v0.17.4/app/src/main/java/org/schabi/newpipe/player/BasePlayer.java
method: getUploaderName()
constraints in NewPipe-2.0.0
	AndroidXNonNull condition: "" , add info: -
constraints in NewPipe-3.0.0

POSTCONDITION_REMOVED
version 1: NewPipe-2.0.0
version 2: NewPipe-3.0.0
compilation unit: 0032-NewPipe-v0.17.4/app/src/main/java/org/schabi/newpipe/player/BasePlayer.java
method: getThumbnail()
constraints in NewPipe-2.0.0
	AndroidXNullable condition: "" , add info: -
constraints in NewPipe-3.0.0

POSTCONDITION_REMOVED
version 1: NewPipe-2.0.0
version 2: NewPipe-3.0.0
compilation unit: 0032-NewPipe-v0.17.4/app/src/main/java/org/schabi/newpipe/player/helper/MediaSessionManager.java
method: handleMediaButtonIntent(Intent)
constraints in NewPipe-2.0.0
	AndroidXNullable condition: "" , add info: -
constraints in NewPipe-3.0.0

POSTCONDITION_REMOVED
version 1: NewPipe-2.0.0
version 2: NewPipe-3.0.0
compilation unit: 0032-NewPipe-v0.17.4/app/src/main/java/org/schabi/newpipe/player/helper/PlaybackParameterDialog.java
method: getStepUpPercentString(double)
constraints in NewPipe-2.0.0
	AndroidXNonNull condition: "" , add info: -
constraints in NewPipe-3.0.0

POSTCONDITION_REMOVED
version 1: NewPipe-2.0.0
version 2: NewPipe-3.0.0
compilation unit: 0032-NewPipe-v0.17.4/app/src/main/java/org/schabi/newpipe/player/helper/PlaybackParameterDialog.java
method: getStepDownPercentString(double)
constraints in NewPipe-2.0.0
	AndroidXNonNull condition: "" , add info: -
constraints in NewPipe-3.0.0

POSTCONDITION_REMOVED
version 1: NewPipe-2.0.0
version 2: NewPipe-3.0.0
compilation unit: 0032-NewPipe-v0.17.4/app/src/main/java/org/schabi/newpipe/player/helper/PlaybackParameterDialog.java
method: getPercentString(double)
constraints in NewPipe-2.0.0
	AndroidXNonNull condition: "" , add info: -
constraints in NewPipe-3.0.0

POSTCONDITION_REMOVED
version 1: NewPipe-2.0.0
version 2: NewPipe-3.0.0
compilation unit: 0032-NewPipe-v0.17.4/app/src/main/java/org/schabi/newpipe/player/mediasource/ManagedMediaSourcePlaylist.java
method: get(int)
constraints in NewPipe-2.0.0
	AndroidXNullable condition: "" , add info: -
constraints in NewPipe-3.0.0

POSTCONDITION_REMOVED
version 1: NewPipe-2.0.0
version 2: NewPipe-3.0.0
compilation unit: 0032-NewPipe-v0.17.4/app/src/main/java/org/schabi/newpipe/player/mediasource/ManagedMediaSourcePlaylist.java
method: getParentMediaSource()
constraints in NewPipe-2.0.0
	AndroidXNonNull condition: "" , add info: -
constraints in NewPipe-3.0.0

POSTCONDITION_REMOVED
version 1: NewPipe-2.0.0
version 2: NewPipe-3.0.0
compilation unit: 0032-NewPipe-v0.17.4/app/src/main/java/org/schabi/newpipe/player/playback/PlaybackListener.java
method: sourceOf(PlayQueueItem,
constraints in NewPipe-2.0.0
	AndroidXNullable condition: "" , add info: -
constraints in NewPipe-3.0.0

POSTCONDITION_REMOVED
version 1: NewPipe-2.0.0
version 2: NewPipe-3.0.0
compilation unit: 0032-NewPipe-v0.17.4/app/src/main/java/org/schabi/newpipe/player/PlayerState.java
method: getPlayQueue()
constraints in NewPipe-2.0.0
	AndroidXNonNull condition: "" , add info: -
constraints in NewPipe-3.0.0

POSTCONDITION_REMOVED
version 1: NewPipe-2.0.0
version 2: NewPipe-3.0.0
compilation unit: 0032-NewPipe-v0.17.4/app/src/main/java/org/schabi/newpipe/player/PlayerState.java
method: getPlaybackQuality()
constraints in NewPipe-2.0.0
	AndroidXNullable condition: "" , add info: -
constraints in NewPipe-3.0.0

POSTCONDITION_REMOVED
version 1: NewPipe-2.0.0
version 2: NewPipe-3.0.0
compilation unit: 0032-NewPipe-v0.17.4/app/src/main/java/org/schabi/newpipe/player/playqueue/PlayQueue.java
method: getStreams()
constraints in NewPipe-2.0.0
	AndroidXNonNull condition: "" , add info: -
constraints in NewPipe-3.0.0

POSTCONDITION_REMOVED
version 1: NewPipe-2.0.0
version 2: NewPipe-3.0.0
compilation unit: 0032-NewPipe-v0.17.4/app/src/main/java/org/schabi/newpipe/player/playqueue/PlayQueue.java
method: getBroadcastReceiver()
constraints in NewPipe-2.0.0
	AndroidXNullable condition: "" , add info: -
constraints in NewPipe-3.0.0

POSTCONDITION_REMOVED
version 1: NewPipe-2.0.0
version 2: NewPipe-3.0.0
compilation unit: 0032-NewPipe-v0.17.4/app/src/main/java/org/schabi/newpipe/player/playqueue/PlayQueueItem.java
method: getTitle()
constraints in NewPipe-2.0.0
	AndroidXNonNull condition: "" , add info: -
constraints in NewPipe-3.0.0

POSTCONDITION_REMOVED
version 1: NewPipe-2.0.0
version 2: NewPipe-3.0.0
compilation unit: 0032-NewPipe-v0.17.4/app/src/main/java/org/schabi/newpipe/player/playqueue/PlayQueueItem.java
method: getUrl()
constraints in NewPipe-2.0.0
	AndroidXNonNull condition: "" , add info: -
constraints in NewPipe-3.0.0

POSTCONDITION_REMOVED
version 1: NewPipe-2.0.0
version 2: NewPipe-3.0.0
compilation unit: 0032-NewPipe-v0.17.4/app/src/main/java/org/schabi/newpipe/player/playqueue/PlayQueueItem.java
method: getThumbnailUrl()
constraints in NewPipe-2.0.0
	AndroidXNonNull condition: "" , add info: -
constraints in NewPipe-3.0.0

POSTCONDITION_REMOVED
version 1: NewPipe-2.0.0
version 2: NewPipe-3.0.0
compilation unit: 0032-NewPipe-v0.17.4/app/src/main/java/org/schabi/newpipe/player/playqueue/PlayQueueItem.java
method: getUploader()
constraints in NewPipe-2.0.0
	AndroidXNonNull condition: "" , add info: -
constraints in NewPipe-3.0.0

POSTCONDITION_REMOVED
version 1: NewPipe-2.0.0
version 2: NewPipe-3.0.0
compilation unit: 0032-NewPipe-v0.17.4/app/src/main/java/org/schabi/newpipe/player/playqueue/PlayQueueItem.java
method: getStreamType()
constraints in NewPipe-2.0.0
	AndroidXNonNull condition: "" , add info: -
constraints in NewPipe-3.0.0

POSTCONDITION_REMOVED
version 1: NewPipe-2.0.0
version 2: NewPipe-3.0.0
compilation unit: 0032-NewPipe-v0.17.4/app/src/main/java/org/schabi/newpipe/player/playqueue/PlayQueueItem.java
method: getError()
constraints in NewPipe-2.0.0
	AndroidXNullable condition: "" , add info: -
constraints in NewPipe-3.0.0

POSTCONDITION_REMOVED
version 1: NewPipe-2.0.0
version 2: NewPipe-3.0.0
compilation unit: 0032-NewPipe-v0.17.4/app/src/main/java/org/schabi/newpipe/player/playqueue/PlayQueueItem.java
method: getStream()
constraints in NewPipe-2.0.0
	AndroidXNonNull condition: "" , add info: -
constraints in NewPipe-3.0.0

POSTCONDITION_REMOVED
version 1: NewPipe-2.0.0
version 2: NewPipe-3.0.0
compilation unit: 0032-NewPipe-v0.17.4/app/src/main/java/org/schabi/newpipe/player/resolver/MediaSourceTag.java
method: getMetadata()
constraints in NewPipe-2.0.0
	AndroidXNonNull condition: "" , add info: -
constraints in NewPipe-3.0.0

POSTCONDITION_REMOVED
version 1: NewPipe-2.0.0
version 2: NewPipe-3.0.0
compilation unit: 0032-NewPipe-v0.17.4/app/src/main/java/org/schabi/newpipe/player/resolver/MediaSourceTag.java
method: getSortedAvailableVideoStreams()
constraints in NewPipe-2.0.0
	AndroidXNonNull condition: "" , add info: -
constraints in NewPipe-3.0.0

POSTCONDITION_REMOVED
version 1: NewPipe-2.0.0
version 2: NewPipe-3.0.0
compilation unit: 0032-NewPipe-v0.17.4/app/src/main/java/org/schabi/newpipe/player/resolver/MediaSourceTag.java
method: getSelectedVideoStream()
constraints in NewPipe-2.0.0
	AndroidXNullable condition: "" , add info: -
constraints in NewPipe-3.0.0

POSTCONDITION_REMOVED
version 1: NewPipe-2.0.0
version 2: NewPipe-3.0.0
compilation unit: 0032-NewPipe-v0.17.4/app/src/main/java/org/schabi/newpipe/player/resolver/VideoPlaybackResolver.java
method: getPlaybackQuality()
constraints in NewPipe-2.0.0
	AndroidXNullable condition: "" , add info: -
constraints in NewPipe-3.0.0

POSTCONDITION_REMOVED
version 1: NewPipe-2.0.0
version 2: NewPipe-3.0.0
compilation unit: 0032-NewPipe-v0.17.4/app/src/main/java/org/schabi/newpipe/player/VideoPlayer.java
method: sourceOf(PlayQueueItem,
constraints in NewPipe-2.0.0
	AndroidXNullable condition: "" , add info: -
constraints in NewPipe-3.0.0

POSTCONDITION_REMOVED
version 1: NewPipe-2.0.0
version 2: NewPipe-3.0.0
compilation unit: 0032-NewPipe-v0.17.4/app/src/main/java/org/schabi/newpipe/player/VideoPlayer.java
method: getPlaybackQuality()
constraints in NewPipe-2.0.0
	AndroidXNullable condition: "" , add info: -
constraints in NewPipe-3.0.0

POSTCONDITION_REMOVED
version 1: NewPipe-2.0.0
version 2: NewPipe-3.0.0
compilation unit: 0032-NewPipe-v0.17.4/app/src/main/java/org/schabi/newpipe/player/VideoPlayer.java
method: getSelectedVideoStream()
constraints in NewPipe-2.0.0
	AndroidXNullable condition: "" , add info: -
constraints in NewPipe-3.0.0

POSTCONDITION_REMOVED
version 1: NewPipe-2.0.0
version 2: NewPipe-3.0.0
compilation unit: 0032-NewPipe-v0.17.4/app/src/main/java/org/schabi/newpipe/settings/NewPipeSettings.java
method: getDir(String)
constraints in NewPipe-2.0.0
	AndroidXNonNull condition: "" , add info: -
constraints in NewPipe-3.0.0

POSTCONDITION_REMOVED
version 1: NewPipe-2.0.0
version 2: NewPipe-3.0.0
compilation unit: 0032-NewPipe-v0.17.4/app/src/main/java/org/schabi/newpipe/settings/tabs/Tab.java
method: from(int)
constraints in NewPipe-2.0.0
	AndroidXNullable condition: "" , add info: -
constraints in NewPipe-3.0.0

POSTCONDITION_REMOVED
version 1: NewPipe-2.0.0
version 2: NewPipe-3.0.0
compilation unit: 0032-NewPipe-v0.17.4/app/src/main/java/org/schabi/newpipe/settings/tabs/Tab.java
method: typeFrom(int)
constraints in NewPipe-2.0.0
	AndroidXNullable condition: "" , add info: -
constraints in NewPipe-3.0.0

POSTCONDITION_REMOVED
version 1: NewPipe-2.0.0
version 2: NewPipe-3.0.0
compilation unit: 0032-NewPipe-v0.17.4/app/src/main/java/org/schabi/newpipe/streams/WebMWriter.java
method: toString()
constraints in NewPipe-2.0.0
	AndroidXNonNull condition: "" , add info: -
constraints in NewPipe-3.0.0

POSTCONDITION_REMOVED
version 1: NewPipe-2.0.0
version 2: NewPipe-3.0.0
compilation unit: 0032-NewPipe-v0.17.4/app/src/main/java/org/schabi/newpipe/util/Localization.java
method: concatenateStrings(String...)
constraints in NewPipe-2.0.0
	AndroidXNonNull condition: "" , add info: -
constraints in NewPipe-3.0.0

POSTCONDITION_REMOVED
version 1: NewPipe-2.0.0
version 2: NewPipe-3.0.0
compilation unit: 0032-NewPipe-v0.17.4/app/src/main/java/org/schabi/newpipe/util/Localization.java
method: concatenateStrings(List<String>)
constraints in NewPipe-2.0.0
	AndroidXNonNull condition: "" , add info: -
constraints in NewPipe-3.0.0

POSTCONDITION_REMOVED
version 1: NewPipe-2.0.0
version 2: NewPipe-3.0.0
compilation unit: 0032-NewPipe-v0.17.4/app/src/main/java/org/schabi/newpipe/util/PermissionHelper.java
method: checkReadStoragePermissions(Activity,
constraints in NewPipe-2.0.0
	AndroidXRequiresApi condition: "[api = Build.VERSION_CODES.JELLY_BEAN]" , add info: -
constraints in NewPipe-3.0.0

POSTCONDITION_REMOVED
version 1: NewPipe-2.0.0
version 2: NewPipe-3.0.0
compilation unit: 0032-NewPipe-v0.17.4/app/src/main/java/org/schabi/newpipe/util/PermissionHelper.java
method: checkSystemAlertWindowPermission(Context)
constraints in NewPipe-2.0.0
	AndroidXRequiresApi condition: "[api = Build.VERSION_CODES.M]" , add info: -
constraints in NewPipe-3.0.0

POSTCONDITION_REMOVED
version 1: NewPipe-2.0.0
version 2: NewPipe-3.0.0
compilation unit: 0032-NewPipe-v0.17.4/app/src/main/java/org/schabi/newpipe/util/ServiceHelper.java
method: getIcon(int)
constraints in NewPipe-2.0.0
	AndroidXDrawableRes condition: "" , add info: -
constraints in NewPipe-3.0.0

POSTCONDITION_REMOVED
version 1: NewPipe-2.0.0
version 2: NewPipe-3.0.0
compilation unit: 0032-NewPipe-v0.17.4/app/src/main/java/org/schabi/newpipe/util/ServiceHelper.java
method: getImportInstructions(int)
constraints in NewPipe-2.0.0
	AndroidXStringRes condition: "" , add info: -
constraints in NewPipe-3.0.0

POSTCONDITION_REMOVED
version 1: NewPipe-2.0.0
version 2: NewPipe-3.0.0
compilation unit: 0032-NewPipe-v0.17.4/app/src/main/java/org/schabi/newpipe/util/ServiceHelper.java
method: getImportInstructionsHint(int)
constraints in NewPipe-2.0.0
	AndroidXStringRes condition: "" , add info: -
constraints in NewPipe-3.0.0

POSTCONDITION_REMOVED
version 1: NewPipe-2.0.0
version 2: NewPipe-3.0.0
compilation unit: 0032-NewPipe-v0.17.4/app/src/main/java/org/schabi/newpipe/util/ThemeHelper.java
method: getDefaultTheme(Context)
constraints in NewPipe-2.0.0
	AndroidXStyleRes condition: "" , add info: -
constraints in NewPipe-3.0.0

POSTCONDITION_REMOVED
version 1: NewPipe-2.0.0
version 2: NewPipe-3.0.0
compilation unit: 0032-NewPipe-v0.17.4/app/src/main/java/org/schabi/newpipe/util/ThemeHelper.java
method: getDialogTheme(Context)
constraints in NewPipe-2.0.0
	AndroidXStyleRes condition: "" , add info: -
constraints in NewPipe-3.0.0

POSTCONDITION_REMOVED
version 1: NewPipe-2.0.0
version 2: NewPipe-3.0.0
compilation unit: 0032-NewPipe-v0.17.4/app/src/main/java/org/schabi/newpipe/util/ThemeHelper.java
method: getThemeForService(Context,
constraints in NewPipe-2.0.0
	AndroidXStyleRes condition: "" , add info: -
constraints in NewPipe-3.0.0

POSTCONDITION_REMOVED
version 1: NewPipe-2.0.0
version 2: NewPipe-3.0.0
compilation unit: 0032-NewPipe-v0.17.4/app/src/main/java/org/schabi/newpipe/util/ThemeHelper.java
method: getSettingsThemeStyle(Context)
constraints in NewPipe-2.0.0
	AndroidXStyleRes condition: "" , add info: -
constraints in NewPipe-3.0.0

POSTCONDITION_REMOVED
version 1: NewPipe-2.0.0
version 2: NewPipe-3.0.0
compilation unit: 0032-NewPipe-v0.17.4/app/src/main/java/org/schabi/newpipe/views/CollapsibleView.java
method: onSaveInstanceState()
constraints in NewPipe-2.0.0
	AndroidXNullable condition: "" , add info: -
constraints in NewPipe-3.0.0

POSTCONDITION_REMOVED
version 1: NewPipe-2.0.0
version 2: NewPipe-3.0.0
compilation unit: 0032-NewPipe-v0.17.4/app/src/main/java/us/shandian/giga/get/Mission.java
method: toString()
constraints in NewPipe-2.0.0
	AndroidXNonNull condition: "" , add info: -
constraints in NewPipe-3.0.0

POSTCONDITION_REMOVED
version 1: NewPipe-2.0.0
version 2: NewPipe-3.0.0
compilation unit: 0032-NewPipe-v0.17.4/app/src/main/java/us/shandian/giga/io/CircularFileWriter.java
method: toString()
constraints in NewPipe-2.0.0
	AndroidXNonNull condition: "" , add info: -
constraints in NewPipe-3.0.0

POSTCONDITION_REMOVED
version 1: NewPipe-2.0.0
version 2: NewPipe-3.0.0
compilation unit: 0032-NewPipe-v0.17.4/app/src/main/java/us/shandian/giga/io/StoredDirectoryHelper.java
method: toString()
constraints in NewPipe-2.0.0
	AndroidXNonNull condition: "" , add info: -
constraints in NewPipe-3.0.0

POSTCONDITION_REMOVED
version 1: NewPipe-2.0.0
version 2: NewPipe-3.0.0
compilation unit: 0032-NewPipe-v0.17.4/app/src/main/java/us/shandian/giga/io/StoredFileHelper.java
method: toString()
constraints in NewPipe-2.0.0
	AndroidXNonNull condition: "" , add info: -
constraints in NewPipe-3.0.0

POSTCONDITION_REMOVED
version 1: NewPipe-2.0.0
version 2: NewPipe-3.0.0
compilation unit: 0032-NewPipe-v0.17.4/app/src/main/java/us/shandian/giga/postprocessing/Postprocessing.java
method: toString()
constraints in NewPipe-2.0.0
	AndroidXNonNull condition: "" , add info: -
constraints in NewPipe-3.0.0

POSTCONDITION_REMOVED
version 1: NewPipe-2.0.0
version 2: NewPipe-3.0.0
compilation unit: 0032-NewPipe-v0.17.4/app/src/main/java/us/shandian/giga/service/DownloadManagerService.java
method: getMainStorageVideo()
constraints in NewPipe-2.0.0
	AndroidXNullable condition: "" , add info: -
constraints in NewPipe-3.0.0

POSTCONDITION_REMOVED
version 1: NewPipe-2.0.0
version 2: NewPipe-3.0.0
compilation unit: 0032-NewPipe-v0.17.4/app/src/main/java/us/shandian/giga/service/DownloadManagerService.java
method: getMainStorageAudio()
constraints in NewPipe-2.0.0
	AndroidXNullable condition: "" , add info: -
constraints in NewPipe-3.0.0

POSTCONDITION_REMOVED
version 1: NewPipe-2.0.0
version 2: NewPipe-3.0.0
compilation unit: 0032-NewPipe-v0.17.4/app/src/main/java/us/shandian/giga/util/Utility.java
method: readFromFile(File)
constraints in NewPipe-2.0.0
	AndroidXNullable condition: "" , add info: -
constraints in NewPipe-3.0.0

POSTCONDITION_REMOVED
version 1: NewPipe-2.0.0
version 2: NewPipe-3.0.0
compilation unit: 0032-NewPipe-v0.17.4/app/src/main/java/us/shandian/giga/util/Utility.java
method: getFileExt(String)
constraints in NewPipe-2.0.0
	AndroidXNullable condition: "" , add info: -
constraints in NewPipe-3.0.0

POSTCONDITION_REMOVED
version 1: NewPipe-2.0.0
version 2: NewPipe-3.0.0
compilation unit: 0032-NewPipe-v0.17.4/app/src/main/java/us/shandian/giga/util/Utility.java
method: getBackgroundForFileType(Context,
constraints in NewPipe-2.0.0
	AndroidXColorInt condition: "" , add info: -
constraints in NewPipe-3.0.0

POSTCONDITION_REMOVED
version 1: NewPipe-2.0.0
version 2: NewPipe-3.0.0
compilation unit: 0032-NewPipe-v0.17.4/app/src/main/java/us/shandian/giga/util/Utility.java
method: getForegroundForFileType(Context,
constraints in NewPipe-2.0.0
	AndroidXColorInt condition: "" , add info: -
constraints in NewPipe-3.0.0

POSTCONDITION_REMOVED
version 1: NewPipe-2.0.0
version 2: NewPipe-3.0.0
compilation unit: 0032-NewPipe-v0.17.4/app/src/main/java/us/shandian/giga/util/Utility.java
method: getIconForFileType(FileType)
constraints in NewPipe-2.0.0
	AndroidXDrawableRes condition: "" , add info: -
constraints in NewPipe-3.0.0

POSTCONDITION_REMOVED
version 1: Omni-2.0.0
version 2: Omni-3.0.0
compilation unit: 0305-Omni-Notes-5.2.7/omniNotes/src/androidTest/java/it/feio/android/MainActivityTest.java
method: testRemoveExistentDetailFragment()
constraints in Omni-2.0.0
	AndroidTargetApi condition: "Build.VERSION_CODES.HONEYCOMB" , add info: -
constraints in Omni-3.0.0

POSTCONDITION_REMOVED
version 1: Omni-2.0.0
version 2: Omni-3.0.0
compilation unit: 0305-Omni-Notes-5.2.7/omniNotes/src/main/java/it/feio/android/omninotes/async/ONDashClockExtension.java
method: onUpdateData(int)
constraints in Omni-2.0.0
	AndroidSuppressLint condition: ""DefaultLocale"" , add info: -
constraints in Omni-3.0.0

POSTCONDITION_REMOVED
version 1: Omni-2.0.0
version 2: Omni-3.0.0
compilation unit: 0305-Omni-Notes-5.2.7/omniNotes/src/main/java/it/feio/android/omninotes/BaseActivity.java
method: animateTransition(FragmentTransaction,
constraints in Omni-2.0.0
	AndroidSuppressLint condition: ""InlinedApi"" , add info: -
constraints in Omni-3.0.0

POSTCONDITION_REMOVED
version 1: Omni-2.0.0
version 2: Omni-3.0.0
compilation unit: 0305-Omni-Notes-5.2.7/omniNotes/src/main/java/it/feio/android/omninotes/DetailFragment.java
method: onPause()
constraints in Omni-2.0.0
	AndroidSuppressLint condition: ""NewApi"" , add info: -
constraints in Omni-3.0.0

POSTCONDITION_REMOVED
version 1: Omni-2.0.0
version 2: Omni-3.0.0
compilation unit: 0305-Omni-Notes-5.2.7/omniNotes/src/main/java/it/feio/android/omninotes/DetailFragment.java
method: goHome()
constraints in Omni-2.0.0
	AndroidSuppressLint condition: ""NewApi"" , add info: -
constraints in Omni-3.0.0

POSTCONDITION_REMOVED
version 1: Omni-2.0.0
version 2: Omni-3.0.0
compilation unit: 0305-Omni-Notes-5.2.7/omniNotes/src/main/java/it/feio/android/omninotes/DetailFragment.java
method: onActivityResult(int,
constraints in Omni-2.0.0
	AndroidSuppressLint condition: ""NewApi"" , add info: -
constraints in Omni-3.0.0

POSTCONDITION_REMOVED
version 1: Omni-2.0.0
version 2: Omni-3.0.0
compilation unit: 0305-Omni-Notes-5.2.7/omniNotes/src/main/java/it/feio/android/omninotes/DetailFragment.java
method: onTouch(View,
constraints in Omni-2.0.0
	AndroidSuppressLint condition: ""NewApi"" , add info: -
constraints in Omni-3.0.0

POSTCONDITION_REMOVED
version 1: Omni-2.0.0
version 2: Omni-3.0.0
compilation unit: 0305-Omni-Notes-5.2.7/omniNotes/src/main/java/it/feio/android/omninotes/extensions/ONDashClockExtension.java
method: onUpdateData(int)
constraints in Omni-2.0.0
	AndroidSuppressLint condition: ""DefaultLocale"" , add info: -
constraints in Omni-3.0.0

POSTCONDITION_REMOVED
version 1: Omni-2.0.0
version 2: Omni-3.0.0
compilation unit: 0305-Omni-Notes-5.2.7/omniNotes/src/main/java/it/feio/android/omninotes/ListFragment.java
method: trashNote(List<Note>,
constraints in Omni-2.0.0
	AndroidSuppressLint condition: ""NewApi"" , add info: -
constraints in Omni-3.0.0

POSTCONDITION_REMOVED
version 1: Omni-2.0.0
version 2: Omni-3.0.0
compilation unit: 0305-Omni-Notes-5.2.7/omniNotes/src/main/java/it/feio/android/omninotes/utils/AlphaManager.java
method: setAlpha(View,
constraints in Omni-2.0.0
	AndroidSuppressLint condition: ""NewApi"" , add info: -
constraints in Omni-3.0.0

POSTCONDITION_REMOVED
version 1: Omni-2.0.0
version 2: Omni-3.0.0
compilation unit: 0305-Omni-Notes-5.2.7/omniNotes/src/main/java/it/feio/android/omninotes/utils/Display.java
method: getUsableSize(Context)
constraints in Omni-2.0.0
	AndroidSuppressLint condition: ""NewApi"" , add info: -
constraints in Omni-3.0.0

POSTCONDITION_REMOVED
version 1: Omni-2.0.0
version 2: Omni-3.0.0
compilation unit: 0305-Omni-Notes-5.2.7/omniNotes/src/main/java/it/feio/android/omninotes/utils/Display.java
method: getActionbarHeight(Object)
constraints in Omni-2.0.0
	AndroidSuppressLint condition: ""NewApi"" , add info: -
constraints in Omni-3.0.0

POSTCONDITION_REMOVED
version 1: Omni-2.0.0
version 2: Omni-3.0.0
compilation unit: 0305-Omni-Notes-5.2.7/omniNotes/src/main/java/it/feio/android/omninotes/utils/Display.java
method: getScreenDimensions(Context)
constraints in Omni-2.0.0
	AndroidTargetApi condition: "Build.VERSION_CODES.JELLY_BEAN_MR1" , add info: -
constraints in Omni-3.0.0

POSTCONDITION_REMOVED
version 1: Omni-2.0.0
version 2: Omni-3.0.0
compilation unit: 0305-Omni-Notes-5.2.7/omniNotes/src/main/java/it/feio/android/omninotes/utils/Display.java
method: getNavigationBarHeightKitkat(Context)
constraints in Omni-2.0.0
	AndroidTargetApi condition: "Build.VERSION_CODES.JELLY_BEAN_MR1" , add info: -
constraints in Omni-3.0.0

POSTCONDITION_REMOVED
version 1: Omni-2.0.0
version 2: Omni-3.0.0
compilation unit: 0305-Omni-Notes-5.2.7/omniNotes/src/main/java/it/feio/android/omninotes/utils/FileHelper.java
method: getPath(Context,
constraints in Omni-2.0.0
	AndroidSuppressLint condition: ""NewApi"" , add info: -
constraints in Omni-3.0.0

POSTCONDITION_REMOVED
version 1: OpenTracks-2.0.0
version 2: OpenTracks-3.0.0
compilation unit: 0012-OpenTracks-v3.7.0/src/main/java/de/dennisguse/opentracks/content/data/TrackPoint.java
method: getLocation()
constraints in OpenTracks-2.0.0
	AndroidXNonNull condition: "" , add info: -
constraints in OpenTracks-3.0.0

POSTCONDITION_REMOVED
version 1: OpenTracks-2.0.0
version 2: OpenTracks-3.0.0
compilation unit: 0012-OpenTracks-v3.7.0/src/main/java/de/dennisguse/opentracks/content/data/TrackPoint.java
method: toString()
constraints in OpenTracks-2.0.0
	AndroidXNonNull condition: "" , add info: -
constraints in OpenTracks-3.0.0

POSTCONDITION_REMOVED
version 1: OpenTracks-2.0.0
version 2: OpenTracks-3.0.0
compilation unit: 0012-OpenTracks-v3.7.0/src/main/java/de/dennisguse/opentracks/content/data/Waypoint.java
method: getLocation()
constraints in OpenTracks-2.0.0
	AndroidXNonNull condition: "" , add info: -
constraints in OpenTracks-3.0.0

POSTCONDITION_REMOVED
version 1: OpenTracks-2.0.0
version 2: OpenTracks-3.0.0
compilation unit: 0012-OpenTracks-v3.7.0/src/main/java/de/dennisguse/opentracks/content/provider/ContentProviderUtils.java
method: getAllTracks()
constraints in OpenTracks-2.0.0
	AndroidXVisibleForTesting condition: "" , add info: -
constraints in OpenTracks-3.0.0

POSTCONDITION_REMOVED
version 1: OpenTracks-2.0.0
version 2: OpenTracks-3.0.0
compilation unit: 0012-OpenTracks-v3.7.0/src/main/java/de/dennisguse/opentracks/content/provider/ContentProviderUtils.java
method: getWaypoints(long)
constraints in OpenTracks-2.0.0
	AndroidXVisibleForTesting condition: "" , add info: -
constraints in OpenTracks-3.0.0

POSTCONDITION_REMOVED
version 1: OpenTracks-2.0.0
version 2: OpenTracks-3.0.0
compilation unit: 0012-OpenTracks-v3.7.0/src/main/java/de/dennisguse/opentracks/content/provider/ContentProviderUtils.java
method: getTrackPoints(long)
constraints in OpenTracks-2.0.0
	AndroidXVisibleForTesting condition: "" , add info: -
constraints in OpenTracks-3.0.0

POSTCONDITION_REMOVED
version 1: OpenTracks-2.0.0
version 2: OpenTracks-3.0.0
compilation unit: 0012-OpenTracks-v3.7.0/src/main/java/de/dennisguse/opentracks/content/SearchEngine.java
method: toString()
constraints in OpenTracks-2.0.0
	AndroidXNonNull condition: "" , add info: -
constraints in OpenTracks-3.0.0

POSTCONDITION_REMOVED
version 1: OpenTracks-2.0.0
version 2: OpenTracks-3.0.0
compilation unit: 0012-OpenTracks-v3.7.0/src/main/java/de/dennisguse/opentracks/content/sensor/SensorDataCycling.java
method: toString()
constraints in OpenTracks-2.0.0
	AndroidXNonNull condition: "" , add info: -
	AndroidXNonNull condition: "" , add info: -
constraints in OpenTracks-3.0.0

POSTCONDITION_REMOVED
version 1: OpenTracks-2.0.0
version 2: OpenTracks-3.0.0
compilation unit: 0012-OpenTracks-v3.7.0/src/main/java/de/dennisguse/opentracks/content/sensor/SensorDataHeartRate.java
method: toString()
constraints in OpenTracks-2.0.0
	AndroidXNonNull condition: "" , add info: -
constraints in OpenTracks-3.0.0

POSTCONDITION_REMOVED
version 1: OpenTracks-2.0.0
version 2: OpenTracks-3.0.0
compilation unit: 0012-OpenTracks-v3.7.0/src/main/java/de/dennisguse/opentracks/content/sensor/SensorDataSet.java
method: toString()
constraints in OpenTracks-2.0.0
	AndroidXNonNull condition: "" , add info: -
constraints in OpenTracks-3.0.0

POSTCONDITION_REMOVED
version 1: OpenTracks-2.0.0
version 2: OpenTracks-3.0.0
compilation unit: 0012-OpenTracks-v3.7.0/src/main/java/de/dennisguse/opentracks/fragments/ChooseActivityTypeDialogFragment.java
method: onCreateDialog(Bundle)
constraints in OpenTracks-2.0.0
	AndroidXNonNull condition: "" , add info: -
constraints in OpenTracks-3.0.0

POSTCONDITION_REMOVED
version 1: OpenTracks-2.0.0
version 2: OpenTracks-3.0.0
compilation unit: 0012-OpenTracks-v3.7.0/src/main/java/de/dennisguse/opentracks/fragments/ConfirmDeleteDialogFragment.java
method: onCreateDialog(Bundle)
constraints in OpenTracks-2.0.0
	AndroidXNonNull condition: "" , add info: -
constraints in OpenTracks-3.0.0

POSTCONDITION_REMOVED
version 1: OpenTracks-2.0.0
version 2: OpenTracks-3.0.0
compilation unit: 0012-OpenTracks-v3.7.0/src/main/java/de/dennisguse/opentracks/fragments/DeleteMarkerDialogFragment.java
method: onCreateDialog(Bundle)
constraints in OpenTracks-2.0.0
	AndroidXNonNull condition: "" , add info: -
constraints in OpenTracks-3.0.0

POSTCONDITION_REMOVED
version 1: OpenTracks-2.0.0
version 2: OpenTracks-3.0.0
compilation unit: 0012-OpenTracks-v3.7.0/src/main/java/de/dennisguse/opentracks/fragments/FileTypeDialogFragment.java
method: onCreateDialog(Bundle)
constraints in OpenTracks-2.0.0
	AndroidXNonNull condition: "" , add info: -
constraints in OpenTracks-3.0.0

POSTCONDITION_REMOVED
version 1: OpenTracks-2.0.0
version 2: OpenTracks-3.0.0
compilation unit: 0012-OpenTracks-v3.7.0/src/main/java/de/dennisguse/opentracks/MarkerDetailActivity.java
method: getItem(int)
constraints in OpenTracks-2.0.0
	AndroidXNonNull condition: "" , add info: -
constraints in OpenTracks-3.0.0

POSTCONDITION_REMOVED
version 1: OpenTracks-2.0.0
version 2: OpenTracks-3.0.0
compilation unit: 0012-OpenTracks-v3.7.0/src/main/java/de/dennisguse/opentracks/MarkerDetailActivity.java
method: getPageTitle(int)
constraints in OpenTracks-2.0.0
	AndroidXNullable condition: "" , add info: -
constraints in OpenTracks-3.0.0

POSTCONDITION_REMOVED
version 1: OpenTracks-2.0.0
version 2: OpenTracks-3.0.0
compilation unit: 0012-OpenTracks-v3.7.0/src/main/java/de/dennisguse/opentracks/MarkerListActivity.java
method: onCreateLoader(int,
constraints in OpenTracks-2.0.0
	AndroidXNonNull condition: "" , add info: -
constraints in OpenTracks-3.0.0

POSTCONDITION_REMOVED
version 1: OpenTracks-2.0.0
version 2: OpenTracks-3.0.0
compilation unit: 0012-OpenTracks-v3.7.0/src/main/java/de/dennisguse/opentracks/services/TrackRecordingService.java
method: enableLocationExecutor(boolean)
constraints in OpenTracks-2.0.0
	AndroidXVisibleForTesting condition: "" , add info: -
constraints in OpenTracks-3.0.0

POSTCONDITION_REMOVED
version 1: OpenTracks-2.0.0
version 2: OpenTracks-3.0.0
compilation unit: 0012-OpenTracks-v3.7.0/src/main/java/de/dennisguse/opentracks/services/TrackRecordingService.java
method: setRemoteSensorManager(BluetoothRemoteSensorManager)
constraints in OpenTracks-2.0.0
	AndroidXVisibleForTesting condition: "" , add info: -
constraints in OpenTracks-3.0.0

POSTCONDITION_REMOVED
version 1: OpenTracks-2.0.0
version 2: OpenTracks-3.0.0
compilation unit: 0012-OpenTracks-v3.7.0/src/main/java/de/dennisguse/opentracks/services/TrackRecordingServiceBinder.java
method: insertLocation(Location)
constraints in OpenTracks-2.0.0
	AndroidXVisibleForTesting condition: "" , add info: -
constraints in OpenTracks-3.0.0

POSTCONDITION_REMOVED
version 1: OpenTracks-2.0.0
version 2: OpenTracks-3.0.0
compilation unit: 0012-OpenTracks-v3.7.0/src/main/java/de/dennisguse/opentracks/services/TrackRecordingServiceBinder.java
method: enableLocationExecutor(boolean)
constraints in OpenTracks-2.0.0
	AndroidXVisibleForTesting condition: "" , add info: -
constraints in OpenTracks-3.0.0

POSTCONDITION_REMOVED
version 1: OpenTracks-2.0.0
version 2: OpenTracks-3.0.0
compilation unit: 0012-OpenTracks-v3.7.0/src/main/java/de/dennisguse/opentracks/services/TrackRecordingServiceBinder.java
method: setRemoteSensorManager(BluetoothRemoteSensorManager)
constraints in OpenTracks-2.0.0
	AndroidXVisibleForTesting condition: "" , add info: -
constraints in OpenTracks-3.0.0

POSTCONDITION_REMOVED
version 1: OpenTracks-2.0.0
version 2: OpenTracks-3.0.0
compilation unit: 0012-OpenTracks-v3.7.0/src/main/java/de/dennisguse/opentracks/services/TrackRecordingServiceInterface.java
method: insertLocation(Location)
constraints in OpenTracks-2.0.0
	AndroidXVisibleForTesting condition: "" , add info: -
constraints in OpenTracks-3.0.0

POSTCONDITION_REMOVED
version 1: OpenTracks-2.0.0
version 2: OpenTracks-3.0.0
compilation unit: 0012-OpenTracks-v3.7.0/src/main/java/de/dennisguse/opentracks/services/TrackRecordingServiceInterface.java
method: enableLocationExecutor(boolean)
constraints in OpenTracks-2.0.0
	AndroidXVisibleForTesting condition: "" , add info: -
constraints in OpenTracks-3.0.0

POSTCONDITION_REMOVED
version 1: OpenTracks-2.0.0
version 2: OpenTracks-3.0.0
compilation unit: 0012-OpenTracks-v3.7.0/src/main/java/de/dennisguse/opentracks/services/TrackRecordingServiceInterface.java
method: setRemoteSensorManager(BluetoothRemoteSensorManager)
constraints in OpenTracks-2.0.0
	AndroidXVisibleForTesting condition: "" , add info: -
constraints in OpenTracks-3.0.0

POSTCONDITION_REMOVED
version 1: OpenTracks-2.0.0
version 2: OpenTracks-3.0.0
compilation unit: 0012-OpenTracks-v3.7.0/src/main/java/de/dennisguse/opentracks/stats/DoubleBuffer.java
method: toString()
constraints in OpenTracks-2.0.0
	AndroidXNonNull condition: "" , add info: -
constraints in OpenTracks-3.0.0

POSTCONDITION_REMOVED
version 1: OpenTracks-2.0.0
version 2: OpenTracks-3.0.0
compilation unit: 0012-OpenTracks-v3.7.0/src/main/java/de/dennisguse/opentracks/stats/ExtremityMonitor.java
method: toString()
constraints in OpenTracks-2.0.0
	AndroidXNonNull condition: "" , add info: -
constraints in OpenTracks-3.0.0

POSTCONDITION_REMOVED
version 1: OpenTracks-2.0.0
version 2: OpenTracks-3.0.0
compilation unit: 0012-OpenTracks-v3.7.0/src/main/java/de/dennisguse/opentracks/stats/TrackStatistics.java
method: toString()
constraints in OpenTracks-2.0.0
	AndroidXNonNull condition: "" , add info: -
constraints in OpenTracks-3.0.0

POSTCONDITION_REMOVED
version 1: OpenTracks-2.0.0
version 2: OpenTracks-3.0.0
compilation unit: 0012-OpenTracks-v3.7.0/src/main/java/de/dennisguse/opentracks/TrackDetailActivity.java
method: getItem(int)
constraints in OpenTracks-2.0.0
	AndroidXNonNull condition: "" , add info: -
constraints in OpenTracks-3.0.0

POSTCONDITION_REMOVED
version 1: OpenTracks-2.0.0
version 2: OpenTracks-3.0.0
compilation unit: 0012-OpenTracks-v3.7.0/src/main/java/de/dennisguse/opentracks/util/PreferencesUtils.java
method: setInt(Context,
constraints in OpenTracks-2.0.0
	AndroidXVisibleForTesting condition: "" , add info: -
constraints in OpenTracks-3.0.0

POSTCONDITION_REMOVED
version 1: OpenTracks-2.0.0
version 2: OpenTracks-3.0.0
compilation unit: 0012-OpenTracks-v3.7.0/src/main/java/de/dennisguse/opentracks/util/SystemUtils.java
method: acquireWakeLock(Context,
constraints in OpenTracks-2.0.0
	AndroidSuppressLint condition: ""WakelockTimeout"" , add info: -
constraints in OpenTracks-3.0.0

POSTCONDITION_REMOVED
version 1: PresencePublisher-2.0.0
version 2: PresencePublisher-3.0.0
compilation unit: 0266-PresencePublisher-v1.3.2/app/src/main/java/org/ostrya/presencepublisher/ui/MainPagerAdapter.java
method: getItem(int)
constraints in PresencePublisher-2.0.0
	AndroidXNonNull condition: "" , add info: -
constraints in PresencePublisher-3.0.0

POSTCONDITION_REMOVED
version 1: PresencePublisher-2.0.0
version 2: PresencePublisher-3.0.0
compilation unit: 0266-PresencePublisher-v1.3.2/app/src/main/java/org/ostrya/presencepublisher/ui/MainPagerAdapter.java
method: getPageTitle(int)
constraints in PresencePublisher-2.0.0
	AndroidXNullable condition: "" , add info: -
constraints in PresencePublisher-3.0.0

POSTCONDITION_REMOVED
version 1: PretendYoureXyzzyAndroid-2.0.0
version 2: PretendYoureXyzzyAndroid-3.0.0
compilation unit: 0027-PretendYoureXyzzyAndroid-v3.1.3/app/src/main/java/com/gianlu/pretendyourexyzzy/activities/cardcastdeck/CardsFragment.java
method: getInstance(Context,
constraints in PretendYoureXyzzyAndroid-2.0.0
	AndroidXNonNull condition: "" , add info: -
constraints in PretendYoureXyzzyAndroid-3.0.0

POSTCONDITION_REMOVED
version 1: PretendYoureXyzzyAndroid-2.0.0
version 2: PretendYoureXyzzyAndroid-3.0.0
compilation unit: 0027-PretendYoureXyzzyAndroid-v3.1.3/app/src/main/java/com/gianlu/pretendyourexyzzy/activities/cardcastdeck/CardsFragment.java
method: getCardsRecyclerView()
constraints in PretendYoureXyzzyAndroid-2.0.0
	AndroidXNullable condition: "" , add info: -
constraints in PretendYoureXyzzyAndroid-3.0.0

POSTCONDITION_REMOVED
version 1: PretendYoureXyzzyAndroid-2.0.0
version 2: PretendYoureXyzzyAndroid-3.0.0
compilation unit: 0027-PretendYoureXyzzyAndroid-v3.1.3/app/src/main/java/com/gianlu/pretendyourexyzzy/activities/cardcastdeck/InfoFragment.java
method: getInstance(Context,
constraints in PretendYoureXyzzyAndroid-2.0.0
	AndroidXNonNull condition: "" , add info: -
constraints in PretendYoureXyzzyAndroid-3.0.0

POSTCONDITION_REMOVED
version 1: PretendYoureXyzzyAndroid-2.0.0
version 2: PretendYoureXyzzyAndroid-3.0.0
compilation unit: 0027-PretendYoureXyzzyAndroid-v3.1.3/app/src/main/java/com/gianlu/pretendyourexyzzy/adapters/CardcastDecksAdapter.java
method: getDateFromItem(CardcastDeck)
constraints in PretendYoureXyzzyAndroid-2.0.0
	AndroidXNullable condition: "" , add info: -
constraints in PretendYoureXyzzyAndroid-3.0.0

POSTCONDITION_REMOVED
version 1: PretendYoureXyzzyAndroid-2.0.0
version 2: PretendYoureXyzzyAndroid-3.0.0
compilation unit: 0027-PretendYoureXyzzyAndroid-v3.1.3/app/src/main/java/com/gianlu/pretendyourexyzzy/adapters/CardsAdapter.java
method: getCards()
constraints in PretendYoureXyzzyAndroid-2.0.0
	AndroidXNonNull condition: "" , add info: -
constraints in PretendYoureXyzzyAndroid-3.0.0

POSTCONDITION_REMOVED
version 1: PretendYoureXyzzyAndroid-2.0.0
version 2: PretendYoureXyzzyAndroid-3.0.0
compilation unit: 0027-PretendYoureXyzzyAndroid-v3.1.3/app/src/main/java/com/gianlu/pretendyourexyzzy/adapters/CardsAdapter.java
method: notifyWinningCard(int)
constraints in PretendYoureXyzzyAndroid-2.0.0
	AndroidXUiThread condition: "" , add info: -
constraints in PretendYoureXyzzyAndroid-3.0.0

POSTCONDITION_REMOVED
version 1: PretendYoureXyzzyAndroid-2.0.0
version 2: PretendYoureXyzzyAndroid-3.0.0
compilation unit: 0027-PretendYoureXyzzyAndroid-v3.1.3/app/src/main/java/com/gianlu/pretendyourexyzzy/adapters/CardsAdapter.java
method: clear()
constraints in PretendYoureXyzzyAndroid-2.0.0
	AndroidXUiThread condition: "" , add info: -
constraints in PretendYoureXyzzyAndroid-3.0.0

POSTCONDITION_REMOVED
version 1: PretendYoureXyzzyAndroid-2.0.0
version 2: PretendYoureXyzzyAndroid-3.0.0
compilation unit: 0027-PretendYoureXyzzyAndroid-v3.1.3/app/src/main/java/com/gianlu/pretendyourexyzzy/adapters/CardsAdapter.java
method: findAndRemoveFaceUpCards()
constraints in PretendYoureXyzzyAndroid-2.0.0
	AndroidXNonNull condition: "" , add info: -
	AndroidXUiThread condition: "" , add info: -
constraints in PretendYoureXyzzyAndroid-3.0.0

POSTCONDITION_REMOVED
version 1: PretendYoureXyzzyAndroid-2.0.0
version 2: PretendYoureXyzzyAndroid-3.0.0
compilation unit: 0027-PretendYoureXyzzyAndroid-v3.1.3/app/src/main/java/com/gianlu/pretendyourexyzzy/adapters/CardsAdapter.java
method: getCardsRecyclerView()
constraints in PretendYoureXyzzyAndroid-2.0.0
	AndroidXNullable condition: "" , add info: -
constraints in PretendYoureXyzzyAndroid-3.0.0

POSTCONDITION_REMOVED
version 1: PretendYoureXyzzyAndroid-2.0.0
version 2: PretendYoureXyzzyAndroid-3.0.0
compilation unit: 0027-PretendYoureXyzzyAndroid-v3.1.3/app/src/main/java/com/gianlu/pretendyourexyzzy/adapters/GamesAdapter.java
method: getComparatorFor(SortBy)
constraints in PretendYoureXyzzyAndroid-2.0.0
	AndroidXNonNull condition: "" , add info: -
constraints in PretendYoureXyzzyAndroid-3.0.0

POSTCONDITION_REMOVED
version 1: PretendYoureXyzzyAndroid-2.0.0
version 2: PretendYoureXyzzyAndroid-3.0.0
compilation unit: 0027-PretendYoureXyzzyAndroid-v3.1.3/app/src/main/java/com/gianlu/pretendyourexyzzy/adapters/GamesAdapter.java
method: getGames()
constraints in PretendYoureXyzzyAndroid-2.0.0
	AndroidXNonNull condition: "" , add info: -
constraints in PretendYoureXyzzyAndroid-3.0.0

POSTCONDITION_REMOVED
version 1: PretendYoureXyzzyAndroid-2.0.0
version 2: PretendYoureXyzzyAndroid-3.0.0
compilation unit: 0027-PretendYoureXyzzyAndroid-v3.1.3/app/src/main/java/com/gianlu/pretendyourexyzzy/adapters/GamesAdapter.java
method: getVisibleGames()
constraints in PretendYoureXyzzyAndroid-2.0.0
	AndroidXNonNull condition: "" , add info: -
constraints in PretendYoureXyzzyAndroid-3.0.0

POSTCONDITION_REMOVED
version 1: PretendYoureXyzzyAndroid-2.0.0
version 2: PretendYoureXyzzyAndroid-3.0.0
compilation unit: 0027-PretendYoureXyzzyAndroid-v3.1.3/app/src/main/java/com/gianlu/pretendyourexyzzy/adapters/NamesAdapter.java
method: getComparatorFor(Sorting)
constraints in PretendYoureXyzzyAndroid-2.0.0
	AndroidXNonNull condition: "" , add info: -
constraints in PretendYoureXyzzyAndroid-3.0.0

POSTCONDITION_REMOVED
version 1: PretendYoureXyzzyAndroid-2.0.0
version 2: PretendYoureXyzzyAndroid-3.0.0
compilation unit: 0027-PretendYoureXyzzyAndroid-v3.1.3/app/src/main/java/com/gianlu/pretendyourexyzzy/adapters/PagerAdapter.java
method: getItem(int)
constraints in PretendYoureXyzzyAndroid-2.0.0
	AndroidXNonNull condition: "" , add info: -
constraints in PretendYoureXyzzyAndroid-3.0.0

POSTCONDITION_REMOVED
version 1: PretendYoureXyzzyAndroid-2.0.0
version 2: PretendYoureXyzzyAndroid-3.0.0
compilation unit: 0027-PretendYoureXyzzyAndroid-v3.1.3/app/src/main/java/com/gianlu/pretendyourexyzzy/api/Cardcast.java
method: getDefaultDateParser()
constraints in PretendYoureXyzzyAndroid-2.0.0
	AndroidSuppressLint condition: ""SimpleDateFormat"" , add info: -
constraints in PretendYoureXyzzyAndroid-3.0.0

POSTCONDITION_REMOVED
version 1: PretendYoureXyzzyAndroid-2.0.0
version 2: PretendYoureXyzzyAndroid-3.0.0
compilation unit: 0027-PretendYoureXyzzyAndroid-v3.1.3/app/src/main/java/com/gianlu/pretendyourexyzzy/api/Cardcast.java
method: get()
constraints in PretendYoureXyzzyAndroid-2.0.0
	AndroidXNonNull condition: "" , add info: -
constraints in PretendYoureXyzzyAndroid-3.0.0

POSTCONDITION_REMOVED
version 1: PretendYoureXyzzyAndroid-2.0.0
version 2: PretendYoureXyzzyAndroid-3.0.0
compilation unit: 0027-PretendYoureXyzzyAndroid-v3.1.3/app/src/main/java/com/gianlu/pretendyourexyzzy/api/Cardcast.java
method: parse(String)
constraints in PretendYoureXyzzyAndroid-2.0.0
	AndroidXNullable condition: "" , add info: -
constraints in PretendYoureXyzzyAndroid-3.0.0

POSTCONDITION_REMOVED
version 1: PretendYoureXyzzyAndroid-2.0.0
version 2: PretendYoureXyzzyAndroid-3.0.0
compilation unit: 0027-PretendYoureXyzzyAndroid-v3.1.3/app/src/main/java/com/gianlu/pretendyourexyzzy/api/Cardcast.java
method: toString()
constraints in PretendYoureXyzzyAndroid-2.0.0
	AndroidXNonNull condition: "" , add info: -
constraints in PretendYoureXyzzyAndroid-3.0.0

POSTCONDITION_REMOVED
version 1: PretendYoureXyzzyAndroid-2.0.0
version 2: PretendYoureXyzzyAndroid-3.0.0
compilation unit: 0027-PretendYoureXyzzyAndroid-v3.1.3/app/src/main/java/com/gianlu/pretendyourexyzzy/api/FirstLoadedPyx.java
method: firstLoad()
constraints in PretendYoureXyzzyAndroid-2.0.0
	AndroidXNonNull condition: "" , add info: -
constraints in PretendYoureXyzzyAndroid-3.0.0

POSTCONDITION_REMOVED
version 1: PretendYoureXyzzyAndroid-2.0.0
version 2: PretendYoureXyzzyAndroid-3.0.0
compilation unit: 0027-PretendYoureXyzzyAndroid-v3.1.3/app/src/main/java/com/gianlu/pretendyourexyzzy/api/FirstLoadedPyx.java
method: config()
constraints in PretendYoureXyzzyAndroid-2.0.0
	AndroidXNonNull condition: "" , add info: -
constraints in PretendYoureXyzzyAndroid-3.0.0

POSTCONDITION_REMOVED
version 1: PretendYoureXyzzyAndroid-2.0.0
version 2: PretendYoureXyzzyAndroid-3.0.0
compilation unit: 0027-PretendYoureXyzzyAndroid-v3.1.3/app/src/main/java/com/gianlu/pretendyourexyzzy/api/InstanceHolder.java
method: holder()
constraints in PretendYoureXyzzyAndroid-2.0.0
	AndroidXNonNull condition: "" , add info: -
constraints in PretendYoureXyzzyAndroid-3.0.0

POSTCONDITION_REMOVED
version 1: PretendYoureXyzzyAndroid-2.0.0
version 2: PretendYoureXyzzyAndroid-3.0.0
compilation unit: 0027-PretendYoureXyzzyAndroid-v3.1.3/app/src/main/java/com/gianlu/pretendyourexyzzy/api/InstanceHolder.java
method: instantiateStandard()
constraints in PretendYoureXyzzyAndroid-2.0.0
	AndroidXNonNull condition: "" , add info: -
constraints in PretendYoureXyzzyAndroid-3.0.0

POSTCONDITION_REMOVED
version 1: PretendYoureXyzzyAndroid-2.0.0
version 2: PretendYoureXyzzyAndroid-3.0.0
compilation unit: 0027-PretendYoureXyzzyAndroid-v3.1.3/app/src/main/java/com/gianlu/pretendyourexyzzy/api/InstanceHolder.java
method: level()
constraints in PretendYoureXyzzyAndroid-2.0.0
	AndroidXNonNull condition: "" , add info: -
constraints in PretendYoureXyzzyAndroid-3.0.0

POSTCONDITION_REMOVED
version 1: PretendYoureXyzzyAndroid-2.0.0
version 2: PretendYoureXyzzyAndroid-3.0.0
compilation unit: 0027-PretendYoureXyzzyAndroid-v3.1.3/app/src/main/java/com/gianlu/pretendyourexyzzy/api/models/BaseCard.java
method: text()
constraints in PretendYoureXyzzyAndroid-2.0.0
	AndroidXNonNull condition: "" , add info: -
constraints in PretendYoureXyzzyAndroid-3.0.0

POSTCONDITION_REMOVED
version 1: PretendYoureXyzzyAndroid-2.0.0
version 2: PretendYoureXyzzyAndroid-3.0.0
compilation unit: 0027-PretendYoureXyzzyAndroid-v3.1.3/app/src/main/java/com/gianlu/pretendyourexyzzy/api/models/BaseCard.java
method: watermark()
constraints in PretendYoureXyzzyAndroid-2.0.0
	AndroidXNullable condition: "" , add info: -
constraints in PretendYoureXyzzyAndroid-3.0.0

POSTCONDITION_REMOVED
version 1: PretendYoureXyzzyAndroid-2.0.0
version 2: PretendYoureXyzzyAndroid-3.0.0
compilation unit: 0027-PretendYoureXyzzyAndroid-v3.1.3/app/src/main/java/com/gianlu/pretendyourexyzzy/api/models/BaseCard.java
method: getImageUrl()
constraints in PretendYoureXyzzyAndroid-2.0.0
	AndroidXNullable condition: "" , add info: -
constraints in PretendYoureXyzzyAndroid-3.0.0

POSTCONDITION_REMOVED
version 1: PretendYoureXyzzyAndroid-2.0.0
version 2: PretendYoureXyzzyAndroid-3.0.0
compilation unit: 0027-PretendYoureXyzzyAndroid-v3.1.3/app/src/main/java/com/gianlu/pretendyourexyzzy/api/models/BaseCard.java
method: toJson()
constraints in PretendYoureXyzzyAndroid-2.0.0
	AndroidXNullable condition: "" , add info: -
constraints in PretendYoureXyzzyAndroid-3.0.0

POSTCONDITION_REMOVED
version 1: PretendYoureXyzzyAndroid-2.0.0
version 2: PretendYoureXyzzyAndroid-3.0.0
compilation unit: 0027-PretendYoureXyzzyAndroid-v3.1.3/app/src/main/java/com/gianlu/pretendyourexyzzy/api/models/Card.java
method: list(JSONArray)
constraints in PretendYoureXyzzyAndroid-2.0.0
	AndroidXNonNull condition: "" , add info: -
constraints in PretendYoureXyzzyAndroid-3.0.0

POSTCONDITION_REMOVED
version 1: PretendYoureXyzzyAndroid-2.0.0
version 2: PretendYoureXyzzyAndroid-3.0.0
compilation unit: 0027-PretendYoureXyzzyAndroid-v3.1.3/app/src/main/java/com/gianlu/pretendyourexyzzy/api/models/Card.java
method: newBlankCard()
constraints in PretendYoureXyzzyAndroid-2.0.0
	AndroidXNonNull condition: "" , add info: -
constraints in PretendYoureXyzzyAndroid-3.0.0

POSTCONDITION_REMOVED
version 1: PretendYoureXyzzyAndroid-2.0.0
version 2: PretendYoureXyzzyAndroid-3.0.0
compilation unit: 0027-PretendYoureXyzzyAndroid-v3.1.3/app/src/main/java/com/gianlu/pretendyourexyzzy/api/models/Card.java
method: toJson()
constraints in PretendYoureXyzzyAndroid-2.0.0
	AndroidXNonNull condition: "" , add info: -
constraints in PretendYoureXyzzyAndroid-3.0.0

POSTCONDITION_REMOVED
version 1: PretendYoureXyzzyAndroid-2.0.0
version 2: PretendYoureXyzzyAndroid-3.0.0
compilation unit: 0027-PretendYoureXyzzyAndroid-v3.1.3/app/src/main/java/com/gianlu/pretendyourexyzzy/api/models/Card.java
method: text()
constraints in PretendYoureXyzzyAndroid-2.0.0
	AndroidXNonNull condition: "" , add info: -
constraints in PretendYoureXyzzyAndroid-3.0.0

POSTCONDITION_REMOVED
version 1: PretendYoureXyzzyAndroid-2.0.0
version 2: PretendYoureXyzzyAndroid-3.0.0
compilation unit: 0027-PretendYoureXyzzyAndroid-v3.1.3/app/src/main/java/com/gianlu/pretendyourexyzzy/api/models/Card.java
method: watermark()
constraints in PretendYoureXyzzyAndroid-2.0.0
	AndroidXNullable condition: "" , add info: -
constraints in PretendYoureXyzzyAndroid-3.0.0

POSTCONDITION_REMOVED
version 1: PretendYoureXyzzyAndroid-2.0.0
version 2: PretendYoureXyzzyAndroid-3.0.0
compilation unit: 0027-PretendYoureXyzzyAndroid-v3.1.3/app/src/main/java/com/gianlu/pretendyourexyzzy/api/models/CardcastCard.java
method: toCardsList(String,
constraints in PretendYoureXyzzyAndroid-2.0.0
	AndroidXNonNull condition: "" , add info: -
constraints in PretendYoureXyzzyAndroid-3.0.0

POSTCONDITION_REMOVED
version 1: PretendYoureXyzzyAndroid-2.0.0
version 2: PretendYoureXyzzyAndroid-3.0.0
compilation unit: 0027-PretendYoureXyzzyAndroid-v3.1.3/app/src/main/java/com/gianlu/pretendyourexyzzy/api/models/CardcastCard.java
method: text()
constraints in PretendYoureXyzzyAndroid-2.0.0
	AndroidXNonNull condition: "" , add info: -
constraints in PretendYoureXyzzyAndroid-3.0.0

POSTCONDITION_REMOVED
version 1: PretendYoureXyzzyAndroid-2.0.0
version 2: PretendYoureXyzzyAndroid-3.0.0
compilation unit: 0027-PretendYoureXyzzyAndroid-v3.1.3/app/src/main/java/com/gianlu/pretendyourexyzzy/api/models/CardcastCard.java
method: watermark()
constraints in PretendYoureXyzzyAndroid-2.0.0
	AndroidXNullable condition: "" , add info: -
constraints in PretendYoureXyzzyAndroid-3.0.0

POSTCONDITION_REMOVED
version 1: PretendYoureXyzzyAndroid-2.0.0
version 2: PretendYoureXyzzyAndroid-3.0.0
compilation unit: 0027-PretendYoureXyzzyAndroid-v3.1.3/app/src/main/java/com/gianlu/pretendyourexyzzy/api/models/CardcastCard.java
method: toJson()
constraints in PretendYoureXyzzyAndroid-2.0.0
	AndroidXNullable condition: "" , add info: -
constraints in PretendYoureXyzzyAndroid-3.0.0

POSTCONDITION_REMOVED
version 1: PretendYoureXyzzyAndroid-2.0.0
version 2: PretendYoureXyzzyAndroid-3.0.0
compilation unit: 0027-PretendYoureXyzzyAndroid-v3.1.3/app/src/main/java/com/gianlu/pretendyourexyzzy/api/models/CardsGroup.java
method: unknown(int)
constraints in PretendYoureXyzzyAndroid-2.0.0
	AndroidXNonNull condition: "" , add info: -
constraints in PretendYoureXyzzyAndroid-3.0.0

POSTCONDITION_REMOVED
version 1: PretendYoureXyzzyAndroid-2.0.0
version 2: PretendYoureXyzzyAndroid-3.0.0
compilation unit: 0027-PretendYoureXyzzyAndroid-v3.1.3/app/src/main/java/com/gianlu/pretendyourexyzzy/api/models/CardsGroup.java
method: from(List<BaseCard>)
constraints in PretendYoureXyzzyAndroid-2.0.0
	AndroidXNonNull condition: "" , add info: -
constraints in PretendYoureXyzzyAndroid-3.0.0

POSTCONDITION_REMOVED
version 1: PretendYoureXyzzyAndroid-2.0.0
version 2: PretendYoureXyzzyAndroid-3.0.0
compilation unit: 0027-PretendYoureXyzzyAndroid-v3.1.3/app/src/main/java/com/gianlu/pretendyourexyzzy/api/models/Deck.java
method: list(JSONArray)
constraints in PretendYoureXyzzyAndroid-2.0.0
	AndroidXNonNull condition: "" , add info: -
constraints in PretendYoureXyzzyAndroid-3.0.0

POSTCONDITION_REMOVED
version 1: PretendYoureXyzzyAndroid-2.0.0
version 2: PretendYoureXyzzyAndroid-3.0.0
compilation unit: 0027-PretendYoureXyzzyAndroid-v3.1.3/app/src/main/java/com/gianlu/pretendyourexyzzy/api/models/Deck.java
method: cardcastDeck()
constraints in PretendYoureXyzzyAndroid-2.0.0
	AndroidXNullable condition: "" , add info: -
constraints in PretendYoureXyzzyAndroid-3.0.0

POSTCONDITION_REMOVED
version 1: PretendYoureXyzzyAndroid-2.0.0
version 2: PretendYoureXyzzyAndroid-3.0.0
compilation unit: 0027-PretendYoureXyzzyAndroid-v3.1.3/app/src/main/java/com/gianlu/pretendyourexyzzy/api/models/FirstLoad.java
method: createCardSetNamesList(List<Integer>)
constraints in PretendYoureXyzzyAndroid-2.0.0
	AndroidXNonNull condition: "" , add info: -
constraints in PretendYoureXyzzyAndroid-3.0.0

POSTCONDITION_REMOVED
version 1: PretendYoureXyzzyAndroid-2.0.0
version 2: PretendYoureXyzzyAndroid-3.0.0
compilation unit: 0027-PretendYoureXyzzyAndroid-v3.1.3/app/src/main/java/com/gianlu/pretendyourexyzzy/api/models/FirstLoad.java
method: parse(String)
constraints in PretendYoureXyzzyAndroid-2.0.0
	AndroidXNonNull condition: "" , add info: -
constraints in PretendYoureXyzzyAndroid-3.0.0

POSTCONDITION_REMOVED
version 1: PretendYoureXyzzyAndroid-2.0.0
version 2: PretendYoureXyzzyAndroid-3.0.0
compilation unit: 0027-PretendYoureXyzzyAndroid-v3.1.3/app/src/main/java/com/gianlu/pretendyourexyzzy/api/models/Game.java
method: toJson()
constraints in PretendYoureXyzzyAndroid-2.0.0
	AndroidXNonNull condition: "" , add info: -
constraints in PretendYoureXyzzyAndroid-3.0.0

POSTCONDITION_REMOVED
version 1: PretendYoureXyzzyAndroid-2.0.0
version 2: PretendYoureXyzzyAndroid-3.0.0
compilation unit: 0027-PretendYoureXyzzyAndroid-v3.1.3/app/src/main/java/com/gianlu/pretendyourexyzzy/api/models/GameInfo.java
method: list(JSONArray)
constraints in PretendYoureXyzzyAndroid-2.0.0
	AndroidXNonNull condition: "" , add info: -
constraints in PretendYoureXyzzyAndroid-3.0.0

POSTCONDITION_REMOVED
version 1: PretendYoureXyzzyAndroid-2.0.0
version 2: PretendYoureXyzzyAndroid-3.0.0
compilation unit: 0027-PretendYoureXyzzyAndroid-v3.1.3/app/src/main/java/com/gianlu/pretendyourexyzzy/api/models/GamePermalink.java
method: get(JSONObject)
constraints in PretendYoureXyzzyAndroid-2.0.0
	AndroidXNullable condition: "" , add info: -
constraints in PretendYoureXyzzyAndroid-3.0.0

POSTCONDITION_REMOVED
version 1: PretendYoureXyzzyAndroid-2.0.0
version 2: PretendYoureXyzzyAndroid-3.0.0
compilation unit: 0027-PretendYoureXyzzyAndroid-v3.1.3/app/src/main/java/com/gianlu/pretendyourexyzzy/api/models/GamePermalink.java
method: extractGameMetricsId()
constraints in PretendYoureXyzzyAndroid-2.0.0
	AndroidXNullable condition: "" , add info: -
constraints in PretendYoureXyzzyAndroid-3.0.0

POSTCONDITION_REMOVED
version 1: PretendYoureXyzzyAndroid-2.0.0
version 2: PretendYoureXyzzyAndroid-3.0.0
compilation unit: 0027-PretendYoureXyzzyAndroid-v3.1.3/app/src/main/java/com/gianlu/pretendyourexyzzy/api/models/metrics/RoundCard.java
method: text()
constraints in PretendYoureXyzzyAndroid-2.0.0
	AndroidXNonNull condition: "" , add info: -
constraints in PretendYoureXyzzyAndroid-3.0.0

POSTCONDITION_REMOVED
version 1: PretendYoureXyzzyAndroid-2.0.0
version 2: PretendYoureXyzzyAndroid-3.0.0
compilation unit: 0027-PretendYoureXyzzyAndroid-v3.1.3/app/src/main/java/com/gianlu/pretendyourexyzzy/api/models/metrics/RoundCard.java
method: watermark()
constraints in PretendYoureXyzzyAndroid-2.0.0
	AndroidXNullable condition: "" , add info: -
constraints in PretendYoureXyzzyAndroid-3.0.0

POSTCONDITION_REMOVED
version 1: PretendYoureXyzzyAndroid-2.0.0
version 2: PretendYoureXyzzyAndroid-3.0.0
compilation unit: 0027-PretendYoureXyzzyAndroid-v3.1.3/app/src/main/java/com/gianlu/pretendyourexyzzy/api/models/metrics/RoundCard.java
method: toJson()
constraints in PretendYoureXyzzyAndroid-2.0.0
	AndroidXNullable condition: "" , add info: -
constraints in PretendYoureXyzzyAndroid-3.0.0

POSTCONDITION_REMOVED
version 1: PretendYoureXyzzyAndroid-2.0.0
version 2: PretendYoureXyzzyAndroid-3.0.0
compilation unit: 0027-PretendYoureXyzzyAndroid-v3.1.3/app/src/main/java/com/gianlu/pretendyourexyzzy/api/models/metrics/UserHistory.java
method: name()
constraints in PretendYoureXyzzyAndroid-2.0.0
	AndroidXNonNull condition: "" , add info: -
constraints in PretendYoureXyzzyAndroid-3.0.0

POSTCONDITION_REMOVED
version 1: PretendYoureXyzzyAndroid-2.0.0
version 2: PretendYoureXyzzyAndroid-3.0.0
compilation unit: 0027-PretendYoureXyzzyAndroid-v3.1.3/app/src/main/java/com/gianlu/pretendyourexyzzy/api/models/Name.java
method: withSigil()
constraints in PretendYoureXyzzyAndroid-2.0.0
	AndroidXNonNull condition: "" , add info: -
constraints in PretendYoureXyzzyAndroid-3.0.0

POSTCONDITION_REMOVED
version 1: PretendYoureXyzzyAndroid-2.0.0
version 2: PretendYoureXyzzyAndroid-3.0.0
compilation unit: 0027-PretendYoureXyzzyAndroid-v3.1.3/app/src/main/java/com/gianlu/pretendyourexyzzy/api/models/Name.java
method: sigil()
constraints in PretendYoureXyzzyAndroid-2.0.0
	AndroidXNonNull condition: "" , add info: -
constraints in PretendYoureXyzzyAndroid-3.0.0

POSTCONDITION_REMOVED
version 1: PretendYoureXyzzyAndroid-2.0.0
version 2: PretendYoureXyzzyAndroid-3.0.0
compilation unit: 0027-PretendYoureXyzzyAndroid-v3.1.3/app/src/main/java/com/gianlu/pretendyourexyzzy/api/models/Name.java
method: noSigil()
constraints in PretendYoureXyzzyAndroid-2.0.0
	AndroidXNonNull condition: "" , add info: -
constraints in PretendYoureXyzzyAndroid-3.0.0

POSTCONDITION_REMOVED
version 1: PretendYoureXyzzyAndroid-2.0.0
version 2: PretendYoureXyzzyAndroid-3.0.0
compilation unit: 0027-PretendYoureXyzzyAndroid-v3.1.3/app/src/main/java/com/gianlu/pretendyourexyzzy/api/models/Name.java
method: symbol()
constraints in PretendYoureXyzzyAndroid-2.0.0
	AndroidXNonNull condition: "" , add info: -
constraints in PretendYoureXyzzyAndroid-3.0.0

POSTCONDITION_REMOVED
version 1: PretendYoureXyzzyAndroid-2.0.0
version 2: PretendYoureXyzzyAndroid-3.0.0
compilation unit: 0027-PretendYoureXyzzyAndroid-v3.1.3/app/src/main/java/com/gianlu/pretendyourexyzzy/api/models/Name.java
method: getFormal(Context)
constraints in PretendYoureXyzzyAndroid-2.0.0
	AndroidXNonNull condition: "" , add info: -
constraints in PretendYoureXyzzyAndroid-3.0.0

POSTCONDITION_REMOVED
version 1: PretendYoureXyzzyAndroid-2.0.0
version 2: PretendYoureXyzzyAndroid-3.0.0
compilation unit: 0027-PretendYoureXyzzyAndroid-v3.1.3/app/src/main/java/com/gianlu/pretendyourexyzzy/api/models/PollMessage.java
method: list(JSONArray)
constraints in PretendYoureXyzzyAndroid-2.0.0
	AndroidXNonNull condition: "" , add info: -
constraints in PretendYoureXyzzyAndroid-3.0.0

POSTCONDITION_REMOVED
version 1: PretendYoureXyzzyAndroid-2.0.0
version 2: PretendYoureXyzzyAndroid-3.0.0
compilation unit: 0027-PretendYoureXyzzyAndroid-v3.1.3/app/src/main/java/com/gianlu/pretendyourexyzzy/api/models/User.java
method: userPermalink()
constraints in PretendYoureXyzzyAndroid-2.0.0
	AndroidXNullable condition: "" , add info: -
constraints in PretendYoureXyzzyAndroid-3.0.0

POSTCONDITION_REMOVED
version 1: PretendYoureXyzzyAndroid-2.0.0
version 2: PretendYoureXyzzyAndroid-3.0.0
compilation unit: 0027-PretendYoureXyzzyAndroid-v3.1.3/app/src/main/java/com/gianlu/pretendyourexyzzy/api/models/User.java
method: extractSessionMetricsId()
constraints in PretendYoureXyzzyAndroid-2.0.0
	AndroidXNullable condition: "" , add info: -
constraints in PretendYoureXyzzyAndroid-3.0.0

POSTCONDITION_REMOVED
version 1: PretendYoureXyzzyAndroid-2.0.0
version 2: PretendYoureXyzzyAndroid-3.0.0
compilation unit: 0027-PretendYoureXyzzyAndroid-v3.1.3/app/src/main/java/com/gianlu/pretendyourexyzzy/api/models/User.java
method: sessionPermalink()
constraints in PretendYoureXyzzyAndroid-2.0.0
	AndroidXNullable condition: "" , add info: -
constraints in PretendYoureXyzzyAndroid-3.0.0

POSTCONDITION_REMOVED
version 1: PretendYoureXyzzyAndroid-2.0.0
version 2: PretendYoureXyzzyAndroid-3.0.0
compilation unit: 0027-PretendYoureXyzzyAndroid-v3.1.3/app/src/main/java/com/gianlu/pretendyourexyzzy/api/models/WhoisResult.java
method: game()
constraints in PretendYoureXyzzyAndroid-2.0.0
	AndroidXNullable condition: "" , add info: -
constraints in PretendYoureXyzzyAndroid-3.0.0

POSTCONDITION_REMOVED
version 1: PretendYoureXyzzyAndroid-2.0.0
version 2: PretendYoureXyzzyAndroid-3.0.0
compilation unit: 0027-PretendYoureXyzzyAndroid-v3.1.3/app/src/main/java/com/gianlu/pretendyourexyzzy/api/models/WhoisResult.java
method: ipAddress()
constraints in PretendYoureXyzzyAndroid-2.0.0
	AndroidXNullable condition: "" , add info: -
constraints in PretendYoureXyzzyAndroid-3.0.0

POSTCONDITION_REMOVED
version 1: PretendYoureXyzzyAndroid-2.0.0
version 2: PretendYoureXyzzyAndroid-3.0.0
compilation unit: 0027-PretendYoureXyzzyAndroid-v3.1.3/app/src/main/java/com/gianlu/pretendyourexyzzy/api/models/WhoisResult.java
method: clientName()
constraints in PretendYoureXyzzyAndroid-2.0.0
	AndroidXNullable condition: "" , add info: -
constraints in PretendYoureXyzzyAndroid-3.0.0

POSTCONDITION_REMOVED
version 1: PretendYoureXyzzyAndroid-2.0.0
version 2: PretendYoureXyzzyAndroid-3.0.0
compilation unit: 0027-PretendYoureXyzzyAndroid-v3.1.3/app/src/main/java/com/gianlu/pretendyourexyzzy/api/Pyx.java
method: fromUrl(Uri)
constraints in PretendYoureXyzzyAndroid-2.0.0
	JetBrainsNullable condition: "" , add info: -
	AndroidXNullable condition: "" , add info: -
constraints in PretendYoureXyzzyAndroid-3.0.0

POSTCONDITION_REMOVED
version 1: PretendYoureXyzzyAndroid-2.0.0
version 2: PretendYoureXyzzyAndroid-3.0.0
compilation unit: 0027-PretendYoureXyzzyAndroid-v3.1.3/app/src/main/java/com/gianlu/pretendyourexyzzy/api/Pyx.java
method: parseUrl(String)
constraints in PretendYoureXyzzyAndroid-2.0.0
	JetBrainsNullable condition: "" , add info: -
	AndroidXNullable condition: "" , add info: -
constraints in PretendYoureXyzzyAndroid-3.0.0

POSTCONDITION_REMOVED
version 1: PretendYoureXyzzyAndroid-2.0.0
version 2: PretendYoureXyzzyAndroid-3.0.0
compilation unit: 0027-PretendYoureXyzzyAndroid-v3.1.3/app/src/main/java/com/gianlu/pretendyourexyzzy/api/Pyx.java
method: get()
constraints in PretendYoureXyzzyAndroid-2.0.0
	AndroidXNonNull condition: "" , add info: -
constraints in PretendYoureXyzzyAndroid-3.0.0

POSTCONDITION_REMOVED
version 1: PretendYoureXyzzyAndroid-2.0.0
version 2: PretendYoureXyzzyAndroid-3.0.0
compilation unit: 0027-PretendYoureXyzzyAndroid-v3.1.3/app/src/main/java/com/gianlu/pretendyourexyzzy/api/Pyx.java
method: requestSync(PyxRequestWithResult<E>)
constraints in PretendYoureXyzzyAndroid-2.0.0
	AndroidXNonNull condition: "" , add info: -
	AndroidXWorkerThread condition: "" , add info: -
constraints in PretendYoureXyzzyAndroid-3.0.0

POSTCONDITION_REMOVED
version 1: PretendYoureXyzzyAndroid-2.0.0
version 2: PretendYoureXyzzyAndroid-3.0.0
compilation unit: 0027-PretendYoureXyzzyAndroid-v3.1.3/app/src/main/java/com/gianlu/pretendyourexyzzy/api/Pyx.java
method: loadAllServers()
constraints in PretendYoureXyzzyAndroid-2.0.0
	AndroidXNonNull condition: "" , add info: -
constraints in PretendYoureXyzzyAndroid-3.0.0

POSTCONDITION_REMOVED
version 1: PretendYoureXyzzyAndroid-2.0.0
version 2: PretendYoureXyzzyAndroid-3.0.0
compilation unit: 0027-PretendYoureXyzzyAndroid-v3.1.3/app/src/main/java/com/gianlu/pretendyourexyzzy/api/Pyx.java
method: params()
constraints in PretendYoureXyzzyAndroid-2.0.0
	AndroidXNonNull condition: "" , add info: -
constraints in PretendYoureXyzzyAndroid-3.0.0

POSTCONDITION_REMOVED
version 1: PretendYoureXyzzyAndroid-2.0.0
version 2: PretendYoureXyzzyAndroid-3.0.0
compilation unit: 0027-PretendYoureXyzzyAndroid-v3.1.3/app/src/main/java/com/gianlu/pretendyourexyzzy/api/Pyx.java
method: polling()
constraints in PretendYoureXyzzyAndroid-2.0.0
	AndroidXNonNull condition: "" , add info: -
constraints in PretendYoureXyzzyAndroid-3.0.0

POSTCONDITION_REMOVED
version 1: PretendYoureXyzzyAndroid-2.0.0
version 2: PretendYoureXyzzyAndroid-3.0.0
compilation unit: 0027-PretendYoureXyzzyAndroid-v3.1.3/app/src/main/java/com/gianlu/pretendyourexyzzy/api/Pyx.java
method: defaultValues()
constraints in PretendYoureXyzzyAndroid-2.0.0
	AndroidXNonNull condition: "" , add info: -
constraints in PretendYoureXyzzyAndroid-3.0.0

POSTCONDITION_REMOVED
version 1: PretendYoureXyzzyAndroid-2.0.0
version 2: PretendYoureXyzzyAndroid-3.0.0
compilation unit: 0027-PretendYoureXyzzyAndroid-v3.1.3/app/src/main/java/com/gianlu/pretendyourexyzzy/api/PyxDiscoveryApi.java
method: get()
constraints in PretendYoureXyzzyAndroid-2.0.0
	AndroidXNonNull condition: "" , add info: -
constraints in PretendYoureXyzzyAndroid-3.0.0

POSTCONDITION_REMOVED
version 1: PretendYoureXyzzyAndroid-2.0.0
version 2: PretendYoureXyzzyAndroid-3.0.0
compilation unit: 0027-PretendYoureXyzzyAndroid-v3.1.3/app/src/main/java/com/gianlu/pretendyourexyzzy/api/PyxRequest.java
method: toString()
constraints in PretendYoureXyzzyAndroid-2.0.0
	AndroidXNonNull condition: "" , add info: -
constraints in PretendYoureXyzzyAndroid-3.0.0

POSTCONDITION_REMOVED
version 1: PretendYoureXyzzyAndroid-2.0.0
version 2: PretendYoureXyzzyAndroid-3.0.0
compilation unit: 0027-PretendYoureXyzzyAndroid-v3.1.3/app/src/main/java/com/gianlu/pretendyourexyzzy/api/PyxRequests.java
method: firstLoad()
constraints in PretendYoureXyzzyAndroid-2.0.0
	AndroidXNonNull condition: "" , add info: -
constraints in PretendYoureXyzzyAndroid-3.0.0

POSTCONDITION_REMOVED
version 1: PretendYoureXyzzyAndroid-2.0.0
version 2: PretendYoureXyzzyAndroid-3.0.0
compilation unit: 0027-PretendYoureXyzzyAndroid-v3.1.3/app/src/main/java/com/gianlu/pretendyourexyzzy/api/PyxRequests.java
method: logout()
constraints in PretendYoureXyzzyAndroid-2.0.0
	AndroidXNonNull condition: "" , add info: -
constraints in PretendYoureXyzzyAndroid-3.0.0

POSTCONDITION_REMOVED
version 1: PretendYoureXyzzyAndroid-2.0.0
version 2: PretendYoureXyzzyAndroid-3.0.0
compilation unit: 0027-PretendYoureXyzzyAndroid-v3.1.3/app/src/main/java/com/gianlu/pretendyourexyzzy/api/PyxRequests.java
method: leaveGame(int)
constraints in PretendYoureXyzzyAndroid-2.0.0
	AndroidXNonNull condition: "" , add info: -
constraints in PretendYoureXyzzyAndroid-3.0.0

POSTCONDITION_REMOVED
version 1: PretendYoureXyzzyAndroid-2.0.0
version 2: PretendYoureXyzzyAndroid-3.0.0
compilation unit: 0027-PretendYoureXyzzyAndroid-v3.1.3/app/src/main/java/com/gianlu/pretendyourexyzzy/api/PyxRequests.java
method: createGame()
constraints in PretendYoureXyzzyAndroid-2.0.0
	AndroidXNonNull condition: "" , add info: -
constraints in PretendYoureXyzzyAndroid-3.0.0

POSTCONDITION_REMOVED
version 1: PretendYoureXyzzyAndroid-2.0.0
version 2: PretendYoureXyzzyAndroid-3.0.0
compilation unit: 0027-PretendYoureXyzzyAndroid-v3.1.3/app/src/main/java/com/gianlu/pretendyourexyzzy/api/PyxRequests.java
method: getGameInfo(int)
constraints in PretendYoureXyzzyAndroid-2.0.0
	AndroidXNonNull condition: "" , add info: -
constraints in PretendYoureXyzzyAndroid-3.0.0

POSTCONDITION_REMOVED
version 1: PretendYoureXyzzyAndroid-2.0.0
version 2: PretendYoureXyzzyAndroid-3.0.0
compilation unit: 0027-PretendYoureXyzzyAndroid-v3.1.3/app/src/main/java/com/gianlu/pretendyourexyzzy/api/PyxRequests.java
method: getNamesList()
constraints in PretendYoureXyzzyAndroid-2.0.0
	AndroidXNonNull condition: "" , add info: -
constraints in PretendYoureXyzzyAndroid-3.0.0

POSTCONDITION_REMOVED
version 1: PretendYoureXyzzyAndroid-2.0.0
version 2: PretendYoureXyzzyAndroid-3.0.0
compilation unit: 0027-PretendYoureXyzzyAndroid-v3.1.3/app/src/main/java/com/gianlu/pretendyourexyzzy/api/PyxRequests.java
method: getGameCards(int)
constraints in PretendYoureXyzzyAndroid-2.0.0
	AndroidXNonNull condition: "" , add info: -
constraints in PretendYoureXyzzyAndroid-3.0.0

POSTCONDITION_REMOVED
version 1: PretendYoureXyzzyAndroid-2.0.0
version 2: PretendYoureXyzzyAndroid-3.0.0
compilation unit: 0027-PretendYoureXyzzyAndroid-v3.1.3/app/src/main/java/com/gianlu/pretendyourexyzzy/api/PyxRequests.java
method: startGame(int)
constraints in PretendYoureXyzzyAndroid-2.0.0
	AndroidXNonNull condition: "" , add info: -
constraints in PretendYoureXyzzyAndroid-3.0.0

POSTCONDITION_REMOVED
version 1: PretendYoureXyzzyAndroid-2.0.0
version 2: PretendYoureXyzzyAndroid-3.0.0
compilation unit: 0027-PretendYoureXyzzyAndroid-v3.1.3/app/src/main/java/com/gianlu/pretendyourexyzzy/api/PyxRequests.java
method: judgeCard(int,
constraints in PretendYoureXyzzyAndroid-2.0.0
	AndroidXNonNull condition: "" , add info: -
constraints in PretendYoureXyzzyAndroid-3.0.0

POSTCONDITION_REMOVED
version 1: PretendYoureXyzzyAndroid-2.0.0
version 2: PretendYoureXyzzyAndroid-3.0.0
compilation unit: 0027-PretendYoureXyzzyAndroid-v3.1.3/app/src/main/java/com/gianlu/pretendyourexyzzy/api/PyxRequests.java
method: addCardcastDeck(int,
constraints in PretendYoureXyzzyAndroid-2.0.0
	AndroidXNonNull condition: "" , add info: -
constraints in PretendYoureXyzzyAndroid-3.0.0

POSTCONDITION_REMOVED
version 1: PretendYoureXyzzyAndroid-2.0.0
version 2: PretendYoureXyzzyAndroid-3.0.0
compilation unit: 0027-PretendYoureXyzzyAndroid-v3.1.3/app/src/main/java/com/gianlu/pretendyourexyzzy/api/PyxRequests.java
method: getGamesList()
constraints in PretendYoureXyzzyAndroid-2.0.0
	AndroidXNonNull condition: "" , add info: -
constraints in PretendYoureXyzzyAndroid-3.0.0

POSTCONDITION_REMOVED
version 1: PretendYoureXyzzyAndroid-2.0.0
version 2: PretendYoureXyzzyAndroid-3.0.0
compilation unit: 0027-PretendYoureXyzzyAndroid-v3.1.3/app/src/main/java/com/gianlu/pretendyourexyzzy/api/PyxRequests.java
method: whois(String)
constraints in PretendYoureXyzzyAndroid-2.0.0
	AndroidXNonNull condition: "" , add info: -
constraints in PretendYoureXyzzyAndroid-3.0.0

POSTCONDITION_REMOVED
version 1: PretendYoureXyzzyAndroid-2.0.0
version 2: PretendYoureXyzzyAndroid-3.0.0
compilation unit: 0027-PretendYoureXyzzyAndroid-v3.1.3/app/src/main/java/com/gianlu/pretendyourexyzzy/api/RegisteredPyx.java
method: get()
constraints in PretendYoureXyzzyAndroid-2.0.0
	AndroidXNonNull condition: "" , add info: -
constraints in PretendYoureXyzzyAndroid-3.0.0

POSTCONDITION_REMOVED
version 1: PretendYoureXyzzyAndroid-2.0.0
version 2: PretendYoureXyzzyAndroid-3.0.0
compilation unit: 0027-PretendYoureXyzzyAndroid-v3.1.3/app/src/main/java/com/gianlu/pretendyourexyzzy/api/RegisteredPyx.java
method: user()
constraints in PretendYoureXyzzyAndroid-2.0.0
	AndroidXNonNull condition: "" , add info: -
constraints in PretendYoureXyzzyAndroid-3.0.0

POSTCONDITION_REMOVED
version 1: PretendYoureXyzzyAndroid-2.0.0
version 2: PretendYoureXyzzyAndroid-3.0.0
compilation unit: 0027-PretendYoureXyzzyAndroid-v3.1.3/app/src/main/java/com/gianlu/pretendyourexyzzy/api/RegisteredPyx.java
method: polling()
constraints in PretendYoureXyzzyAndroid-2.0.0
	AndroidXNonNull condition: "" , add info: -
constraints in PretendYoureXyzzyAndroid-3.0.0

POSTCONDITION_REMOVED
version 1: PretendYoureXyzzyAndroid-2.0.0
version 2: PretendYoureXyzzyAndroid-3.0.0
compilation unit: 0027-PretendYoureXyzzyAndroid-v3.1.3/app/src/main/java/com/gianlu/pretendyourexyzzy/api/RegisteredPyx.java
method: getCodes()
constraints in PretendYoureXyzzyAndroid-2.0.0
	AndroidXNonNull condition: "" , add info: -
constraints in PretendYoureXyzzyAndroid-3.0.0

POSTCONDITION_REMOVED
version 1: PretendYoureXyzzyAndroid-2.0.0
version 2: PretendYoureXyzzyAndroid-3.0.0
compilation unit: 0027-PretendYoureXyzzyAndroid-v3.1.3/app/src/main/java/com/gianlu/pretendyourexyzzy/api/urbandictionary/UrbanDictApi.java
method: get()
constraints in PretendYoureXyzzyAndroid-2.0.0
	AndroidXNonNull condition: "" , add info: -
constraints in PretendYoureXyzzyAndroid-3.0.0

POSTCONDITION_REMOVED
version 1: PretendYoureXyzzyAndroid-2.0.0
version 2: PretendYoureXyzzyAndroid-3.0.0
compilation unit: 0027-PretendYoureXyzzyAndroid-v3.1.3/app/src/main/java/com/gianlu/pretendyourexyzzy/api/UserAgentInterceptor.java
method: intercept(Chain)
constraints in PretendYoureXyzzyAndroid-2.0.0
	AndroidXNonNull condition: "" , add info: -
constraints in PretendYoureXyzzyAndroid-3.0.0

POSTCONDITION_REMOVED
version 1: PretendYoureXyzzyAndroid-2.0.0
version 2: PretendYoureXyzzyAndroid-3.0.0
compilation unit: 0027-PretendYoureXyzzyAndroid-v3.1.3/app/src/main/java/com/gianlu/pretendyourexyzzy/cards/GameCardView.java
method: getCard()
constraints in PretendYoureXyzzyAndroid-2.0.0
	AndroidXNullable condition: "" , add info: -
constraints in PretendYoureXyzzyAndroid-3.0.0

POSTCONDITION_REMOVED
version 1: PretendYoureXyzzyAndroid-2.0.0
version 2: PretendYoureXyzzyAndroid-3.0.0
compilation unit: 0027-PretendYoureXyzzyAndroid-v3.1.3/app/src/main/java/com/gianlu/pretendyourexyzzy/cards/GameRoundSummary.java
method: getBitmap()
constraints in PretendYoureXyzzyAndroid-2.0.0
	AndroidXNonNull condition: "" , add info: -
constraints in PretendYoureXyzzyAndroid-3.0.0

POSTCONDITION_REMOVED
version 1: PretendYoureXyzzyAndroid-2.0.0
version 2: PretendYoureXyzzyAndroid-3.0.0
compilation unit: 0027-PretendYoureXyzzyAndroid-v3.1.3/app/src/main/java/com/gianlu/pretendyourexyzzy/cards/GameRoundSummary.java
method: getName()
constraints in PretendYoureXyzzyAndroid-2.0.0
	AndroidXNonNull condition: "" , add info: -
constraints in PretendYoureXyzzyAndroid-3.0.0

POSTCONDITION_REMOVED
version 1: PretendYoureXyzzyAndroid-2.0.0
version 2: PretendYoureXyzzyAndroid-3.0.0
compilation unit: 0027-PretendYoureXyzzyAndroid-v3.1.3/app/src/main/java/com/gianlu/pretendyourexyzzy/dialogs/CardImageZoomDialog.java
method: onCreateDialog(Bundle)
constraints in PretendYoureXyzzyAndroid-2.0.0
	AndroidXNonNull condition: "" , add info: -
constraints in PretendYoureXyzzyAndroid-3.0.0

POSTCONDITION_REMOVED
version 1: PretendYoureXyzzyAndroid-2.0.0
version 2: PretendYoureXyzzyAndroid-3.0.0
compilation unit: 0027-PretendYoureXyzzyAndroid-v3.1.3/app/src/main/java/com/gianlu/pretendyourexyzzy/dialogs/EditGameOptionsDialog.java
method: get(int,
constraints in PretendYoureXyzzyAndroid-2.0.0
	AndroidXNonNull condition: "" , add info: -
constraints in PretendYoureXyzzyAndroid-3.0.0

POSTCONDITION_REMOVED
version 1: PretendYoureXyzzyAndroid-2.0.0
version 2: PretendYoureXyzzyAndroid-3.0.0
compilation unit: 0027-PretendYoureXyzzyAndroid-v3.1.3/app/src/main/java/com/gianlu/pretendyourexyzzy/dialogs/GameRoundDialog.java
method: onCreateDialog(Bundle)
constraints in PretendYoureXyzzyAndroid-2.0.0
	AndroidXNonNull condition: "" , add info: -
constraints in PretendYoureXyzzyAndroid-3.0.0

POSTCONDITION_REMOVED
version 1: PretendYoureXyzzyAndroid-2.0.0
version 2: PretendYoureXyzzyAndroid-3.0.0
compilation unit: 0027-PretendYoureXyzzyAndroid-v3.1.3/app/src/main/java/com/gianlu/pretendyourexyzzy/main/CardcastFragment.java
method: getInstance()
constraints in PretendYoureXyzzyAndroid-2.0.0
	AndroidXNonNull condition: "" , add info: -
constraints in PretendYoureXyzzyAndroid-3.0.0

POSTCONDITION_REMOVED
version 1: PretendYoureXyzzyAndroid-2.0.0
version 2: PretendYoureXyzzyAndroid-3.0.0
compilation unit: 0027-PretendYoureXyzzyAndroid-v3.1.3/app/src/main/java/com/gianlu/pretendyourexyzzy/main/ChatFragment.java
method: getGameInstance(int)
constraints in PretendYoureXyzzyAndroid-2.0.0
	AndroidXNonNull condition: "" , add info: -
constraints in PretendYoureXyzzyAndroid-3.0.0

POSTCONDITION_REMOVED
version 1: PretendYoureXyzzyAndroid-2.0.0
version 2: PretendYoureXyzzyAndroid-3.0.0
compilation unit: 0027-PretendYoureXyzzyAndroid-v3.1.3/app/src/main/java/com/gianlu/pretendyourexyzzy/main/ChatFragment.java
method: getGlobalInstance()
constraints in PretendYoureXyzzyAndroid-2.0.0
	AndroidXNonNull condition: "" , add info: -
constraints in PretendYoureXyzzyAndroid-3.0.0

POSTCONDITION_REMOVED
version 1: PretendYoureXyzzyAndroid-2.0.0
version 2: PretendYoureXyzzyAndroid-3.0.0
compilation unit: 0027-PretendYoureXyzzyAndroid-v3.1.3/app/src/main/java/com/gianlu/pretendyourexyzzy/main/GamesFragment.java
method: getInstance()
constraints in PretendYoureXyzzyAndroid-2.0.0
	AndroidXNonNull condition: "" , add info: -
constraints in PretendYoureXyzzyAndroid-3.0.0

POSTCONDITION_REMOVED
version 1: PretendYoureXyzzyAndroid-2.0.0
version 2: PretendYoureXyzzyAndroid-3.0.0
compilation unit: 0027-PretendYoureXyzzyAndroid-v3.1.3/app/src/main/java/com/gianlu/pretendyourexyzzy/main/NamesFragment.java
method: getInstance()
constraints in PretendYoureXyzzyAndroid-2.0.0
	AndroidXNonNull condition: "" , add info: -
constraints in PretendYoureXyzzyAndroid-3.0.0

POSTCONDITION_REMOVED
version 1: PretendYoureXyzzyAndroid-2.0.0
version 2: PretendYoureXyzzyAndroid-3.0.0
compilation unit: 0027-PretendYoureXyzzyAndroid-v3.1.3/app/src/main/java/com/gianlu/pretendyourexyzzy/main/ongoinggame/AnotherGameManager.java
method: getLastRoundMetricsId()
constraints in PretendYoureXyzzyAndroid-2.0.0
	AndroidXNullable condition: "" , add info: -
constraints in PretendYoureXyzzyAndroid-3.0.0

POSTCONDITION_REMOVED
version 1: PretendYoureXyzzyAndroid-2.0.0
version 2: PretendYoureXyzzyAndroid-3.0.0
compilation unit: 0027-PretendYoureXyzzyAndroid-v3.1.3/app/src/main/java/com/gianlu/pretendyourexyzzy/main/ongoinggame/AnotherGameManager.java
method: players()
constraints in PretendYoureXyzzyAndroid-2.0.0
	AndroidXNonNull condition: "" , add info: -
constraints in PretendYoureXyzzyAndroid-3.0.0

POSTCONDITION_REMOVED
version 1: PretendYoureXyzzyAndroid-2.0.0
version 2: PretendYoureXyzzyAndroid-3.0.0
compilation unit: 0027-PretendYoureXyzzyAndroid-v3.1.3/app/src/main/java/com/gianlu/pretendyourexyzzy/main/ongoinggame/AnotherGameManager.java
method: spectators()
constraints in PretendYoureXyzzyAndroid-2.0.0
	AndroidXNonNull condition: "" , add info: -
constraints in PretendYoureXyzzyAndroid-3.0.0

POSTCONDITION_REMOVED
version 1: PretendYoureXyzzyAndroid-2.0.0
version 2: PretendYoureXyzzyAndroid-3.0.0
compilation unit: 0027-PretendYoureXyzzyAndroid-v3.1.3/app/src/main/java/com/gianlu/pretendyourexyzzy/main/ongoinggame/AnotherGameManager.java
method: gameOptions()
constraints in PretendYoureXyzzyAndroid-2.0.0
	AndroidXNullable condition: "" , add info: -
constraints in PretendYoureXyzzyAndroid-3.0.0

POSTCONDITION_REMOVED
version 1: PretendYoureXyzzyAndroid-2.0.0
version 2: PretendYoureXyzzyAndroid-3.0.0
compilation unit: 0027-PretendYoureXyzzyAndroid-v3.1.3/app/src/main/java/com/gianlu/pretendyourexyzzy/main/ongoinggame/AnotherGameManager.java
method: host()
constraints in PretendYoureXyzzyAndroid-2.0.0
	AndroidXNonNull condition: "" , add info: -
constraints in PretendYoureXyzzyAndroid-3.0.0

POSTCONDITION_REMOVED
version 1: PretendYoureXyzzyAndroid-2.0.0
version 2: PretendYoureXyzzyAndroid-3.0.0
compilation unit: 0027-PretendYoureXyzzyAndroid-v3.1.3/app/src/main/java/com/gianlu/pretendyourexyzzy/main/ongoinggame/CardcastSheet.java
method: get()
constraints in PretendYoureXyzzyAndroid-2.0.0
	AndroidXNonNull condition: "" , add info: -
constraints in PretendYoureXyzzyAndroid-3.0.0

POSTCONDITION_REMOVED
version 1: PretendYoureXyzzyAndroid-2.0.0
version 2: PretendYoureXyzzyAndroid-3.0.0
compilation unit: 0027-PretendYoureXyzzyAndroid-v3.1.3/app/src/main/java/com/gianlu/pretendyourexyzzy/main/ongoinggame/GameLayout.java
method: getStartGameButton()
constraints in PretendYoureXyzzyAndroid-2.0.0
	AndroidXNonNull condition: "" , add info: -
constraints in PretendYoureXyzzyAndroid-3.0.0

POSTCONDITION_REMOVED
version 1: PretendYoureXyzzyAndroid-2.0.0
version 2: PretendYoureXyzzyAndroid-3.0.0
compilation unit: 0027-PretendYoureXyzzyAndroid-v3.1.3/app/src/main/java/com/gianlu/pretendyourexyzzy/main/ongoinggame/GameLayout.java
method: getCardsRecyclerView()
constraints in PretendYoureXyzzyAndroid-2.0.0
	AndroidXNonNull condition: "" , add info: -
constraints in PretendYoureXyzzyAndroid-3.0.0

POSTCONDITION_REMOVED
version 1: PretendYoureXyzzyAndroid-2.0.0
version 2: PretendYoureXyzzyAndroid-3.0.0
compilation unit: 0027-PretendYoureXyzzyAndroid-v3.1.3/app/src/main/java/com/gianlu/pretendyourexyzzy/main/ongoinggame/GameLayout.java
method: blackCard()
constraints in PretendYoureXyzzyAndroid-2.0.0
	AndroidXNullable condition: "" , add info: -
constraints in PretendYoureXyzzyAndroid-3.0.0

POSTCONDITION_REMOVED
version 1: PretendYoureXyzzyAndroid-2.0.0
version 2: PretendYoureXyzzyAndroid-3.0.0
compilation unit: 0027-PretendYoureXyzzyAndroid-v3.1.3/app/src/main/java/com/gianlu/pretendyourexyzzy/main/ongoinggame/GameLayout.java
method: getPlayersRecyclerView()
constraints in PretendYoureXyzzyAndroid-2.0.0
	AndroidXNonNull condition: "" , add info: -
constraints in PretendYoureXyzzyAndroid-3.0.0

POSTCONDITION_REMOVED
version 1: PretendYoureXyzzyAndroid-2.0.0
version 2: PretendYoureXyzzyAndroid-3.0.0
compilation unit: 0027-PretendYoureXyzzyAndroid-v3.1.3/app/src/main/java/com/gianlu/pretendyourexyzzy/main/ongoinggame/GameLayout.java
method: getBlackCardView()
constraints in PretendYoureXyzzyAndroid-2.0.0
	AndroidXNonNull condition: "" , add info: -
constraints in PretendYoureXyzzyAndroid-3.0.0

POSTCONDITION_REMOVED
version 1: PretendYoureXyzzyAndroid-2.0.0
version 2: PretendYoureXyzzyAndroid-3.0.0
compilation unit: 0027-PretendYoureXyzzyAndroid-v3.1.3/app/src/main/java/com/gianlu/pretendyourexyzzy/main/ongoinggame/UrbanDictSheet.java
method: get()
constraints in PretendYoureXyzzyAndroid-2.0.0
	AndroidXNonNull condition: "" , add info: -
constraints in PretendYoureXyzzyAndroid-3.0.0

POSTCONDITION_REMOVED
version 1: PretendYoureXyzzyAndroid-2.0.0
version 2: PretendYoureXyzzyAndroid-3.0.0
compilation unit: 0027-PretendYoureXyzzyAndroid-v3.1.3/app/src/main/java/com/gianlu/pretendyourexyzzy/main/OngoingGameHelper.java
method: get()
constraints in PretendYoureXyzzyAndroid-2.0.0
	AndroidXNullable condition: "" , add info: -
constraints in PretendYoureXyzzyAndroid-3.0.0

POSTCONDITION_REMOVED
version 1: PretendYoureXyzzyAndroid-2.0.0
version 2: PretendYoureXyzzyAndroid-3.0.0
compilation unit: 0027-PretendYoureXyzzyAndroid-v3.1.3/app/src/main/java/com/gianlu/pretendyourexyzzy/MainActivity.java
method: create()
constraints in PretendYoureXyzzyAndroid-2.0.0
	AndroidXNonNull condition: "" , add info: -
	AndroidXUiThread condition: "" , add info: -
constraints in PretendYoureXyzzyAndroid-3.0.0

POSTCONDITION_REMOVED
version 1: PretendYoureXyzzyAndroid-2.0.0
version 2: PretendYoureXyzzyAndroid-3.0.0
compilation unit: 0027-PretendYoureXyzzyAndroid-v3.1.3/app/src/main/java/com/gianlu/pretendyourexyzzy/metrics/UserHistoryFragment.java
method: get()
constraints in PretendYoureXyzzyAndroid-2.0.0
	AndroidXNonNull condition: "" , add info: -
constraints in PretendYoureXyzzyAndroid-3.0.0

POSTCONDITION_REMOVED
version 1: PretendYoureXyzzyAndroid-2.0.0
version 2: PretendYoureXyzzyAndroid-3.0.0
compilation unit: 0027-PretendYoureXyzzyAndroid-v3.1.3/app/src/main/java/com/gianlu/pretendyourexyzzy/PreferenceActivity.java
method: getPreferencesItems()
constraints in PretendYoureXyzzyAndroid-2.0.0
	AndroidXNonNull condition: "" , add info: -
constraints in PretendYoureXyzzyAndroid-3.0.0

POSTCONDITION_REMOVED
version 1: PretendYoureXyzzyAndroid-2.0.0
version 2: PretendYoureXyzzyAndroid-3.0.0
compilation unit: 0027-PretendYoureXyzzyAndroid-v3.1.3/app/src/main/java/com/gianlu/pretendyourexyzzy/PreferenceActivity.java
method: customizeTutorialCard()
constraints in PretendYoureXyzzyAndroid-2.0.0
	AndroidXNonNull condition: "" , add info: -
constraints in PretendYoureXyzzyAndroid-3.0.0

POSTCONDITION_REMOVED
version 1: PretendYoureXyzzyAndroid-2.0.0
version 2: PretendYoureXyzzyAndroid-3.0.0
compilation unit: 0027-PretendYoureXyzzyAndroid-v3.1.3/app/src/main/java/com/gianlu/pretendyourexyzzy/PreferenceActivity.java
method: getOpenSourceUrl()
constraints in PretendYoureXyzzyAndroid-2.0.0
	AndroidXNullable condition: "" , add info: -
constraints in PretendYoureXyzzyAndroid-3.0.0

POSTCONDITION_REMOVED
version 1: PretendYoureXyzzyAndroid-2.0.0
version 2: PretendYoureXyzzyAndroid-3.0.0
compilation unit: 0027-PretendYoureXyzzyAndroid-v3.1.3/app/src/main/java/com/gianlu/pretendyourexyzzy/starred/StarredCardsActivity.java
method: getCardsRecyclerView()
constraints in PretendYoureXyzzyAndroid-2.0.0
	AndroidXNullable condition: "" , add info: -
constraints in PretendYoureXyzzyAndroid-3.0.0

POSTCONDITION_REMOVED
version 1: PretendYoureXyzzyAndroid-2.0.0
version 2: PretendYoureXyzzyAndroid-3.0.0
compilation unit: 0027-PretendYoureXyzzyAndroid-v3.1.3/app/src/main/java/com/gianlu/pretendyourexyzzy/starred/StarredCardsManager.java
method: get()
constraints in PretendYoureXyzzyAndroid-2.0.0
	AndroidXNonNull condition: "" , add info: -
constraints in PretendYoureXyzzyAndroid-3.0.0

POSTCONDITION_REMOVED
version 1: PretendYoureXyzzyAndroid-2.0.0
version 2: PretendYoureXyzzyAndroid-3.0.0
compilation unit: 0027-PretendYoureXyzzyAndroid-v3.1.3/app/src/main/java/com/gianlu/pretendyourexyzzy/starred/StarredCardsManager.java
method: getCards()
constraints in PretendYoureXyzzyAndroid-2.0.0
	AndroidXNonNull condition: "" , add info: -
constraints in PretendYoureXyzzyAndroid-3.0.0

POSTCONDITION_REMOVED
version 1: PretendYoureXyzzyAndroid-2.0.0
version 2: PretendYoureXyzzyAndroid-3.0.0
compilation unit: 0027-PretendYoureXyzzyAndroid-v3.1.3/app/src/main/java/com/gianlu/pretendyourexyzzy/starred/StarredCardsManager.java
method: text()
constraints in PretendYoureXyzzyAndroid-2.0.0
	AndroidXNonNull condition: "" , add info: -
constraints in PretendYoureXyzzyAndroid-3.0.0

POSTCONDITION_REMOVED
version 1: PretendYoureXyzzyAndroid-2.0.0
version 2: PretendYoureXyzzyAndroid-3.0.0
compilation unit: 0027-PretendYoureXyzzyAndroid-v3.1.3/app/src/main/java/com/gianlu/pretendyourexyzzy/starred/StarredCardsManager.java
method: toJson()
constraints in PretendYoureXyzzyAndroid-2.0.0
	AndroidXNonNull condition: "" , add info: -
constraints in PretendYoureXyzzyAndroid-3.0.0

POSTCONDITION_REMOVED
version 1: PretendYoureXyzzyAndroid-2.0.0
version 2: PretendYoureXyzzyAndroid-3.0.0
compilation unit: 0027-PretendYoureXyzzyAndroid-v3.1.3/app/src/main/java/com/gianlu/pretendyourexyzzy/starred/StarredDecksManager.java
method: get()
constraints in PretendYoureXyzzyAndroid-2.0.0
	AndroidXNonNull condition: "" , add info: -
constraints in PretendYoureXyzzyAndroid-3.0.0

POSTCONDITION_REMOVED
version 1: PretendYoureXyzzyAndroid-2.0.0
version 2: PretendYoureXyzzyAndroid-3.0.0
compilation unit: 0027-PretendYoureXyzzyAndroid-v3.1.3/app/src/main/java/com/gianlu/pretendyourexyzzy/starred/StarredDecksManager.java
method: getDecks()
constraints in PretendYoureXyzzyAndroid-2.0.0
	AndroidXNonNull condition: "" , add info: -
constraints in PretendYoureXyzzyAndroid-3.0.0

POSTCONDITION_REMOVED
version 1: PretendYoureXyzzyAndroid-2.0.0
version 2: PretendYoureXyzzyAndroid-3.0.0
compilation unit: 0027-PretendYoureXyzzyAndroid-v3.1.3/app/src/main/java/com/gianlu/pretendyourexyzzy/tutorial/Discovery.java
method: extends
constraints in PretendYoureXyzzyAndroid-2.0.0
	AndroidXNonNull condition: "" , add info: -
constraints in PretendYoureXyzzyAndroid-3.0.0

POSTCONDITION_REMOVED
version 1: PretendYoureXyzzyAndroid-2.0.0
version 2: PretendYoureXyzzyAndroid-3.0.0
compilation unit: 0027-PretendYoureXyzzyAndroid-v3.1.3/app/src/main/java/com/gianlu/pretendyourexyzzy/Utils.java
method: formQuery(List<NameValuePair>)
constraints in PretendYoureXyzzyAndroid-2.0.0
	AndroidXNonNull condition: "" , add info: -
constraints in PretendYoureXyzzyAndroid-3.0.0

POSTCONDITION_REMOVED
version 1: PretendYoureXyzzyAndroid-2.0.0
version 2: PretendYoureXyzzyAndroid-3.0.0
compilation unit: 0027-PretendYoureXyzzyAndroid-v3.1.3/app/src/main/java/com/gianlu/pretendyourexyzzy/Utils.java
method: buildDeckCountString(int,
constraints in PretendYoureXyzzyAndroid-2.0.0
	AndroidXNonNull condition: "" , add info: -
constraints in PretendYoureXyzzyAndroid-3.0.0

POSTCONDITION_REMOVED
version 1: PretendYoureXyzzyAndroid-2.0.0
version 2: PretendYoureXyzzyAndroid-3.0.0
compilation unit: 0027-PretendYoureXyzzyAndroid-v3.1.3/app/src/main/java/com/gianlu/pretendyourexyzzy/Utils.java
method: composeCardcastDeckSentence(CardcastCard,
constraints in PretendYoureXyzzyAndroid-2.0.0
	AndroidXNonNull condition: "" , add info: -
constraints in PretendYoureXyzzyAndroid-3.0.0

POSTCONDITION_REMOVED
version 1: PretendYoureXyzzyAndroid-2.0.0
version 2: PretendYoureXyzzyAndroid-3.0.0
compilation unit: 0027-PretendYoureXyzzyAndroid-v3.1.3/app/src/main/java/com/gianlu/pretendyourexyzzy/Utils.java
method: findGame(List<Game>,
constraints in PretendYoureXyzzyAndroid-2.0.0
	AndroidXNullable condition: "" , add info: -
constraints in PretendYoureXyzzyAndroid-3.0.0

POSTCONDITION_REMOVED
version 1: PretendYoureXyzzyAndroid-2.0.0
version 2: PretendYoureXyzzyAndroid-3.0.0
compilation unit: 0027-PretendYoureXyzzyAndroid-v3.1.3/app/src/main/java/com/gianlu/pretendyourexyzzy/Utils.java
method: findCardSet(List<Deck>,
constraints in PretendYoureXyzzyAndroid-2.0.0
	AndroidXNullable condition: "" , add info: -
constraints in PretendYoureXyzzyAndroid-3.0.0

POSTCONDITION_REMOVED
version 1: RSAndroidApp-2.0.0
version 2: RSAndroidApp-3.0.0
compilation unit: 0021-RSAndroidApp-10.0.4/app/src/main/java/de/bahnhoefe/deutschlands/bahnhofsfotos/HighScoreActivity.java
method: onCreateOptionsMenu(Menu)
constraints in RSAndroidApp-2.0.0
	AndroidTargetApi condition: "Build.VERSION_CODES.HONEYCOMB" , add info: -
constraints in RSAndroidApp-3.0.0

POSTCONDITION_REMOVED
version 1: RSAndroidApp-2.0.0
version 2: RSAndroidApp-3.0.0
compilation unit: 0021-RSAndroidApp-10.0.4/app/src/main/java/de/bahnhoefe/deutschlands/bahnhofsfotos/MainActivity.java
method: onCreateOptionsMenu(Menu)
constraints in RSAndroidApp-2.0.0
	AndroidTargetApi condition: "Build.VERSION_CODES.HONEYCOMB" , add info: -
constraints in RSAndroidApp-3.0.0

POSTCONDITION_REMOVED
version 1: Readrops-2.0.0
version 2: Readrops-3.0.0
compilation unit: 0213-Readrops-v1.0/app/src/main/java/com/readrops/app/activities/AddFeedActivity.java
method: onCreate(Bundle)
constraints in Readrops-2.0.0
	AndroidSuppressLint condition: ""ClickableViewAccessibility"" , add info: -
constraints in Readrops-3.0.0

POSTCONDITION_REMOVED
version 1: Readrops-2.0.0
version 2: Readrops-3.0.0
compilation unit: 0213-Readrops-v1.0/app/src/main/java/com/readrops/app/activities/ManageFeedsFoldersActivity.java
method: getPageTitle(int)
constraints in Readrops-2.0.0
	AndroidXNullable condition: "" , add info: -
constraints in Readrops-3.0.0

POSTCONDITION_REMOVED
version 1: Readrops-2.0.0
version 2: Readrops-3.0.0
compilation unit: 0213-Readrops-v1.0/app/src/main/java/com/readrops/app/adapters/MainItemListAdapter.java
method: getPreloadItems(int)
constraints in Readrops-2.0.0
	AndroidXNonNull condition: "" , add info: -
constraints in Readrops-3.0.0

POSTCONDITION_REMOVED
version 1: Readrops-2.0.0
version 2: Readrops-3.0.0
compilation unit: 0213-Readrops-v1.0/app/src/main/java/com/readrops/app/database/entities/account/AccountType.java
method: getIconRes()
constraints in Readrops-2.0.0
	AndroidXDrawableRes condition: "" , add info: -
constraints in Readrops-3.0.0

POSTCONDITION_REMOVED
version 1: Readrops-2.0.0
version 2: Readrops-3.0.0
compilation unit: 0213-Readrops-v1.0/app/src/main/java/com/readrops/app/database/entities/account/AccountType.java
method: getName()
constraints in Readrops-2.0.0
	AndroidXStringRes condition: "" , add info: -
constraints in Readrops-3.0.0

POSTCONDITION_REMOVED
version 1: Readrops-2.0.0
version 2: Readrops-3.0.0
compilation unit: 0213-Readrops-v1.0/app/src/main/java/com/readrops/app/database/entities/Feed.java
method: getTextColor()
constraints in Readrops-2.0.0
	AndroidXColorInt condition: "" , add info: -
constraints in Readrops-3.0.0

POSTCONDITION_REMOVED
version 1: Readrops-2.0.0
version 2: Readrops-3.0.0
compilation unit: 0213-Readrops-v1.0/app/src/main/java/com/readrops/app/database/entities/Feed.java
method: getBackgroundColor()
constraints in Readrops-2.0.0
	AndroidXColorInt condition: "" , add info: -
constraints in Readrops-3.0.0

POSTCONDITION_REMOVED
version 1: Readrops-2.0.0
version 2: Readrops-3.0.0
compilation unit: 0213-Readrops-v1.0/app/src/main/java/com/readrops/app/database/pojo/ItemWithFeed.java
method: getColor()
constraints in Readrops-2.0.0
	AndroidXColorInt condition: "" , add info: -
constraints in Readrops-3.0.0

POSTCONDITION_REMOVED
version 1: Readrops-2.0.0
version 2: Readrops-3.0.0
compilation unit: 0213-Readrops-v1.0/app/src/main/java/com/readrops/app/database/pojo/ItemWithFeed.java
method: getBgColor()
constraints in Readrops-2.0.0
	AndroidXColorInt condition: "" , add info: -
constraints in Readrops-3.0.0

POSTCONDITION_REMOVED
version 1: Readrops-2.0.0
version 2: Readrops-3.0.0
compilation unit: 0213-Readrops-v1.0/app/src/main/java/com/readrops/app/utils/FeedInsertionResult.java
method: getViewHolder(View)
constraints in Readrops-2.0.0
	AndroidXNonNull condition: "" , add info: -
constraints in Readrops-3.0.0

POSTCONDITION_REMOVED
version 1: Readrops-2.0.0
version 2: Readrops-3.0.0
compilation unit: 0213-Readrops-v1.0/app/src/main/java/com/readrops/app/utils/ParsingResult.java
method: getViewHolder(View)
constraints in Readrops-2.0.0
	AndroidXNonNull condition: "" , add info: -
constraints in Readrops-3.0.0

POSTCONDITION_REMOVED
version 1: Readrops-2.0.0
version 2: Readrops-3.0.0
compilation unit: 0213-Readrops-v1.0/readropslibrary/src/main/java/com/readrops/readropslibrary/services/nextcloudnews/NextNewsAPI.java
method: createFeed(String,
constraints in Readrops-2.0.0
	AndroidXNullable condition: "" , add info: -
constraints in Readrops-3.0.0

POSTCONDITION_REMOVED
version 1: Readrops-2.0.0
version 2: Readrops-3.0.0
compilation unit: 0213-Readrops-v1.0/readropslibrary/src/main/java/com/readrops/readropslibrary/services/nextcloudnews/NextNewsAPI.java
method: createFolder(NextNewsFolder)
constraints in Readrops-2.0.0
	AndroidXNullable condition: "" , add info: -
constraints in Readrops-3.0.0

POSTCONDITION_REMOVED
version 1: RedReader-2.0.0
version 2: RedReader-3.0.0
compilation unit: 0029-RedReader-v1.9.6.1/src/main/java/org/quantumbadger/redreader/activities/OAuthLoginActivity.java
method: shouldInterceptRequest(WebView,
constraints in RedReader-2.0.0
	AndroidTargetApi condition: "Build.VERSION_CODES.HONEYCOMB" , add info: -
constraints in RedReader-3.0.0

POSTCONDITION_REMOVED
version 1: RedReader-2.0.0
version 2: RedReader-3.0.0
compilation unit: 0029-RedReader-v1.9.6.1/src/main/java/org/quantumbadger/redreader/activities/OAuthLoginActivity.java
method: onPause()
constraints in RedReader-2.0.0
	AndroidSuppressLint condition: ""NewApi"" , add info: -
constraints in RedReader-3.0.0

POSTCONDITION_REMOVED
version 1: RedReader-2.0.0
version 2: RedReader-3.0.0
compilation unit: 0029-RedReader-v1.9.6.1/src/main/java/org/quantumbadger/redreader/activities/OAuthLoginActivity.java
method: onResume()
constraints in RedReader-2.0.0
	AndroidSuppressLint condition: ""NewApi"" , add info: -
constraints in RedReader-3.0.0

POSTCONDITION_REMOVED
version 1: RedReader-2.0.0
version 2: RedReader-3.0.0
compilation unit: 0029-RedReader-v1.9.6.1/src/main/java/org/quantumbadger/redreader/fragments/WebViewFragment.java
method: onCreateView(LayoutInflater,
constraints in RedReader-2.0.0
	AndroidSuppressLint condition: ""NewApi"" , add info: -
constraints in RedReader-3.0.0

POSTCONDITION_REMOVED
version 1: RedReader-2.0.0
version 2: RedReader-3.0.0
compilation unit: 0029-RedReader-v1.9.6.1/src/main/java/org/quantumbadger/redreader/fragments/WebViewFragment.java
method: onPause()
constraints in RedReader-2.0.0
	AndroidSuppressLint condition: ""NewApi"" , add info: -
constraints in RedReader-3.0.0

POSTCONDITION_REMOVED
version 1: RedReader-2.0.0
version 2: RedReader-3.0.0
compilation unit: 0029-RedReader-v1.9.6.1/src/main/java/org/quantumbadger/redreader/fragments/WebViewFragment.java
method: onResume()
constraints in RedReader-2.0.0
	AndroidSuppressLint condition: ""NewApi"" , add info: -
constraints in RedReader-3.0.0

POSTCONDITION_REMOVED
version 1: RedReader-2.0.0
version 2: RedReader-3.0.0
compilation unit: 0029-RedReader-v1.9.6.1/src/main/java/org/quantumbadger/redreader/reddit/api/SubredditRequestFailure.java
method: asError(Context)
constraints in RedReader-2.0.0
	AndroidSuppressLint condition: ""WrongConstant"" , add info: -
constraints in RedReader-3.0.0

POSTCONDITION_REMOVED
version 1: Slide-2.0.0
version 2: Slide-3.0.0
compilation unit: 0211-Slide-v4.0alpha/app/src/main/java/me/ccrama/redditslide/Activities/FullscreenImage.java
method: onClick(View)
constraints in Slide-2.0.0
	AndroidTargetApi condition: "Build.VERSION_CODES.LOLLIPOP" , add info: -
constraints in Slide-3.0.0

POSTCONDITION_REMOVED
version 1: SlimSocial-2.0.0
version 2: SlimSocial-3.0.0
compilation unit: 0246-SlimSocial-for-Facebook-v2.2.0/SlimFacebook/app/src/main/java/it/rignanese/leo/slimfacebook/webview/MyWebViewClient.java
method: onReceivedError(WebView,
constraints in SlimSocial-2.0.0
	AndroidTargetApi condition: "android.os.Build.VERSION_CODES.M" , add info: -
constraints in SlimSocial-3.0.0

POSTCONDITION_REMOVED
version 1: SmartReceiptsLibrary-2.0.0
version 2: SmartReceiptsLibrary-3.0.0
compilation unit: 0009-SmartReceiptsLibrary-3.0.5/src/wb/receiptslibrary/fragments/preferences/SettingsList.java
method: onListItemClick(ListView,
constraints in SmartReceiptsLibrary-2.0.0
	AndroidTargetApi condition: "Build.VERSION_CODES.HONEYCOMB" , add info: -
constraints in SmartReceiptsLibrary-3.0.0

POSTCONDITION_REMOVED
version 1: SmartReceiptsLibrary-2.0.0
version 2: SmartReceiptsLibrary-3.0.0
compilation unit: 0009-SmartReceiptsLibrary-3.0.5/src/wb/receiptslibrary/fragments/ReceiptImageFragment.java
method: onPause()
constraints in SmartReceiptsLibrary-2.0.0
	AndroidTargetApi condition: "Build.VERSION_CODES.GINGERBREAD" , add info: -
constraints in SmartReceiptsLibrary-3.0.0

POSTCONDITION_REMOVED
version 1: SmartReceiptsLibrary-2.0.0
version 2: SmartReceiptsLibrary-3.0.0
compilation unit: 0009-SmartReceiptsLibrary-3.0.5/src/wb/receiptslibrary/fragments/ReceiptsFragment.java
method: onPause()
constraints in SmartReceiptsLibrary-2.0.0
	AndroidTargetApi condition: "Build.VERSION_CODES.GINGERBREAD" , add info: -
constraints in SmartReceiptsLibrary-3.0.0

POSTCONDITION_REMOVED
version 1: SmartReceiptsLibrary-2.0.0
version 2: SmartReceiptsLibrary-3.0.0
compilation unit: 0009-SmartReceiptsLibrary-3.0.5/src/wb/receiptslibrary/persistence/Preferences.java
method: commit()
constraints in SmartReceiptsLibrary-2.0.0
	AndroidTargetApi condition: "Build.VERSION_CODES.GINGERBREAD" , add info: -
constraints in SmartReceiptsLibrary-3.0.0

POSTCONDITION_REMOVED
version 1: SmartReceiptsLibrary-2.0.0
version 2: SmartReceiptsLibrary-3.0.0
compilation unit: 0009-SmartReceiptsLibrary-3.0.5/src/wb/receiptslibrary/persistence/Preferences.java
method: writeLastActivityTag(String)
constraints in SmartReceiptsLibrary-2.0.0
	AndroidTargetApi condition: "Build.VERSION_CODES.GINGERBREAD" , add info: -
constraints in SmartReceiptsLibrary-3.0.0

POSTCONDITION_REMOVED
version 1: SmartReceiptsLibrary-2.0.0
version 2: SmartReceiptsLibrary-3.0.0
compilation unit: 0009-SmartReceiptsLibrary-3.0.5/src/wb/receiptslibrary/utils/Utils.java
method: enableStrictMode()
constraints in SmartReceiptsLibrary-2.0.0
	AndroidTargetApi condition: "Build.VERSION_CODES.GINGERBREAD" , add info: -
constraints in SmartReceiptsLibrary-3.0.0

POSTCONDITION_REMOVED
version 1: Subsonic-2.0.0
version 2: Subsonic-3.0.0
compilation unit: 0347-Subsonic-5.1/app/src/main/java/github/daneren2005/dsub/activity/SettingsActivity.java
method: onCreate(Bundle)
constraints in Subsonic-2.0.0
	AndroidTargetApi condition: "Build.VERSION_CODES.ICE_CREAM_SANDWICH_MR1" , add info: -
constraints in Subsonic-3.0.0

POSTCONDITION_REMOVED
version 1: Subsonic-2.0.0
version 2: Subsonic-3.0.0
compilation unit: 0347-Subsonic-5.1/app/src/main/java/github/daneren2005/dsub/domain/MusicDirectory.java
method: loadMetadata(File)
constraints in Subsonic-2.0.0
	AndroidTargetApi condition: "Build.VERSION_CODES.GINGERBREAD_MR1" , add info: -
constraints in Subsonic-3.0.0

POSTCONDITION_REMOVED
version 1: Subsonic-2.0.0
version 2: Subsonic-3.0.0
compilation unit: 0347-Subsonic-5.1/app/src/main/java/github/daneren2005/dsub/fragments/SelectArtistFragment.java
method: onCreateView(LayoutInflater,
constraints in Subsonic-2.0.0
	AndroidTargetApi condition: "Build.VERSION_CODES.HONEYCOMB" , add info: -
constraints in Subsonic-3.0.0

POSTCONDITION_REMOVED
version 1: Subsonic-2.0.0
version 2: Subsonic-3.0.0
compilation unit: 0347-Subsonic-5.1/app/src/main/java/github/daneren2005/dsub/service/DownloadService.java
method: reset()
constraints in Subsonic-2.0.0
	AndroidTargetApi condition: "Build.VERSION_CODES.JELLY_BEAN" , add info: -
constraints in Subsonic-3.0.0

POSTCONDITION_REMOVED
version 1: Subsonic-2.0.0
version 2: Subsonic-3.0.0
compilation unit: 0347-Subsonic-5.1/app/src/main/java/github/daneren2005/dsub/service/DownloadService.java
method: resetNext()
constraints in Subsonic-2.0.0
	AndroidTargetApi condition: "Build.VERSION_CODES.JELLY_BEAN" , add info: -
constraints in Subsonic-3.0.0

POSTCONDITION_REMOVED
version 1: Subsonic-2.0.0
version 2: Subsonic-3.0.0
compilation unit: 0347-Subsonic-5.1/app/src/main/java/github/daneren2005/dsub/util/FileUtil.java
method: deserializeCompressed(Context,
constraints in Subsonic-2.0.0
	AndroidTargetApi condition: "Build.VERSION_CODES.GINGERBREAD" , add info: -
constraints in Subsonic-3.0.0

POSTCONDITION_REMOVED
version 1: Subsonic-2.0.0
version 2: Subsonic-3.0.0
compilation unit: 0347-Subsonic-5.1/app/src/main/java/github/daneren2005/dsub/util/Util.java
method: requestAudioFocus(Context)
constraints in Subsonic-2.0.0
	AndroidTargetApi condition: "8" , add info: -
constraints in Subsonic-3.0.0

POSTCONDITION_REMOVED
version 1: SuntimesCalendars-2.0.0
version 2: SuntimesCalendars-3.0.0
compilation unit: 0090-SuntimesCalendars-v0.1.0/app/src/main/java/com/forrestguice/suntimeswidget/calendar/SuntimesCalendarSyncAdapter.java
method: asSyncAdapter(Uri)
constraints in SuntimesCalendars-2.0.0
	AndroidTargetApi condition: "15" , add info: -
constraints in SuntimesCalendars-3.0.0

POSTCONDITION_REMOVED
version 1: SuntimesWidget-2.0.0
version 2: SuntimesWidget-3.0.0
compilation unit: 0159-SuntimesWidget-v0.11.3/app/src/main/java/com/forrestguice/suntimeswidget/alarmclock/AlarmNotifications.java
method: themeSnackbar(Context,
constraints in SuntimesWidget-2.0.0
	AndroidSuppressLint condition: ""ResourceType"" , add info: -
constraints in SuntimesWidget-3.0.0

POSTCONDITION_REMOVED
version 1: SuntimesWidget-2.0.0
version 2: SuntimesWidget-3.0.0
compilation unit: 0159-SuntimesWidget-v0.11.3/app/src/main/java/com/forrestguice/suntimeswidget/alarmclock/ui/AlarmClockAdapter.java
method: addAll(AlarmClockItem...)
constraints in SuntimesWidget-2.0.0
	AndroidTargetApi condition: "11" , add info: -
constraints in SuntimesWidget-3.0.0

POSTCONDITION_REMOVED
version 1: SuntimesWidget-2.0.0
version 2: SuntimesWidget-3.0.0
compilation unit: 0159-SuntimesWidget-v0.11.3/app/src/main/java/com/forrestguice/suntimeswidget/AlarmDialog.java
method: showAlarms(Activity)
constraints in SuntimesWidget-2.0.0
	AndroidTargetApi condition: "Build.VERSION_CODES.KITKAT" , add info: -
constraints in SuntimesWidget-3.0.0

POSTCONDITION_REMOVED
version 1: SuntimesWidget-2.0.0
version 2: SuntimesWidget-3.0.0
compilation unit: 0159-SuntimesWidget-v0.11.3/app/src/main/java/com/forrestguice/suntimeswidget/calculator/SuntimesCalculatorDescriptorListAdapter.java
method: initDisplayStrings(Context)
constraints in SuntimesWidget-2.0.0
	AndroidSuppressLint condition: ""ResourceType"" , add info: -
constraints in SuntimesWidget-3.0.0

POSTCONDITION_REMOVED
version 1: SuntimesWidget-2.0.0
version 2: SuntimesWidget-3.0.0
compilation unit: 0159-SuntimesWidget-v0.11.3/app/src/main/java/com/forrestguice/suntimeswidget/layouts/ClockLayout.java
method: adjustTextSize(Context,
constraints in SuntimesWidget-2.0.0
	AndroidTargetApi condition: "Build.VERSION_CODES.JELLY_BEAN" , add info: -
constraints in SuntimesWidget-3.0.0

POSTCONDITION_REMOVED
version 1: SuntimesWidget-2.0.0
version 2: SuntimesWidget-3.0.0
compilation unit: 0159-SuntimesWidget-v0.11.3/app/src/main/java/com/forrestguice/suntimeswidget/layouts/SunPosLayout_3X2_0.java
method: themeViews(Context,
constraints in SuntimesWidget-2.0.0
	AndroidSuppressLint condition: ""ResourceType"" , add info: -
constraints in SuntimesWidget-3.0.0

POSTCONDITION_REMOVED
version 1: SuntimesWidget-2.0.0
version 2: SuntimesWidget-3.0.0
compilation unit: 0159-SuntimesWidget-v0.11.3/app/src/main/java/com/forrestguice/suntimeswidget/layouts/SuntimesLayout.java
method: themeViews(Context,
constraints in SuntimesWidget-2.0.0
	AndroidTargetApi condition: "Build.VERSION_CODES.JELLY_BEAN" , add info: -
constraints in SuntimesWidget-3.0.0

POSTCONDITION_REMOVED
version 1: SuntimesWidget-2.0.0
version 2: SuntimesWidget-3.0.0
compilation unit: 0159-SuntimesWidget-v0.11.3/app/src/main/java/com/forrestguice/suntimeswidget/map/WorldMapView.java
method: setMapMode(Context,
constraints in SuntimesWidget-2.0.0
	AndroidSuppressLint condition: ""ResourceType"" , add info: -
constraints in SuntimesWidget-3.0.0

POSTCONDITION_REMOVED
version 1: SuntimesWidget-2.0.0
version 2: SuntimesWidget-3.0.0
compilation unit: 0159-SuntimesWidget-v0.11.3/app/src/main/java/com/forrestguice/suntimeswidget/SuntimesSettingsActivity.java
method: onBuildHeaders(List<Header>)
constraints in SuntimesWidget-2.0.0
	AndroidTargetApi condition: "Build.VERSION_CODES.HONEYCOMB" , add info: -
constraints in SuntimesWidget-3.0.0

POSTCONDITION_REMOVED
version 1: SuntimesWidget-2.0.0
version 2: SuntimesWidget-3.0.0
compilation unit: 0159-SuntimesWidget-v0.11.3/app/src/main/java/com/forrestguice/suntimeswidget/SuntimesSettingsActivity.java
method: onAttach(Context)
constraints in SuntimesWidget-2.0.0
	AndroidTargetApi condition: "Build.VERSION_CODES.M" , add info: -
	AndroidTargetApi condition: "Build.VERSION_CODES.M" , add info: -
constraints in SuntimesWidget-3.0.0

POSTCONDITION_REMOVED
version 1: SuntimesWidget-2.0.0
version 2: SuntimesWidget-3.0.0
compilation unit: 0159-SuntimesWidget-v0.11.3/app/src/main/java/com/forrestguice/suntimeswidget/SuntimesSettingsActivity.java
method: isIgnoringBatteryOptimizations(Context)
constraints in SuntimesWidget-2.0.0
	AndroidTargetApi condition: "23" , add info: -
constraints in SuntimesWidget-3.0.0

POSTCONDITION_REMOVED
version 1: SuntimesWidget-2.0.0
version 2: SuntimesWidget-3.0.0
compilation unit: 0159-SuntimesWidget-v0.11.3/app/src/main/java/com/forrestguice/suntimeswidget/SuntimesWidget0.java
method: onAppWidgetOptionsChanged(Context,
constraints in SuntimesWidget-2.0.0
	AndroidTargetApi condition: "Build.VERSION_CODES.JELLY_BEAN" , add info: -
constraints in SuntimesWidget-3.0.0

POSTCONDITION_REMOVED
version 1: SuntimesWidget-2.0.0
version 2: SuntimesWidget-3.0.0
compilation unit: 0159-SuntimesWidget-v0.11.3/app/src/main/java/com/forrestguice/suntimeswidget/SuntimesWidget0.java
method: widgetCategory(AppWidgetManager,
constraints in SuntimesWidget-2.0.0
	AndroidTargetApi condition: "17" , add info: -
constraints in SuntimesWidget-3.0.0

POSTCONDITION_REMOVED
version 1: SuntimesWidget-2.0.0
version 2: SuntimesWidget-3.0.0
compilation unit: 0159-SuntimesWidget-v0.11.3/app/src/main/java/com/forrestguice/suntimeswidget/SuntimesWidget0.java
method: getWidgetLayout(Context,
constraints in SuntimesWidget-2.0.0
	AndroidTargetApi condition: "Build.VERSION_CODES.JELLY_BEAN" , add info: -
constraints in SuntimesWidget-3.0.0

POSTCONDITION_REMOVED
version 1: SuntimesWidget-2.0.0
version 2: SuntimesWidget-3.0.0
compilation unit: 0159-SuntimesWidget-v0.11.3/app/src/main/java/com/forrestguice/suntimeswidget/SuntimesWidget1.java
method: handleClickAction(Context,
constraints in SuntimesWidget-2.0.0
	AndroidTargetApi condition: "Build.VERSION_CODES.HONEYCOMB" , add info: -
constraints in SuntimesWidget-3.0.0

POSTCONDITION_REMOVED
version 1: SuntimesWidget-2.0.0
version 2: SuntimesWidget-3.0.0
compilation unit: 0159-SuntimesWidget-v0.11.3/app/src/main/java/com/forrestguice/suntimeswidget/themes/WidgetThemeListActivity.java
method: showHelp()
constraints in SuntimesWidget-2.0.0
	AndroidSuppressLint condition: ""ResourceType"" , add info: -
constraints in SuntimesWidget-3.0.0

POSTCONDITION_REMOVED
version 1: TBLauncher-2.0.0
version 2: TBLauncher-3.0.0
compilation unit: 0086-TBLauncher-v4.7-export.3/app/src/main/java/rocks/tbog/tblauncher/Behaviour.java
method: run()
constraints in TBLauncher-2.0.0
	AndroidSuppressLint condition: ""InlinedApi"" , add info: -
constraints in TBLauncher-3.0.0

POSTCONDITION_REMOVED
version 1: TBLauncher-2.0.0
version 2: TBLauncher-3.0.0
compilation unit: 0086-TBLauncher-v4.7-export.3/app/src/main/java/rocks/tbog/tblauncher/Behaviour.java
method: getContext()
constraints in TBLauncher-2.0.0
	AndroidXNonNull condition: "" , add info: -
constraints in TBLauncher-3.0.0

POSTCONDITION_REMOVED
version 1: TBLauncher-2.0.0
version 2: TBLauncher-3.0.0
compilation unit: 0086-TBLauncher-v4.7-export.3/app/src/main/java/rocks/tbog/tblauncher/CustomIcon/PageAdapter.java
method: getPageTitle(int)
constraints in TBLauncher-2.0.0
	AndroidXNullable condition: "" , add info: -
constraints in TBLauncher-3.0.0

POSTCONDITION_REMOVED
version 1: TBLauncher-2.0.0
version 2: TBLauncher-3.0.0
compilation unit: 0086-TBLauncher-v4.7-export.3/app/src/main/java/rocks/tbog/tblauncher/DataHandler.java
method: requestResults(String,
constraints in TBLauncher-2.0.0
	AndroidXWorkerThread condition: "" , add info: -
constraints in TBLauncher-3.0.0

POSTCONDITION_REMOVED
version 1: TBLauncher-2.0.0
version 2: TBLauncher-3.0.0
compilation unit: 0086-TBLauncher-v4.7-export.3/app/src/main/java/rocks/tbog/tblauncher/DataHandler.java
method: getExcludedFromHistory()
constraints in TBLauncher-2.0.0
	AndroidXNonNull condition: "" , add info: -
constraints in TBLauncher-3.0.0

POSTCONDITION_REMOVED
version 1: TBLauncher-2.0.0
version 2: TBLauncher-3.0.0
compilation unit: 0086-TBLauncher-v4.7-export.3/app/src/main/java/rocks/tbog/tblauncher/DataHandler.java
method: getExcluded()
constraints in TBLauncher-2.0.0
	AndroidXNonNull condition: "" , add info: -
constraints in TBLauncher-3.0.0

POSTCONDITION_REMOVED
version 1: TBLauncher-2.0.0
version 2: TBLauncher-3.0.0
compilation unit: 0086-TBLauncher-v4.7-export.3/app/src/main/java/rocks/tbog/tblauncher/DataHandler.java
method: getApplications()
constraints in TBLauncher-2.0.0
	AndroidXNullable condition: "" , add info: -
constraints in TBLauncher-3.0.0

POSTCONDITION_REMOVED
version 1: TBLauncher-2.0.0
version 2: TBLauncher-3.0.0
compilation unit: 0086-TBLauncher-v4.7-export.3/app/src/main/java/rocks/tbog/tblauncher/DataHandler.java
method: getApplicationsWithoutHidden()
constraints in TBLauncher-2.0.0
	AndroidXNullable condition: "" , add info: -
constraints in TBLauncher-3.0.0

POSTCONDITION_REMOVED
version 1: TBLauncher-2.0.0
version 2: TBLauncher-3.0.0
compilation unit: 0086-TBLauncher-v4.7-export.3/app/src/main/java/rocks/tbog/tblauncher/DataHandler.java
method: getContactsProvider()
constraints in TBLauncher-2.0.0
	AndroidXNullable condition: "" , add info: -
constraints in TBLauncher-3.0.0

POSTCONDITION_REMOVED
version 1: TBLauncher-2.0.0
version 2: TBLauncher-3.0.0
compilation unit: 0086-TBLauncher-v4.7-export.3/app/src/main/java/rocks/tbog/tblauncher/DataHandler.java
method: getShortcutsProvider()
constraints in TBLauncher-2.0.0
	AndroidXNullable condition: "" , add info: -
constraints in TBLauncher-3.0.0

POSTCONDITION_REMOVED
version 1: TBLauncher-2.0.0
version 2: TBLauncher-3.0.0
compilation unit: 0086-TBLauncher-v4.7-export.3/app/src/main/java/rocks/tbog/tblauncher/DataHandler.java
method: getAppProvider()
constraints in TBLauncher-2.0.0
	AndroidXNullable condition: "" , add info: -
constraints in TBLauncher-3.0.0

POSTCONDITION_REMOVED
version 1: TBLauncher-2.0.0
version 2: TBLauncher-3.0.0
compilation unit: 0086-TBLauncher-v4.7-export.3/app/src/main/java/rocks/tbog/tblauncher/DataHandler.java
method: getFavProvider()
constraints in TBLauncher-2.0.0
	AndroidXNullable condition: "" , add info: -
constraints in TBLauncher-3.0.0

POSTCONDITION_REMOVED
version 1: TBLauncher-2.0.0
version 2: TBLauncher-3.0.0
compilation unit: 0086-TBLauncher-v4.7-export.3/app/src/main/java/rocks/tbog/tblauncher/DataHandler.java
method: getFilterProvider()
constraints in TBLauncher-2.0.0
	AndroidXNullable condition: "" , add info: -
constraints in TBLauncher-3.0.0

POSTCONDITION_REMOVED
version 1: TBLauncher-2.0.0
version 2: TBLauncher-3.0.0
compilation unit: 0086-TBLauncher-v4.7-export.3/app/src/main/java/rocks/tbog/tblauncher/DataHandler.java
method: getActionProvider()
constraints in TBLauncher-2.0.0
	AndroidXNullable condition: "" , add info: -
constraints in TBLauncher-3.0.0

POSTCONDITION_REMOVED
version 1: TBLauncher-2.0.0
version 2: TBLauncher-3.0.0
compilation unit: 0086-TBLauncher-v4.7-export.3/app/src/main/java/rocks/tbog/tblauncher/DataHandler.java
method: getTagsProvider()
constraints in TBLauncher-2.0.0
	AndroidXNullable condition: "" , add info: -
constraints in TBLauncher-3.0.0

POSTCONDITION_REMOVED
version 1: TBLauncher-2.0.0
version 2: TBLauncher-3.0.0
compilation unit: 0086-TBLauncher-v4.7-export.3/app/src/main/java/rocks/tbog/tblauncher/DataHandler.java
method: getQuickListProvider()
constraints in TBLauncher-2.0.0
	AndroidXNullable condition: "" , add info: -
constraints in TBLauncher-3.0.0

POSTCONDITION_REMOVED
version 1: TBLauncher-2.0.0
version 2: TBLauncher-3.0.0
compilation unit: 0086-TBLauncher-v4.7-export.3/app/src/main/java/rocks/tbog/tblauncher/DataHandler.java
method: getFavorites()
constraints in TBLauncher-2.0.0
	AndroidXNonNull condition: "" , add info: -
constraints in TBLauncher-3.0.0

POSTCONDITION_REMOVED
version 1: TBLauncher-2.0.0
version 2: TBLauncher-3.0.0
compilation unit: 0086-TBLauncher-v4.7-export.3/app/src/main/java/rocks/tbog/tblauncher/DataHandler.java
method: getTagList()
constraints in TBLauncher-2.0.0
	AndroidXNonNull condition: "" , add info: -
constraints in TBLauncher-3.0.0

POSTCONDITION_REMOVED
version 1: TBLauncher-2.0.0
version 2: TBLauncher-3.0.0
compilation unit: 0086-TBLauncher-v4.7-export.3/app/src/main/java/rocks/tbog/tblauncher/DataHandler.java
method: AppRecord>
constraints in TBLauncher-2.0.0
	AndroidXNonNull condition: "" , add info: -
constraints in TBLauncher-3.0.0

POSTCONDITION_REMOVED
version 1: TBLauncher-2.0.0
version 2: TBLauncher-3.0.0
compilation unit: 0086-TBLauncher-v4.7-export.3/app/src/main/java/rocks/tbog/tblauncher/dataprovider/AppCacheProvider.java
method: requestResults(String,
constraints in TBLauncher-2.0.0
	AndroidXWorkerThread condition: "" , add info: -
constraints in TBLauncher-3.0.0

POSTCONDITION_REMOVED
version 1: TBLauncher-2.0.0
version 2: TBLauncher-3.0.0
compilation unit: 0086-TBLauncher-v4.7-export.3/app/src/main/java/rocks/tbog/tblauncher/dataprovider/AppProvider.java
method: onReceive(Context,
constraints in TBLauncher-2.0.0
	JavaAssert condition: "manager != null" , add info: -
	AndroidXRequiresApi condition: "[api = Build.VERSION_CODES.LOLLIPOP]" , add info: -
	AndroidXRequiresApi condition: "[api = Build.VERSION_CODES.LOLLIPOP]" , add info: -
constraints in TBLauncher-3.0.0

POSTCONDITION_REMOVED
version 1: TBLauncher-2.0.0
version 2: TBLauncher-3.0.0
compilation unit: 0086-TBLauncher-v4.7-export.3/app/src/main/java/rocks/tbog/tblauncher/dataprovider/AppProvider.java
method: requestResults(String,
constraints in TBLauncher-2.0.0
	AndroidXWorkerThread condition: "" , add info: -
constraints in TBLauncher-3.0.0

POSTCONDITION_REMOVED
version 1: TBLauncher-2.0.0
version 2: TBLauncher-3.0.0
compilation unit: 0086-TBLauncher-v4.7-export.3/app/src/main/java/rocks/tbog/tblauncher/dataprovider/DBProvider.java
method: getContext()
constraints in TBLauncher-2.0.0
	AndroidXNullable condition: "" , add info: -
constraints in TBLauncher-3.0.0

POSTCONDITION_REMOVED
version 1: TBLauncher-2.0.0
version 2: TBLauncher-3.0.0
compilation unit: 0086-TBLauncher-v4.7-export.3/app/src/main/java/rocks/tbog/tblauncher/dataprovider/IProvider.java
method: requestResults(String,
constraints in TBLauncher-2.0.0
	AndroidXWorkerThread condition: "" , add info: -
constraints in TBLauncher-3.0.0

POSTCONDITION_REMOVED
version 1: TBLauncher-2.0.0
version 2: TBLauncher-3.0.0
compilation unit: 0086-TBLauncher-v4.7-export.3/app/src/main/java/rocks/tbog/tblauncher/dataprovider/Provider.java
method: getScheme()
constraints in TBLauncher-2.0.0
	AndroidXNonNull condition: "" , add info: -
constraints in TBLauncher-3.0.0

POSTCONDITION_REMOVED
version 1: TBLauncher-2.0.0
version 2: TBLauncher-3.0.0
compilation unit: 0086-TBLauncher-v4.7-export.3/app/src/main/java/rocks/tbog/tblauncher/dataprovider/SearchProvider.java
method: getDefaultSearchProviders(Context)
constraints in TBLauncher-2.0.0
	AndroidXNonNull condition: "" , add info: -
constraints in TBLauncher-3.0.0

POSTCONDITION_REMOVED
version 1: TBLauncher-2.0.0
version 2: TBLauncher-3.0.0
compilation unit: 0086-TBLauncher-v4.7-export.3/app/src/main/java/rocks/tbog/tblauncher/dataprovider/SearchProvider.java
method: getAvailableSearchProviders(Context,
constraints in TBLauncher-2.0.0
	AndroidXNonNull condition: "" , add info: -
constraints in TBLauncher-3.0.0

POSTCONDITION_REMOVED
version 1: TBLauncher-2.0.0
version 2: TBLauncher-3.0.0
compilation unit: 0086-TBLauncher-v4.7-export.3/app/src/main/java/rocks/tbog/tblauncher/dataprovider/SearchProvider.java
method: getSelectedProviderNames(Context,
constraints in TBLauncher-2.0.0
	AndroidXNonNull condition: "" , add info: -
constraints in TBLauncher-3.0.0

POSTCONDITION_REMOVED
version 1: TBLauncher-2.0.0
version 2: TBLauncher-3.0.0
compilation unit: 0086-TBLauncher-v4.7-export.3/app/src/main/java/rocks/tbog/tblauncher/dataprovider/ShortcutsProvider.java
method: onReceive(Context,
constraints in TBLauncher-2.0.0
	AndroidXRequiresApi condition: "[api = Build.VERSION_CODES.LOLLIPOP]" , add info: -
	AndroidXRequiresApi condition: "[api = Build.VERSION_CODES.LOLLIPOP]" , add info: -
constraints in TBLauncher-3.0.0

POSTCONDITION_REMOVED
version 1: TBLauncher-2.0.0
version 2: TBLauncher-3.0.0
compilation unit: 0086-TBLauncher-v4.7-export.3/app/src/main/java/rocks/tbog/tblauncher/db/DBHelper.java
method: List<String>>
constraints in TBLauncher-2.0.0
	AndroidXNonNull condition: "" , add info: -
constraints in TBLauncher-3.0.0

POSTCONDITION_REMOVED
version 1: TBLauncher-2.0.0
version 2: TBLauncher-3.0.0
compilation unit: 0086-TBLauncher-v4.7-export.3/app/src/main/java/rocks/tbog/tblauncher/db/DBHelper.java
method: loadTagList(Context)
constraints in TBLauncher-2.0.0
	AndroidXNonNull condition: "" , add info: -
constraints in TBLauncher-3.0.0

POSTCONDITION_REMOVED
version 1: TBLauncher-2.0.0
version 2: TBLauncher-3.0.0
compilation unit: 0086-TBLauncher-v4.7-export.3/app/src/main/java/rocks/tbog/tblauncher/db/DBHelper.java
method: loadTags(Context,
constraints in TBLauncher-2.0.0
	AndroidXNonNull condition: "" , add info: -
constraints in TBLauncher-3.0.0

POSTCONDITION_REMOVED
version 1: TBLauncher-2.0.0
version 2: TBLauncher-3.0.0
compilation unit: 0086-TBLauncher-v4.7-export.3/app/src/main/java/rocks/tbog/tblauncher/db/DBHelper.java
method: AppRecord>
constraints in TBLauncher-2.0.0
	AndroidXNonNull condition: "" , add info: -
constraints in TBLauncher-3.0.0

POSTCONDITION_REMOVED
version 1: TBLauncher-2.0.0
version 2: TBLauncher-3.0.0
compilation unit: 0086-TBLauncher-v4.7-export.3/app/src/main/java/rocks/tbog/tblauncher/db/DBHelper.java
method: getCustomAppIcon(Context,
constraints in TBLauncher-2.0.0
	AndroidXNullable condition: "" , add info: -
constraints in TBLauncher-3.0.0

POSTCONDITION_REMOVED
version 1: TBLauncher-2.0.0
version 2: TBLauncher-3.0.0
compilation unit: 0086-TBLauncher-v4.7-export.3/app/src/main/java/rocks/tbog/tblauncher/db/DBHelper.java
method: getCustomFavIcon(Context,
constraints in TBLauncher-2.0.0
	AndroidXNullable condition: "" , add info: -
constraints in TBLauncher-3.0.0

POSTCONDITION_REMOVED
version 1: TBLauncher-2.0.0
version 2: TBLauncher-3.0.0
compilation unit: 0086-TBLauncher-v4.7-export.3/app/src/main/java/rocks/tbog/tblauncher/db/WidgetRecord.java
method: loadFromDB(int,
constraints in TBLauncher-2.0.0
	AndroidXNonNull condition: "" , add info: -
constraints in TBLauncher-3.0.0

POSTCONDITION_REMOVED
version 1: TBLauncher-2.0.0
version 2: TBLauncher-3.0.0
compilation unit: 0086-TBLauncher-v4.7-export.3/app/src/main/java/rocks/tbog/tblauncher/entry/AppEntry.java
method: getRealHandle()
constraints in TBLauncher-2.0.0
	AndroidTargetApi condition: "Build.VERSION_CODES.JELLY_BEAN_MR1" , add info: -
constraints in TBLauncher-3.0.0

POSTCONDITION_REMOVED
version 1: TBLauncher-2.0.0
version 2: TBLauncher-3.0.0
compilation unit: 0086-TBLauncher-v4.7-export.3/app/src/main/java/rocks/tbog/tblauncher/entry/AppEntry.java
method: getActivityList(LauncherApps)
constraints in TBLauncher-2.0.0
	AndroidXRequiresApi condition: "[api = Build.VERSION_CODES.LOLLIPOP]" , add info: -
constraints in TBLauncher-3.0.0

POSTCONDITION_REMOVED
version 1: TBLauncher-2.0.0
version 2: TBLauncher-3.0.0
compilation unit: 0086-TBLauncher-v4.7-export.3/app/src/main/java/rocks/tbog/tblauncher/entry/AppEntry.java
method: launchAppDetails(LauncherApps)
constraints in TBLauncher-2.0.0
	AndroidXRequiresApi condition: "[api = Build.VERSION_CODES.LOLLIPOP]" , add info: -
constraints in TBLauncher-3.0.0

POSTCONDITION_REMOVED
version 1: TBLauncher-2.0.0
version 2: TBLauncher-3.0.0
compilation unit: 0086-TBLauncher-v4.7-export.3/app/src/main/java/rocks/tbog/tblauncher/entry/AppEntry.java
method: getIconDrawable(Context)
constraints in TBLauncher-2.0.0
	AndroidXWorkerThread condition: "" , add info: -
constraints in TBLauncher-3.0.0

POSTCONDITION_REMOVED
version 1: TBLauncher-2.0.0
version 2: TBLauncher-3.0.0
compilation unit: 0086-TBLauncher-v4.7-export.3/app/src/main/java/rocks/tbog/tblauncher/entry/EntryItem.java
method: getName()
constraints in TBLauncher-2.0.0
	AndroidXNonNull condition: "" , add info: -
constraints in TBLauncher-3.0.0

POSTCONDITION_REMOVED
version 1: TBLauncher-2.0.0
version 2: TBLauncher-3.0.0
compilation unit: 0086-TBLauncher-v4.7-export.3/app/src/main/java/rocks/tbog/tblauncher/entry/EntryItem.java
method: getResultLayout(int)
constraints in TBLauncher-2.0.0
	AndroidXLayoutRes condition: "" , add info: -
constraints in TBLauncher-3.0.0

POSTCONDITION_REMOVED
version 1: TBLauncher-2.0.0
version 2: TBLauncher-3.0.0
compilation unit: 0086-TBLauncher-v4.7-export.3/app/src/main/java/rocks/tbog/tblauncher/entry/EntryItem.java
method: getPopupMenu(View,
constraints in TBLauncher-2.0.0
	AndroidXNonNull condition: "" , add info: -
	AndroidXStringRes condition: "" , add info: -
constraints in TBLauncher-3.0.0

POSTCONDITION_REMOVED
version 1: TBLauncher-2.0.0
version 2: TBLauncher-3.0.0
compilation unit: 0086-TBLauncher-v4.7-export.3/app/src/main/java/rocks/tbog/tblauncher/entry/EntryItem.java
method: getPopupMenu(View)
constraints in TBLauncher-2.0.0
	AndroidXNonNull condition: "" , add info: -
constraints in TBLauncher-3.0.0

POSTCONDITION_REMOVED
version 1: TBLauncher-2.0.0
version 2: TBLauncher-3.0.0
compilation unit: 0086-TBLauncher-v4.7-export.3/app/src/main/java/rocks/tbog/tblauncher/entry/EntryWithTags.java
method: getTags()
constraints in TBLauncher-2.0.0
	AndroidXNonNull condition: "" , add info: -
constraints in TBLauncher-3.0.0

POSTCONDITION_REMOVED
version 1: TBLauncher-2.0.0
version 2: TBLauncher-3.0.0
compilation unit: 0086-TBLauncher-v4.7-export.3/app/src/main/java/rocks/tbog/tblauncher/entry/StaticEntry.java
method: getIconDrawable(Context)
constraints in TBLauncher-2.0.0
	AndroidXWorkerThread condition: "" , add info: -
constraints in TBLauncher-3.0.0

POSTCONDITION_REMOVED
version 1: TBLauncher-2.0.0
version 2: TBLauncher-3.0.0
compilation unit: 0086-TBLauncher-v4.7-export.3/app/src/main/java/rocks/tbog/tblauncher/icons/IconPack.java
method: getPackPackageName()
constraints in TBLauncher-2.0.0
	AndroidXNonNull condition: "" , add info: -
constraints in TBLauncher-3.0.0

POSTCONDITION_REMOVED
version 1: TBLauncher-2.0.0
version 2: TBLauncher-3.0.0
compilation unit: 0086-TBLauncher-v4.7-export.3/app/src/main/java/rocks/tbog/tblauncher/icons/IconPack.java
method: getDrawableList()
constraints in TBLauncher-2.0.0
	AndroidXNonNull condition: "" , add info: -
constraints in TBLauncher-3.0.0

POSTCONDITION_REMOVED
version 1: TBLauncher-2.0.0
version 2: TBLauncher-3.0.0
compilation unit: 0086-TBLauncher-v4.7-export.3/app/src/main/java/rocks/tbog/tblauncher/icons/IconPackCache.java
method: getIconPack(String)
constraints in TBLauncher-2.0.0
	AndroidXNonNull condition: "" , add info: -
constraints in TBLauncher-3.0.0

POSTCONDITION_REMOVED
version 1: TBLauncher-2.0.0
version 2: TBLauncher-3.0.0
compilation unit: 0086-TBLauncher-v4.7-export.3/app/src/main/java/rocks/tbog/tblauncher/icons/IconPackCache.java
method: get(K)
constraints in TBLauncher-2.0.0
	AndroidXNullable condition: "" , add info: -
constraints in TBLauncher-3.0.0

POSTCONDITION_REMOVED
version 1: TBLauncher-2.0.0
version 2: TBLauncher-3.0.0
compilation unit: 0086-TBLauncher-v4.7-export.3/app/src/main/java/rocks/tbog/tblauncher/icons/IconPackXML.java
method: getDrawableList()
constraints in TBLauncher-2.0.0
	AndroidXNonNull condition: "" , add info: -
constraints in TBLauncher-3.0.0

POSTCONDITION_REMOVED
version 1: TBLauncher-2.0.0
version 2: TBLauncher-3.0.0
compilation unit: 0086-TBLauncher-v4.7-export.3/app/src/main/java/rocks/tbog/tblauncher/icons/IconPackXML.java
method: getComponentDrawable(String)
constraints in TBLauncher-2.0.0
	AndroidXNullable condition: "" , add info: -
constraints in TBLauncher-3.0.0

POSTCONDITION_REMOVED
version 1: TBLauncher-2.0.0
version 2: TBLauncher-3.0.0
compilation unit: 0086-TBLauncher-v4.7-export.3/app/src/main/java/rocks/tbog/tblauncher/icons/IconPackXML.java
method: getPackPackageName()
constraints in TBLauncher-2.0.0
	AndroidXNonNull condition: "" , add info: -
constraints in TBLauncher-3.0.0

POSTCONDITION_REMOVED
version 1: TBLauncher-2.0.0
version 2: TBLauncher-3.0.0
compilation unit: 0086-TBLauncher-v4.7-export.3/app/src/main/java/rocks/tbog/tblauncher/icons/SystemIconPack.java
method: getPackPackageName()
constraints in TBLauncher-2.0.0
	AndroidXNonNull condition: "" , add info: -
constraints in TBLauncher-3.0.0

POSTCONDITION_REMOVED
version 1: TBLauncher-2.0.0
version 2: TBLauncher-3.0.0
compilation unit: 0086-TBLauncher-v4.7-export.3/app/src/main/java/rocks/tbog/tblauncher/icons/SystemIconPack.java
method: getDrawableList()
constraints in TBLauncher-2.0.0
	AndroidXNonNull condition: "" , add info: -
constraints in TBLauncher-3.0.0

POSTCONDITION_REMOVED
version 1: TBLauncher-2.0.0
version 2: TBLauncher-3.0.0
compilation unit: 0086-TBLauncher-v4.7-export.3/app/src/main/java/rocks/tbog/tblauncher/IconsHandler.java
method: getDrawableIconForPackage(ComponentName,
constraints in TBLauncher-2.0.0
	AndroidXWorkerThread condition: "" , add info: -
constraints in TBLauncher-3.0.0

POSTCONDITION_REMOVED
version 1: TBLauncher-2.0.0
version 2: TBLauncher-3.0.0
compilation unit: 0086-TBLauncher-v4.7-export.3/app/src/main/java/rocks/tbog/tblauncher/IconsHandler.java
method: getDrawableBadgeForPackage(ComponentName,
constraints in TBLauncher-2.0.0
	AndroidXWorkerThread condition: "" , add info: -
constraints in TBLauncher-3.0.0

POSTCONDITION_REMOVED
version 1: TBLauncher-2.0.0
version 2: TBLauncher-3.0.0
compilation unit: 0086-TBLauncher-v4.7-export.3/app/src/main/java/rocks/tbog/tblauncher/IconsHandler.java
method: getCustomIconPack()
constraints in TBLauncher-2.0.0
	AndroidXNullable condition: "" , add info: -
constraints in TBLauncher-3.0.0

POSTCONDITION_REMOVED
version 1: TBLauncher-2.0.0
version 2: TBLauncher-3.0.0
compilation unit: 0086-TBLauncher-v4.7-export.3/app/src/main/java/rocks/tbog/tblauncher/IconsHandler.java
method: getSystemIconPack()
constraints in TBLauncher-2.0.0
	AndroidXNonNull condition: "" , add info: -
constraints in TBLauncher-3.0.0

POSTCONDITION_REMOVED
version 1: TBLauncher-2.0.0
version 2: TBLauncher-3.0.0
compilation unit: 0086-TBLauncher-v4.7-export.3/app/src/main/java/rocks/tbog/tblauncher/IconsHandler.java
method: getIconPack()
constraints in TBLauncher-2.0.0
	AndroidXNonNull condition: "" , add info: -
constraints in TBLauncher-3.0.0

POSTCONDITION_REMOVED
version 1: TBLauncher-2.0.0
version 2: TBLauncher-3.0.0
compilation unit: 0086-TBLauncher-v4.7-export.3/app/src/main/java/rocks/tbog/tblauncher/IconsHandler.java
method: getDefaultActivityIcon(Context)
constraints in TBLauncher-2.0.0
	AndroidXNonNull condition: "" , add info: -
constraints in TBLauncher-3.0.0

POSTCONDITION_REMOVED
version 1: TBLauncher-2.0.0
version 2: TBLauncher-3.0.0
compilation unit: 0086-TBLauncher-v4.7-export.3/app/src/main/java/rocks/tbog/tblauncher/loader/LoadAppEntry.java
method: getScheme()
constraints in TBLauncher-2.0.0
	AndroidXNonNull condition: "" , add info: -
constraints in TBLauncher-3.0.0

POSTCONDITION_REMOVED
version 1: TBLauncher-2.0.0
version 2: TBLauncher-3.0.0
compilation unit: 0086-TBLauncher-v4.7-export.3/app/src/main/java/rocks/tbog/tblauncher/loader/LoadContactsEntry.java
method: getScheme()
constraints in TBLauncher-2.0.0
	AndroidXNonNull condition: "" , add info: -
constraints in TBLauncher-3.0.0

POSTCONDITION_REMOVED
version 1: TBLauncher-2.0.0
version 2: TBLauncher-3.0.0
compilation unit: 0086-TBLauncher-v4.7-export.3/app/src/main/java/rocks/tbog/tblauncher/loader/LoadEntryItem.java
method: getScheme()
constraints in TBLauncher-2.0.0
	AndroidXNonNull condition: "" , add info: -
constraints in TBLauncher-3.0.0

POSTCONDITION_REMOVED
version 1: TBLauncher-2.0.0
version 2: TBLauncher-3.0.0
compilation unit: 0086-TBLauncher-v4.7-export.3/app/src/main/java/rocks/tbog/tblauncher/loader/LoadShortcutsEntryItem.java
method: getScheme()
constraints in TBLauncher-2.0.0
	AndroidXNonNull condition: "" , add info: -
constraints in TBLauncher-3.0.0

POSTCONDITION_REMOVED
version 1: TBLauncher-2.0.0
version 2: TBLauncher-3.0.0
compilation unit: 0086-TBLauncher-v4.7-export.3/app/src/main/java/rocks/tbog/tblauncher/result/ResultHelper.java
method: onGranted()
constraints in TBLauncher-2.0.0
	AndroidSuppressLint condition: ""MissingPermission"" , add info: -
constraints in TBLauncher-3.0.0

POSTCONDITION_REMOVED
version 1: TBLauncher-2.0.0
version 2: TBLauncher-3.0.0
compilation unit: 0086-TBLauncher-v4.7-export.3/app/src/main/java/rocks/tbog/tblauncher/result/ResultViewHelper.java
method: getImageView()
constraints in TBLauncher-2.0.0
	AndroidXNullable condition: "" , add info: -
constraints in TBLauncher-3.0.0

POSTCONDITION_REMOVED
version 1: TBLauncher-2.0.0
version 2: TBLauncher-3.0.0
compilation unit: 0086-TBLauncher-v4.7-export.3/app/src/main/java/rocks/tbog/tblauncher/result/ResultViewHelper.java
method: getDrawable(Context)
constraints in TBLauncher-2.0.0
	AndroidXWorkerThread condition: "" , add info: -
constraints in TBLauncher-3.0.0

POSTCONDITION_REMOVED
version 1: TBLauncher-2.0.0
version 2: TBLauncher-3.0.0
compilation unit: 0086-TBLauncher-v4.7-export.3/app/src/main/java/rocks/tbog/tblauncher/searcher/ISearchActivity.java
method: getContext()
constraints in TBLauncher-2.0.0
	AndroidXNonNull condition: "" , add info: -
constraints in TBLauncher-3.0.0

POSTCONDITION_REMOVED
version 1: TBLauncher-2.0.0
version 2: TBLauncher-3.0.0
compilation unit: 0086-TBLauncher-v4.7-export.3/app/src/main/java/rocks/tbog/tblauncher/searcher/QuerySearcher.java
method: doInBackground(Void...)
constraints in TBLauncher-2.0.0
	AndroidXWorkerThread condition: "" , add info: -
constraints in TBLauncher-3.0.0

POSTCONDITION_REMOVED
version 1: TBLauncher-2.0.0
version 2: TBLauncher-3.0.0
compilation unit: 0086-TBLauncher-v4.7-export.3/app/src/main/java/rocks/tbog/tblauncher/searcher/Searcher.java
method: getQuery()
constraints in TBLauncher-2.0.0
	AndroidXNonNull condition: "" , add info: -
constraints in TBLauncher-3.0.0

POSTCONDITION_REMOVED
version 1: TBLauncher-2.0.0
version 2: TBLauncher-3.0.0
compilation unit: 0086-TBLauncher-v4.7-export.3/app/src/main/java/rocks/tbog/tblauncher/searcher/Searcher.java
method: addResult(EntryItem...)
constraints in TBLauncher-2.0.0
	AndroidXWorkerThread condition: "" , add info: -
constraints in TBLauncher-3.0.0

POSTCONDITION_REMOVED
version 1: TBLauncher-2.0.0
version 2: TBLauncher-3.0.0
compilation unit: 0086-TBLauncher-v4.7-export.3/app/src/main/java/rocks/tbog/tblauncher/searcher/Searcher.java
method: onPreExecute()
constraints in TBLauncher-2.0.0
	AndroidXCallSuper condition: "" , add info: -
constraints in TBLauncher-3.0.0

POSTCONDITION_REMOVED
version 1: TBLauncher-2.0.0
version 2: TBLauncher-3.0.0
compilation unit: 0086-TBLauncher-v4.7-export.3/app/src/main/java/rocks/tbog/tblauncher/searcher/TagSearcher.java
method: addResult(EntryItem...)
constraints in TBLauncher-2.0.0
	AndroidXWorkerThread condition: "" , add info: -
constraints in TBLauncher-3.0.0

POSTCONDITION_REMOVED
version 1: TBLauncher-2.0.0
version 2: TBLauncher-3.0.0
compilation unit: 0086-TBLauncher-v4.7-export.3/app/src/main/java/rocks/tbog/tblauncher/searcher/TagSearcher.java
method: doInBackground(Void...)
constraints in TBLauncher-2.0.0
	AndroidXWorkerThread condition: "" , add info: -
constraints in TBLauncher-3.0.0

POSTCONDITION_REMOVED
version 1: TBLauncher-2.0.0
version 2: TBLauncher-3.0.0
compilation unit: 0086-TBLauncher-v4.7-export.3/app/src/main/java/rocks/tbog/tblauncher/shortcut/ShortcutUtil.java
method: getShortcut(Context,
constraints in TBLauncher-2.0.0
	JavaAssert condition: "manager != null" , add info: -
	JavaAssert condition: "launcherApps != null" , add info: -
	AndroidTargetApi condition: "Build.VERSION_CODES.O" , add info: -
	AndroidTargetApi condition: "Build.VERSION_CODES.O" , add info: -
constraints in TBLauncher-3.0.0

POSTCONDITION_REMOVED
version 1: TBLauncher-2.0.0
version 2: TBLauncher-3.0.0
compilation unit: 0086-TBLauncher-v4.7-export.3/app/src/main/java/rocks/tbog/tblauncher/shortcut/ShortcutUtil.java
method: createShortcutRecord(Context,
constraints in TBLauncher-2.0.0
	JavaAssert condition: "launcherApps != null" , add info: -
	AndroidTargetApi condition: "Build.VERSION_CODES.O" , add info: -
constraints in TBLauncher-3.0.0

POSTCONDITION_REMOVED
version 1: TBLauncher-2.0.0
version 2: TBLauncher-3.0.0
compilation unit: 0086-TBLauncher-v4.7-export.3/app/src/main/java/rocks/tbog/tblauncher/shortcut/ShortcutUtil.java
method: addShortcut(Context,
constraints in TBLauncher-2.0.0
	AndroidTargetApi condition: "Build.VERSION_CODES.O" , add info: -
constraints in TBLauncher-3.0.0

POSTCONDITION_REMOVED
version 1: TBLauncher-2.0.0
version 2: TBLauncher-3.0.0
compilation unit: 0086-TBLauncher-v4.7-export.3/app/src/main/java/rocks/tbog/tblauncher/shortcut/ShortcutUtil.java
method: getAllShortcuts(Context)
constraints in TBLauncher-2.0.0
	AndroidTargetApi condition: "Build.VERSION_CODES.O" , add info: -
constraints in TBLauncher-3.0.0

POSTCONDITION_REMOVED
version 1: TBLauncher-2.0.0
version 2: TBLauncher-3.0.0
compilation unit: 0086-TBLauncher-v4.7-export.3/app/src/main/java/rocks/tbog/tblauncher/shortcut/ShortcutUtil.java
method: getAppNameFromPackageName(Context,
constraints in TBLauncher-2.0.0
	AndroidXNonNull condition: "" , add info: -
constraints in TBLauncher-3.0.0

POSTCONDITION_REMOVED
version 1: TBLauncher-2.0.0
version 2: TBLauncher-3.0.0
compilation unit: 0086-TBLauncher-v4.7-export.3/app/src/main/java/rocks/tbog/tblauncher/TagsHandler.java
method: getTags(String)
constraints in TBLauncher-2.0.0
	AndroidXNonNull condition: "" , add info: -
constraints in TBLauncher-3.0.0

POSTCONDITION_REMOVED
version 1: TBLauncher-2.0.0
version 2: TBLauncher-3.0.0
compilation unit: 0086-TBLauncher-v4.7-export.3/app/src/main/java/rocks/tbog/tblauncher/TagsHandler.java
method: getValidTags()
constraints in TBLauncher-2.0.0
	AndroidXNonNull condition: "" , add info: -
constraints in TBLauncher-3.0.0

POSTCONDITION_REMOVED
version 1: TBLauncher-2.0.0
version 2: TBLauncher-3.0.0
compilation unit: 0086-TBLauncher-v4.7-export.3/app/src/main/java/rocks/tbog/tblauncher/TagsHandler.java
method: getAllTags()
constraints in TBLauncher-2.0.0
	AndroidXNonNull condition: "" , add info: -
constraints in TBLauncher-3.0.0

POSTCONDITION_REMOVED
version 1: TBLauncher-2.0.0
version 2: TBLauncher-3.0.0
compilation unit: 0086-TBLauncher-v4.7-export.3/app/src/main/java/rocks/tbog/tblauncher/TagsHandler.java
method: getValidEntryIds(String)
constraints in TBLauncher-2.0.0
	AndroidXNonNull condition: "" , add info: -
constraints in TBLauncher-3.0.0

POSTCONDITION_REMOVED
version 1: TBLauncher-2.0.0
version 2: TBLauncher-3.0.0
compilation unit: 0086-TBLauncher-v4.7-export.3/app/src/main/java/rocks/tbog/tblauncher/TagsHandler.java
method: getAllEntryIds(String)
constraints in TBLauncher-2.0.0
	AndroidXNonNull condition: "" , add info: -
constraints in TBLauncher-3.0.0

POSTCONDITION_REMOVED
version 1: TBLauncher-2.0.0
version 2: TBLauncher-3.0.0
compilation unit: 0086-TBLauncher-v4.7-export.3/app/src/main/java/rocks/tbog/tblauncher/TagsHandler.java
method: getAllEntryIds()
constraints in TBLauncher-2.0.0
	AndroidXNonNull condition: "" , add info: -
constraints in TBLauncher-3.0.0

POSTCONDITION_REMOVED
version 1: TBLauncher-2.0.0
version 2: TBLauncher-3.0.0
compilation unit: 0086-TBLauncher-v4.7-export.3/app/src/main/java/rocks/tbog/tblauncher/TBApplication.java
method: drawableCache(Context)
constraints in TBLauncher-2.0.0
	AndroidXNonNull condition: "" , add info: -
constraints in TBLauncher-3.0.0

POSTCONDITION_REMOVED
version 1: TBLauncher-2.0.0
version 2: TBLauncher-3.0.0
compilation unit: 0086-TBLauncher-v4.7-export.3/app/src/main/java/rocks/tbog/tblauncher/TBApplication.java
method: iconPackCache(Context)
constraints in TBLauncher-2.0.0
	AndroidXNonNull condition: "" , add info: -
constraints in TBLauncher-3.0.0

POSTCONDITION_REMOVED
version 1: TBLauncher-2.0.0
version 2: TBLauncher-3.0.0
compilation unit: 0086-TBLauncher-v4.7-export.3/app/src/main/java/rocks/tbog/tblauncher/TBApplication.java
method: liveWallpaper(Context)
constraints in TBLauncher-2.0.0
	AndroidXNonNull condition: "" , add info: -
constraints in TBLauncher-3.0.0

POSTCONDITION_REMOVED
version 1: TBLauncher-2.0.0
version 2: TBLauncher-3.0.0
compilation unit: 0086-TBLauncher-v4.7-export.3/app/src/main/java/rocks/tbog/tblauncher/TBApplication.java
method: widgetManager(Context)
constraints in TBLauncher-2.0.0
	AndroidXNonNull condition: "" , add info: -
constraints in TBLauncher-3.0.0

POSTCONDITION_REMOVED
version 1: TBLauncher-2.0.0
version 2: TBLauncher-3.0.0
compilation unit: 0086-TBLauncher-v4.7-export.3/app/src/main/java/rocks/tbog/tblauncher/TBApplication.java
method: tagsHandler(Context)
constraints in TBLauncher-2.0.0
	AndroidXNonNull condition: "" , add info: -
constraints in TBLauncher-3.0.0

POSTCONDITION_REMOVED
version 1: TBLauncher-2.0.0
version 2: TBLauncher-3.0.0
compilation unit: 0086-TBLauncher-v4.7-export.3/app/src/main/java/rocks/tbog/tblauncher/TBApplication.java
method: dataHandler(Context)
constraints in TBLauncher-2.0.0
	AndroidXNonNull condition: "" , add info: -
constraints in TBLauncher-3.0.0

POSTCONDITION_REMOVED
version 1: TBLauncher-2.0.0
version 2: TBLauncher-3.0.0
compilation unit: 0086-TBLauncher-v4.7-export.3/app/src/main/java/rocks/tbog/tblauncher/TBApplication.java
method: tagsHandler()
constraints in TBLauncher-2.0.0
	AndroidXNonNull condition: "" , add info: -
constraints in TBLauncher-3.0.0

POSTCONDITION_REMOVED
version 1: TBLauncher-2.0.0
version 2: TBLauncher-3.0.0
compilation unit: 0086-TBLauncher-v4.7-export.3/app/src/main/java/rocks/tbog/tblauncher/TBApplication.java
method: getDataHandler()
constraints in TBLauncher-2.0.0
	AndroidXNonNull condition: "" , add info: -
constraints in TBLauncher-3.0.0

POSTCONDITION_REMOVED
version 1: TBLauncher-2.0.0
version 2: TBLauncher-3.0.0
compilation unit: 0086-TBLauncher-v4.7-export.3/app/src/main/java/rocks/tbog/tblauncher/TBApplication.java
method: drawableCache()
constraints in TBLauncher-2.0.0
	AndroidXNonNull condition: "" , add info: -
constraints in TBLauncher-3.0.0

POSTCONDITION_REMOVED
version 1: TBLauncher-2.0.0
version 2: TBLauncher-3.0.0
compilation unit: 0086-TBLauncher-v4.7-export.3/app/src/main/java/rocks/tbog/tblauncher/ui/BlockableListView.java
method: onTouchEvent(MotionEvent)
constraints in TBLauncher-2.0.0
	AndroidSuppressLint condition: ""ClickableViewAccessibility"" , add info: -
constraints in TBLauncher-3.0.0

POSTCONDITION_REMOVED
version 1: TBLauncher-2.0.0
version 2: TBLauncher-3.0.0
compilation unit: 0086-TBLauncher-v4.7-export.3/app/src/main/java/rocks/tbog/tblauncher/ui/CutoutFactory.java
method: getForAndroidPie(Activity)
constraints in TBLauncher-2.0.0
	AndroidTargetApi condition: "Build.VERSION_CODES.P" , add info: -
	AndroidXNullable condition: "" , add info: -
constraints in TBLauncher-3.0.0

POSTCONDITION_REMOVED
version 1: TBLauncher-2.0.0
version 2: TBLauncher-3.0.0
compilation unit: 0086-TBLauncher-v4.7-export.3/app/src/main/java/rocks/tbog/tblauncher/ui/CutoutFactory.java
method: getByManufacturer(Context,
constraints in TBLauncher-2.0.0
	AndroidXNullable condition: "" , add info: -
constraints in TBLauncher-3.0.0

POSTCONDITION_REMOVED
version 1: TBLauncher-2.0.0
version 2: TBLauncher-3.0.0
compilation unit: 0086-TBLauncher-v4.7-export.3/app/src/main/java/rocks/tbog/tblauncher/ui/CutoutFactory.java
method: getStatusBar(Context)
constraints in TBLauncher-2.0.0
	AndroidXNonNull condition: "" , add info: -
constraints in TBLauncher-3.0.0

POSTCONDITION_REMOVED
version 1: TBLauncher-2.0.0
version 2: TBLauncher-3.0.0
compilation unit: 0086-TBLauncher-v4.7-export.3/app/src/main/java/rocks/tbog/tblauncher/ui/CutoutFactory.java
method: getNoCutout()
constraints in TBLauncher-2.0.0
	AndroidXNonNull condition: "" , add info: -
	AndroidXNonNull condition: "" , add info: -
constraints in TBLauncher-3.0.0

POSTCONDITION_REMOVED
version 1: TBLauncher-2.0.0
version 2: TBLauncher-3.0.0
compilation unit: 0086-TBLauncher-v4.7-export.3/app/src/main/java/rocks/tbog/tblauncher/ui/DialogFragment.java
method: layoutRes()
constraints in TBLauncher-2.0.0
	AndroidXLayoutRes condition: "" , add info: -
constraints in TBLauncher-3.0.0

POSTCONDITION_REMOVED
version 1: TBLauncher-2.0.0
version 2: TBLauncher-3.0.0
compilation unit: 0086-TBLauncher-v4.7-export.3/app/src/main/java/rocks/tbog/tblauncher/ui/FourCodePointDrawable.java
method: fromText(CharSequence,
constraints in TBLauncher-2.0.0
	AndroidXNonNull condition: "" , add info: -
constraints in TBLauncher-3.0.0

POSTCONDITION_REMOVED
version 1: TBLauncher-2.0.0
version 2: TBLauncher-3.0.0
compilation unit: 0086-TBLauncher-v4.7-export.3/app/src/main/java/rocks/tbog/tblauncher/ui/KeyboardScrollHider.java
method: start()
constraints in TBLauncher-2.0.0
	AndroidSuppressLint condition: ""ClickableViewAccessibility"" , add info: -
constraints in TBLauncher-3.0.0

POSTCONDITION_REMOVED
version 1: TBLauncher-2.0.0
version 2: TBLauncher-3.0.0
compilation unit: 0086-TBLauncher-v4.7-export.3/app/src/main/java/rocks/tbog/tblauncher/ui/KeyboardScrollHider.java
method: stop()
constraints in TBLauncher-2.0.0
	AndroidSuppressLint condition: ""ClickableViewAccessibility"" , add info: -
constraints in TBLauncher-3.0.0

POSTCONDITION_REMOVED
version 1: TBLauncher-2.0.0
version 2: TBLauncher-3.0.0
compilation unit: 0086-TBLauncher-v4.7-export.3/app/src/main/java/rocks/tbog/tblauncher/ui/LinearAdapter.java
method: getView(int,
constraints in TBLauncher-2.0.0
	AndroidSuppressLint condition: ""ViewHolder"" , add info: -
constraints in TBLauncher-3.0.0

POSTCONDITION_REMOVED
version 1: TBLauncher-2.0.0
version 2: TBLauncher-3.0.0
compilation unit: 0086-TBLauncher-v4.7-export.3/app/src/main/java/rocks/tbog/tblauncher/ui/LinearAdapter.java
method: getLayoutResource()
constraints in TBLauncher-2.0.0
	AndroidXLayoutRes condition: "" , add info: -
constraints in TBLauncher-3.0.0

POSTCONDITION_REMOVED
version 1: TBLauncher-2.0.0
version 2: TBLauncher-3.0.0
compilation unit: 0086-TBLauncher-v4.7-export.3/app/src/main/java/rocks/tbog/tblauncher/ui/LinearAdapter.java
method: toString()
constraints in TBLauncher-2.0.0
	AndroidXNonNull condition: "" , add info: -
	AndroidXNonNull condition: "" , add info: -
constraints in TBLauncher-3.0.0

POSTCONDITION_REMOVED
version 1: TBLauncher-2.0.0
version 2: TBLauncher-3.0.0
compilation unit: 0086-TBLauncher-v4.7-export.3/app/src/main/java/rocks/tbog/tblauncher/ui/ListPopup.java
method: toString()
constraints in TBLauncher-2.0.0
	AndroidXNonNull condition: "" , add info: -
constraints in TBLauncher-3.0.0

POSTCONDITION_REMOVED
version 1: TBLauncher-2.0.0
version 2: TBLauncher-3.0.0
compilation unit: 0086-TBLauncher-v4.7-export.3/app/src/main/java/rocks/tbog/tblauncher/ui/TwoCodePointDrawable.java
method: fromText(CharSequence,
constraints in TBLauncher-2.0.0
	AndroidXNonNull condition: "" , add info: -
constraints in TBLauncher-3.0.0

POSTCONDITION_REMOVED
version 1: TBLauncher-2.0.0
version 2: TBLauncher-3.0.0
compilation unit: 0086-TBLauncher-v4.7-export.3/app/src/main/java/rocks/tbog/tblauncher/ui/WidgetLayout.java
method: onTouch(View,
constraints in TBLauncher-2.0.0
	AndroidSuppressLint condition: "{ "RtlHardcoded", "ClickableViewAccessibility" }" , add info: -
	AndroidSuppressLint condition: "{ "RtlHardcoded", "ClickableViewAccessibility" }" , add info: -
constraints in TBLauncher-3.0.0

POSTCONDITION_REMOVED
version 1: TBLauncher-2.0.0
version 2: TBLauncher-3.0.0
compilation unit: 0086-TBLauncher-v4.7-export.3/app/src/main/java/rocks/tbog/tblauncher/ui/WidgetLayout.java
method: getWidget(int)
constraints in TBLauncher-2.0.0
	AndroidXNullable condition: "" , add info: -
constraints in TBLauncher-3.0.0

POSTCONDITION_REMOVED
version 1: TBLauncher-2.0.0
version 2: TBLauncher-3.0.0
compilation unit: 0086-TBLauncher-v4.7-export.3/app/src/main/java/rocks/tbog/tblauncher/ui/WidgetView.java
method: onTouchEvent(MotionEvent)
constraints in TBLauncher-2.0.0
	AndroidSuppressLint condition: ""ClickableViewAccessibility"" , add info: -
constraints in TBLauncher-3.0.0

POSTCONDITION_REMOVED
version 1: TBLauncher-2.0.0
version 2: TBLauncher-3.0.0
compilation unit: 0086-TBLauncher-v4.7-export.3/app/src/main/java/rocks/tbog/tblauncher/utils/DeviceUtils.java
method: getDeviceSerial(Context)
constraints in TBLauncher-2.0.0
	AndroidSuppressLint condition: ""HardwareIds"" , add info: -
	AndroidSuppressLint condition: ""PrivateApi"" , add info: -
constraints in TBLauncher-3.0.0

POSTCONDITION_REMOVED
version 1: TBLauncher-2.0.0
version 2: TBLauncher-3.0.0
compilation unit: 0086-TBLauncher-v4.7-export.3/app/src/main/java/rocks/tbog/tblauncher/utils/DrawableUtils.java
method: shapeName(Context,
constraints in TBLauncher-2.0.0
	AndroidXNonNull condition: "" , add info: -
constraints in TBLauncher-3.0.0

POSTCONDITION_REMOVED
version 1: TBLauncher-2.0.0
version 2: TBLauncher-3.0.0
compilation unit: 0086-TBLauncher-v4.7-export.3/app/src/main/java/rocks/tbog/tblauncher/utils/DrawableUtils.java
method: getProgressBarIndeterminate(Context)
constraints in TBLauncher-2.0.0
	AndroidXNullable condition: "" , add info: -
constraints in TBLauncher-3.0.0

POSTCONDITION_REMOVED
version 1: TBLauncher-2.0.0
version 2: TBLauncher-3.0.0
compilation unit: 0086-TBLauncher-v4.7-export.3/app/src/main/java/rocks/tbog/tblauncher/utils/SystemUiVisibility.java
method: setLightStatusBar(View)
constraints in TBLauncher-2.0.0
	AndroidXRequiresApi condition: "[api = Build.VERSION_CODES.M]" , add info: -
constraints in TBLauncher-3.0.0

POSTCONDITION_REMOVED
version 1: TBLauncher-2.0.0
version 2: TBLauncher-3.0.0
compilation unit: 0086-TBLauncher-v4.7-export.3/app/src/main/java/rocks/tbog/tblauncher/utils/SystemUiVisibility.java
method: clearLightStatusBar(View)
constraints in TBLauncher-2.0.0
	AndroidXRequiresApi condition: "[api = Build.VERSION_CODES.M]" , add info: -
constraints in TBLauncher-3.0.0

POSTCONDITION_REMOVED
version 1: TBLauncher-2.0.0
version 2: TBLauncher-3.0.0
compilation unit: 0086-TBLauncher-v4.7-export.3/app/src/main/java/rocks/tbog/tblauncher/utils/UIColors.java
method: getColor(SharedPreferences,
constraints in TBLauncher-2.0.0
	AndroidXColorInt condition: "" , add info: -
constraints in TBLauncher-3.0.0

POSTCONDITION_REMOVED
version 1: TBLauncher-2.0.0
version 2: TBLauncher-3.0.0
compilation unit: 0086-TBLauncher-v4.7-export.3/app/src/main/java/rocks/tbog/tblauncher/utils/UserHandleCompat.java
method: getRealHandle()
constraints in TBLauncher-2.0.0
	AndroidTargetApi condition: "Build.VERSION_CODES.JELLY_BEAN_MR1" , add info: -
constraints in TBLauncher-3.0.0

POSTCONDITION_REMOVED
version 1: TBLauncher-2.0.0
version 2: TBLauncher-3.0.0
compilation unit: 0086-TBLauncher-v4.7-export.3/app/src/main/java/rocks/tbog/tblauncher/utils/Utilities.java
method: expandNotificationsPanel(Activity)
constraints in TBLauncher-2.0.0
	AndroidSuppressLint condition: ""ObsoleteSdkInt"" , add info: -
	AndroidSuppressLint condition: ""WrongConstant"" , add info: -
constraints in TBLauncher-3.0.0

POSTCONDITION_REMOVED
version 1: TBLauncher-2.0.0
version 2: TBLauncher-3.0.0
compilation unit: 0086-TBLauncher-v4.7-export.3/app/src/main/java/rocks/tbog/tblauncher/utils/Utilities.java
method: expandSettingsPanel(Activity)
constraints in TBLauncher-2.0.0
	AndroidSuppressLint condition: ""ObsoleteSdkInt"" , add info: -
	AndroidSuppressLint condition: ""WrongConstant"" , add info: -
constraints in TBLauncher-3.0.0

POSTCONDITION_REMOVED
version 1: TBLauncher-2.0.0
version 2: TBLauncher-3.0.0
compilation unit: 0086-TBLauncher-v4.7-export.3/app/src/main/java/rocks/tbog/tblauncher/utils/Utilities.java
method: getNotchCutout(Activity)
constraints in TBLauncher-2.0.0
	AndroidXNonNull condition: "" , add info: -
constraints in TBLauncher-3.0.0

POSTCONDITION_REMOVED
version 1: TBLauncher-2.0.0
version 2: TBLauncher-3.0.0
compilation unit: 0086-TBLauncher-v4.7-export.3/app/src/main/java/rocks/tbog/tblauncher/utils/ViewHolderAdapter.java
method: getItemViewTypeLayout(int)
constraints in TBLauncher-2.0.0
	AndroidXLayoutRes condition: "" , add info: -
constraints in TBLauncher-3.0.0

POSTCONDITION_REMOVED
version 1: TBLauncher-2.0.0
version 2: TBLauncher-3.0.0
compilation unit: 0086-TBLauncher-v4.7-export.3/app/src/main/java/rocks/tbog/tblauncher/utils/ViewHolderAdapter.java
method: getNewViewHolder(View)
constraints in TBLauncher-2.0.0
	AndroidXNullable condition: "" , add info: -
constraints in TBLauncher-3.0.0

POSTCONDITION_REMOVED
version 1: TBLauncher-2.0.0
version 2: TBLauncher-3.0.0
compilation unit: 0086-TBLauncher-v4.7-export.3/app/src/main/java/rocks/tbog/tblauncher/utils/ViewHolderAdapter.java
method: loadInBackground()
constraints in TBLauncher-2.0.0
	AndroidXNullable condition: "" , add info: -
constraints in TBLauncher-3.0.0

POSTCONDITION_REMOVED
version 1: TBLauncher-2.0.0
version 2: TBLauncher-3.0.0
compilation unit: 0086-TBLauncher-v4.7-export.3/app/src/main/java/rocks/tbog/tblauncher/utils/ViewHolderListAdapter.java
method: getItemViewTypeLayout(int)
constraints in TBLauncher-2.0.0
	AndroidXLayoutRes condition: "" , add info: -
constraints in TBLauncher-3.0.0

POSTCONDITION_REMOVED
version 1: TBLauncher-2.0.0
version 2: TBLauncher-3.0.0
compilation unit: 0086-TBLauncher-v4.7-export.3/app/src/main/java/rocks/tbog/tblauncher/WidgetManager.java
method: getWidgetProviderInfo(int)
constraints in TBLauncher-2.0.0
	AndroidXNullable condition: "" , add info: -
constraints in TBLauncher-3.0.0

POSTCONDITION_REMOVED
version 1: Taskbar-2.0.0
version 2: Taskbar-3.0.0
compilation unit: 0148-Taskbar-183/app/src/main/java/com/farmerbb/taskbar/activity/ContextMenuActivity.java
method: onPostCreate(Bundle)
constraints in Taskbar-2.0.0
	AndroidSuppressLint condition: ""RtlHardcoded"" , add info: -
constraints in Taskbar-3.0.0

POSTCONDITION_REMOVED
version 1: Taskbar-2.0.0
version 2: Taskbar-3.0.0
compilation unit: 0148-Taskbar-183/app/src/main/java/com/farmerbb/taskbar/activity/ContextMenuActivity.java
method: onPreferenceClick(Preference)
constraints in Taskbar-2.0.0
	AndroidTargetApi condition: "Build.VERSION_CODES.N_MR1" , add info: -
constraints in Taskbar-3.0.0

POSTCONDITION_REMOVED
version 1: Taskbar-2.0.0
version 2: Taskbar-3.0.0
compilation unit: 0148-Taskbar-183/app/src/main/java/com/farmerbb/taskbar/activity/DummyActivity.java
method: onResume()
constraints in Taskbar-2.0.0
	AndroidSuppressLint condition: ""RestrictedApi"" , add info: -
constraints in Taskbar-3.0.0

POSTCONDITION_REMOVED
version 1: Taskbar-2.0.0
version 2: Taskbar-3.0.0
compilation unit: 0148-Taskbar-183/app/src/main/java/com/farmerbb/taskbar/activity/HomeActivity.java
method: onCreate(Bundle)
constraints in Taskbar-2.0.0
	AndroidSuppressLint condition: ""RestrictedApi"" , add info: -
constraints in Taskbar-3.0.0

POSTCONDITION_REMOVED
version 1: Taskbar-2.0.0
version 2: Taskbar-3.0.0
compilation unit: 0148-Taskbar-183/app/src/main/java/com/farmerbb/taskbar/activity/HomeActivity.java
method: onResume()
constraints in Taskbar-2.0.0
	AndroidTargetApi condition: "Build.VERSION_CODES.N" , add info: -
constraints in Taskbar-3.0.0

POSTCONDITION_REMOVED
version 1: Taskbar-2.0.0
version 2: Taskbar-3.0.0
compilation unit: 0148-Taskbar-183/app/src/main/java/com/farmerbb/taskbar/activity/InvisibleActivityAlt.java
method: onCreate(Bundle)
constraints in Taskbar-2.0.0
	AndroidSuppressLint condition: ""HardwareIds"" , add info: -
constraints in Taskbar-3.0.0

POSTCONDITION_REMOVED
version 1: Taskbar-2.0.0
version 2: Taskbar-3.0.0
compilation unit: 0148-Taskbar-183/app/src/main/java/com/farmerbb/taskbar/activity/InvisibleActivityFreeform.java
method: onCreate(Bundle)
constraints in Taskbar-2.0.0
	AndroidSuppressLint condition: ""HardwareIds"" , add info: -
	AndroidTargetApi condition: "Build.VERSION_CODES.N" , add info: -
constraints in Taskbar-3.0.0

POSTCONDITION_REMOVED
version 1: Taskbar-2.0.0
version 2: Taskbar-3.0.0
compilation unit: 0148-Taskbar-183/app/src/main/java/com/farmerbb/taskbar/activity/InvisibleActivityFreeform.java
method: onResume()
constraints in Taskbar-2.0.0
	AndroidTargetApi condition: "Build.VERSION_CODES.N" , add info: -
constraints in Taskbar-3.0.0

POSTCONDITION_REMOVED
version 1: Taskbar-2.0.0
version 2: Taskbar-3.0.0
compilation unit: 0148-Taskbar-183/app/src/main/java/com/farmerbb/taskbar/fragment/AdvancedFragment.java
method: onPreferenceClick(Preference)
constraints in Taskbar-2.0.0
	AndroidSuppressLint condition: ""SetTextI18n"" , add info: -
constraints in Taskbar-3.0.0

POSTCONDITION_REMOVED
version 1: Taskbar-2.0.0
version 2: Taskbar-3.0.0
compilation unit: 0148-Taskbar-183/app/src/main/java/com/farmerbb/taskbar/fragment/FreeformModeFragment.java
method: onPreferenceClick(Preference)
constraints in Taskbar-2.0.0
	AndroidTargetApi condition: "Build.VERSION_CODES.N" , add info: -
constraints in Taskbar-3.0.0

POSTCONDITION_REMOVED
version 1: Taskbar-2.0.0
version 2: Taskbar-3.0.0
compilation unit: 0148-Taskbar-183/app/src/main/java/com/farmerbb/taskbar/fragment/RecentAppsFragment.java
method: onPreferenceClick(Preference)
constraints in Taskbar-2.0.0
	AndroidSuppressLint condition: ""SetTextI18n"" , add info: -
constraints in Taskbar-3.0.0

POSTCONDITION_REMOVED
version 1: Taskbar-2.0.0
version 2: Taskbar-3.0.0
compilation unit: 0148-Taskbar-183/app/src/main/java/com/farmerbb/taskbar/service/DashboardService.java
method: onCreate()
constraints in Taskbar-2.0.0
	AndroidTargetApi condition: "Build.VERSION_CODES.M" , add info: -
constraints in Taskbar-3.0.0

POSTCONDITION_REMOVED
version 1: Taskbar-2.0.0
version 2: Taskbar-3.0.0
compilation unit: 0148-Taskbar-183/app/src/main/java/com/farmerbb/taskbar/service/DashboardService.java
method: onConfigurationChanged(Configuration)
constraints in Taskbar-2.0.0
	AndroidTargetApi condition: "Build.VERSION_CODES.M" , add info: -
constraints in Taskbar-3.0.0

POSTCONDITION_REMOVED
version 1: Taskbar-2.0.0
version 2: Taskbar-3.0.0
compilation unit: 0148-Taskbar-183/app/src/main/java/com/farmerbb/taskbar/service/NotificationService.java
method: onCreate()
constraints in Taskbar-2.0.0
	AndroidTargetApi condition: "Build.VERSION_CODES.M" , add info: -
constraints in Taskbar-3.0.0

POSTCONDITION_REMOVED
version 1: Taskbar-2.0.0
version 2: Taskbar-3.0.0
compilation unit: 0148-Taskbar-183/app/src/main/java/com/farmerbb/taskbar/service/StartMenuService.java
method: onCreate()
constraints in Taskbar-2.0.0
	AndroidTargetApi condition: "Build.VERSION_CODES.M" , add info: -
constraints in Taskbar-3.0.0

POSTCONDITION_REMOVED
version 1: Taskbar-2.0.0
version 2: Taskbar-3.0.0
compilation unit: 0148-Taskbar-183/app/src/main/java/com/farmerbb/taskbar/service/StartMenuService.java
method: onConfigurationChanged(Configuration)
constraints in Taskbar-2.0.0
	AndroidTargetApi condition: "Build.VERSION_CODES.M" , add info: -
constraints in Taskbar-3.0.0

POSTCONDITION_REMOVED
version 1: Taskbar-2.0.0
version 2: Taskbar-3.0.0
compilation unit: 0148-Taskbar-183/app/src/main/java/com/farmerbb/taskbar/service/TaskbarService.java
method: onCreate()
constraints in Taskbar-2.0.0
	AndroidTargetApi condition: "Build.VERSION_CODES.M" , add info: -
constraints in Taskbar-3.0.0

POSTCONDITION_REMOVED
version 1: Taskbar-2.0.0
version 2: Taskbar-3.0.0
compilation unit: 0148-Taskbar-183/app/src/main/java/com/farmerbb/taskbar/service/TaskbarService.java
method: onConfigurationChanged(Configuration)
constraints in Taskbar-2.0.0
	AndroidTargetApi condition: "Build.VERSION_CODES.M" , add info: -
constraints in Taskbar-3.0.0

POSTCONDITION_REMOVED
version 1: Taskbar-2.0.0
version 2: Taskbar-3.0.0
compilation unit: 0148-Taskbar-183/app/src/main/java/com/farmerbb/taskbar/util/U.java
method: showPermissionDialog(Context,
constraints in Taskbar-2.0.0
	AndroidTargetApi condition: "Build.VERSION_CODES.M" , add info: -
constraints in Taskbar-3.0.0

POSTCONDITION_REMOVED
version 1: Taskbar-2.0.0
version 2: Taskbar-3.0.0
compilation unit: 0148-Taskbar-183/app/src/main/java/com/farmerbb/taskbar/util/U.java
method: startFreeformHack(Context,
constraints in Taskbar-2.0.0
	AndroidTargetApi condition: "Build.VERSION_CODES.N" , add info: -
constraints in Taskbar-3.0.0

POSTCONDITION_REMOVED
version 1: Taskbar-2.0.0
version 2: Taskbar-3.0.0
compilation unit: 0148-Taskbar-183/app/src/main/java/com/farmerbb/taskbar/util/U.java
method: launchAppLowerRight(Context,
constraints in Taskbar-2.0.0
	AndroidTargetApi condition: "Build.VERSION_CODES.N" , add info: -
constraints in Taskbar-3.0.0

POSTCONDITION_REMOVED
version 1: Taskbar-2.0.0
version 2: Taskbar-3.0.0
compilation unit: 0148-Taskbar-183/app/src/main/java/com/farmerbb/taskbar/util/U.java
method: canDrawOverlays(Context)
constraints in Taskbar-2.0.0
	AndroidTargetApi condition: "Build.VERSION_CODES.M" , add info: -
constraints in Taskbar-3.0.0

POSTCONDITION_REMOVED
version 1: Taskbar-2.0.0
version 2: Taskbar-3.0.0
compilation unit: 0148-Taskbar-183/app/src/main/java/com/farmerbb/taskbar/util/U.java
method: getActivityOptions(ApplicationType)
constraints in Taskbar-2.0.0
	AndroidTargetApi condition: "Build.VERSION_CODES.N" , add info: -
constraints in Taskbar-3.0.0

POSTCONDITION_REMOVED
version 1: TowerCollector-2.0.0
version 2: TowerCollector-3.0.0
compilation unit: 0364-TowerCollector-2.0.2/app/src/main/java/info/zamojski/soft/towercollector/collector/validators/specific/CdmaCellIdentityValidator.java
method: isValid(CellIdentityCdma)
constraints in TowerCollector-2.0.0
	AndroidTargetApi condition: "Build.VERSION_CODES.JELLY_BEAN_MR1" , add info: -
constraints in TowerCollector-3.0.0

POSTCONDITION_REMOVED
version 1: TowerCollector-2.0.0
version 2: TowerCollector-3.0.0
compilation unit: 0364-TowerCollector-2.0.2/app/src/main/java/info/zamojski/soft/towercollector/collector/validators/specific/GsmCellIdentityValidator.java
method: isValid(CellIdentityGsm)
constraints in TowerCollector-2.0.0
	AndroidTargetApi condition: "Build.VERSION_CODES.JELLY_BEAN_MR1" , add info: -
constraints in TowerCollector-3.0.0

POSTCONDITION_REMOVED
version 1: TowerCollector-2.0.0
version 2: TowerCollector-3.0.0
compilation unit: 0364-TowerCollector-2.0.2/app/src/main/java/info/zamojski/soft/towercollector/collector/validators/specific/LteCellIdentityValidator.java
method: isValid(CellIdentityLte)
constraints in TowerCollector-2.0.0
	AndroidTargetApi condition: "Build.VERSION_CODES.JELLY_BEAN_MR1" , add info: -
constraints in TowerCollector-3.0.0

POSTCONDITION_REMOVED
version 1: TowerCollector-2.0.0
version 2: TowerCollector-3.0.0
compilation unit: 0364-TowerCollector-2.0.2/app/src/main/java/info/zamojski/soft/towercollector/collector/validators/specific/WcdmaCellIdentityValidator.java
method: isValid(CellIdentityWcdma)
constraints in TowerCollector-2.0.0
	AndroidTargetApi condition: "Build.VERSION_CODES.JELLY_BEAN_MR2" , add info: -
constraints in TowerCollector-3.0.0

POSTCONDITION_REMOVED
version 1: TowerCollector-2.0.0
version 2: TowerCollector-3.0.0
compilation unit: 0364-TowerCollector-2.0.2/app/src/main/java/info/zamojski/soft/towercollector/collector/validators/specific/WcdmaCellIdentityValidator.java
method: isValid(CellIdentityGsm)
constraints in TowerCollector-2.0.0
	AndroidTargetApi condition: "Build.VERSION_CODES.JELLY_BEAN_MR1" , add info: -
constraints in TowerCollector-3.0.0

POSTCONDITION_REMOVED
version 1: TowerCollector-2.0.0
version 2: TowerCollector-3.0.0
compilation unit: 0364-TowerCollector-2.0.2/app/src/main/java/info/zamojski/soft/towercollector/logging/FileLoggingTree.java
method: log(int,
constraints in TowerCollector-2.0.0
	AndroidSuppressLint condition: ""LogNotTimber"" , add info: -
constraints in TowerCollector-3.0.0

POSTCONDITION_REMOVED
version 1: Twire-2.0.0
version 2: Twire-3.0.0
compilation unit: 0005-Twire-v1.9.0/app/src/main/java/com/perflyst/twire/service/Service.java
method: verify(String,
constraints in Twire-2.0.0
	AndroidSuppressLint condition: ""BadHostnameVerifier"" , add info: -
constraints in Twire-3.0.0

POSTCONDITION_REMOVED
version 1: UUID0xFD6FTracer-2.0.0
version 2: UUID0xFD6FTracer-3.0.0
compilation unit: 0264-UUID0xFD6FTracer-0.9.0.1/app/src/main/java/com/emacberry/uuid0xfd6ftracer/ui/main/SectionsPagerAdapter.java
method: getPageTitle(int)
constraints in UUID0xFD6FTracer-2.0.0
	AndroidXNullable condition: "" , add info: -
constraints in UUID0xFD6FTracer-3.0.0

POSTCONDITION_REMOVED
version 1: VinylMusicPlayer-2.0.0
version 2: VinylMusicPlayer-3.0.0
compilation unit: 0135-VinylMusicPlayer-0.16.4.2/app/src/main/java/com/poupa/vinylmusicplayer/adapter/CategoryInfoAdapter.java
method: onBindViewHolder(CategoryInfoAdapter.ViewHolder,
constraints in VinylMusicPlayer-2.0.0
	AndroidSuppressLint condition: ""ClickableViewAccessibility"" , add info: -
constraints in VinylMusicPlayer-3.0.0

POSTCONDITION_REMOVED
version 1: VinylMusicPlayer-2.0.0
version 2: VinylMusicPlayer-3.0.0
compilation unit: 0135-VinylMusicPlayer-0.16.4.2/app/src/main/java/com/poupa/vinylmusicplayer/dialogs/ChangelogDialog.java
method: onCreateDialog(Bundle)
constraints in VinylMusicPlayer-2.0.0
	AndroidSuppressLint condition: ""InflateParams"" , add info: -
constraints in VinylMusicPlayer-3.0.0

POSTCONDITION_REMOVED
version 1: VinylMusicPlayer-2.0.0
version 2: VinylMusicPlayer-3.0.0
compilation unit: 0135-VinylMusicPlayer-0.16.4.2/app/src/main/java/com/poupa/vinylmusicplayer/util/ArtistSignatureUtil.java
method: updateArtistSignature(String)
constraints in VinylMusicPlayer-2.0.0
	AndroidSuppressLint condition: ""CommitPrefEdits"" , add info: -
constraints in VinylMusicPlayer-3.0.0

POSTCONDITION_REMOVED
version 1: VinylMusicPlayer-2.0.0
version 2: VinylMusicPlayer-3.0.0
compilation unit: 0135-VinylMusicPlayer-0.16.4.2/app/src/main/java/com/poupa/vinylmusicplayer/util/CustomArtistImageUtil.java
method: doInBackground(Void...)
constraints in VinylMusicPlayer-2.0.0
	AndroidSuppressLint condition: ""ApplySharedPref"" , add info: -
	AndroidSuppressLint condition: ""ApplySharedPref"" , add info: -
constraints in VinylMusicPlayer-3.0.0

POSTCONDITION_REMOVED
version 1: VinylMusicPlayer-2.0.0
version 2: VinylMusicPlayer-3.0.0
compilation unit: 0135-VinylMusicPlayer-0.16.4.2/app/src/main/java/com/poupa/vinylmusicplayer/util/PreferenceUtil.java
method: setNowPlayingScreen(NowPlayingScreen)
constraints in VinylMusicPlayer-2.0.0
	AndroidSuppressLint condition: ""CommitPrefEdits"" , add info: -
constraints in VinylMusicPlayer-3.0.0

POSTCONDITION_REMOVED
version 1: VinylMusicPlayer-2.0.0
version 2: VinylMusicPlayer-3.0.0
compilation unit: 0135-VinylMusicPlayer-0.16.4.2/app/src/main/java/com/poupa/vinylmusicplayer/util/PreferenceUtil.java
method: setIntroShown()
constraints in VinylMusicPlayer-2.0.0
	AndroidSuppressLint condition: ""CommitPrefEdits"" , add info: -
constraints in VinylMusicPlayer-3.0.0

POSTCONDITION_REMOVED
version 1: VinylMusicPlayer-2.0.0
version 2: VinylMusicPlayer-3.0.0
compilation unit: 0135-VinylMusicPlayer-0.16.4.2/app/src/main/java/com/poupa/vinylmusicplayer/util/Util.java
method: setStatusBarTranslucent(Window)
constraints in VinylMusicPlayer-2.0.0
	AndroidTargetApi condition: "Build.VERSION_CODES.KITKAT" , add info: -
constraints in VinylMusicPlayer-3.0.0

POSTCONDITION_REMOVED
version 1: VinylMusicPlayer-2.0.0
version 2: VinylMusicPlayer-3.0.0
compilation unit: 0135-VinylMusicPlayer-0.16.4.2/app/src/main/java/com/poupa/vinylmusicplayer/util/Util.java
method: isRTL(Context)
constraints in VinylMusicPlayer-2.0.0
	AndroidTargetApi condition: "Build.VERSION_CODES.JELLY_BEAN_MR1" , add info: -
constraints in VinylMusicPlayer-3.0.0

POSTCONDITION_REMOVED
version 1: WaveLinesWallpaper-2.0.0
version 2: WaveLinesWallpaper-3.0.0
compilation unit: 0295-WaveLinesWallpaper-1.6.0/app/src/main/java/de/markusfisch/android/wavelines/activity/AbstractActivity.java
method: addFragment(FragmentManager,
constraints in WaveLinesWallpaper-2.0.0
	AndroidSuppressLint condition: ""CommitTransaction"" , add info: -
constraints in WaveLinesWallpaper-3.0.0

POSTCONDITION_REMOVED
version 1: WaveLinesWallpaper-2.0.0
version 2: WaveLinesWallpaper-3.0.0
compilation unit: 0295-WaveLinesWallpaper-1.6.0/app/src/main/java/de/markusfisch/android/wavelines/widget/ThemesView.java
method: onTouchEvent(MotionEvent)
constraints in WaveLinesWallpaper-2.0.0
	AndroidSuppressLint condition: ""ClickableViewAccessibility"" , add info: -
constraints in WaveLinesWallpaper-3.0.0

POSTCONDITION_REMOVED
version 1: android-0.0.0
version 2: android-1.0.0
compilation unit: 0018-android-app-1.12.1/app/src/main/java/fr/gaulupeau/apps/Poche/tts/TtsFragment.java
method: onCreateView(LayoutInflater,
constraints in android-0.0.0
	AndroidTargetApi condition: "Build.VERSION_CODES.ICE_CREAM_SANDWICH_MR1" , add info: -
constraints in android-1.0.0

POSTCONDITION_REMOVED
version 1: android-1.0.0
version 2: android-10.0.0
compilation unit: 0017-android-app-2.4.2/app/src/main/java/fr/gaulupeau/apps/Poche/data/TagListAdapter.java
method: onCreateViewHolder(ViewGroup,
constraints in android-1.0.0
	AndroidXNonNull condition: "" , add info: -
constraints in android-10.0.0

POSTCONDITION_REMOVED
version 1: android-1.0.0
version 2: android-10.0.0
compilation unit: 0017-android-app-2.4.2/app/src/main/java/fr/gaulupeau/apps/Poche/service/TaskService.java
method: onBind(Intent)
constraints in android-1.0.0
	AndroidXNullable condition: "" , add info: -
constraints in android-10.0.0

POSTCONDITION_REMOVED
version 1: android-1.0.0
version 2: android-10.0.0
compilation unit: 0017-android-app-2.4.2/app/src/main/java/fr/gaulupeau/apps/Poche/ui/RecyclerViewListFragment.java
method: getLayoutResID()
constraints in android-1.0.0
	AndroidXLayoutRes condition: "" , add info: -
constraints in android-10.0.0

POSTCONDITION_REMOVED
version 1: android-1.0.0
version 2: android-10.0.0
compilation unit: 0017-android-app-2.4.2/app/src/main/java/fr/gaulupeau/apps/Poche/ui/RecyclerViewListFragment.java
method: getRecyclerViewResID()
constraints in android-1.0.0
	AndroidXIdRes condition: "" , add info: -
constraints in android-10.0.0

POSTCONDITION_REMOVED
version 1: android-1.0.0
version 2: android-10.0.0
compilation unit: 0017-android-app-2.4.2/app/src/main/java/fr/gaulupeau/apps/Poche/ui/RecyclerViewListFragment.java
method: getSwipeContainerResID()
constraints in android-1.0.0
	AndroidXIdRes condition: "" , add info: -
constraints in android-10.0.0

POSTCONDITION_REMOVED
version 1: android-1.0.0
version 2: android-10.0.0
compilation unit: 0017-android-app-2.4.2/app/src/main/java/fr/gaulupeau/apps/Poche/ui/Themes.java
method: getNameId()
constraints in android-1.0.0
	AndroidXStringRes condition: "" , add info: -
constraints in android-10.0.0

POSTCONDITION_REMOVED
version 1: android-1.0.0
version 2: android-10.0.0
compilation unit: 0017-android-app-2.4.2/app/src/main/java/fr/gaulupeau/apps/Poche/ui/Themes.java
method: getResId()
constraints in android-1.0.0
	AndroidXStyleRes condition: "" , add info: -
constraints in android-10.0.0

POSTCONDITION_REMOVED
version 1: android-1.0.0
version 2: android-10.0.0
compilation unit: 0017-android-app-2.4.2/app/src/main/java/fr/gaulupeau/apps/Poche/ui/Themes.java
method: getNoActionBarResId()
constraints in android-1.0.0
	AndroidXStyleRes condition: "" , add info: -
constraints in android-10.0.0

POSTCONDITION_REMOVED
version 1: android-1.0.0
version 2: android-10.0.0
compilation unit: 0017-android-app-2.4.2/app/src/main/java/fr/gaulupeau/apps/Poche/ui/Themes.java
method: getDialogResId()
constraints in android-1.0.0
	AndroidXStyleRes condition: "" , add info: -
constraints in android-10.0.0

POSTCONDITION_REMOVED
version 1: android-10.0.0
version 2: android-11.0.0
compilation unit: 0357-android-app-v2.3.1/app/src/main/java/com/wireguard/android/backend/WireGuardUiService.java
method: onBind(Intent)
constraints in android-10.0.0
	AndroidXNullable condition: "" , add info: -
constraints in android-11.0.0

POSTCONDITION_REMOVED
version 1: android-10.0.0
version 2: android-11.0.0
compilation unit: 0357-android-app-v2.3.1/app/src/main/java/com/wireguard/android/config/Attribute.java
method: match(CharSequence)
constraints in android-10.0.0
	AndroidXNullable condition: "" , add info: -
constraints in android-11.0.0

POSTCONDITION_REMOVED
version 1: android-10.0.0
version 2: android-11.0.0
compilation unit: 0357-android-app-v2.3.1/app/src/main/java/com/wireguard/android/config/Attribute.java
method: parse(CharSequence)
constraints in android-10.0.0
	AndroidXNullable condition: "" , add info: -
constraints in android-11.0.0

POSTCONDITION_REMOVED
version 1: android-10.0.0
version 2: android-11.0.0
compilation unit: 0357-android-app-v2.3.1/app/src/main/java/com/wireguard/android/config/Attribute.java
method: parseList(CharSequence)
constraints in android-10.0.0
	AndroidXNullable condition: "" , add info: -
constraints in android-11.0.0

POSTCONDITION_REMOVED
version 1: android-10.0.0
version 2: android-11.0.0
compilation unit: 0357-android-app-v2.3.1/app/src/main/java/com/wireguard/android/config/Interface.java
method: getPrivateKey()
constraints in android-10.0.0
	AndroidXNullable condition: "" , add info: -
constraints in android-11.0.0

POSTCONDITION_REMOVED
version 1: android-10.0.0
version 2: android-11.0.0
compilation unit: 0357-android-app-v2.3.1/app/src/main/java/com/wireguard/android/config/Interface.java
method: getPublicKey()
constraints in android-10.0.0
	AndroidXNullable condition: "" , add info: -
constraints in android-11.0.0

POSTCONDITION_REMOVED
version 1: android-10.0.0
version 2: android-11.0.0
compilation unit: 0357-android-app-v2.3.1/app/src/main/java/com/wireguard/android/config/Peer.java
method: getEndpoint()
constraints in android-10.0.0
	AndroidXNullable condition: "" , add info: -
constraints in android-11.0.0

POSTCONDITION_REMOVED
version 1: android-10.0.0
version 2: android-11.0.0
compilation unit: 0357-android-app-v2.3.1/app/src/main/java/com/wireguard/android/config/Peer.java
method: getPreSharedKey()
constraints in android-10.0.0
	AndroidXNullable condition: "" , add info: -
constraints in android-11.0.0

POSTCONDITION_REMOVED
version 1: android-10.0.0
version 2: android-11.0.0
compilation unit: 0357-android-app-v2.3.1/app/src/main/java/com/wireguard/android/config/Peer.java
method: getPublicKey()
constraints in android-10.0.0
	AndroidXNullable condition: "" , add info: -
	AndroidXNullable condition: "" , add info: -
constraints in android-11.0.0

POSTCONDITION_REMOVED
version 1: android-10.0.0
version 2: android-11.0.0
compilation unit: 0357-android-app-v2.3.1/app/src/main/java/net/ivpn/client/common/Mapper.java
method: errorResponseFrom(String)
constraints in android-10.0.0
	AndroidXNullable condition: "" , add info: -
constraints in android-11.0.0

POSTCONDITION_REMOVED
version 1: android-10.0.0
version 2: android-11.0.0
compilation unit: 0357-android-app-v2.3.1/app/src/main/java/net/ivpn/client/common/utils/NotificationChannelUtil.java
method: createNotificationChannels()
constraints in android-10.0.0
	AndroidTargetApi condition: "Build.VERSION_CODES.O" , add info: -
constraints in android-11.0.0

POSTCONDITION_REMOVED
version 1: android-10.0.0
version 2: android-11.0.0
compilation unit: 0357-android-app-v2.3.1/app/src/main/java/net/ivpn/client/ui/serverlist/ServersListPagerAdapter.java
method: getItem(int)
constraints in android-10.0.0
	AndroidXNonNull condition: "" , add info: -
constraints in android-11.0.0

POSTCONDITION_REMOVED
version 1: android-10.0.0
version 2: android-11.0.0
compilation unit: 0357-android-app-v2.3.1/app/src/main/java/net/ivpn/client/ui/subscription/SubscriptionPagerAdapter.java
method: instantiateItem(ViewGroup,
constraints in android-10.0.0
	AndroidXNonNull condition: "" , add info: -
constraints in android-11.0.0

POSTCONDITION_REMOVED
version 1: android-10.0.0
version 2: android-11.0.0
compilation unit: 0357-android-app-v2.3.1/app/src/main/java/net/ivpn/client/ui/updates/UpdatesService.java
method: onBind(Intent)
constraints in android-10.0.0
	AndroidXNullable condition: "" , add info: -
constraints in android-11.0.0

POSTCONDITION_REMOVED
version 1: android-10.0.0
version 2: android-11.0.0
compilation unit: 0357-android-app-v2.3.1/app/src/main/java/net/ivpn/client/vpn/local/WifiWatcherService.java
method: onBind(Intent)
constraints in android-10.0.0
	AndroidXNullable condition: "" , add info: -
constraints in android-11.0.0

POSTCONDITION_REMOVED
version 1: anewjkuapp-2.0.0
version 2: anewjkuapp-3.0.0
compilation unit: 0106-anewjkuapp-v0.32/aNewJKUApp/src/main/java/org/voidsink/anewjkuapp/activity/MainActivity.java
method: StartCreateAccount(Context)
constraints in anewjkuapp-2.0.0
	AndroidTargetApi condition: "Build.VERSION_CODES.JELLY_BEAN_MR2" , add info: -
constraints in anewjkuapp-3.0.0

POSTCONDITION_REMOVED
version 1: anewjkuapp-2.0.0
version 2: anewjkuapp-3.0.0
compilation unit: 0106-anewjkuapp-v0.32/aNewJKUApp/src/main/java/org/voidsink/anewjkuapp/base/BaseArrayAdapter.java
method: addAll(Collection<?
constraints in anewjkuapp-2.0.0
	AndroidSuppressLint condition: ""NewApi"" , add info: -
constraints in anewjkuapp-3.0.0

POSTCONDITION_REMOVED
version 1: anewjkuapp-2.0.0
version 2: anewjkuapp-3.0.0
compilation unit: 0106-anewjkuapp-v0.32/aNewJKUApp/src/main/java/org/voidsink/anewjkuapp/base/BaseArrayAdapter.java
method: addAll(T...)
constraints in anewjkuapp-2.0.0
	AndroidSuppressLint condition: ""NewApi"" , add info: -
constraints in anewjkuapp-3.0.0

POSTCONDITION_REMOVED
version 1: anewjkuapp-2.0.0
version 2: anewjkuapp-3.0.0
compilation unit: 0106-anewjkuapp-v0.32/aNewJKUApp/src/main/java/org/voidsink/anewjkuapp/base/BaseContentObserver.java
method: onChange(boolean,
constraints in anewjkuapp-2.0.0
	AndroidTargetApi condition: "Build.VERSION_CODES.JELLY_BEAN" , add info: -
constraints in anewjkuapp-3.0.0

POSTCONDITION_REMOVED
version 1: anewjkuapp-2.0.0
version 2: anewjkuapp-3.0.0
compilation unit: 0106-anewjkuapp-v0.32/aNewJKUApp/src/main/java/org/voidsink/anewjkuapp/kusss/Grade.java
method: parseGrade(String)
constraints in anewjkuapp-2.0.0
	AndroidSuppressLint condition: ""DefaultLocale"" , add info: -
constraints in anewjkuapp-3.0.0

POSTCONDITION_REMOVED
version 1: anewjkuapp-2.0.0
version 2: anewjkuapp-3.0.0
compilation unit: 0106-anewjkuapp-v0.32/aNewJKUApp/src/main/java/org/voidsink/anewjkuapp/kusss/GradeType.java
method: parseGradeType(String)
constraints in anewjkuapp-2.0.0
	AndroidSuppressLint condition: ""DefaultLocale"" , add info: -
constraints in anewjkuapp-3.0.0

POSTCONDITION_REMOVED
version 1: anewjkuapp-2.0.0
version 2: anewjkuapp-3.0.0
compilation unit: 0106-anewjkuapp-v0.32/aNewJKUApp/src/main/java/org/voidsink/anewjkuapp/utils/AppUtils.java
method: getAccountAuthToken(Context,
constraints in anewjkuapp-2.0.0
	AndroidSuppressLint condition: ""NewApi"" , add info: -
constraints in anewjkuapp-3.0.0

POSTCONDITION_REMOVED
version 1: anewjkuapp-2.0.0
version 2: anewjkuapp-3.0.0
compilation unit: 0106-anewjkuapp-v0.32/aNewJKUApp/src/main/java/org/voidsink/anewjkuapp/utils/MapUtils.java
method: setBackground(View,
constraints in anewjkuapp-2.0.0
	AndroidTargetApi condition: "Build.VERSION_CODES.JELLY_BEAN" , add info: -
constraints in anewjkuapp-3.0.0

POSTCONDITION_REMOVED
version 1: antimalwareapp-2.0.0
version 2: antimalwareapp-3.0.0
compilation unit: 0291-antimalwareapp-v1.0.2/app/src/main/java/tech/projectmatris/antimalwareapp/scanners/ScannerTask.java
method: onPreExecute()
constraints in antimalwareapp-2.0.0
	AndroidSuppressLint condition: ""SourceLockedOrientationActivity"" , add info: -
constraints in antimalwareapp-3.0.0

POSTCONDITION_REMOVED
version 1: antimalwareapp-2.0.0
version 2: antimalwareapp-3.0.0
compilation unit: 0291-antimalwareapp-v1.0.2/app/src/main/java/tech/projectmatris/antimalwareapp/services/RealTimeService.java
method: onBind(Intent)
constraints in antimalwareapp-2.0.0
	AndroidXNullable condition: "" , add info: -
constraints in antimalwareapp-3.0.0

POSTCONDITION_REMOVED
version 1: apps-2.0.0
version 2: apps-3.0.0
compilation unit: 0140-apps-android-commons-v2.4/app/src/main/java/fr/free/nrw/commons/upload/FileUtils.java
method: getPath(Context,
constraints in apps-2.0.0
	AndroidSuppressLint condition: ""NewApi"" , add info: -
constraints in apps-3.0.0

POSTCONDITION_REMOVED
version 1: blockpuzzle-2.0.0
version 2: blockpuzzle-3.0.0
compilation unit: 0252-blockpuzzle-1.0/app/src/main/java/de/mwvb/blockpuzzle/logic/spielstein/Spielstein.java
method: toString()
constraints in blockpuzzle-2.0.0
	JetBrainsNotNull condition: "" , add info: -
constraints in blockpuzzle-3.0.0

POSTCONDITION_REMOVED
version 1: blockpuzzle-2.0.0
version 2: blockpuzzle-3.0.0
compilation unit: 0252-blockpuzzle-1.0/app/src/main/java/de/mwvb/blockpuzzle/musik/Musik.java
method: init(Context)
constraints in blockpuzzle-2.0.0
	AndroidSuppressLint condition: ""ObsoleteSdkInt"" , add info: -
constraints in blockpuzzle-3.0.0

POSTCONDITION_REMOVED
version 1: calendula-2.0.0
version 2: calendula-3.0.0
compilation unit: 0218-calendula-v1.0/Calendula/src/main/java/es/usc/citius/servando/calendula/activities/LoginActivity.java
method: showProgress(boolean)
constraints in calendula-2.0.0
	AndroidTargetApi condition: "Build.VERSION_CODES.HONEYCOMB_MR2" , add info: -
constraints in calendula-3.0.0

POSTCONDITION_REMOVED
version 1: calendula-2.0.0
version 2: calendula-3.0.0
compilation unit: 0218-calendula-v1.0/Calendula/src/main/java/es/usc/citius/servando/calendula/activities/ReminderNotification.java
method: cancel(Context)
constraints in calendula-2.0.0
	AndroidTargetApi condition: "Build.VERSION_CODES.ECLAIR" , add info: -
constraints in calendula-3.0.0

POSTCONDITION_REMOVED
version 1: calendula-2.0.0
version 2: calendula-3.0.0
compilation unit: 0218-calendula-v1.0/Calendula/src/main/java/es/usc/citius/servando/calendula/activities/SettingsActivity.java
method: onBuildHeaders(List<Header>)
constraints in calendula-2.0.0
	AndroidTargetApi condition: "Build.VERSION_CODES.HONEYCOMB" , add info: -
constraints in calendula-3.0.0

POSTCONDITION_REMOVED
version 1: calendula-2.0.0
version 2: calendula-3.0.0
compilation unit: 0218-calendula-v1.0/libraries/BetterPickersLib/src/main/java/com/doomonafireball/betterpickers/calendardatepicker/DayPickerView.java
method: setUpListView()
constraints in calendula-2.0.0
	AndroidSuppressLint condition: ""NewApi"" , add info: -
constraints in calendula-3.0.0

POSTCONDITION_REMOVED
version 1: calendula-2.0.0
version 2: calendula-3.0.0
compilation unit: 0218-calendula-v1.0/libraries/BetterPickersLib/src/main/java/com/doomonafireball/betterpickers/calendardatepicker/DayPickerView.java
method: performAccessibilityAction(int,
constraints in calendula-2.0.0
	AndroidSuppressLint condition: ""NewApi"" , add info: -
constraints in calendula-3.0.0

POSTCONDITION_REMOVED
version 1: calendula-2.0.0
version 2: calendula-3.0.0
compilation unit: 0218-calendula-v1.0/libraries/BetterPickersLib/src/main/java/com/doomonafireball/betterpickers/calendardatepicker/MonthAdapter.java
method: getView(int,
constraints in calendula-2.0.0
	AndroidSuppressLint condition: ""NewApi"" , add info: -
constraints in calendula-3.0.0

POSTCONDITION_REMOVED
version 1: calendula-2.0.0
version 2: calendula-3.0.0
compilation unit: 0218-calendula-v1.0/libraries/BetterPickersLib/src/main/java/com/doomonafireball/betterpickers/expirationpicker/ExpirationPicker.java
method: updateExpiration()
constraints in calendula-2.0.0
	AndroidSuppressLint condition: ""DefaultLocale"" , add info: -
constraints in calendula-3.0.0

POSTCONDITION_REMOVED
version 1: calendula-2.0.0
version 2: calendula-3.0.0
compilation unit: 0218-calendula-v1.0/libraries/BetterPickersLib/src/main/java/com/doomonafireball/betterpickers/radialtimepicker/RadialPickerLayout.java
method: performAccessibilityAction(int,
constraints in calendula-2.0.0
	AndroidSuppressLint condition: ""NewApi"" , add info: -
constraints in calendula-3.0.0

POSTCONDITION_REMOVED
version 1: calendula-2.0.0
version 2: calendula-3.0.0
compilation unit: 0218-calendula-v1.0/libraries/BetterPickersLib/src/main/java/com/doomonafireball/betterpickers/Utils.java
method: tryAccessibilityAnnounce(View,
constraints in calendula-2.0.0
	AndroidSuppressLint condition: ""NewApi"" , add info: -
constraints in calendula-3.0.0

POSTCONDITION_REMOVED
version 1: calendula-2.0.0
version 2: calendula-3.0.0
compilation unit: 0218-calendula-v1.0/libraries/BetterPickersLib/src/main/java/org/jraf/android/backport/switchwidget/Switch.java
method: onMeasure(int,
constraints in calendula-2.0.0
	AndroidTargetApi condition: "Build.VERSION_CODES.HONEYCOMB" , add info: -
constraints in calendula-3.0.0

POSTCONDITION_REMOVED
version 1: chanu-2.0.0
version 2: chanu-3.0.0
compilation unit: 0114-chanu-v2.0.1/app/src/com/chanapps/four/activity/BoardActivity.java
method: displayTitleBar(String,
constraints in chanu-2.0.0
	AndroidTargetApi condition: "16" , add info: -
constraints in chanu-3.0.0

POSTCONDITION_REMOVED
version 1: chanu-2.0.0
version 2: chanu-3.0.0
compilation unit: 0114-chanu-v2.0.1/app/src/com/chanapps/four/viewer/BoardViewer.java
method: setAlpha(ImageView,
constraints in chanu-2.0.0
	AndroidTargetApi condition: "16" , add info: -
constraints in chanu-3.0.0

POSTCONDITION_REMOVED
version 1: connectbot-2.0.0
version 2: connectbot-3.0.0
compilation unit: 0228-connectbot-git-v1.9.7-49-gd200f1ed/app/src/androidTest/java/org/connectbot/ConnectbotMatchers.java
method: withHostNickname(String)
constraints in connectbot-2.0.0
	AndroidXNonNull condition: "" , add info: -
constraints in connectbot-3.0.0

POSTCONDITION_REMOVED
version 1: connectbot-2.0.0
version 2: connectbot-3.0.0
compilation unit: 0228-connectbot-git-v1.9.7-49-gd200f1ed/app/src/androidTest/java/org/connectbot/ConnectbotMatchers.java
method: withPubkeyNickname(String)
constraints in connectbot-2.0.0
	AndroidXNonNull condition: "" , add info: -
constraints in connectbot-3.0.0

POSTCONDITION_REMOVED
version 1: connectbot-2.0.0
version 2: connectbot-3.0.0
compilation unit: 0228-connectbot-git-v1.9.7-49-gd200f1ed/app/src/androidTest/java/org/connectbot/ConnectbotMatchers.java
method: withConnectedHost()
constraints in connectbot-2.0.0
	AndroidXNonNull condition: "" , add info: -
constraints in connectbot-3.0.0

POSTCONDITION_REMOVED
version 1: connectbot-2.0.0
version 2: connectbot-3.0.0
compilation unit: 0228-connectbot-git-v1.9.7-49-gd200f1ed/app/src/androidTest/java/org/connectbot/ConnectbotMatchers.java
method: withDisconnectedHost()
constraints in connectbot-2.0.0
	AndroidXNonNull condition: "" , add info: -
constraints in connectbot-3.0.0

POSTCONDITION_REMOVED
version 1: connectbot-2.0.0
version 2: connectbot-3.0.0
compilation unit: 0228-connectbot-git-v1.9.7-49-gd200f1ed/app/src/androidTest/java/org/connectbot/ConnectbotMatchers.java
method: hasHolderItem(Matcher<RecyclerView.ViewHolder>)
constraints in connectbot-2.0.0
	AndroidXNonNull condition: "" , add info: -
constraints in connectbot-3.0.0

POSTCONDITION_REMOVED
version 1: connectbot-2.0.0
version 2: connectbot-3.0.0
compilation unit: 0228-connectbot-git-v1.9.7-49-gd200f1ed/app/src/main/java/org/connectbot/bean/HostBean.java
method: getDescription()
constraints in connectbot-2.0.0
	AndroidSuppressLint condition: ""DefaultLocale"" , add info: -
constraints in connectbot-3.0.0

POSTCONDITION_REMOVED
version 1: connectbot-2.0.0
version 2: connectbot-3.0.0
compilation unit: 0228-connectbot-git-v1.9.7-49-gd200f1ed/app/src/main/java/org/connectbot/bean/PortForwardBean.java
method: getDescription()
constraints in connectbot-2.0.0
	AndroidSuppressLint condition: ""DefaultLocale"" , add info: -
constraints in connectbot-3.0.0

POSTCONDITION_REMOVED
version 1: connectbot-2.0.0
version 2: connectbot-3.0.0
compilation unit: 0228-connectbot-git-v1.9.7-49-gd200f1ed/app/src/main/java/org/connectbot/data/HostStorage.java
method: resetDatabase()
constraints in connectbot-2.0.0
	AndroidXVisibleForTesting condition: "" , add info: -
constraints in connectbot-3.0.0

POSTCONDITION_REMOVED
version 1: connectbot-2.0.0
version 2: connectbot-3.0.0
compilation unit: 0228-connectbot-git-v1.9.7-49-gd200f1ed/app/src/main/java/org/connectbot/PortForwardListActivity.java
method: onCreateContextMenu(ContextMenu,
constraints in connectbot-2.0.0
	AndroidSuppressLint condition: ""DefaultLocale"" , add info: -
constraints in connectbot-3.0.0

POSTCONDITION_REMOVED
version 1: connectbot-2.0.0
version 2: connectbot-3.0.0
compilation unit: 0228-connectbot-git-v1.9.7-49-gd200f1ed/app/src/main/java/org/connectbot/PubkeyListActivity.java
method: importExistingKeyKitKat()
constraints in connectbot-2.0.0
	AndroidTargetApi condition: "19" , add info: -
constraints in connectbot-3.0.0

POSTCONDITION_REMOVED
version 1: connectbot-2.0.0
version 2: connectbot-3.0.0
compilation unit: 0228-connectbot-git-v1.9.7-49-gd200f1ed/app/src/main/java/org/connectbot/transport/Telnet.java
method: getDefaultNickname(String,
constraints in connectbot-2.0.0
	AndroidSuppressLint condition: ""DefaultLocale"" , add info: -
constraints in connectbot-3.0.0

POSTCONDITION_REMOVED
version 1: connectbot-2.0.0
version 2: connectbot-3.0.0
compilation unit: 0228-connectbot-git-v1.9.7-49-gd200f1ed/app/src/main/java/org/connectbot/util/EntropyView.java
method: notifyListeners()
constraints in connectbot-2.0.0
	AndroidXVisibleForTesting condition: "" , add info: -
constraints in connectbot-3.0.0

POSTCONDITION_REMOVED
version 1: connectbot-2.0.0
version 2: connectbot-3.0.0
compilation unit: 0228-connectbot-git-v1.9.7-49-gd200f1ed/app/src/main/java/org/connectbot/util/HostDatabase.java
method: resetDatabase()
constraints in connectbot-2.0.0
	AndroidXVisibleForTesting condition: "" , add info: -
constraints in connectbot-3.0.0

POSTCONDITION_REMOVED
version 1: connectbot-2.0.0
version 2: connectbot-3.0.0
compilation unit: 0228-connectbot-git-v1.9.7-49-gd200f1ed/app/src/main/java/org/connectbot/util/HostDatabase.java
method: resetInMemoryInstance(Context)
constraints in connectbot-2.0.0
	AndroidXVisibleForTesting condition: "" , add info: -
constraints in connectbot-3.0.0

POSTCONDITION_REMOVED
version 1: connectbot-2.0.0
version 2: connectbot-3.0.0
compilation unit: 0228-connectbot-git-v1.9.7-49-gd200f1ed/app/src/main/java/org/connectbot/util/PubkeyDatabase.java
method: resetDatabase()
constraints in connectbot-2.0.0
	AndroidXVisibleForTesting condition: "" , add info: -
constraints in connectbot-3.0.0

POSTCONDITION_REMOVED
version 1: connectbot-2.0.0
version 2: connectbot-3.0.0
compilation unit: 0228-connectbot-git-v1.9.7-49-gd200f1ed/app/src/main/java/org/connectbot/util/PubkeyDatabase.java
method: resetInMemoryInstance(Context)
constraints in connectbot-2.0.0
	AndroidXVisibleForTesting condition: "" , add info: -
constraints in connectbot-3.0.0

POSTCONDITION_REMOVED
version 1: connectbot-2.0.0
version 2: connectbot-3.0.0
compilation unit: 0228-connectbot-git-v1.9.7-49-gd200f1ed/app/src/main/java/org/connectbot/util/TerminalTextViewOverlay.java
method: onGenericMotionEvent(MotionEvent)
constraints in connectbot-2.0.0
	AndroidTargetApi condition: "12" , add info: -
constraints in connectbot-3.0.0

POSTCONDITION_REMOVED
version 1: criticalmaps-2.0.0
version 2: criticalmaps-3.0.0
compilation unit: 0307-criticalmaps-android-2.0.4/app/src/main/java/de/stephanlindauer/criticalmaps/notifications/reminder/AlarmNotificationReceiver.java
method: onReceive(Context,
constraints in criticalmaps-2.0.0
	AndroidTargetApi condition: "Build.VERSION_CODES.JELLY_BEAN" , add info: -
constraints in criticalmaps-3.0.0

POSTCONDITION_REMOVED
version 1: diary-2.0.0
version 2: diary-3.0.0
compilation unit: 0331-diary-v1.47/src/main/java/org/billthefarmer/diary/FileUtils.java
method: getPath(Context,
constraints in diary-2.0.0
	AndroidTargetApi condition: "19" , add info: -
constraints in diary-3.0.0

POSTCONDITION_REMOVED
version 1: editor-2.0.0
version 2: editor-3.0.0
compilation unit: 0095-editor-v1.23/src/main/java/org/billthefarmer/editor/FileUtils.java
method: getPath(Context,
constraints in editor-2.0.0
	AndroidTargetApi condition: "19" , add info: -
constraints in editor-3.0.0

POSTCONDITION_REMOVED
version 1: focus-2.0.0
version 2: focus-3.0.0
compilation unit: 0234-focus-android-v8.1.0/app/src/main/java/org/mozilla/focus/open/OpenWithFragment.java
method: onCreateDialog(Bundle)
constraints in focus-2.0.0
	AndroidSuppressLint condition: ""InflateParams"" , add info: -
	AndroidXNonNull condition: "" , add info: -
constraints in focus-3.0.0

POSTCONDITION_REMOVED
version 1: focus-2.0.0
version 2: focus-3.0.0
compilation unit: 0234-focus-android-v8.1.0/app/src/main/java/org/mozilla/focus/utils/Browsers.java
method: getDefaultBrowser()
constraints in focus-2.0.0
	AndroidXNullable condition: "" , add info: -
constraints in focus-3.0.0

POSTCONDITION_REMOVED
version 1: focus-2.0.0
version 2: focus-3.0.0
compilation unit: 0234-focus-android-v8.1.0/app/src/main/java/org/mozilla/focus/webview/matcher/util/FocusString.java
method: reverse()
constraints in focus-2.0.0
	AndroidXCheckResult condition: "" , add info: -
constraints in focus-3.0.0

POSTCONDITION_REMOVED
version 1: focus-2.0.0
version 2: focus-3.0.0
compilation unit: 0234-focus-android-v8.1.0/app/src/test/java/org/mozilla/focus/utils/UrlUtilsTest.java
method: testStripUserInfo()
constraints in focus-2.0.0
	AndroidSuppressLint condition: ""AuthLeak"" , add info: -
constraints in focus-3.0.0

POSTCONDITION_REMOVED
version 1: gelli-2.0.0
version 2: gelli-3.0.0
compilation unit: 0041-gelli-v1.0.0/app/src/main/java/com/dkanada/gramophone/adapter/album/AlbumAdapter.java
method: getSectionName(int)
constraints in gelli-2.0.0
	AndroidXNonNull condition: "" , add info: -
	AndroidXNullable condition: "" , add info: -
constraints in gelli-3.0.0

POSTCONDITION_REMOVED
version 1: gelli-2.0.0
version 2: gelli-3.0.0
compilation unit: 0041-gelli-v1.0.0/app/src/main/java/com/dkanada/gramophone/adapter/AlbumCoverPagerAdapter.java
method: instantiateItem(ViewGroup,
constraints in gelli-2.0.0
	AndroidXNonNull condition: "" , add info: -
constraints in gelli-3.0.0

POSTCONDITION_REMOVED
version 1: gelli-2.0.0
version 2: gelli-3.0.0
compilation unit: 0041-gelli-v1.0.0/app/src/main/java/com/dkanada/gramophone/adapter/artist/ArtistAdapter.java
method: getSectionName(int)
constraints in gelli-2.0.0
	AndroidXNonNull condition: "" , add info: -
constraints in gelli-3.0.0

POSTCONDITION_REMOVED
version 1: gelli-2.0.0
version 2: gelli-3.0.0
compilation unit: 0041-gelli-v1.0.0/app/src/main/java/com/dkanada/gramophone/adapter/base/AbsMultiSelectAdapter.java
method: getIdentifier(int)
constraints in gelli-2.0.0
	AndroidXNullable condition: "" , add info: -
constraints in gelli-3.0.0

POSTCONDITION_REMOVED
version 1: gelli-2.0.0
version 2: gelli-3.0.0
compilation unit: 0041-gelli-v1.0.0/app/src/main/java/com/dkanada/gramophone/adapter/GenreAdapter.java
method: getSectionName(int)
constraints in gelli-2.0.0
	AndroidXNonNull condition: "" , add info: -
constraints in gelli-3.0.0

POSTCONDITION_REMOVED
version 1: gelli-2.0.0
version 2: gelli-3.0.0
compilation unit: 0041-gelli-v1.0.0/app/src/main/java/com/dkanada/gramophone/adapter/MusicLibraryPagerAdapter.java
method: getPageTitle(int)
constraints in gelli-2.0.0
	AndroidXNonNull condition: "" , add info: -
constraints in gelli-3.0.0

POSTCONDITION_REMOVED
version 1: gelli-2.0.0
version 2: gelli-3.0.0
compilation unit: 0041-gelli-v1.0.0/app/src/main/java/com/dkanada/gramophone/adapter/song/AbsOffsetSongAdapter.java
method: onCreateViewHolder(ViewGroup,
constraints in gelli-2.0.0
	AndroidXNonNull condition: "" , add info: -
constraints in gelli-3.0.0

POSTCONDITION_REMOVED
version 1: gelli-2.0.0
version 2: gelli-3.0.0
compilation unit: 0041-gelli-v1.0.0/app/src/main/java/com/dkanada/gramophone/adapter/song/AbsOffsetSongAdapter.java
method: getIdentifier(int)
constraints in gelli-2.0.0
	AndroidXNullable condition: "" , add info: -
constraints in gelli-3.0.0

POSTCONDITION_REMOVED
version 1: gelli-2.0.0
version 2: gelli-3.0.0
compilation unit: 0041-gelli-v1.0.0/app/src/main/java/com/dkanada/gramophone/adapter/song/AbsOffsetSongAdapter.java
method: getSectionName(int)
constraints in gelli-2.0.0
	AndroidXNonNull condition: "" , add info: -
constraints in gelli-3.0.0

POSTCONDITION_REMOVED
version 1: gelli-2.0.0
version 2: gelli-3.0.0
compilation unit: 0041-gelli-v1.0.0/app/src/main/java/com/dkanada/gramophone/adapter/song/SongAdapter.java
method: getSectionName(int)
constraints in gelli-2.0.0
	AndroidXNonNull condition: "" , add info: -
	AndroidXNullable condition: "" , add info: -
constraints in gelli-3.0.0

POSTCONDITION_REMOVED
version 1: gelli-2.0.0
version 2: gelli-3.0.0
compilation unit: 0041-gelli-v1.0.0/app/src/main/java/com/dkanada/gramophone/dialogs/AddToPlaylistDialog.java
method: create(Song)
constraints in gelli-2.0.0
	AndroidXNonNull condition: "" , add info: -
constraints in gelli-3.0.0

POSTCONDITION_REMOVED
version 1: gelli-2.0.0
version 2: gelli-3.0.0
compilation unit: 0041-gelli-v1.0.0/app/src/main/java/com/dkanada/gramophone/dialogs/AddToPlaylistDialog.java
method: create(List<Song>)
constraints in gelli-2.0.0
	AndroidXNonNull condition: "" , add info: -
constraints in gelli-3.0.0

POSTCONDITION_REMOVED
version 1: gelli-2.0.0
version 2: gelli-3.0.0
compilation unit: 0041-gelli-v1.0.0/app/src/main/java/com/dkanada/gramophone/dialogs/AddToPlaylistDialog.java
method: onCreateDialog(Bundle)
constraints in gelli-2.0.0
	AndroidXNonNull condition: "" , add info: -
constraints in gelli-3.0.0

POSTCONDITION_REMOVED
version 1: gelli-2.0.0
version 2: gelli-3.0.0
compilation unit: 0041-gelli-v1.0.0/app/src/main/java/com/dkanada/gramophone/dialogs/CreatePlaylistDialog.java
method: create()
constraints in gelli-2.0.0
	AndroidXNonNull condition: "" , add info: -
constraints in gelli-3.0.0

POSTCONDITION_REMOVED
version 1: gelli-2.0.0
version 2: gelli-3.0.0
compilation unit: 0041-gelli-v1.0.0/app/src/main/java/com/dkanada/gramophone/dialogs/CreatePlaylistDialog.java
method: create(List<Song>)
constraints in gelli-2.0.0
	AndroidXNonNull condition: "" , add info: -
constraints in gelli-3.0.0

POSTCONDITION_REMOVED
version 1: gelli-2.0.0
version 2: gelli-3.0.0
compilation unit: 0041-gelli-v1.0.0/app/src/main/java/com/dkanada/gramophone/dialogs/CreatePlaylistDialog.java
method: onCreateDialog(Bundle)
constraints in gelli-2.0.0
	AndroidXNonNull condition: "" , add info: -
constraints in gelli-3.0.0

POSTCONDITION_REMOVED
version 1: gelli-2.0.0
version 2: gelli-3.0.0
compilation unit: 0041-gelli-v1.0.0/app/src/main/java/com/dkanada/gramophone/dialogs/DeletePlaylistDialog.java
method: create(Playlist)
constraints in gelli-2.0.0
	AndroidXNonNull condition: "" , add info: -
constraints in gelli-3.0.0

POSTCONDITION_REMOVED
version 1: gelli-2.0.0
version 2: gelli-3.0.0
compilation unit: 0041-gelli-v1.0.0/app/src/main/java/com/dkanada/gramophone/dialogs/DeletePlaylistDialog.java
method: create(List<Playlist>)
constraints in gelli-2.0.0
	AndroidXNonNull condition: "" , add info: -
constraints in gelli-3.0.0

POSTCONDITION_REMOVED
version 1: gelli-2.0.0
version 2: gelli-3.0.0
compilation unit: 0041-gelli-v1.0.0/app/src/main/java/com/dkanada/gramophone/dialogs/DeletePlaylistDialog.java
method: onCreateDialog(Bundle)
constraints in gelli-2.0.0
	AndroidXNonNull condition: "" , add info: -
constraints in gelli-3.0.0

POSTCONDITION_REMOVED
version 1: gelli-2.0.0
version 2: gelli-3.0.0
compilation unit: 0041-gelli-v1.0.0/app/src/main/java/com/dkanada/gramophone/dialogs/RemoveFromPlaylistDialog.java
method: create(Song)
constraints in gelli-2.0.0
	AndroidXNonNull condition: "" , add info: -
constraints in gelli-3.0.0

POSTCONDITION_REMOVED
version 1: gelli-2.0.0
version 2: gelli-3.0.0
compilation unit: 0041-gelli-v1.0.0/app/src/main/java/com/dkanada/gramophone/dialogs/RemoveFromPlaylistDialog.java
method: create(List<Song>)
constraints in gelli-2.0.0
	AndroidXNonNull condition: "" , add info: -
constraints in gelli-3.0.0

POSTCONDITION_REMOVED
version 1: gelli-2.0.0
version 2: gelli-3.0.0
compilation unit: 0041-gelli-v1.0.0/app/src/main/java/com/dkanada/gramophone/dialogs/RemoveFromPlaylistDialog.java
method: onCreateDialog(Bundle)
constraints in gelli-2.0.0
	AndroidXNonNull condition: "" , add info: -
constraints in gelli-3.0.0

POSTCONDITION_REMOVED
version 1: gelli-2.0.0
version 2: gelli-3.0.0
compilation unit: 0041-gelli-v1.0.0/app/src/main/java/com/dkanada/gramophone/dialogs/RenamePlaylistDialog.java
method: create(Playlist)
constraints in gelli-2.0.0
	AndroidXNonNull condition: "" , add info: -
constraints in gelli-3.0.0

POSTCONDITION_REMOVED
version 1: gelli-2.0.0
version 2: gelli-3.0.0
compilation unit: 0041-gelli-v1.0.0/app/src/main/java/com/dkanada/gramophone/dialogs/RenamePlaylistDialog.java
method: onCreateDialog(Bundle)
constraints in gelli-2.0.0
	AndroidXNonNull condition: "" , add info: -
constraints in gelli-3.0.0

POSTCONDITION_REMOVED
version 1: gelli-2.0.0
version 2: gelli-3.0.0
compilation unit: 0041-gelli-v1.0.0/app/src/main/java/com/dkanada/gramophone/dialogs/SleepTimerDialog.java
method: onCreateDialog(Bundle)
constraints in gelli-2.0.0
	AndroidXNonNull condition: "" , add info: -
constraints in gelli-3.0.0

POSTCONDITION_REMOVED
version 1: gelli-2.0.0
version 2: gelli-3.0.0
compilation unit: 0041-gelli-v1.0.0/app/src/main/java/com/dkanada/gramophone/dialogs/SongDetailDialog.java
method: create(Song)
constraints in gelli-2.0.0
	AndroidXNonNull condition: "" , add info: -
constraints in gelli-3.0.0

POSTCONDITION_REMOVED
version 1: gelli-2.0.0
version 2: gelli-3.0.0
compilation unit: 0041-gelli-v1.0.0/app/src/main/java/com/dkanada/gramophone/dialogs/SongDetailDialog.java
method: onCreateDialog(Bundle)
constraints in gelli-2.0.0
	AndroidXNonNull condition: "" , add info: -
constraints in gelli-3.0.0

POSTCONDITION_REMOVED
version 1: gelli-2.0.0
version 2: gelli-3.0.0
compilation unit: 0041-gelli-v1.0.0/app/src/main/java/com/dkanada/gramophone/dialogs/SongShareDialog.java
method: create(Song)
constraints in gelli-2.0.0
	AndroidXNonNull condition: "" , add info: -
constraints in gelli-3.0.0

POSTCONDITION_REMOVED
version 1: gelli-2.0.0
version 2: gelli-3.0.0
compilation unit: 0041-gelli-v1.0.0/app/src/main/java/com/dkanada/gramophone/dialogs/SongShareDialog.java
method: onCreateDialog(Bundle)
constraints in gelli-2.0.0
	AndroidXNonNull condition: "" , add info: -
constraints in gelli-3.0.0

POSTCONDITION_REMOVED
version 1: gelli-2.0.0
version 2: gelli-3.0.0
compilation unit: 0041-gelli-v1.0.0/app/src/main/java/com/dkanada/gramophone/interfaces/CabHolder.java
method: openCab(int,
constraints in gelli-2.0.0
	AndroidXNonNull condition: "" , add info: -
constraints in gelli-3.0.0

POSTCONDITION_REMOVED
version 1: gelli-2.0.0
version 2: gelli-3.0.0
compilation unit: 0041-gelli-v1.0.0/app/src/main/java/com/dkanada/gramophone/interfaces/PaletteColorHolder.java
method: getPaletteColor()
constraints in gelli-2.0.0
	AndroidXColorInt condition: "" , add info: -
constraints in gelli-3.0.0

POSTCONDITION_REMOVED
version 1: gelli-2.0.0
version 2: gelli-3.0.0
compilation unit: 0041-gelli-v1.0.0/app/src/main/java/com/dkanada/gramophone/preferences/LibraryPreferenceDialog.java
method: onCreateDialog(Bundle)
constraints in gelli-2.0.0
	AndroidXNonNull condition: "" , add info: -
constraints in gelli-3.0.0

POSTCONDITION_REMOVED
version 1: gelli-2.0.0
version 2: gelli-3.0.0
compilation unit: 0041-gelli-v1.0.0/app/src/main/java/com/dkanada/gramophone/preferences/NowPlayingScreenPreferenceDialog.java
method: onCreateDialog(Bundle)
constraints in gelli-2.0.0
	AndroidSuppressLint condition: ""InflateParams"" , add info: -
	AndroidXNonNull condition: "" , add info: -
constraints in gelli-3.0.0

POSTCONDITION_REMOVED
version 1: gelli-2.0.0
version 2: gelli-3.0.0
compilation unit: 0041-gelli-v1.0.0/app/src/main/java/com/dkanada/gramophone/provider/QueueStore.java
method: getSavedPlayingQueue()
constraints in gelli-2.0.0
	AndroidXNonNull condition: "" , add info: -
constraints in gelli-3.0.0

POSTCONDITION_REMOVED
version 1: gelli-2.0.0
version 2: gelli-3.0.0
compilation unit: 0041-gelli-v1.0.0/app/src/main/java/com/dkanada/gramophone/provider/QueueStore.java
method: getSavedOriginalPlayingQueue()
constraints in gelli-2.0.0
	AndroidXNonNull condition: "" , add info: -
constraints in gelli-3.0.0

POSTCONDITION_REMOVED
version 1: gelli-2.0.0
version 2: gelli-3.0.0
compilation unit: 0041-gelli-v1.0.0/app/src/main/java/com/dkanada/gramophone/service/MusicService.java
method: getService()
constraints in gelli-2.0.0
	AndroidXNonNull condition: "" , add info: -
constraints in gelli-3.0.0

POSTCONDITION_REMOVED
version 1: gelli-2.0.0
version 2: gelli-3.0.0
compilation unit: 0041-gelli-v1.0.0/app/src/main/java/com/dkanada/gramophone/ui/activities/base/AbsBaseActivity.java
method: getPermissionsToRequest()
constraints in gelli-2.0.0
	AndroidXNullable condition: "" , add info: -
constraints in gelli-3.0.0

POSTCONDITION_REMOVED
version 1: gelli-2.0.0
version 2: gelli-3.0.0
compilation unit: 0041-gelli-v1.0.0/app/src/main/java/com/dkanada/gramophone/ui/activities/base/AbsMusicServiceActivity.java
method: getPermissionsToRequest()
constraints in gelli-2.0.0
	AndroidXNullable condition: "" , add info: -
constraints in gelli-3.0.0

POSTCONDITION_REMOVED
version 1: gelli-2.0.0
version 2: gelli-3.0.0
compilation unit: 0041-gelli-v1.0.0/app/src/main/java/com/dkanada/gramophone/ui/activities/GenreDetailActivity.java
method: openCab(int,
constraints in gelli-2.0.0
	AndroidXNonNull condition: "" , add info: -
constraints in gelli-3.0.0

POSTCONDITION_REMOVED
version 1: gelli-2.0.0
version 2: gelli-3.0.0
compilation unit: 0041-gelli-v1.0.0/app/src/main/java/com/dkanada/gramophone/ui/activities/PlaylistDetailActivity.java
method: openCab(int,
constraints in gelli-2.0.0
	AndroidXNonNull condition: "" , add info: -
constraints in gelli-3.0.0

POSTCONDITION_REMOVED
version 1: gelli-2.0.0
version 2: gelli-3.0.0
compilation unit: 0041-gelli-v1.0.0/app/src/main/java/com/dkanada/gramophone/ui/activities/SettingsActivity.java
method: onCreatePreferenceDialog(Preference)
constraints in gelli-2.0.0
	AndroidXNullable condition: "" , add info: -
constraints in gelli-3.0.0

POSTCONDITION_REMOVED
version 1: gelli-2.0.0
version 2: gelli-3.0.0
compilation unit: 0041-gelli-v1.0.0/app/src/main/java/com/dkanada/gramophone/ui/fragments/mainactivity/library/LibraryFragment.java
method: openCab(int,
constraints in gelli-2.0.0
	AndroidXNonNull condition: "" , add info: -
constraints in gelli-3.0.0

POSTCONDITION_REMOVED
version 1: gelli-2.0.0
version 2: gelli-3.0.0
compilation unit: 0041-gelli-v1.0.0/app/src/main/java/com/dkanada/gramophone/ui/fragments/mainactivity/library/pager/AbsLibraryPagerRecyclerViewCustomGridSizeFragment.java
method: getItemLayoutRes()
constraints in gelli-2.0.0
	AndroidXLayoutRes condition: "" , add info: -
constraints in gelli-3.0.0

POSTCONDITION_REMOVED
version 1: gelli-2.0.0
version 2: gelli-3.0.0
compilation unit: 0041-gelli-v1.0.0/app/src/main/java/com/dkanada/gramophone/ui/fragments/mainactivity/library/pager/AbsLibraryPagerRecyclerViewFragment.java
method: getEmptyMessage()
constraints in gelli-2.0.0
	AndroidXStringRes condition: "" , add info: -
constraints in gelli-3.0.0

POSTCONDITION_REMOVED
version 1: gelli-2.0.0
version 2: gelli-3.0.0
compilation unit: 0041-gelli-v1.0.0/app/src/main/java/com/dkanada/gramophone/ui/fragments/mainactivity/library/pager/AbsLibraryPagerRecyclerViewFragment.java
method: getLayoutRes()
constraints in gelli-2.0.0
	AndroidXLayoutRes condition: "" , add info: -
constraints in gelli-3.0.0

POSTCONDITION_REMOVED
version 1: gelli-2.0.0
version 2: gelli-3.0.0
compilation unit: 0041-gelli-v1.0.0/app/src/main/java/com/dkanada/gramophone/ui/fragments/mainactivity/library/pager/AbsLibraryPagerRecyclerViewFragment.java
method: createAdapter()
constraints in gelli-2.0.0
	AndroidXNonNull condition: "" , add info: -
constraints in gelli-3.0.0

POSTCONDITION_REMOVED
version 1: gelli-2.0.0
version 2: gelli-3.0.0
compilation unit: 0041-gelli-v1.0.0/app/src/main/java/com/dkanada/gramophone/ui/fragments/mainactivity/library/pager/ArtistsFragment.java
method: createLayoutManager()
constraints in gelli-2.0.0
	AndroidXNonNull condition: "" , add info: -
constraints in gelli-3.0.0

POSTCONDITION_REMOVED
version 1: gelli-2.0.0
version 2: gelli-3.0.0
compilation unit: 0041-gelli-v1.0.0/app/src/main/java/com/dkanada/gramophone/ui/fragments/mainactivity/library/pager/ArtistsFragment.java
method: createAdapter()
constraints in gelli-2.0.0
	AndroidXNonNull condition: "" , add info: -
constraints in gelli-3.0.0

POSTCONDITION_REMOVED
version 1: gelli-2.0.0
version 2: gelli-3.0.0
compilation unit: 0041-gelli-v1.0.0/app/src/main/java/com/dkanada/gramophone/ui/fragments/mainactivity/library/pager/ArtistsFragment.java
method: getItemLayoutRes()
constraints in gelli-2.0.0
	AndroidXLayoutRes condition: "" , add info: -
constraints in gelli-3.0.0

POSTCONDITION_REMOVED
version 1: gelli-2.0.0
version 2: gelli-3.0.0
compilation unit: 0041-gelli-v1.0.0/app/src/main/java/com/dkanada/gramophone/ui/fragments/mainactivity/library/pager/GenresFragment.java
method: createLayoutManager()
constraints in gelli-2.0.0
	AndroidXNonNull condition: "" , add info: -
constraints in gelli-3.0.0

POSTCONDITION_REMOVED
version 1: gelli-2.0.0
version 2: gelli-3.0.0
compilation unit: 0041-gelli-v1.0.0/app/src/main/java/com/dkanada/gramophone/ui/fragments/mainactivity/library/pager/GenresFragment.java
method: createAdapter()
constraints in gelli-2.0.0
	AndroidXNonNull condition: "" , add info: -
constraints in gelli-3.0.0

POSTCONDITION_REMOVED
version 1: gelli-2.0.0
version 2: gelli-3.0.0
compilation unit: 0041-gelli-v1.0.0/app/src/main/java/com/dkanada/gramophone/ui/fragments/mainactivity/library/pager/PlaylistsFragment.java
method: createLayoutManager()
constraints in gelli-2.0.0
	AndroidXNonNull condition: "" , add info: -
constraints in gelli-3.0.0

POSTCONDITION_REMOVED
version 1: gelli-2.0.0
version 2: gelli-3.0.0
compilation unit: 0041-gelli-v1.0.0/app/src/main/java/com/dkanada/gramophone/ui/fragments/mainactivity/library/pager/PlaylistsFragment.java
method: createAdapter()
constraints in gelli-2.0.0
	AndroidXNonNull condition: "" , add info: -
constraints in gelli-3.0.0

POSTCONDITION_REMOVED
version 1: gelli-2.0.0
version 2: gelli-3.0.0
compilation unit: 0041-gelli-v1.0.0/app/src/main/java/com/dkanada/gramophone/ui/fragments/mainactivity/library/pager/SongsFragment.java
method: createLayoutManager()
constraints in gelli-2.0.0
	AndroidXNonNull condition: "" , add info: -
constraints in gelli-3.0.0

POSTCONDITION_REMOVED
version 1: gelli-2.0.0
version 2: gelli-3.0.0
compilation unit: 0041-gelli-v1.0.0/app/src/main/java/com/dkanada/gramophone/ui/fragments/mainactivity/library/pager/SongsFragment.java
method: createAdapter()
constraints in gelli-2.0.0
	AndroidXNonNull condition: "" , add info: -
constraints in gelli-3.0.0

POSTCONDITION_REMOVED
version 1: gelli-2.0.0
version 2: gelli-3.0.0
compilation unit: 0041-gelli-v1.0.0/app/src/main/java/com/dkanada/gramophone/ui/fragments/player/card/CardPlayerFragment.java
method: getPaletteColor()
constraints in gelli-2.0.0
	AndroidXColorInt condition: "" , add info: -
constraints in gelli-3.0.0

POSTCONDITION_REMOVED
version 1: gelli-2.0.0
version 2: gelli-3.0.0
compilation unit: 0041-gelli-v1.0.0/app/src/main/java/com/dkanada/gramophone/ui/fragments/player/flat/FlatPlayerFragment.java
method: getPaletteColor()
constraints in gelli-2.0.0
	AndroidXColorInt condition: "" , add info: -
constraints in gelli-3.0.0

POSTCONDITION_REMOVED
version 1: gelli-2.0.0
version 2: gelli-3.0.0
compilation unit: 0041-gelli-v1.0.0/app/src/main/java/com/dkanada/gramophone/util/MusicUtil.java
method: getYearString(int)
constraints in gelli-2.0.0
	AndroidXNonNull condition: "" , add info: -
constraints in gelli-3.0.0

POSTCONDITION_REMOVED
version 1: gelli-2.0.0
version 2: gelli-3.0.0
compilation unit: 0041-gelli-v1.0.0/app/src/main/java/com/dkanada/gramophone/util/PreferenceUtil.java
method: getGeneralTheme()
constraints in gelli-2.0.0
	AndroidXStyleRes condition: "" , add info: -
constraints in gelli-3.0.0

POSTCONDITION_REMOVED
version 1: gelli-2.0.0
version 2: gelli-3.0.0
compilation unit: 0041-gelli-v1.0.0/app/src/main/java/com/dkanada/gramophone/util/PreferenceUtil.java
method: getThemeResFromPrefValue(String)
constraints in gelli-2.0.0
	AndroidXStyleRes condition: "" , add info: -
constraints in gelli-3.0.0

POSTCONDITION_REMOVED
version 1: gelli-2.0.0
version 2: gelli-3.0.0
compilation unit: 0041-gelli-v1.0.0/app/src/main/java/com/dkanada/gramophone/util/ThemeUtil.java
method: generatePalette(Bitmap)
constraints in gelli-2.0.0
	AndroidXNullable condition: "" , add info: -
constraints in gelli-3.0.0

POSTCONDITION_REMOVED
version 1: geopaparazzi-2.0.0
version 2: geopaparazzi-3.0.0
compilation unit: 0123-geopaparazzi-version_4.2.3/geopaparazzispatialitelibrary/src/eu/geopaparazzi/spatialite/database/spatial/core/enums/GeometryType.java
method: forValue(String)
constraints in geopaparazzi-2.0.0
	AndroidSuppressLint condition: ""DefaultLocale"" , add info: -
constraints in geopaparazzi-3.0.0

POSTCONDITION_REMOVED
version 1: getback_gps-2.0.0
version 2: getback_gps-3.0.0
compilation unit: 0097-getback_gps-v0.1/src/com/github/ruleant/getback_gps/SettingsActivity.java
method: onBuildHeaders(List<Header>)
constraints in getback_gps-2.0.0
	AndroidTargetApi condition: "Build.VERSION_CODES.HONEYCOMB" , add info: -
constraints in getback_gps-3.0.0

POSTCONDITION_REMOVED
version 1: gpstest-2.0.0
version 2: gpstest-3.0.0
compilation unit: 0150-gpstest-v3.5.4/GPSTest/src/google/java/com/android/gpstest/GpsMapFragment.java
method: onSatelliteStatusChanged(GnssStatus)
constraints in gpstest-2.0.0
	AndroidXRequiresApi condition: "[api = Build.VERSION_CODES.N]" , add info: -
constraints in gpstest-3.0.0

POSTCONDITION_REMOVED
version 1: gpstest-2.0.0
version 2: gpstest-3.0.0
compilation unit: 0150-gpstest-v3.5.4/GPSTest/src/main/java/com/android/gpstest/GpsSkyFragment.java
method: onSatelliteStatusChanged(GnssStatus)
constraints in gpstest-2.0.0
	AndroidXRequiresApi condition: "[api = Build.VERSION_CODES.N]" , add info: -
constraints in gpstest-3.0.0

POSTCONDITION_REMOVED
version 1: gpstest-2.0.0
version 2: gpstest-3.0.0
compilation unit: 0150-gpstest-v3.5.4/GPSTest/src/main/java/com/android/gpstest/GpsSkyFragment.java
method: onGnssMeasurementsReceived(GnssMeasurementsEvent)
constraints in gpstest-2.0.0
	AndroidXRequiresApi condition: "[api = Build.VERSION_CODES.N]" , add info: -
constraints in gpstest-3.0.0

POSTCONDITION_REMOVED
version 1: gpstest-2.0.0
version 2: gpstest-3.0.0
compilation unit: 0150-gpstest-v3.5.4/GPSTest/src/main/java/com/android/gpstest/GpsStatusFragment.java
method: gpsStart()
constraints in gpstest-2.0.0
	AndroidSuppressLint condition: ""NewApi"" , add info: -
constraints in gpstest-3.0.0

POSTCONDITION_REMOVED
version 1: gpstest-2.0.0
version 2: gpstest-3.0.0
compilation unit: 0150-gpstest-v3.5.4/GPSTest/src/main/java/com/android/gpstest/GpsStatusFragment.java
method: onSatelliteStatusChanged(GnssStatus)
constraints in gpstest-2.0.0
	AndroidXRequiresApi condition: "[api = Build.VERSION_CODES.N]" , add info: -
constraints in gpstest-3.0.0

POSTCONDITION_REMOVED
version 1: gpstest-2.0.0
version 2: gpstest-3.0.0
compilation unit: 0150-gpstest-v3.5.4/GPSTest/src/main/java/com/android/gpstest/GpsStatusFragment.java
method: onGnssMeasurementsReceived(GnssMeasurementsEvent)
constraints in gpstest-2.0.0
	AndroidXRequiresApi condition: "[api = Build.VERSION_CODES.N]" , add info: -
constraints in gpstest-3.0.0

POSTCONDITION_REMOVED
version 1: gpstest-2.0.0
version 2: gpstest-3.0.0
compilation unit: 0150-gpstest-v3.5.4/GPSTest/src/main/java/com/android/gpstest/GpsTestActivity.java
method: onSensorChanged(SensorEvent)
constraints in gpstest-2.0.0
	AndroidTargetApi condition: "Build.VERSION_CODES.GINGERBREAD" , add info: -
constraints in gpstest-3.0.0

POSTCONDITION_REMOVED
version 1: gpstest-2.0.0
version 2: gpstest-3.0.0
compilation unit: 0150-gpstest-v3.5.4/GPSTest/src/main/java/com/android/gpstest/io/FileLogger.java
method: onGnssMeasurementsReceived(GnssMeasurementsEvent)
constraints in gpstest-2.0.0
	AndroidXRequiresApi condition: "[api = Build.VERSION_CODES.N]" , add info: -
constraints in gpstest-3.0.0

POSTCONDITION_REMOVED
version 1: gpstest-2.0.0
version 2: gpstest-3.0.0
compilation unit: 0150-gpstest-v3.5.4/GPSTest/src/main/java/com/android/gpstest/io/FileLogger.java
method: onGnssNavigationMessageReceived(GnssNavigationMessage)
constraints in gpstest-2.0.0
	AndroidXRequiresApi condition: "[api = Build.VERSION_CODES.N]" , add info: -
constraints in gpstest-3.0.0

POSTCONDITION_REMOVED
version 1: gpstest-2.0.0
version 2: gpstest-3.0.0
compilation unit: 0150-gpstest-v3.5.4/GPSTest/src/main/java/com/android/gpstest/util/IOUtils.java
method: writeNavMessageToAndroidStudio(GnssNavigationMessage)
constraints in gpstest-2.0.0
	AndroidXRequiresApi condition: "[api = Build.VERSION_CODES.N]" , add info: -
constraints in gpstest-3.0.0

POSTCONDITION_REMOVED
version 1: gpstest-2.0.0
version 2: gpstest-3.0.0
compilation unit: 0150-gpstest-v3.5.4/GPSTest/src/main/java/com/android/gpstest/util/IOUtils.java
method: writeGnssMeasurementToAndroidStudio(GnssMeasurement)
constraints in gpstest-2.0.0
	AndroidXRequiresApi condition: "[api = Build.VERSION_CODES.N]" , add info: -
constraints in gpstest-3.0.0

POSTCONDITION_REMOVED
version 1: gpstest-2.0.0
version 2: gpstest-3.0.0
compilation unit: 0150-gpstest-v3.5.4/GPSTest/src/main/java/com/android/gpstest/util/PreferenceUtils.java
method: saveString(SharedPreferences,
constraints in gpstest-2.0.0
	AndroidTargetApi condition: "9" , add info: -
constraints in gpstest-3.0.0

POSTCONDITION_REMOVED
version 1: gpstest-2.0.0
version 2: gpstest-3.0.0
compilation unit: 0150-gpstest-v3.5.4/GPSTest/src/main/java/com/android/gpstest/util/PreferenceUtils.java
method: saveInt(SharedPreferences,
constraints in gpstest-2.0.0
	AndroidTargetApi condition: "9" , add info: -
constraints in gpstest-3.0.0

POSTCONDITION_REMOVED
version 1: gpstest-2.0.0
version 2: gpstest-3.0.0
compilation unit: 0150-gpstest-v3.5.4/GPSTest/src/main/java/com/android/gpstest/util/PreferenceUtils.java
method: saveLong(SharedPreferences,
constraints in gpstest-2.0.0
	AndroidTargetApi condition: "9" , add info: -
constraints in gpstest-3.0.0

POSTCONDITION_REMOVED
version 1: gpstest-2.0.0
version 2: gpstest-3.0.0
compilation unit: 0150-gpstest-v3.5.4/GPSTest/src/main/java/com/android/gpstest/util/PreferenceUtils.java
method: saveBoolean(SharedPreferences,
constraints in gpstest-2.0.0
	AndroidTargetApi condition: "9" , add info: -
constraints in gpstest-3.0.0

POSTCONDITION_REMOVED
version 1: gpstest-2.0.0
version 2: gpstest-3.0.0
compilation unit: 0150-gpstest-v3.5.4/GPSTest/src/main/java/com/android/gpstest/util/PreferenceUtils.java
method: saveFloat(SharedPreferences,
constraints in gpstest-2.0.0
	AndroidTargetApi condition: "9" , add info: -
constraints in gpstest-3.0.0

POSTCONDITION_REMOVED
version 1: gpstest-2.0.0
version 2: gpstest-3.0.0
compilation unit: 0150-gpstest-v3.5.4/GPSTest/src/main/java/com/android/gpstest/util/PreferenceUtils.java
method: saveDouble(SharedPreferences,
constraints in gpstest-2.0.0
	AndroidTargetApi condition: "9" , add info: -
constraints in gpstest-3.0.0

POSTCONDITION_REMOVED
version 1: gpstest-2.0.0
version 2: gpstest-3.0.0
compilation unit: 0150-gpstest-v3.5.4/GPSTest/src/main/java/com/android/gpstest/util/PreferenceUtils.java
method: saveDouble(String,
constraints in gpstest-2.0.0
	AndroidTargetApi condition: "9" , add info: -
constraints in gpstest-3.0.0

POSTCONDITION_REMOVED
version 1: gpstest-2.0.0
version 2: gpstest-3.0.0
compilation unit: 0150-gpstest-v3.5.4/GPSTest/src/main/java/com/android/gpstest/util/SatelliteUtils.java
method: getSbasConstellationTypeLegacy(int)
constraints in gpstest-2.0.0
	AndroidSuppressLint condition: ""NewApi"" , add info: -
constraints in gpstest-3.0.0

POSTCONDITION_REMOVED
version 1: gpstest-2.0.0
version 2: gpstest-3.0.0
compilation unit: 0150-gpstest-v3.5.4/GPSTest/src/main/java/com/android/gpstest/util/SatelliteUtils.java
method: getGnssConstellationType(int)
constraints in gpstest-2.0.0
	AndroidXRequiresApi condition: "[api = Build.VERSION_CODES.N]" , add info: -
constraints in gpstest-3.0.0

POSTCONDITION_REMOVED
version 1: gpstest-2.0.0
version 2: gpstest-3.0.0
compilation unit: 0150-gpstest-v3.5.4/GPSTest/src/main/java/com/android/gpstest/util/SatelliteUtils.java
method: getSbasConstellationType(int)
constraints in gpstest-2.0.0
	AndroidXRequiresApi condition: "[api = Build.VERSION_CODES.N]" , add info: -
constraints in gpstest-3.0.0

POSTCONDITION_REMOVED
version 1: gpstest-2.0.0
version 2: gpstest-3.0.0
compilation unit: 0150-gpstest-v3.5.4/GPSTest/src/main/java/com/android/gpstest/util/SatelliteUtils.java
method: getSatelliteName(GnssType,
constraints in gpstest-2.0.0
	AndroidXRequiresApi condition: "[api = Build.VERSION_CODES.N]" , add info: -
constraints in gpstest-3.0.0

POSTCONDITION_REMOVED
version 1: gpstest-2.0.0
version 2: gpstest-3.0.0
compilation unit: 0150-gpstest-v3.5.4/GPSTest/src/main/java/com/android/gpstest/view/GpsSkyView.java
method: setGnssStatus(GnssStatus)
constraints in gpstest-2.0.0
	AndroidXRequiresApi condition: "[api = Build.VERSION_CODES.N]" , add info: -
constraints in gpstest-3.0.0

POSTCONDITION_REMOVED
version 1: gpstest-2.0.0
version 2: gpstest-3.0.0
compilation unit: 0150-gpstest-v3.5.4/GPSTest/src/main/java/com/android/gpstest/view/GpsSkyView.java
method: setGnssMeasurementEvent(GnssMeasurementsEvent)
constraints in gpstest-2.0.0
	AndroidXRequiresApi condition: "[api = Build.VERSION_CODES.N]" , add info: -
constraints in gpstest-3.0.0

POSTCONDITION_REMOVED
version 1: gpstest-2.0.0
version 2: gpstest-3.0.0
compilation unit: 0150-gpstest-v3.5.4/GPSTest/src/main/java/com/android/gpstest/view/GpsSkyView.java
method: onSatelliteStatusChanged(GnssStatus)
constraints in gpstest-2.0.0
	AndroidXRequiresApi condition: "[api = Build.VERSION_CODES.N]" , add info: -
constraints in gpstest-3.0.0

POSTCONDITION_REMOVED
version 1: gpstest-2.0.0
version 2: gpstest-3.0.0
compilation unit: 0150-gpstest-v3.5.4/GPSTest/src/main/java/com/android/gpstest/view/GpsSkyView.java
method: onGnssMeasurementsReceived(GnssMeasurementsEvent)
constraints in gpstest-2.0.0
	AndroidXRequiresApi condition: "[api = Build.VERSION_CODES.N]" , add info: -
constraints in gpstest-3.0.0

POSTCONDITION_REMOVED
version 1: gpstest-2.0.0
version 2: gpstest-3.0.0
compilation unit: 0150-gpstest-v3.5.4/GPSTest/src/osmdroid/java/com/android/gpstest/GpsMapFragment.java
method: onSatelliteStatusChanged(GnssStatus)
constraints in gpstest-2.0.0
	AndroidXRequiresApi condition: "[api = Build.VERSION_CODES.N]" , add info: -
constraints in gpstest-3.0.0

POSTCONDITION_REMOVED
version 1: green_android-2.0.0
version 2: green_android-3.0.0
compilation unit: 0240-green_android-release_3.1.2/app/src/main/java/com/greenaddress/greenbits/KeyStoreAES.java
method: createKey(boolean,
constraints in green_android-2.0.0
	AndroidTargetApi condition: "Build.VERSION_CODES.M" , add info: -
constraints in green_android-3.0.0

POSTCONDITION_REMOVED
version 1: green_android-2.0.0
version 2: green_android-3.0.0
compilation unit: 0240-green_android-release_3.1.2/app/src/main/java/com/greenaddress/greenbits/KeyStoreAES.java
method: tryEncrypt(GaService)
constraints in green_android-2.0.0
	AndroidTargetApi condition: "Build.VERSION_CODES.M" , add info: -
constraints in green_android-3.0.0

POSTCONDITION_REMOVED
version 1: green_android-2.0.0
version 2: green_android-3.0.0
compilation unit: 0240-green_android-release_3.1.2/app/src/main/java/com/greenaddress/greenbits/KeyStoreAES.java
method: showAuthenticationScreen(Activity)
constraints in green_android-2.0.0
	AndroidTargetApi condition: "Build.VERSION_CODES.LOLLIPOP" , add info: -
constraints in green_android-3.0.0

POSTCONDITION_REMOVED
version 1: grocy-2.0.0
version 2: grocy-3.0.0
compilation unit: 0060-grocy-android-v1.0.0/app/src/main/java/xyz/zedler/patrick/grocy/adapter/LocationAdapter.java
method: onCreateViewHolder(ViewGroup,
constraints in grocy-2.0.0
	AndroidXNonNull condition: "" , add info: -
constraints in grocy-3.0.0

POSTCONDITION_REMOVED
version 1: grocy-2.0.0
version 2: grocy-3.0.0
compilation unit: 0060-grocy-android-v1.0.0/app/src/main/java/xyz/zedler/patrick/grocy/adapter/MasterLocationAdapter.java
method: onCreateViewHolder(ViewGroup,
constraints in grocy-2.0.0
	AndroidXNonNull condition: "" , add info: -
constraints in grocy-3.0.0

POSTCONDITION_REMOVED
version 1: grocy-2.0.0
version 2: grocy-3.0.0
compilation unit: 0060-grocy-android-v1.0.0/app/src/main/java/xyz/zedler/patrick/grocy/adapter/MasterPlaceholderAdapter.java
method: onCreateViewHolder(ViewGroup,
constraints in grocy-2.0.0
	AndroidXNonNull condition: "" , add info: -
constraints in grocy-3.0.0

POSTCONDITION_REMOVED
version 1: grocy-2.0.0
version 2: grocy-3.0.0
compilation unit: 0060-grocy-android-v1.0.0/app/src/main/java/xyz/zedler/patrick/grocy/adapter/MasterProductAdapter.java
method: onCreateViewHolder(ViewGroup,
constraints in grocy-2.0.0
	AndroidXNonNull condition: "" , add info: -
constraints in grocy-3.0.0

POSTCONDITION_REMOVED
version 1: grocy-2.0.0
version 2: grocy-3.0.0
compilation unit: 0060-grocy-android-v1.0.0/app/src/main/java/xyz/zedler/patrick/grocy/adapter/MasterProductGroupAdapter.java
method: onCreateViewHolder(ViewGroup,
constraints in grocy-2.0.0
	AndroidXNonNull condition: "" , add info: -
constraints in grocy-3.0.0

POSTCONDITION_REMOVED
version 1: grocy-2.0.0
version 2: grocy-3.0.0
compilation unit: 0060-grocy-android-v1.0.0/app/src/main/java/xyz/zedler/patrick/grocy/adapter/MasterQuantityUnitAdapter.java
method: onCreateViewHolder(ViewGroup,
constraints in grocy-2.0.0
	AndroidXNonNull condition: "" , add info: -
constraints in grocy-3.0.0

POSTCONDITION_REMOVED
version 1: grocy-2.0.0
version 2: grocy-3.0.0
compilation unit: 0060-grocy-android-v1.0.0/app/src/main/java/xyz/zedler/patrick/grocy/adapter/MasterStoreAdapter.java
method: onCreateViewHolder(ViewGroup,
constraints in grocy-2.0.0
	AndroidXNonNull condition: "" , add info: -
constraints in grocy-3.0.0

POSTCONDITION_REMOVED
version 1: grocy-2.0.0
version 2: grocy-3.0.0
compilation unit: 0060-grocy-android-v1.0.0/app/src/main/java/xyz/zedler/patrick/grocy/adapter/MatchArrayAdapter.java
method: getFilter()
constraints in grocy-2.0.0
	AndroidXNonNull condition: "" , add info: -
constraints in grocy-3.0.0

POSTCONDITION_REMOVED
version 1: grocy-2.0.0
version 2: grocy-3.0.0
compilation unit: 0060-grocy-android-v1.0.0/app/src/main/java/xyz/zedler/patrick/grocy/adapter/MissingBatchItemAdapter.java
method: onCreateViewHolder(ViewGroup,
constraints in grocy-2.0.0
	AndroidXNonNull condition: "" , add info: -
constraints in grocy-3.0.0

POSTCONDITION_REMOVED
version 1: grocy-2.0.0
version 2: grocy-3.0.0
compilation unit: 0060-grocy-android-v1.0.0/app/src/main/java/xyz/zedler/patrick/grocy/adapter/ProductGroupAdapter.java
method: onCreateViewHolder(ViewGroup,
constraints in grocy-2.0.0
	AndroidXNonNull condition: "" , add info: -
constraints in grocy-3.0.0

POSTCONDITION_REMOVED
version 1: grocy-2.0.0
version 2: grocy-3.0.0
compilation unit: 0060-grocy-android-v1.0.0/app/src/main/java/xyz/zedler/patrick/grocy/adapter/QuantityUnitAdapter.java
method: onCreateViewHolder(ViewGroup,
constraints in grocy-2.0.0
	AndroidXNonNull condition: "" , add info: -
constraints in grocy-3.0.0

POSTCONDITION_REMOVED
version 1: grocy-2.0.0
version 2: grocy-3.0.0
compilation unit: 0060-grocy-android-v1.0.0/app/src/main/java/xyz/zedler/patrick/grocy/adapter/ShoppingListAdapter.java
method: onCreateViewHolder(ViewGroup,
constraints in grocy-2.0.0
	AndroidXNonNull condition: "" , add info: -
constraints in grocy-3.0.0

POSTCONDITION_REMOVED
version 1: grocy-2.0.0
version 2: grocy-3.0.0
compilation unit: 0060-grocy-android-v1.0.0/app/src/main/java/xyz/zedler/patrick/grocy/adapter/StockEntryAdapter.java
method: onCreateViewHolder(ViewGroup,
constraints in grocy-2.0.0
	AndroidXNonNull condition: "" , add info: -
constraints in grocy-3.0.0

POSTCONDITION_REMOVED
version 1: grocy-2.0.0
version 2: grocy-3.0.0
compilation unit: 0060-grocy-android-v1.0.0/app/src/main/java/xyz/zedler/patrick/grocy/adapter/StockItemAdapter.java
method: onCreateViewHolder(ViewGroup,
constraints in grocy-2.0.0
	AndroidXNonNull condition: "" , add info: -
constraints in grocy-3.0.0

POSTCONDITION_REMOVED
version 1: grocy-2.0.0
version 2: grocy-3.0.0
compilation unit: 0060-grocy-android-v1.0.0/app/src/main/java/xyz/zedler/patrick/grocy/adapter/StockLocationAdapter.java
method: onCreateViewHolder(ViewGroup,
constraints in grocy-2.0.0
	AndroidXNonNull condition: "" , add info: -
constraints in grocy-3.0.0

POSTCONDITION_REMOVED
version 1: grocy-2.0.0
version 2: grocy-3.0.0
compilation unit: 0060-grocy-android-v1.0.0/app/src/main/java/xyz/zedler/patrick/grocy/adapter/StockPlaceholderAdapter.java
method: onCreateViewHolder(ViewGroup,
constraints in grocy-2.0.0
	AndroidXNonNull condition: "" , add info: -
constraints in grocy-3.0.0

POSTCONDITION_REMOVED
version 1: grocy-2.0.0
version 2: grocy-3.0.0
compilation unit: 0060-grocy-android-v1.0.0/app/src/main/java/xyz/zedler/patrick/grocy/adapter/StoreAdapter.java
method: onCreateViewHolder(ViewGroup,
constraints in grocy-2.0.0
	AndroidXNonNull condition: "" , add info: -
constraints in grocy-3.0.0

POSTCONDITION_REMOVED
version 1: grocy-2.0.0
version 2: grocy-3.0.0
compilation unit: 0060-grocy-android-v1.0.0/app/src/main/java/xyz/zedler/patrick/grocy/animator/ItemAnimator.java
method: toString()
constraints in grocy-2.0.0
	AndroidXNonNull condition: "" , add info: -
constraints in grocy-3.0.0

POSTCONDITION_REMOVED
version 1: grocy-2.0.0
version 2: grocy-3.0.0
compilation unit: 0060-grocy-android-v1.0.0/app/src/main/java/xyz/zedler/patrick/grocy/behavior/SwipeBehavior.java
method: attachToRecyclerView(RecyclerView)
constraints in grocy-2.0.0
	AndroidSuppressLint condition: ""ClickableViewAccessibility"" , add info: -
constraints in grocy-3.0.0

POSTCONDITION_REMOVED
version 1: grocy-2.0.0
version 2: grocy-3.0.0
compilation unit: 0060-grocy-android-v1.0.0/app/src/main/java/xyz/zedler/patrick/grocy/FeaturesActivity.java
method: onCreate(Bundle)
constraints in grocy-2.0.0
	AndroidSuppressLint condition: ""ClickableViewAccessibility"" , add info: -
constraints in grocy-3.0.0

POSTCONDITION_REMOVED
version 1: grocy-2.0.0
version 2: grocy-3.0.0
compilation unit: 0060-grocy-android-v1.0.0/app/src/main/java/xyz/zedler/patrick/grocy/FeaturesActivity.java
method: getItem(int)
constraints in grocy-2.0.0
	AndroidXNonNull condition: "" , add info: -
constraints in grocy-3.0.0

POSTCONDITION_REMOVED
version 1: grocy-2.0.0
version 2: grocy-3.0.0
compilation unit: 0060-grocy-android-v1.0.0/app/src/main/java/xyz/zedler/patrick/grocy/fragment/bottomSheetDialog/BatchChooseBottomSheetDialogFragment.java
method: onCreateDialog(Bundle)
constraints in grocy-2.0.0
	AndroidXNonNull condition: "" , add info: -
constraints in grocy-3.0.0

POSTCONDITION_REMOVED
version 1: grocy-2.0.0
version 2: grocy-3.0.0
compilation unit: 0060-grocy-android-v1.0.0/app/src/main/java/xyz/zedler/patrick/grocy/fragment/bottomSheetDialog/BatchChooseBottomSheetDialogFragment.java
method: toString()
constraints in grocy-2.0.0
	AndroidXNonNull condition: "" , add info: -
constraints in grocy-3.0.0

POSTCONDITION_REMOVED
version 1: grocy-2.0.0
version 2: grocy-3.0.0
compilation unit: 0060-grocy-android-v1.0.0/app/src/main/java/xyz/zedler/patrick/grocy/fragment/bottomSheetDialog/BatchConfigBottomSheetDialogFragment.java
method: onCreateDialog(Bundle)
constraints in grocy-2.0.0
	AndroidXNonNull condition: "" , add info: -
constraints in grocy-3.0.0

POSTCONDITION_REMOVED
version 1: grocy-2.0.0
version 2: grocy-3.0.0
compilation unit: 0060-grocy-android-v1.0.0/app/src/main/java/xyz/zedler/patrick/grocy/fragment/bottomSheetDialog/BatchConfigBottomSheetDialogFragment.java
method: toString()
constraints in grocy-2.0.0
	AndroidXNonNull condition: "" , add info: -
constraints in grocy-3.0.0

POSTCONDITION_REMOVED
version 1: grocy-2.0.0
version 2: grocy-3.0.0
compilation unit: 0060-grocy-android-v1.0.0/app/src/main/java/xyz/zedler/patrick/grocy/fragment/bottomSheetDialog/BBDateBottomSheetDialogFragment.java
method: onCreateDialog(Bundle)
constraints in grocy-2.0.0
	AndroidXNonNull condition: "" , add info: -
constraints in grocy-3.0.0

POSTCONDITION_REMOVED
version 1: grocy-2.0.0
version 2: grocy-3.0.0
compilation unit: 0060-grocy-android-v1.0.0/app/src/main/java/xyz/zedler/patrick/grocy/fragment/bottomSheetDialog/BBDateBottomSheetDialogFragment.java
method: toString()
constraints in grocy-2.0.0
	AndroidXNonNull condition: "" , add info: -
constraints in grocy-3.0.0

POSTCONDITION_REMOVED
version 1: grocy-2.0.0
version 2: grocy-3.0.0
compilation unit: 0060-grocy-android-v1.0.0/app/src/main/java/xyz/zedler/patrick/grocy/fragment/bottomSheetDialog/DrawerBottomSheetDialogFragment.java
method: onCreateDialog(Bundle)
constraints in grocy-2.0.0
	AndroidXNonNull condition: "" , add info: -
constraints in grocy-3.0.0

POSTCONDITION_REMOVED
version 1: grocy-2.0.0
version 2: grocy-3.0.0
compilation unit: 0060-grocy-android-v1.0.0/app/src/main/java/xyz/zedler/patrick/grocy/fragment/bottomSheetDialog/DrawerBottomSheetDialogFragment.java
method: toString()
constraints in grocy-2.0.0
	AndroidXNonNull condition: "" , add info: -
constraints in grocy-3.0.0

POSTCONDITION_REMOVED
version 1: grocy-2.0.0
version 2: grocy-3.0.0
compilation unit: 0060-grocy-android-v1.0.0/app/src/main/java/xyz/zedler/patrick/grocy/fragment/bottomSheetDialog/ExitMissingBatchBottomSheetDialogFragment.java
method: onCreateDialog(Bundle)
constraints in grocy-2.0.0
	AndroidXNonNull condition: "" , add info: -
constraints in grocy-3.0.0

POSTCONDITION_REMOVED
version 1: grocy-2.0.0
version 2: grocy-3.0.0
compilation unit: 0060-grocy-android-v1.0.0/app/src/main/java/xyz/zedler/patrick/grocy/fragment/bottomSheetDialog/ExitMissingBatchBottomSheetDialogFragment.java
method: toString()
constraints in grocy-2.0.0
	AndroidXNonNull condition: "" , add info: -
constraints in grocy-3.0.0

POSTCONDITION_REMOVED
version 1: grocy-2.0.0
version 2: grocy-3.0.0
compilation unit: 0060-grocy-android-v1.0.0/app/src/main/java/xyz/zedler/patrick/grocy/fragment/bottomSheetDialog/ExitScanBatchBottomSheetDialogFragment.java
method: onCreateDialog(Bundle)
constraints in grocy-2.0.0
	AndroidXNonNull condition: "" , add info: -
constraints in grocy-3.0.0

POSTCONDITION_REMOVED
version 1: grocy-2.0.0
version 2: grocy-3.0.0
compilation unit: 0060-grocy-android-v1.0.0/app/src/main/java/xyz/zedler/patrick/grocy/fragment/bottomSheetDialog/ExitScanBatchBottomSheetDialogFragment.java
method: toString()
constraints in grocy-2.0.0
	AndroidXNonNull condition: "" , add info: -
constraints in grocy-3.0.0

POSTCONDITION_REMOVED
version 1: grocy-2.0.0
version 2: grocy-3.0.0
compilation unit: 0060-grocy-android-v1.0.0/app/src/main/java/xyz/zedler/patrick/grocy/fragment/bottomSheetDialog/FeedbackBottomSheetDialogFragment.java
method: onCreateDialog(Bundle)
constraints in grocy-2.0.0
	AndroidXNonNull condition: "" , add info: -
constraints in grocy-3.0.0

POSTCONDITION_REMOVED
version 1: grocy-2.0.0
version 2: grocy-3.0.0
compilation unit: 0060-grocy-android-v1.0.0/app/src/main/java/xyz/zedler/patrick/grocy/fragment/bottomSheetDialog/FeedbackBottomSheetDialogFragment.java
method: toString()
constraints in grocy-2.0.0
	AndroidXNonNull condition: "" , add info: -
constraints in grocy-3.0.0

POSTCONDITION_REMOVED
version 1: grocy-2.0.0
version 2: grocy-3.0.0
compilation unit: 0060-grocy-android-v1.0.0/app/src/main/java/xyz/zedler/patrick/grocy/fragment/bottomSheetDialog/InputBarcodeBottomSheetDialogFragment.java
method: onCreateDialog(Bundle)
constraints in grocy-2.0.0
	AndroidXNonNull condition: "" , add info: -
constraints in grocy-3.0.0

POSTCONDITION_REMOVED
version 1: grocy-2.0.0
version 2: grocy-3.0.0
compilation unit: 0060-grocy-android-v1.0.0/app/src/main/java/xyz/zedler/patrick/grocy/fragment/bottomSheetDialog/InputBarcodeBottomSheetDialogFragment.java
method: toString()
constraints in grocy-2.0.0
	AndroidXNonNull condition: "" , add info: -
constraints in grocy-3.0.0

POSTCONDITION_REMOVED
version 1: grocy-2.0.0
version 2: grocy-3.0.0
compilation unit: 0060-grocy-android-v1.0.0/app/src/main/java/xyz/zedler/patrick/grocy/fragment/bottomSheetDialog/InputNameBottomSheetDialogFragment.java
method: onCreateDialog(Bundle)
constraints in grocy-2.0.0
	AndroidXNonNull condition: "" , add info: -
constraints in grocy-3.0.0

POSTCONDITION_REMOVED
version 1: grocy-2.0.0
version 2: grocy-3.0.0
compilation unit: 0060-grocy-android-v1.0.0/app/src/main/java/xyz/zedler/patrick/grocy/fragment/bottomSheetDialog/InputNameBottomSheetDialogFragment.java
method: toString()
constraints in grocy-2.0.0
	AndroidXNonNull condition: "" , add info: -
constraints in grocy-3.0.0

POSTCONDITION_REMOVED
version 1: grocy-2.0.0
version 2: grocy-3.0.0
compilation unit: 0060-grocy-android-v1.0.0/app/src/main/java/xyz/zedler/patrick/grocy/fragment/bottomSheetDialog/LocationsBottomSheetDialogFragment.java
method: onCreateDialog(Bundle)
constraints in grocy-2.0.0
	AndroidXNonNull condition: "" , add info: -
constraints in grocy-3.0.0

POSTCONDITION_REMOVED
version 1: grocy-2.0.0
version 2: grocy-3.0.0
compilation unit: 0060-grocy-android-v1.0.0/app/src/main/java/xyz/zedler/patrick/grocy/fragment/bottomSheetDialog/LocationsBottomSheetDialogFragment.java
method: toString()
constraints in grocy-2.0.0
	AndroidXNonNull condition: "" , add info: -
constraints in grocy-3.0.0

POSTCONDITION_REMOVED
version 1: grocy-2.0.0
version 2: grocy-3.0.0
compilation unit: 0060-grocy-android-v1.0.0/app/src/main/java/xyz/zedler/patrick/grocy/fragment/bottomSheetDialog/LogoutBottomSheetDialogFragment.java
method: onCreateDialog(Bundle)
constraints in grocy-2.0.0
	AndroidXNonNull condition: "" , add info: -
constraints in grocy-3.0.0

POSTCONDITION_REMOVED
version 1: grocy-2.0.0
version 2: grocy-3.0.0
compilation unit: 0060-grocy-android-v1.0.0/app/src/main/java/xyz/zedler/patrick/grocy/fragment/bottomSheetDialog/LogoutBottomSheetDialogFragment.java
method: toString()
constraints in grocy-2.0.0
	AndroidXNonNull condition: "" , add info: -
constraints in grocy-3.0.0

POSTCONDITION_REMOVED
version 1: grocy-2.0.0
version 2: grocy-3.0.0
compilation unit: 0060-grocy-android-v1.0.0/app/src/main/java/xyz/zedler/patrick/grocy/fragment/bottomSheetDialog/MasterDataBottomSheetDialogFragment.java
method: onCreateDialog(Bundle)
constraints in grocy-2.0.0
	AndroidXNonNull condition: "" , add info: -
constraints in grocy-3.0.0

POSTCONDITION_REMOVED
version 1: grocy-2.0.0
version 2: grocy-3.0.0
compilation unit: 0060-grocy-android-v1.0.0/app/src/main/java/xyz/zedler/patrick/grocy/fragment/bottomSheetDialog/MasterDataBottomSheetDialogFragment.java
method: toString()
constraints in grocy-2.0.0
	AndroidXNonNull condition: "" , add info: -
constraints in grocy-3.0.0

POSTCONDITION_REMOVED
version 1: grocy-2.0.0
version 2: grocy-3.0.0
compilation unit: 0060-grocy-android-v1.0.0/app/src/main/java/xyz/zedler/patrick/grocy/fragment/bottomSheetDialog/MasterDeleteBottomSheetDialogFragment.java
method: onCreateDialog(Bundle)
constraints in grocy-2.0.0
	AndroidXNonNull condition: "" , add info: -
constraints in grocy-3.0.0

POSTCONDITION_REMOVED
version 1: grocy-2.0.0
version 2: grocy-3.0.0
compilation unit: 0060-grocy-android-v1.0.0/app/src/main/java/xyz/zedler/patrick/grocy/fragment/bottomSheetDialog/MasterDeleteBottomSheetDialogFragment.java
method: toString()
constraints in grocy-2.0.0
	AndroidXNonNull condition: "" , add info: -
constraints in grocy-3.0.0

POSTCONDITION_REMOVED
version 1: grocy-2.0.0
version 2: grocy-3.0.0
compilation unit: 0060-grocy-android-v1.0.0/app/src/main/java/xyz/zedler/patrick/grocy/fragment/bottomSheetDialog/MasterLocationBottomSheetDialogFragment.java
method: onCreateDialog(Bundle)
constraints in grocy-2.0.0
	AndroidXNonNull condition: "" , add info: -
constraints in grocy-3.0.0

POSTCONDITION_REMOVED
version 1: grocy-2.0.0
version 2: grocy-3.0.0
compilation unit: 0060-grocy-android-v1.0.0/app/src/main/java/xyz/zedler/patrick/grocy/fragment/bottomSheetDialog/MasterLocationBottomSheetDialogFragment.java
method: toString()
constraints in grocy-2.0.0
	AndroidXNonNull condition: "" , add info: -
constraints in grocy-3.0.0

POSTCONDITION_REMOVED
version 1: grocy-2.0.0
version 2: grocy-3.0.0
compilation unit: 0060-grocy-android-v1.0.0/app/src/main/java/xyz/zedler/patrick/grocy/fragment/bottomSheetDialog/MasterProductBottomSheetDialogFragment.java
method: onCreateDialog(Bundle)
constraints in grocy-2.0.0
	AndroidXNonNull condition: "" , add info: -
constraints in grocy-3.0.0

POSTCONDITION_REMOVED
version 1: grocy-2.0.0
version 2: grocy-3.0.0
compilation unit: 0060-grocy-android-v1.0.0/app/src/main/java/xyz/zedler/patrick/grocy/fragment/bottomSheetDialog/MasterProductBottomSheetDialogFragment.java
method: toString()
constraints in grocy-2.0.0
	AndroidXNonNull condition: "" , add info: -
constraints in grocy-3.0.0

POSTCONDITION_REMOVED
version 1: grocy-2.0.0
version 2: grocy-3.0.0
compilation unit: 0060-grocy-android-v1.0.0/app/src/main/java/xyz/zedler/patrick/grocy/fragment/bottomSheetDialog/MasterProductGroupBottomSheetDialogFragment.java
method: onCreateDialog(Bundle)
constraints in grocy-2.0.0
	AndroidXNonNull condition: "" , add info: -
constraints in grocy-3.0.0

POSTCONDITION_REMOVED
version 1: grocy-2.0.0
version 2: grocy-3.0.0
compilation unit: 0060-grocy-android-v1.0.0/app/src/main/java/xyz/zedler/patrick/grocy/fragment/bottomSheetDialog/MasterProductGroupBottomSheetDialogFragment.java
method: toString()
constraints in grocy-2.0.0
	AndroidXNonNull condition: "" , add info: -
constraints in grocy-3.0.0

POSTCONDITION_REMOVED
version 1: grocy-2.0.0
version 2: grocy-3.0.0
compilation unit: 0060-grocy-android-v1.0.0/app/src/main/java/xyz/zedler/patrick/grocy/fragment/bottomSheetDialog/MasterQuantityUnitBottomSheetDialogFragment.java
method: onCreateDialog(Bundle)
constraints in grocy-2.0.0
	AndroidXNonNull condition: "" , add info: -
constraints in grocy-3.0.0

POSTCONDITION_REMOVED
version 1: grocy-2.0.0
version 2: grocy-3.0.0
compilation unit: 0060-grocy-android-v1.0.0/app/src/main/java/xyz/zedler/patrick/grocy/fragment/bottomSheetDialog/MasterQuantityUnitBottomSheetDialogFragment.java
method: toString()
constraints in grocy-2.0.0
	AndroidXNonNull condition: "" , add info: -
constraints in grocy-3.0.0

POSTCONDITION_REMOVED
version 1: grocy-2.0.0
version 2: grocy-3.0.0
compilation unit: 0060-grocy-android-v1.0.0/app/src/main/java/xyz/zedler/patrick/grocy/fragment/bottomSheetDialog/MasterStoreBottomSheetDialogFragment.java
method: onCreateDialog(Bundle)
constraints in grocy-2.0.0
	AndroidXNonNull condition: "" , add info: -
constraints in grocy-3.0.0

POSTCONDITION_REMOVED
version 1: grocy-2.0.0
version 2: grocy-3.0.0
compilation unit: 0060-grocy-android-v1.0.0/app/src/main/java/xyz/zedler/patrick/grocy/fragment/bottomSheetDialog/MasterStoreBottomSheetDialogFragment.java
method: toString()
constraints in grocy-2.0.0
	AndroidXNonNull condition: "" , add info: -
constraints in grocy-3.0.0

POSTCONDITION_REMOVED
version 1: grocy-2.0.0
version 2: grocy-3.0.0
compilation unit: 0060-grocy-android-v1.0.0/app/src/main/java/xyz/zedler/patrick/grocy/fragment/bottomSheetDialog/PriceBottomSheetDialogFragment.java
method: onCreateDialog(Bundle)
constraints in grocy-2.0.0
	AndroidXNonNull condition: "" , add info: -
constraints in grocy-3.0.0

POSTCONDITION_REMOVED
version 1: grocy-2.0.0
version 2: grocy-3.0.0
compilation unit: 0060-grocy-android-v1.0.0/app/src/main/java/xyz/zedler/patrick/grocy/fragment/bottomSheetDialog/PriceBottomSheetDialogFragment.java
method: toString()
constraints in grocy-2.0.0
	AndroidXNonNull condition: "" , add info: -
constraints in grocy-3.0.0

POSTCONDITION_REMOVED
version 1: grocy-2.0.0
version 2: grocy-3.0.0
compilation unit: 0060-grocy-android-v1.0.0/app/src/main/java/xyz/zedler/patrick/grocy/fragment/bottomSheetDialog/ProductGroupsBottomSheetDialogFragment.java
method: onCreateDialog(Bundle)
constraints in grocy-2.0.0
	AndroidXNonNull condition: "" , add info: -
constraints in grocy-3.0.0

POSTCONDITION_REMOVED
version 1: grocy-2.0.0
version 2: grocy-3.0.0
compilation unit: 0060-grocy-android-v1.0.0/app/src/main/java/xyz/zedler/patrick/grocy/fragment/bottomSheetDialog/ProductGroupsBottomSheetDialogFragment.java
method: toString()
constraints in grocy-2.0.0
	AndroidXNonNull condition: "" , add info: -
constraints in grocy-3.0.0

POSTCONDITION_REMOVED
version 1: grocy-2.0.0
version 2: grocy-3.0.0
compilation unit: 0060-grocy-android-v1.0.0/app/src/main/java/xyz/zedler/patrick/grocy/fragment/bottomSheetDialog/ProductOverviewBottomSheetDialogFragment.java
method: onCreateDialog(Bundle)
constraints in grocy-2.0.0
	AndroidXNonNull condition: "" , add info: -
constraints in grocy-3.0.0

POSTCONDITION_REMOVED
version 1: grocy-2.0.0
version 2: grocy-3.0.0
compilation unit: 0060-grocy-android-v1.0.0/app/src/main/java/xyz/zedler/patrick/grocy/fragment/bottomSheetDialog/ProductOverviewBottomSheetDialogFragment.java
method: toString()
constraints in grocy-2.0.0
	AndroidXNonNull condition: "" , add info: -
constraints in grocy-3.0.0

POSTCONDITION_REMOVED
version 1: grocy-2.0.0
version 2: grocy-3.0.0
compilation unit: 0060-grocy-android-v1.0.0/app/src/main/java/xyz/zedler/patrick/grocy/fragment/bottomSheetDialog/QuantityUnitsBottomSheetDialogFragment.java
method: onCreateDialog(Bundle)
constraints in grocy-2.0.0
	AndroidXNonNull condition: "" , add info: -
constraints in grocy-3.0.0

POSTCONDITION_REMOVED
version 1: grocy-2.0.0
version 2: grocy-3.0.0
compilation unit: 0060-grocy-android-v1.0.0/app/src/main/java/xyz/zedler/patrick/grocy/fragment/bottomSheetDialog/QuantityUnitsBottomSheetDialogFragment.java
method: toString()
constraints in grocy-2.0.0
	AndroidXNonNull condition: "" , add info: -
constraints in grocy-3.0.0

POSTCONDITION_REMOVED
version 1: grocy-2.0.0
version 2: grocy-3.0.0
compilation unit: 0060-grocy-android-v1.0.0/app/src/main/java/xyz/zedler/patrick/grocy/fragment/bottomSheetDialog/SettingInputBottomSheetDialogFragment.java
method: onCreateDialog(Bundle)
constraints in grocy-2.0.0
	AndroidXNonNull condition: "" , add info: -
constraints in grocy-3.0.0

POSTCONDITION_REMOVED
version 1: grocy-2.0.0
version 2: grocy-3.0.0
compilation unit: 0060-grocy-android-v1.0.0/app/src/main/java/xyz/zedler/patrick/grocy/fragment/bottomSheetDialog/SettingInputBottomSheetDialogFragment.java
method: toString()
constraints in grocy-2.0.0
	AndroidXNonNull condition: "" , add info: -
constraints in grocy-3.0.0

POSTCONDITION_REMOVED
version 1: grocy-2.0.0
version 2: grocy-3.0.0
compilation unit: 0060-grocy-android-v1.0.0/app/src/main/java/xyz/zedler/patrick/grocy/fragment/bottomSheetDialog/ShoppingListsBottomSheetDialogFragment.java
method: onCreateDialog(Bundle)
constraints in grocy-2.0.0
	AndroidXNonNull condition: "" , add info: -
constraints in grocy-3.0.0

POSTCONDITION_REMOVED
version 1: grocy-2.0.0
version 2: grocy-3.0.0
compilation unit: 0060-grocy-android-v1.0.0/app/src/main/java/xyz/zedler/patrick/grocy/fragment/bottomSheetDialog/ShoppingListsBottomSheetDialogFragment.java
method: toString()
constraints in grocy-2.0.0
	AndroidXNonNull condition: "" , add info: -
constraints in grocy-3.0.0

POSTCONDITION_REMOVED
version 1: grocy-2.0.0
version 2: grocy-3.0.0
compilation unit: 0060-grocy-android-v1.0.0/app/src/main/java/xyz/zedler/patrick/grocy/fragment/bottomSheetDialog/StockEntriesBottomSheetDialogFragment.java
method: onCreateDialog(Bundle)
constraints in grocy-2.0.0
	AndroidXNonNull condition: "" , add info: -
constraints in grocy-3.0.0

POSTCONDITION_REMOVED
version 1: grocy-2.0.0
version 2: grocy-3.0.0
compilation unit: 0060-grocy-android-v1.0.0/app/src/main/java/xyz/zedler/patrick/grocy/fragment/bottomSheetDialog/StockEntriesBottomSheetDialogFragment.java
method: toString()
constraints in grocy-2.0.0
	AndroidXNonNull condition: "" , add info: -
constraints in grocy-3.0.0

POSTCONDITION_REMOVED
version 1: grocy-2.0.0
version 2: grocy-3.0.0
compilation unit: 0060-grocy-android-v1.0.0/app/src/main/java/xyz/zedler/patrick/grocy/fragment/bottomSheetDialog/StockLocationsBottomSheetDialogFragment.java
method: onCreateDialog(Bundle)
constraints in grocy-2.0.0
	AndroidXNonNull condition: "" , add info: -
constraints in grocy-3.0.0

POSTCONDITION_REMOVED
version 1: grocy-2.0.0
version 2: grocy-3.0.0
compilation unit: 0060-grocy-android-v1.0.0/app/src/main/java/xyz/zedler/patrick/grocy/fragment/bottomSheetDialog/StockLocationsBottomSheetDialogFragment.java
method: toString()
constraints in grocy-2.0.0
	AndroidXNonNull condition: "" , add info: -
constraints in grocy-3.0.0

POSTCONDITION_REMOVED
version 1: grocy-2.0.0
version 2: grocy-3.0.0
compilation unit: 0060-grocy-android-v1.0.0/app/src/main/java/xyz/zedler/patrick/grocy/fragment/bottomSheetDialog/StoresBottomSheetDialogFragment.java
method: onCreateDialog(Bundle)
constraints in grocy-2.0.0
	AndroidXNonNull condition: "" , add info: -
constraints in grocy-3.0.0

POSTCONDITION_REMOVED
version 1: grocy-2.0.0
version 2: grocy-3.0.0
compilation unit: 0060-grocy-android-v1.0.0/app/src/main/java/xyz/zedler/patrick/grocy/fragment/bottomSheetDialog/StoresBottomSheetDialogFragment.java
method: toString()
constraints in grocy-2.0.0
	AndroidXNonNull condition: "" , add info: -
constraints in grocy-3.0.0

POSTCONDITION_REMOVED
version 1: grocy-2.0.0
version 2: grocy-3.0.0
compilation unit: 0060-grocy-android-v1.0.0/app/src/main/java/xyz/zedler/patrick/grocy/fragment/bottomSheetDialog/TextBottomSheetDialogFragment.java
method: onCreateDialog(Bundle)
constraints in grocy-2.0.0
	AndroidXNonNull condition: "" , add info: -
constraints in grocy-3.0.0

POSTCONDITION_REMOVED
version 1: grocy-2.0.0
version 2: grocy-3.0.0
compilation unit: 0060-grocy-android-v1.0.0/app/src/main/java/xyz/zedler/patrick/grocy/fragment/bottomSheetDialog/TextBottomSheetDialogFragment.java
method: toString()
constraints in grocy-2.0.0
	AndroidXNonNull condition: "" , add info: -
constraints in grocy-3.0.0

POSTCONDITION_REMOVED
version 1: grocy-2.0.0
version 2: grocy-3.0.0
compilation unit: 0060-grocy-android-v1.0.0/app/src/main/java/xyz/zedler/patrick/grocy/fragment/ConsumeFragment.java
method: toString()
constraints in grocy-2.0.0
	AndroidXNonNull condition: "" , add info: -
constraints in grocy-3.0.0

POSTCONDITION_REMOVED
version 1: grocy-2.0.0
version 2: grocy-3.0.0
compilation unit: 0060-grocy-android-v1.0.0/app/src/main/java/xyz/zedler/patrick/grocy/fragment/MasterLocationFragment.java
method: toString()
constraints in grocy-2.0.0
	AndroidXNonNull condition: "" , add info: -
constraints in grocy-3.0.0

POSTCONDITION_REMOVED
version 1: grocy-2.0.0
version 2: grocy-3.0.0
compilation unit: 0060-grocy-android-v1.0.0/app/src/main/java/xyz/zedler/patrick/grocy/fragment/MasterLocationsFragment.java
method: toString()
constraints in grocy-2.0.0
	AndroidXNonNull condition: "" , add info: -
constraints in grocy-3.0.0

POSTCONDITION_REMOVED
version 1: grocy-2.0.0
version 2: grocy-3.0.0
compilation unit: 0060-grocy-android-v1.0.0/app/src/main/java/xyz/zedler/patrick/grocy/fragment/MasterProductEditSimpleFragment.java
method: toString()
constraints in grocy-2.0.0
	AndroidXNonNull condition: "" , add info: -
constraints in grocy-3.0.0

POSTCONDITION_REMOVED
version 1: grocy-2.0.0
version 2: grocy-3.0.0
compilation unit: 0060-grocy-android-v1.0.0/app/src/main/java/xyz/zedler/patrick/grocy/fragment/MasterProductGroupFragment.java
method: toString()
constraints in grocy-2.0.0
	AndroidXNonNull condition: "" , add info: -
constraints in grocy-3.0.0

POSTCONDITION_REMOVED
version 1: grocy-2.0.0
version 2: grocy-3.0.0
compilation unit: 0060-grocy-android-v1.0.0/app/src/main/java/xyz/zedler/patrick/grocy/fragment/MasterProductGroupsFragment.java
method: toString()
constraints in grocy-2.0.0
	AndroidXNonNull condition: "" , add info: -
constraints in grocy-3.0.0

POSTCONDITION_REMOVED
version 1: grocy-2.0.0
version 2: grocy-3.0.0
compilation unit: 0060-grocy-android-v1.0.0/app/src/main/java/xyz/zedler/patrick/grocy/fragment/MasterProductsFragment.java
method: toString()
constraints in grocy-2.0.0
	AndroidXNonNull condition: "" , add info: -
constraints in grocy-3.0.0

POSTCONDITION_REMOVED
version 1: grocy-2.0.0
version 2: grocy-3.0.0
compilation unit: 0060-grocy-android-v1.0.0/app/src/main/java/xyz/zedler/patrick/grocy/fragment/MasterQuantityUnitFragment.java
method: toString()
constraints in grocy-2.0.0
	AndroidXNonNull condition: "" , add info: -
constraints in grocy-3.0.0

POSTCONDITION_REMOVED
version 1: grocy-2.0.0
version 2: grocy-3.0.0
compilation unit: 0060-grocy-android-v1.0.0/app/src/main/java/xyz/zedler/patrick/grocy/fragment/MasterQuantityUnitsFragment.java
method: toString()
constraints in grocy-2.0.0
	AndroidXNonNull condition: "" , add info: -
constraints in grocy-3.0.0

POSTCONDITION_REMOVED
version 1: grocy-2.0.0
version 2: grocy-3.0.0
compilation unit: 0060-grocy-android-v1.0.0/app/src/main/java/xyz/zedler/patrick/grocy/fragment/MasterStoreFragment.java
method: toString()
constraints in grocy-2.0.0
	AndroidXNonNull condition: "" , add info: -
constraints in grocy-3.0.0

POSTCONDITION_REMOVED
version 1: grocy-2.0.0
version 2: grocy-3.0.0
compilation unit: 0060-grocy-android-v1.0.0/app/src/main/java/xyz/zedler/patrick/grocy/fragment/MasterStoresFragment.java
method: toString()
constraints in grocy-2.0.0
	AndroidXNonNull condition: "" , add info: -
constraints in grocy-3.0.0

POSTCONDITION_REMOVED
version 1: grocy-2.0.0
version 2: grocy-3.0.0
compilation unit: 0060-grocy-android-v1.0.0/app/src/main/java/xyz/zedler/patrick/grocy/fragment/MissingBatchItemsFragment.java
method: toString()
constraints in grocy-2.0.0
	AndroidXNonNull condition: "" , add info: -
constraints in grocy-3.0.0

POSTCONDITION_REMOVED
version 1: grocy-2.0.0
version 2: grocy-3.0.0
compilation unit: 0060-grocy-android-v1.0.0/app/src/main/java/xyz/zedler/patrick/grocy/fragment/PurchaseFragment.java
method: toString()
constraints in grocy-2.0.0
	AndroidXNonNull condition: "" , add info: -
constraints in grocy-3.0.0

POSTCONDITION_REMOVED
version 1: grocy-2.0.0
version 2: grocy-3.0.0
compilation unit: 0060-grocy-android-v1.0.0/app/src/main/java/xyz/zedler/patrick/grocy/fragment/ShoppingListFragment.java
method: toString()
constraints in grocy-2.0.0
	AndroidXNonNull condition: "" , add info: -
constraints in grocy-3.0.0

POSTCONDITION_REMOVED
version 1: grocy-2.0.0
version 2: grocy-3.0.0
compilation unit: 0060-grocy-android-v1.0.0/app/src/main/java/xyz/zedler/patrick/grocy/fragment/StockFragment.java
method: toString()
constraints in grocy-2.0.0
	AndroidXNonNull condition: "" , add info: -
constraints in grocy-3.0.0

POSTCONDITION_REMOVED
version 1: grocy-2.0.0
version 2: grocy-3.0.0
compilation unit: 0060-grocy-android-v1.0.0/app/src/main/java/xyz/zedler/patrick/grocy/LoginActivity.java
method: onCreate(Bundle)
constraints in grocy-2.0.0
	JavaAssert condition: "editTextServer != null" , add info: -
	JavaAssert condition: "editTextKey != null" , add info: -
	AndroidSuppressLint condition: ""SetTextI18n"" , add info: -
constraints in grocy-3.0.0

POSTCONDITION_REMOVED
version 1: grocy-2.0.0
version 2: grocy-3.0.0
compilation unit: 0060-grocy-android-v1.0.0/app/src/main/java/xyz/zedler/patrick/grocy/model/BatchPurchaseEntry.java
method: toString()
constraints in grocy-2.0.0
	AndroidXNonNull condition: "" , add info: -
constraints in grocy-3.0.0

POSTCONDITION_REMOVED
version 1: grocy-2.0.0
version 2: grocy-3.0.0
compilation unit: 0060-grocy-android-v1.0.0/app/src/main/java/xyz/zedler/patrick/grocy/model/CreateProduct.java
method: toString()
constraints in grocy-2.0.0
	AndroidXNonNull condition: "" , add info: -
constraints in grocy-3.0.0

POSTCONDITION_REMOVED
version 1: grocy-2.0.0
version 2: grocy-3.0.0
compilation unit: 0060-grocy-android-v1.0.0/app/src/main/java/xyz/zedler/patrick/grocy/model/Location.java
method: toString()
constraints in grocy-2.0.0
	AndroidXNonNull condition: "" , add info: -
constraints in grocy-3.0.0

POSTCONDITION_REMOVED
version 1: grocy-2.0.0
version 2: grocy-3.0.0
compilation unit: 0060-grocy-android-v1.0.0/app/src/main/java/xyz/zedler/patrick/grocy/model/MissingBatchItem.java
method: toString()
constraints in grocy-2.0.0
	AndroidXNonNull condition: "" , add info: -
constraints in grocy-3.0.0

POSTCONDITION_REMOVED
version 1: grocy-2.0.0
version 2: grocy-3.0.0
compilation unit: 0060-grocy-android-v1.0.0/app/src/main/java/xyz/zedler/patrick/grocy/model/MissingItem.java
method: toString()
constraints in grocy-2.0.0
	AndroidXNonNull condition: "" , add info: -
constraints in grocy-3.0.0

POSTCONDITION_REMOVED
version 1: grocy-2.0.0
version 2: grocy-3.0.0
compilation unit: 0060-grocy-android-v1.0.0/app/src/main/java/xyz/zedler/patrick/grocy/model/Product.java
method: toString()
constraints in grocy-2.0.0
	AndroidXNonNull condition: "" , add info: -
constraints in grocy-3.0.0

POSTCONDITION_REMOVED
version 1: grocy-2.0.0
version 2: grocy-3.0.0
compilation unit: 0060-grocy-android-v1.0.0/app/src/main/java/xyz/zedler/patrick/grocy/model/ProductDetails.java
method: toString()
constraints in grocy-2.0.0
	AndroidXNonNull condition: "" , add info: -
constraints in grocy-3.0.0

POSTCONDITION_REMOVED
version 1: grocy-2.0.0
version 2: grocy-3.0.0
compilation unit: 0060-grocy-android-v1.0.0/app/src/main/java/xyz/zedler/patrick/grocy/model/ProductGroup.java
method: toString()
constraints in grocy-2.0.0
	AndroidXNonNull condition: "" , add info: -
constraints in grocy-3.0.0

POSTCONDITION_REMOVED
version 1: grocy-2.0.0
version 2: grocy-3.0.0
compilation unit: 0060-grocy-android-v1.0.0/app/src/main/java/xyz/zedler/patrick/grocy/model/QuantityUnit.java
method: toString()
constraints in grocy-2.0.0
	AndroidXNonNull condition: "" , add info: -
constraints in grocy-3.0.0

POSTCONDITION_REMOVED
version 1: grocy-2.0.0
version 2: grocy-3.0.0
compilation unit: 0060-grocy-android-v1.0.0/app/src/main/java/xyz/zedler/patrick/grocy/model/ShoppingList.java
method: toString()
constraints in grocy-2.0.0
	AndroidXNonNull condition: "" , add info: -
constraints in grocy-3.0.0

POSTCONDITION_REMOVED
version 1: grocy-2.0.0
version 2: grocy-3.0.0
compilation unit: 0060-grocy-android-v1.0.0/app/src/main/java/xyz/zedler/patrick/grocy/model/ShoppingListItem.java
method: toString()
constraints in grocy-2.0.0
	AndroidXNonNull condition: "" , add info: -
constraints in grocy-3.0.0

POSTCONDITION_REMOVED
version 1: grocy-2.0.0
version 2: grocy-3.0.0
compilation unit: 0060-grocy-android-v1.0.0/app/src/main/java/xyz/zedler/patrick/grocy/model/StockEntry.java
method: toString()
constraints in grocy-2.0.0
	AndroidXNonNull condition: "" , add info: -
constraints in grocy-3.0.0

POSTCONDITION_REMOVED
version 1: grocy-2.0.0
version 2: grocy-3.0.0
compilation unit: 0060-grocy-android-v1.0.0/app/src/main/java/xyz/zedler/patrick/grocy/model/StockItem.java
method: toString()
constraints in grocy-2.0.0
	AndroidXNonNull condition: "" , add info: -
constraints in grocy-3.0.0

POSTCONDITION_REMOVED
version 1: grocy-2.0.0
version 2: grocy-3.0.0
compilation unit: 0060-grocy-android-v1.0.0/app/src/main/java/xyz/zedler/patrick/grocy/model/StockLocation.java
method: toString()
constraints in grocy-2.0.0
	AndroidXNonNull condition: "" , add info: -
constraints in grocy-3.0.0

POSTCONDITION_REMOVED
version 1: grocy-2.0.0
version 2: grocy-3.0.0
compilation unit: 0060-grocy-android-v1.0.0/app/src/main/java/xyz/zedler/patrick/grocy/model/Store.java
method: toString()
constraints in grocy-2.0.0
	AndroidXNonNull condition: "" , add info: -
constraints in grocy-3.0.0

POSTCONDITION_REMOVED
version 1: grocy-2.0.0
version 2: grocy-3.0.0
compilation unit: 0060-grocy-android-v1.0.0/app/src/main/java/xyz/zedler/patrick/grocy/scan/ScanBatchCaptureManager.java
method: openCameraWithPermission()
constraints in grocy-2.0.0
	AndroidTargetApi condition: "23" , add info: -
constraints in grocy-3.0.0

POSTCONDITION_REMOVED
version 1: grocy-2.0.0
version 2: grocy-3.0.0
compilation unit: 0060-grocy-android-v1.0.0/app/src/main/java/xyz/zedler/patrick/grocy/scan/ScanInputCaptureManager.java
method: openCameraWithPermission()
constraints in grocy-2.0.0
	AndroidTargetApi condition: "23" , add info: -
constraints in grocy-3.0.0

POSTCONDITION_REMOVED
version 1: grocy-2.0.0
version 2: grocy-3.0.0
compilation unit: 0060-grocy-android-v1.0.0/app/src/main/java/xyz/zedler/patrick/grocy/scan/StockCaptureManager.java
method: openCameraWithPermission()
constraints in grocy-2.0.0
	AndroidTargetApi condition: "23" , add info: -
constraints in grocy-3.0.0

POSTCONDITION_REMOVED
version 1: grocy-2.0.0
version 2: grocy-3.0.0
compilation unit: 0060-grocy-android-v1.0.0/app/src/main/java/xyz/zedler/patrick/grocy/ScanBatchActivity.java
method: askNecessaryDetails()
constraints in grocy-2.0.0
	AndroidSuppressLint condition: ""SimpleDateFormat"" , add info: -
constraints in grocy-3.0.0

POSTCONDITION_REMOVED
version 1: instagrabber-2.0.0
version 2: instagrabber-3.0.0
compilation unit: 0215-instagrabber-v16.6-a7/app/src/main/java/awais/instagrabber/adapters/CommentsAdapter.java
method: performFiltering(CharSequence)
constraints in instagrabber-2.0.0
	AndroidXNonNull condition: "" , add info: -
constraints in instagrabber-3.0.0

POSTCONDITION_REMOVED
version 1: instagrabber-2.0.0
version 2: instagrabber-3.0.0
compilation unit: 0215-instagrabber-v16.6-a7/app/src/main/java/awais/instagrabber/adapters/FollowAdapter.java
method: performFiltering(CharSequence)
constraints in instagrabber-2.0.0
	AndroidXNullable condition: "" , add info: -
constraints in instagrabber-3.0.0

POSTCONDITION_REMOVED
version 1: instagrabber-2.0.0
version 2: instagrabber-3.0.0
compilation unit: 0215-instagrabber-v16.6-a7/app/src/main/java/awais/instagrabber/asyncs/CommentsFetcher.java
method: doInBackground(Void...)
constraints in instagrabber-2.0.0
	AndroidXNonNull condition: "" , add info: -
constraints in instagrabber-3.0.0

POSTCONDITION_REMOVED
version 1: instagrabber-2.0.0
version 2: instagrabber-3.0.0
compilation unit: 0215-instagrabber-v16.6-a7/app/src/main/java/awais/instagrabber/asyncs/direct_messages/InboxFetcher.java
method: doInBackground(Void...)
constraints in instagrabber-2.0.0
	AndroidXNullable condition: "" , add info: -
constraints in instagrabber-3.0.0

POSTCONDITION_REMOVED
version 1: instagrabber-2.0.0
version 2: instagrabber-3.0.0
compilation unit: 0215-instagrabber-v16.6-a7/app/src/main/java/awais/instagrabber/asyncs/direct_messages/UserInboxFetcher.java
method: doInBackground(Void...)
constraints in instagrabber-2.0.0
	AndroidXNullable condition: "" , add info: -
constraints in instagrabber-3.0.0

POSTCONDITION_REMOVED
version 1: instagrabber-2.0.0
version 2: instagrabber-3.0.0
compilation unit: 0215-instagrabber-v16.6-a7/app/src/main/java/awais/instagrabber/asyncs/DiscoverFetcher.java
method: doInBackground(Void...)
constraints in instagrabber-2.0.0
	AndroidXNullable condition: "" , add info: -
constraints in instagrabber-3.0.0

POSTCONDITION_REMOVED
version 1: instagrabber-2.0.0
version 2: instagrabber-3.0.0
compilation unit: 0215-instagrabber-v16.6-a7/app/src/main/java/awais/instagrabber/asyncs/DownloadAsync.java
method: doInBackground(Void...)
constraints in instagrabber-2.0.0
	AndroidXNullable condition: "" , add info: -
constraints in instagrabber-3.0.0

POSTCONDITION_REMOVED
version 1: instagrabber-2.0.0
version 2: instagrabber-3.0.0
compilation unit: 0215-instagrabber-v16.6-a7/app/src/main/java/awais/instagrabber/asyncs/FeedFetcher.java
method: doInBackground(Void...)
constraints in instagrabber-2.0.0
	AndroidXNullable condition: "" , add info: -
constraints in instagrabber-3.0.0

POSTCONDITION_REMOVED
version 1: instagrabber-2.0.0
version 2: instagrabber-3.0.0
compilation unit: 0215-instagrabber-v16.6-a7/app/src/main/java/awais/instagrabber/asyncs/ProfileFetcher.java
method: doInBackground(Void...)
constraints in instagrabber-2.0.0
	AndroidXNullable condition: "" , add info: -
constraints in instagrabber-3.0.0

POSTCONDITION_REMOVED
version 1: instagrabber-2.0.0
version 2: instagrabber-3.0.0
compilation unit: 0215-instagrabber-v16.6-a7/app/src/main/java/awais/instagrabber/asyncs/UsernameFetcher.java
method: doInBackground(Void...)
constraints in instagrabber-2.0.0
	AndroidXNullable condition: "" , add info: -
constraints in instagrabber-3.0.0

POSTCONDITION_REMOVED
version 1: instagrabber-2.0.0
version 2: instagrabber-3.0.0
compilation unit: 0215-instagrabber-v16.6-a7/app/src/main/java/awais/instagrabber/customviews/masoudss_waveform/WaveformSeekBar.java
method: onDraw(Canvas)
constraints in instagrabber-2.0.0
	AndroidSuppressLint condition: ""DrawAllocation"" , add info: -
constraints in instagrabber-3.0.0

POSTCONDITION_REMOVED
version 1: instagrabber-2.0.0
version 2: instagrabber-3.0.0
compilation unit: 0215-instagrabber-v16.6-a7/app/src/main/java/awais/instagrabber/customviews/MouseDrawer.java
method: onTouchEvent(MotionEvent)
constraints in instagrabber-2.0.0
	AndroidSuppressLint condition: ""ClickableViewAccessibility"" , add info: -
constraints in instagrabber-3.0.0

POSTCONDITION_REMOVED
version 1: instagrabber-2.0.0
version 2: instagrabber-3.0.0
compilation unit: 0215-instagrabber-v16.6-a7/app/src/main/java/awais/instagrabber/customviews/MouseDrawer.java
method: gravityToString(int)
constraints in instagrabber-2.0.0
	AndroidXNonNull condition: "" , add info: -
constraints in instagrabber-3.0.0

POSTCONDITION_REMOVED
version 1: instagrabber-2.0.0
version 2: instagrabber-3.0.0
compilation unit: 0215-instagrabber-v16.6-a7/app/src/main/java/awais/instagrabber/customviews/MouseDrawer.java
method: findVisibleDrawer()
constraints in instagrabber-2.0.0
	AndroidXNullable condition: "" , add info: -
constraints in instagrabber-3.0.0

POSTCONDITION_REMOVED
version 1: instagrabber-2.0.0
version 2: instagrabber-3.0.0
compilation unit: 0215-instagrabber-v16.6-a7/app/src/main/java/awais/instagrabber/customviews/MouseDrawer.java
method: createFromParcel(Parcel,
constraints in instagrabber-2.0.0
	AndroidXNonNull condition: "" , add info: -
constraints in instagrabber-3.0.0

POSTCONDITION_REMOVED
version 1: instagrabber-2.0.0
version 2: instagrabber-3.0.0
compilation unit: 0215-instagrabber-v16.6-a7/app/src/main/java/awais/instagrabber/customviews/MouseDrawer.java
method: createFromParcel(Parcel)
constraints in instagrabber-2.0.0
	AndroidXNonNull condition: "" , add info: -
constraints in instagrabber-3.0.0

POSTCONDITION_REMOVED
version 1: instagrabber-2.0.0
version 2: instagrabber-3.0.0
compilation unit: 0215-instagrabber-v16.6-a7/app/src/main/java/awais/instagrabber/customviews/MouseDrawer.java
method: newArray(int)
constraints in instagrabber-2.0.0
	AndroidXNonNull condition: "" , add info: -
constraints in instagrabber-3.0.0

POSTCONDITION_REMOVED
version 1: instagrabber-2.0.0
version 2: instagrabber-3.0.0
compilation unit: 0215-instagrabber-v16.6-a7/app/src/main/java/awais/instagrabber/customviews/RamboTextView.java
method: onTouchEvent(MotionEvent)
constraints in instagrabber-2.0.0
	AndroidSuppressLint condition: ""ClickableViewAccessibility"" , add info: -
constraints in instagrabber-3.0.0

POSTCONDITION_REMOVED
version 1: instagrabber-2.0.0
version 2: instagrabber-3.0.0
compilation unit: 0215-instagrabber-v16.6-a7/app/src/main/java/awais/instagrabber/models/BasePostModel.java
method: getPostDate()
constraints in instagrabber-2.0.0
	AndroidXNonNull condition: "" , add info: -
constraints in instagrabber-3.0.0

POSTCONDITION_REMOVED
version 1: instagrabber-2.0.0
version 2: instagrabber-3.0.0
compilation unit: 0215-instagrabber-v16.6-a7/app/src/main/java/awais/instagrabber/models/CommentModel.java
method: getDateTime()
constraints in instagrabber-2.0.0
	AndroidXNonNull condition: "" , add info: -
constraints in instagrabber-3.0.0

POSTCONDITION_REMOVED
version 1: instagrabber-2.0.0
version 2: instagrabber-3.0.0
compilation unit: 0215-instagrabber-v16.6-a7/app/src/main/java/awais/instagrabber/models/direct_messages/DirectItemModel.java
method: getDateTime()
constraints in instagrabber-2.0.0
	AndroidXNonNull condition: "" , add info: -
constraints in instagrabber-3.0.0

POSTCONDITION_REMOVED
version 1: instagrabber-2.0.0
version 2: instagrabber-3.0.0
compilation unit: 0215-instagrabber-v16.6-a7/app/src/main/java/awais/instagrabber/utils/DataBox.java
method: getAllFavorites()
constraints in instagrabber-2.0.0
	AndroidXNullable condition: "" , add info: -
constraints in instagrabber-3.0.0

POSTCONDITION_REMOVED
version 1: instagrabber-2.0.0
version 2: instagrabber-3.0.0
compilation unit: 0215-instagrabber-v16.6-a7/app/src/main/java/awais/instagrabber/utils/DataBox.java
method: getCookie(String)
constraints in instagrabber-2.0.0
	AndroidXNullable condition: "" , add info: -
constraints in instagrabber-3.0.0

POSTCONDITION_REMOVED
version 1: instagrabber-2.0.0
version 2: instagrabber-3.0.0
compilation unit: 0215-instagrabber-v16.6-a7/app/src/main/java/awais/instagrabber/utils/DataBox.java
method: getAllCookies()
constraints in instagrabber-2.0.0
	AndroidXNullable condition: "" , add info: -
constraints in instagrabber-3.0.0

POSTCONDITION_REMOVED
version 1: instagrabber-2.0.0
version 2: instagrabber-3.0.0
compilation unit: 0215-instagrabber-v16.6-a7/app/src/main/java/awais/instagrabber/utils/DataBox.java
method: toString()
constraints in instagrabber-2.0.0
	AndroidXNonNull condition: "" , add info: -
	AndroidXNonNull condition: "" , add info: -
constraints in instagrabber-3.0.0

POSTCONDITION_REMOVED
version 1: instagrabber-2.0.0
version 2: instagrabber-3.0.0
compilation unit: 0215-instagrabber-v16.6-a7/app/src/main/java/awais/instagrabber/utils/DirectoryChooser.java
method: onCreateDialog(Bundle)
constraints in instagrabber-2.0.0
	AndroidXNonNull condition: "" , add info: -
constraints in instagrabber-3.0.0

POSTCONDITION_REMOVED
version 1: instagrabber-2.0.0
version 2: instagrabber-3.0.0
compilation unit: 0215-instagrabber-v16.6-a7/app/src/main/java/awais/instagrabber/utils/SettingsHelper.java
method: getString(String)
constraints in instagrabber-2.0.0
	AndroidXNonNull condition: "" , add info: -
constraints in instagrabber-3.0.0

POSTCONDITION_REMOVED
version 1: instagrabber-2.0.0
version 2: instagrabber-3.0.0
compilation unit: 0215-instagrabber-v16.6-a7/app/src/main/java/awais/instagrabber/utils/UpdateChecker.java
method: doInBackground(Void...)
constraints in instagrabber-2.0.0
	AndroidXNonNull condition: "" , add info: -
constraints in instagrabber-3.0.0

POSTCONDITION_REMOVED
version 1: instagrabber-2.0.0
version 2: instagrabber-3.0.0
compilation unit: 0215-instagrabber-v16.6-a7/app/src/main/java/awais/instagrabber/utils/Utils.java
method: getUserIdFromCookie(String)
constraints in instagrabber-2.0.0
	AndroidXNullable condition: "" , add info: -
constraints in instagrabber-3.0.0

POSTCONDITION_REMOVED
version 1: instagrabber-2.0.0
version 2: instagrabber-3.0.0
compilation unit: 0215-instagrabber-v16.6-a7/app/src/main/java/awais/instagrabber/utils/Utils.java
method: getHighQualityPost(JSONArray,
constraints in instagrabber-2.0.0
	AndroidXNullable condition: "" , add info: -
constraints in instagrabber-3.0.0

POSTCONDITION_REMOVED
version 1: instagrabber-2.0.0
version 2: instagrabber-3.0.0
compilation unit: 0215-instagrabber-v16.6-a7/app/src/main/java/awais/instagrabber/utils/Utils.java
method: getMediaItemType(int)
constraints in instagrabber-2.0.0
	AndroidXNullable condition: "" , add info: -
constraints in instagrabber-3.0.0

POSTCONDITION_REMOVED
version 1: instagrabber-2.0.0
version 2: instagrabber-3.0.0
compilation unit: 0215-instagrabber-v16.6-a7/app/src/main/java/awais/instagrabber/utils/Utils.java
method: millisToString(long)
constraints in instagrabber-2.0.0
	AndroidXNonNull condition: "" , add info: -
constraints in instagrabber-3.0.0

POSTCONDITION_REMOVED
version 1: instagrabber-2.0.0
version 2: instagrabber-3.0.0
compilation unit: 0215-instagrabber-v16.6-a7/app/src/main/java/awais/instagrabber/utils/Utils.java
method: highlightIdsMerger(String...)
constraints in instagrabber-2.0.0
	AndroidXNonNull condition: "" , add info: -
constraints in instagrabber-3.0.0

POSTCONDITION_REMOVED
version 1: instagrabber-2.0.0
version 2: instagrabber-3.0.0
compilation unit: 0215-instagrabber-v16.6-a7/app/src/main/java/thoughtbot/expandableadapter/ExpandableList.java
method: getUnflattenedPosition(int)
constraints in instagrabber-2.0.0
	AndroidXNonNull condition: "" , add info: -
constraints in instagrabber-3.0.0

POSTCONDITION_REMOVED
version 1: instagrabber-2.0.0
version 2: instagrabber-3.0.0
compilation unit: 0215-instagrabber-v16.6-a7/app/src/main/java/thoughtbot/expandableadapter/ExpandableListPosition.java
method: obtain(int,
constraints in instagrabber-2.0.0
	AndroidXNonNull condition: "" , add info: -
constraints in instagrabber-3.0.0

POSTCONDITION_REMOVED
version 1: k-2.0.0
version 2: k-3.0.0
compilation unit: 0050-k-9-5.703/app/core/src/main/java/com/fsck/k9/Account.java
method: getDraftsFolderSelection()
constraints in k-2.0.0
	JetBrainsNotNull condition: "" , add info: -
constraints in k-3.0.0

POSTCONDITION_REMOVED
version 1: k-2.0.0
version 2: k-3.0.0
compilation unit: 0050-k-9-5.703/app/core/src/main/java/com/fsck/k9/Account.java
method: getSentFolderSelection()
constraints in k-2.0.0
	JetBrainsNotNull condition: "" , add info: -
constraints in k-3.0.0

POSTCONDITION_REMOVED
version 1: k-2.0.0
version 2: k-3.0.0
compilation unit: 0050-k-9-5.703/app/core/src/main/java/com/fsck/k9/Account.java
method: getTrashFolderSelection()
constraints in k-2.0.0
	JetBrainsNotNull condition: "" , add info: -
constraints in k-3.0.0

POSTCONDITION_REMOVED
version 1: k-2.0.0
version 2: k-3.0.0
compilation unit: 0050-k-9-5.703/app/core/src/main/java/com/fsck/k9/Account.java
method: getArchiveFolderSelection()
constraints in k-2.0.0
	JetBrainsNotNull condition: "" , add info: -
constraints in k-3.0.0

POSTCONDITION_REMOVED
version 1: k-2.0.0
version 2: k-3.0.0
compilation unit: 0050-k-9-5.703/app/core/src/main/java/com/fsck/k9/Account.java
method: getSpamFolderSelection()
constraints in k-2.0.0
	JetBrainsNotNull condition: "" , add info: -
constraints in k-3.0.0

POSTCONDITION_REMOVED
version 1: k-2.0.0
version 2: k-3.0.0
compilation unit: 0050-k-9-5.703/app/core/src/main/java/com/fsck/k9/controller/MessageReference.java
method: parse(String)
constraints in k-2.0.0
	AndroidXNullable condition: "" , add info: -
constraints in k-3.0.0

POSTCONDITION_REMOVED
version 1: k-2.0.0
version 2: k-3.0.0
compilation unit: 0050-k-9-5.703/app/core/src/main/java/com/fsck/k9/controller/MessagingController.java
method: debugClearMessagesLocally(List<MessageReference>)
constraints in k-2.0.0
	AndroidSuppressLint condition: ""NewApi"" , add info: -
constraints in k-3.0.0

POSTCONDITION_REMOVED
version 1: k-2.0.0
version 2: k-3.0.0
compilation unit: 0050-k-9-5.703/app/core/src/main/java/com/fsck/k9/controller/MessagingController.java
method: sendPendingMessagesSynchronous(Account)
constraints in k-2.0.0
	AndroidXVisibleForTesting condition: "" , add info: -
constraints in k-3.0.0

POSTCONDITION_REMOVED
version 1: k-2.0.0
version 2: k-3.0.0
compilation unit: 0050-k-9-5.703/app/core/src/main/java/com/fsck/k9/controller/MessagingController.java
method: clearFolderSynchronous(Account,
constraints in k-2.0.0
	AndroidXVisibleForTesting condition: "" , add info: -
constraints in k-3.0.0

POSTCONDITION_REMOVED
version 1: k-2.0.0
version 2: k-3.0.0
compilation unit: 0050-k-9-5.703/app/core/src/main/java/com/fsck/k9/helper/jsoup/NodeFilter.java
method: head(Node,
constraints in k-2.0.0
	AndroidXNonNull condition: "" , add info: -
constraints in k-3.0.0

POSTCONDITION_REMOVED
version 1: k-2.0.0
version 2: k-3.0.0
compilation unit: 0050-k-9-5.703/app/core/src/main/java/com/fsck/k9/helper/jsoup/NodeFilter.java
method: tail(Node,
constraints in k-2.0.0
	AndroidXNonNull condition: "" , add info: -
constraints in k-3.0.0

POSTCONDITION_REMOVED
version 1: k-2.0.0
version 2: k-3.0.0
compilation unit: 0050-k-9-5.703/app/core/src/main/java/com/fsck/k9/helper/MergeCursor.java
method: setExtras(Bundle)
constraints in k-2.0.0
	AndroidTargetApi condition: "Build.VERSION_CODES.M" , add info: -
constraints in k-3.0.0

POSTCONDITION_REMOVED
version 1: k-2.0.0
version 2: k-3.0.0
compilation unit: 0050-k-9-5.703/app/core/src/main/java/com/fsck/k9/helper/SingleLiveEvent.java
method: recall()
constraints in k-2.0.0
	AndroidXMainThread condition: "" , add info: -
constraints in k-3.0.0

POSTCONDITION_REMOVED
version 1: k-2.0.0
version 2: k-3.0.0
compilation unit: 0050-k-9-5.703/app/core/src/main/java/com/fsck/k9/mailstore/AttachmentResolver.java
method: getAttachmentUriForContentId(String)
constraints in k-2.0.0
	AndroidXNullable condition: "" , add info: -
constraints in k-3.0.0

POSTCONDITION_REMOVED
version 1: k-2.0.0
version 2: k-3.0.0
compilation unit: 0050-k-9-5.703/app/core/src/main/java/com/fsck/k9/mailstore/AttachmentResolver.java
method: createFromPart(Part)
constraints in k-2.0.0
	AndroidXWorkerThread condition: "" , add info: -
constraints in k-3.0.0

POSTCONDITION_REMOVED
version 1: k-2.0.0
version 2: k-3.0.0
compilation unit: 0050-k-9-5.703/app/core/src/main/java/com/fsck/k9/mailstore/CryptoResultAnnotation.java
method: getOpenPgpDecryptionResult()
constraints in k-2.0.0
	AndroidXNullable condition: "" , add info: -
constraints in k-3.0.0

POSTCONDITION_REMOVED
version 1: k-2.0.0
version 2: k-3.0.0
compilation unit: 0050-k-9-5.703/app/core/src/main/java/com/fsck/k9/mailstore/CryptoResultAnnotation.java
method: getOpenPgpSignatureResult()
constraints in k-2.0.0
	AndroidXNullable condition: "" , add info: -
constraints in k-3.0.0

POSTCONDITION_REMOVED
version 1: k-2.0.0
version 2: k-3.0.0
compilation unit: 0050-k-9-5.703/app/core/src/main/java/com/fsck/k9/mailstore/CryptoResultAnnotation.java
method: getOpenPgpSigningKeyIntentIfAny()
constraints in k-2.0.0
	AndroidXNullable condition: "" , add info: -
constraints in k-3.0.0

POSTCONDITION_REMOVED
version 1: k-2.0.0
version 2: k-3.0.0
compilation unit: 0050-k-9-5.703/app/core/src/main/java/com/fsck/k9/mailstore/CryptoResultAnnotation.java
method: getOpenPgpPendingIntent()
constraints in k-2.0.0
	AndroidXNullable condition: "" , add info: -
constraints in k-3.0.0

POSTCONDITION_REMOVED
version 1: k-2.0.0
version 2: k-3.0.0
compilation unit: 0050-k-9-5.703/app/core/src/main/java/com/fsck/k9/mailstore/CryptoResultAnnotation.java
method: getOpenPgpInsecureWarningPendingIntent()
constraints in k-2.0.0
	AndroidXNullable condition: "" , add info: -
constraints in k-3.0.0

POSTCONDITION_REMOVED
version 1: k-2.0.0
version 2: k-3.0.0
compilation unit: 0050-k-9-5.703/app/core/src/main/java/com/fsck/k9/mailstore/CryptoResultAnnotation.java
method: getOpenPgpError()
constraints in k-2.0.0
	AndroidXNullable condition: "" , add info: -
constraints in k-3.0.0

POSTCONDITION_REMOVED
version 1: k-2.0.0
version 2: k-3.0.0
compilation unit: 0050-k-9-5.703/app/core/src/main/java/com/fsck/k9/mailstore/CryptoResultAnnotation.java
method: getErrorType()
constraints in k-2.0.0
	AndroidXNonNull condition: "" , add info: -
constraints in k-3.0.0

POSTCONDITION_REMOVED
version 1: k-2.0.0
version 2: k-3.0.0
compilation unit: 0050-k-9-5.703/app/core/src/main/java/com/fsck/k9/mailstore/CryptoResultAnnotation.java
method: getReplacementData()
constraints in k-2.0.0
	AndroidXNullable condition: "" , add info: -
constraints in k-3.0.0

POSTCONDITION_REMOVED
version 1: k-2.0.0
version 2: k-3.0.0
compilation unit: 0050-k-9-5.703/app/core/src/main/java/com/fsck/k9/mailstore/CryptoResultAnnotation.java
method: withEncapsulatedResult(CryptoResultAnnotation)
constraints in k-2.0.0
	AndroidXNonNull condition: "" , add info: -
constraints in k-3.0.0

POSTCONDITION_REMOVED
version 1: k-2.0.0
version 2: k-3.0.0
compilation unit: 0050-k-9-5.703/app/core/src/main/java/com/fsck/k9/mailstore/LocalStore.java
method: getAttachmentDataSource(String)
constraints in k-2.0.0
	AndroidXNullable condition: "" , add info: -
constraints in k-3.0.0

POSTCONDITION_REMOVED
version 1: k-2.0.0
version 2: k-3.0.0
compilation unit: 0050-k-9-5.703/app/core/src/main/java/com/fsck/k9/message/AutocryptStatusInteractor.java
method: retrieveCryptoProviderRecipientStatus(OpenPgpApi,
constraints in k-2.0.0
	AndroidXWorkerThread condition: "" , add info: -
constraints in k-3.0.0

POSTCONDITION_REMOVED
version 1: k-2.0.0
version 2: k-3.0.0
compilation unit: 0050-k-9-5.703/app/core/src/main/java/com/fsck/k9/message/extractors/AttachmentInfoExtractor.java
method: extractAttachmentInfoForView(List<Part>)
constraints in k-2.0.0
	AndroidXWorkerThread condition: "" , add info: -
constraints in k-3.0.0

POSTCONDITION_REMOVED
version 1: k-2.0.0
version 2: k-3.0.0
compilation unit: 0050-k-9-5.703/app/core/src/main/java/com/fsck/k9/message/extractors/AttachmentInfoExtractor.java
method: getDecryptedFileProviderUri(DeferredFileBody,
constraints in k-2.0.0
	AndroidXNullable condition: "" , add info: -
	AndroidXVisibleForTesting condition: "" , add info: -
constraints in k-3.0.0

POSTCONDITION_REMOVED
version 1: k-2.0.0
version 2: k-3.0.0
compilation unit: 0050-k-9-5.703/app/core/src/main/java/com/fsck/k9/message/signature/HtmlSignatureRemover.java
method: head(Node,
constraints in k-2.0.0
	AndroidXNonNull condition: "" , add info: -
constraints in k-3.0.0

POSTCONDITION_REMOVED
version 1: k-2.0.0
version 2: k-3.0.0
compilation unit: 0050-k-9-5.703/app/core/src/main/java/com/fsck/k9/message/signature/HtmlSignatureRemover.java
method: tail(Node,
constraints in k-2.0.0
	AndroidXNonNull condition: "" , add info: -
constraints in k-3.0.0

POSTCONDITION_REMOVED
version 1: k-2.0.0
version 2: k-3.0.0
compilation unit: 0050-k-9-5.703/app/core/src/main/java/com/fsck/k9/power/DozeChecker.java
method: isAppWhitelisted()
constraints in k-2.0.0
	AndroidXRequiresApi condition: "[api = Build.VERSION_CODES.M]" , add info: -
constraints in k-3.0.0

POSTCONDITION_REMOVED
version 1: k-2.0.0
version 2: k-3.0.0
compilation unit: 0050-k-9-5.703/app/core/src/main/java/com/fsck/k9/Preferences.java
method: clearAccounts()
constraints in k-2.0.0
	AndroidXRestrictTo condition: "Scope.TESTS" , add info: -
constraints in k-3.0.0

POSTCONDITION_REMOVED
version 1: k-2.0.0
version 2: k-3.0.0
compilation unit: 0050-k-9-5.703/app/core/src/main/java/com/fsck/k9/provider/AttachmentTempFileProvider.java
method: createTempUriForContentUri(Context,
constraints in k-2.0.0
	AndroidXWorkerThread condition: "" , add info: -
constraints in k-3.0.0

POSTCONDITION_REMOVED
version 1: k-2.0.0
version 2: k-3.0.0
compilation unit: 0050-k-9-5.703/app/core/src/test/java/com/fsck/k9/message/extractors/AttachmentInfoExtractorTest.java
method: getDecryptedFileProviderUri(DeferredFileBody,
constraints in k-2.0.0
	AndroidXNullable condition: "" , add info: -
constraints in k-3.0.0

POSTCONDITION_REMOVED
version 1: k-2.0.0
version 2: k-3.0.0
compilation unit: 0050-k-9-5.703/app/k9mail/src/main/java/com/fsck/k9/external/MessageProvider.java
method: setExtras(Bundle)
constraints in k-2.0.0
	AndroidTargetApi condition: "Build.VERSION_CODES.M" , add info: -
constraints in k-3.0.0

POSTCONDITION_REMOVED
version 1: k-2.0.0
version 2: k-3.0.0
compilation unit: 0050-k-9-5.703/app/storage/src/main/java/com/fsck/k9/preferences/K9StoragePersister.java
method: String>
constraints in k-2.0.0
	AndroidXCheckResult condition: "" , add info: -
constraints in k-3.0.0

POSTCONDITION_REMOVED
version 1: k-2.0.0
version 2: k-3.0.0
compilation unit: 0050-k-9-5.703/app/ui/src/main/java/com/fsck/k9/activity/compose/RecipientPresenter.java
method: getCurrentCachedCryptoStatus()
constraints in k-2.0.0
	AndroidXNullable condition: "" , add info: -
constraints in k-3.0.0

POSTCONDITION_REMOVED
version 1: k-2.0.0
version 2: k-3.0.0
compilation unit: 0050-k-9-5.703/app/ui/src/main/java/com/fsck/k9/activity/K9PreferenceActivity.java
method: getLifecycle()
constraints in k-2.0.0
	AndroidXNonNull condition: "" , add info: -
constraints in k-3.0.0

POSTCONDITION_REMOVED
version 1: k-2.0.0
version 2: k-3.0.0
compilation unit: 0050-k-9-5.703/app/ui/src/main/java/com/fsck/k9/activity/MessageCompose.java
method: showPickAttachmentDialog(int)
constraints in k-2.0.0
	AndroidSuppressLint condition: ""InlinedApi"" , add info: -
constraints in k-3.0.0

POSTCONDITION_REMOVED
version 1: k-2.0.0
version 2: k-3.0.0
compilation unit: 0050-k-9-5.703/app/ui/src/main/java/com/fsck/k9/activity/MessageCompose.java
method: getTitleResource()
constraints in k-2.0.0
	AndroidXStringRes condition: "" , add info: -
constraints in k-3.0.0

POSTCONDITION_REMOVED
version 1: k-2.0.0
version 2: k-3.0.0
compilation unit: 0050-k-9-5.703/app/ui/src/main/java/com/fsck/k9/activity/MessageLoaderHelper.java
method: asyncStartOrResumeLoadingMessage(MessageReference,
constraints in k-2.0.0
	AndroidXUiThread condition: "" , add info: -
constraints in k-3.0.0

POSTCONDITION_REMOVED
version 1: k-2.0.0
version 2: k-3.0.0
compilation unit: 0050-k-9-5.703/app/ui/src/main/java/com/fsck/k9/activity/MessageLoaderHelper.java
method: asyncStartOrResumeLoadingMessageMetadata(MessageReference)
constraints in k-2.0.0
	AndroidXUiThread condition: "" , add info: -
constraints in k-3.0.0

POSTCONDITION_REMOVED
version 1: k-2.0.0
version 2: k-3.0.0
compilation unit: 0050-k-9-5.703/app/ui/src/main/java/com/fsck/k9/activity/MessageLoaderHelper.java
method: asyncReloadMessage()
constraints in k-2.0.0
	AndroidXUiThread condition: "" , add info: -
constraints in k-3.0.0

POSTCONDITION_REMOVED
version 1: k-2.0.0
version 2: k-3.0.0
compilation unit: 0050-k-9-5.703/app/ui/src/main/java/com/fsck/k9/activity/MessageLoaderHelper.java
method: asyncRestartMessageCryptoProcessing()
constraints in k-2.0.0
	AndroidXUiThread condition: "" , add info: -
constraints in k-3.0.0

POSTCONDITION_REMOVED
version 1: k-2.0.0
version 2: k-3.0.0
compilation unit: 0050-k-9-5.703/app/ui/src/main/java/com/fsck/k9/activity/MessageLoaderHelper.java
method: onDestroy()
constraints in k-2.0.0
	AndroidXUiThread condition: "" , add info: -
constraints in k-3.0.0

POSTCONDITION_REMOVED
version 1: k-2.0.0
version 2: k-3.0.0
compilation unit: 0050-k-9-5.703/app/ui/src/main/java/com/fsck/k9/activity/MessageLoaderHelper.java
method: onDestroyChangingConfigurations()
constraints in k-2.0.0
	AndroidXUiThread condition: "" , add info: -
constraints in k-3.0.0

POSTCONDITION_REMOVED
version 1: k-2.0.0
version 2: k-3.0.0
compilation unit: 0050-k-9-5.703/app/ui/src/main/java/com/fsck/k9/activity/MessageLoaderHelper.java
method: downloadCompleteMessage()
constraints in k-2.0.0
	AndroidXUiThread condition: "" , add info: -
constraints in k-3.0.0

POSTCONDITION_REMOVED
version 1: k-2.0.0
version 2: k-3.0.0
compilation unit: 0050-k-9-5.703/app/ui/src/main/java/com/fsck/k9/activity/MessageLoaderHelper.java
method: onActivityResult(int,
constraints in k-2.0.0
	AndroidXUiThread condition: "" , add info: -
constraints in k-3.0.0

POSTCONDITION_REMOVED
version 1: k-2.0.0
version 2: k-3.0.0
compilation unit: 0050-k-9-5.703/app/ui/src/main/java/com/fsck/k9/activity/misc/Attachment.java
method: getState()
constraints in k-2.0.0
	JetBrainsNotNull condition: "" , add info: -
constraints in k-3.0.0

POSTCONDITION_REMOVED
version 1: k-2.0.0
version 2: k-3.0.0
compilation unit: 0050-k-9-5.703/app/ui/src/main/java/com/fsck/k9/ui/message/LocalMessageExtractorLoader.java
method: loadInBackground()
constraints in k-2.0.0
	AndroidXWorkerThread condition: "" , add info: -
constraints in k-3.0.0

POSTCONDITION_REMOVED
version 1: k-2.0.0
version 2: k-3.0.0
compilation unit: 0050-k-9-5.703/app/ui/src/main/java/com/fsck/k9/ui/messageview/CryptoInfoDialog.java
method: onCreateDialog(Bundle)
constraints in k-2.0.0
	AndroidSuppressLint condition: ""InflateParams"" , add info: -
constraints in k-3.0.0

POSTCONDITION_REMOVED
version 1: k-2.0.0
version 2: k-3.0.0
compilation unit: 0050-k-9-5.703/app/ui/src/main/java/com/fsck/k9/ui/settings/account/OpenPgpAppSelectDialog.java
method: onCreateDialog(Bundle)
constraints in k-2.0.0
	AndroidXNonNull condition: "" , add info: -
	AndroidXNonNull condition: "" , add info: -
constraints in k-3.0.0

POSTCONDITION_REMOVED
version 1: k-2.0.0
version 2: k-3.0.0
compilation unit: 0050-k-9-5.703/app/ui/src/main/java/com/fsck/k9/view/MessageCryptoDisplayStatus.java
method: fromResultAnnotation(CryptoResultAnnotation)
constraints in k-2.0.0
	AndroidXNonNull condition: "" , add info: -
constraints in k-3.0.0

POSTCONDITION_REMOVED
version 1: k-2.0.0
version 2: k-3.0.0
compilation unit: 0050-k-9-5.703/app/ui/src/main/java/com/fsck/k9/view/RecipientSelectView.java
method: getCryptoStatus()
constraints in k-2.0.0
	AndroidXNonNull condition: "" , add info: -
constraints in k-3.0.0

POSTCONDITION_REMOVED
version 1: k-2.0.0
version 2: k-3.0.0
compilation unit: 0050-k-9-5.703/app/ui/src/main/java/com/fsck/k9/view/RecipientSelectView.java
method: getContactLookupUri()
constraints in k-2.0.0
	AndroidXNullable condition: "" , add info: -
constraints in k-3.0.0

POSTCONDITION_REMOVED
version 1: k-2.0.0
version 2: k-3.0.0
compilation unit: 0050-k-9-5.703/mail/common/src/main/java/com/fsck/k9/mail/internet/MessageIdGenerator.java
method: generateUuid()
constraints in k-2.0.0
	AndroidXVisibleForTesting condition: "" , add info: -
constraints in k-3.0.0

POSTCONDITION_REMOVED
version 1: k-2.0.0
version 2: k-3.0.0
compilation unit: 0050-k-9-5.703/mail/common/src/main/java/com/fsck/k9/mail/internet/MimeBodyPart.java
method: getHeader(String)
constraints in k-2.0.0
	AndroidXNonNull condition: "" , add info: -
constraints in k-3.0.0

POSTCONDITION_REMOVED
version 1: k-2.0.0
version 2: k-3.0.0
compilation unit: 0050-k-9-5.703/mail/common/src/main/java/com/fsck/k9/mail/internet/MimeHeader.java
method: getHeaderNames()
constraints in k-2.0.0
	AndroidXNonNull condition: "" , add info: -
constraints in k-3.0.0

POSTCONDITION_REMOVED
version 1: k-2.0.0
version 2: k-3.0.0
compilation unit: 0050-k-9-5.703/mail/common/src/main/java/com/fsck/k9/mail/internet/MimeHeader.java
method: getHeader(String)
constraints in k-2.0.0
	AndroidXNonNull condition: "" , add info: -
constraints in k-3.0.0

POSTCONDITION_REMOVED
version 1: k-2.0.0
version 2: k-3.0.0
compilation unit: 0050-k-9-5.703/mail/common/src/main/java/com/fsck/k9/mail/internet/MimeMessage.java
method: getHeader(String)
constraints in k-2.0.0
	AndroidXNonNull condition: "" , add info: -
constraints in k-3.0.0

POSTCONDITION_REMOVED
version 1: k-2.0.0
version 2: k-3.0.0
compilation unit: 0050-k-9-5.703/mail/common/src/main/java/com/fsck/k9/mail/internet/TextBody.java
method: getComposedMessageLength()
constraints in k-2.0.0
	AndroidXNullable condition: "" , add info: -
constraints in k-3.0.0

POSTCONDITION_REMOVED
version 1: k-2.0.0
version 2: k-3.0.0
compilation unit: 0050-k-9-5.703/mail/common/src/main/java/com/fsck/k9/mail/internet/TextBody.java
method: getComposedMessageOffset()
constraints in k-2.0.0
	AndroidXNullable condition: "" , add info: -
constraints in k-3.0.0

POSTCONDITION_REMOVED
version 1: k-2.0.0
version 2: k-3.0.0
compilation unit: 0050-k-9-5.703/mail/common/src/main/java/com/fsck/k9/mail/Message.java
method: getHeader(String)
constraints in k-2.0.0
	AndroidXNonNull condition: "" , add info: -
constraints in k-3.0.0

POSTCONDITION_REMOVED
version 1: k-2.0.0
version 2: k-3.0.0
compilation unit: 0050-k-9-5.703/mail/common/src/main/java/com/fsck/k9/mail/Part.java
method: getHeader(String)
constraints in k-2.0.0
	AndroidXNonNull condition: "" , add info: -
constraints in k-3.0.0

POSTCONDITION_REMOVED
version 1: k-2.0.0
version 2: k-3.0.0
compilation unit: 0050-k-9-5.703/mail/protocols/imap/src/main/java/com/fsck/k9/mail/store/imap/ListResponse.java
method: getHierarchyDelimiter()
constraints in k-2.0.0
	AndroidXNullable condition: "" , add info: -
constraints in k-3.0.0

POSTCONDITION_REMOVED
version 1: k-2.0.0
version 2: k-3.0.0
compilation unit: 0050-k-9-5.703/mail/protocols/pop3/src/main/java/com/fsck/k9/mail/store/pop3/Pop3Store.java
method: getFolder(String)
constraints in k-2.0.0
	AndroidXNonNull condition: "" , add info: -
constraints in k-3.0.0

POSTCONDITION_REMOVED
version 1: kolabnotes-2.0.0
version 2: kolabnotes-3.0.0
compilation unit: 0337-kolabnotes-android-2.1.2/app/src/main/java/org/kore/kolabnotes/android/setting/SettingsActivity.java
method: onBuildHeaders(List<Header>)
constraints in kolabnotes-2.0.0
	AndroidTargetApi condition: "Build.VERSION_CODES.HONEYCOMB" , add info: -
constraints in kolabnotes-3.0.0

POSTCONDITION_REMOVED
version 1: kolabnotes-2.0.0
version 2: kolabnotes-3.0.0
compilation unit: 0337-kolabnotes-android-2.1.2/app/src/main/java/org/kore/kolabnotes/android/Utils.java
method: getOutline(View,
constraints in kolabnotes-2.0.0
	AndroidTargetApi condition: "Build.VERSION_CODES.LOLLIPOP" , add info: -
constraints in kolabnotes-3.0.0

POSTCONDITION_REMOVED
version 1: kolabnotes-2.0.0
version 2: kolabnotes-3.0.0
compilation unit: 0337-kolabnotes-android-2.1.2/app/src/main/java/yuku/ambilwarna/AmbilWarnaSquare.java
method: onDraw(Canvas)
constraints in kolabnotes-2.0.0
	AndroidSuppressLint condition: ""DrawAllocation"" , add info: -
constraints in kolabnotes-3.0.0

POSTCONDITION_REMOVED
version 1: lttrs-2.0.0
version 2: lttrs-3.0.0
compilation unit: 0192-lttrs-android-0.1.0/app/src/main/java/rs/ltt/android/entity/MailboxEntity.java
method: getId()
constraints in lttrs-2.0.0
	AndroidXNonNull condition: "" , add info: -
constraints in lttrs-3.0.0

POSTCONDITION_REMOVED
version 1: lttrs-2.0.0
version 2: lttrs-3.0.0
compilation unit: 0192-lttrs-android-0.1.0/app/src/main/java/rs/ltt/android/entity/MailboxOverviewItem.java
method: getId()
constraints in lttrs-2.0.0
	AndroidXNonNull condition: "" , add info: -
constraints in lttrs-3.0.0

POSTCONDITION_REMOVED
version 1: lttrs-2.0.0
version 2: lttrs-3.0.0
compilation unit: 0192-lttrs-android-0.1.0/app/src/main/java/rs/ltt/android/LttrsApplication.java
method: getWorkManagerConfiguration()
constraints in lttrs-2.0.0
	AndroidXNonNull condition: "" , add info: -
constraints in lttrs-3.0.0

POSTCONDITION_REMOVED
version 1: lttrs-2.0.0
version 2: lttrs-3.0.0
compilation unit: 0192-lttrs-android-0.1.0/app/src/main/java/rs/ltt/android/ui/adapter/ThreadOverviewAdapter.java
method: getSelectionKey()
constraints in lttrs-2.0.0
	AndroidXNullable condition: "" , add info: -
constraints in lttrs-3.0.0

POSTCONDITION_REMOVED
version 1: lttrs-2.0.0
version 2: lttrs-3.0.0
compilation unit: 0192-lttrs-android-0.1.0/app/src/main/java/rs/ltt/android/ui/adapter/ThreadOverviewItemKeyProvider.java
method: getKey(int)
constraints in lttrs-2.0.0
	AndroidXNullable condition: "" , add info: -
constraints in lttrs-3.0.0

POSTCONDITION_REMOVED
version 1: lttrs-2.0.0
version 2: lttrs-3.0.0
compilation unit: 0192-lttrs-android-0.1.0/app/src/main/java/rs/ltt/android/worker/AbstractMailboxModificationWorker.java
method: doWork()
constraints in lttrs-2.0.0
	AndroidXNonNull condition: "" , add info: -
constraints in lttrs-3.0.0

POSTCONDITION_REMOVED
version 1: lttrs-2.0.0
version 2: lttrs-3.0.0
compilation unit: 0192-lttrs-android-0.1.0/app/src/main/java/rs/ltt/android/worker/DiscardDraftWorker.java
method: doWork()
constraints in lttrs-2.0.0
	AndroidXNonNull condition: "" , add info: -
constraints in lttrs-3.0.0

POSTCONDITION_REMOVED
version 1: lttrs-2.0.0
version 2: lttrs-3.0.0
compilation unit: 0192-lttrs-android-0.1.0/app/src/main/java/rs/ltt/android/worker/ModifyKeywordWorker.java
method: doWork()
constraints in lttrs-2.0.0
	AndroidXNonNull condition: "" , add info: -
constraints in lttrs-3.0.0

POSTCONDITION_REMOVED
version 1: lttrs-2.0.0
version 2: lttrs-3.0.0
compilation unit: 0192-lttrs-android-0.1.0/app/src/main/java/rs/ltt/android/worker/MoveToTrashWorker.java
method: doWork()
constraints in lttrs-2.0.0
	AndroidXNonNull condition: "" , add info: -
constraints in lttrs-3.0.0

POSTCONDITION_REMOVED
version 1: lttrs-2.0.0
version 2: lttrs-3.0.0
compilation unit: 0192-lttrs-android-0.1.0/app/src/main/java/rs/ltt/android/worker/RefreshWorker.java
method: doWork()
constraints in lttrs-2.0.0
	AndroidXNonNull condition: "" , add info: -
constraints in lttrs-3.0.0

POSTCONDITION_REMOVED
version 1: lttrs-2.0.0
version 2: lttrs-3.0.0
compilation unit: 0192-lttrs-android-0.1.0/app/src/main/java/rs/ltt/android/worker/SaveDraftWorker.java
method: doWork()
constraints in lttrs-2.0.0
	AndroidXNonNull condition: "" , add info: -
constraints in lttrs-3.0.0

POSTCONDITION_REMOVED
version 1: lttrs-2.0.0
version 2: lttrs-3.0.0
compilation unit: 0192-lttrs-android-0.1.0/app/src/main/java/rs/ltt/android/worker/SendEmailWorker.java
method: doWork()
constraints in lttrs-2.0.0
	AndroidXNonNull condition: "" , add info: -
constraints in lttrs-3.0.0

POSTCONDITION_REMOVED
version 1: lttrs-2.0.0
version 2: lttrs-3.0.0
compilation unit: 0192-lttrs-android-0.1.0/app/src/main/java/rs/ltt/android/worker/SubmitEmailWorker.java
method: doWork()
constraints in lttrs-2.0.0
	AndroidXNonNull condition: "" , add info: -
constraints in lttrs-3.0.0

POSTCONDITION_REMOVED
version 1: markor-2.0.0
version 2: markor-3.0.0
compilation unit: 0084-markor-v1.7.7/app/src/main/java/net/gsantner/markor/format/general/DatetimeFormatDialog.java
method: showDatetimeFormatDialog(Activity,
constraints in markor-2.0.0
	AndroidSuppressLint condition: ""ClickableViewAccessibility"" , add info: -
constraints in markor-3.0.0

POSTCONDITION_REMOVED
version 1: markor-2.0.0
version 2: markor-3.0.0
compilation unit: 0084-markor-v1.7.7/app/src/main/java/net/gsantner/opoc/preference/SharedPreferencesPropertyBackend.java
method: resetSettings(SharedPreferences)
constraints in markor-2.0.0
	AndroidSuppressLint condition: ""ApplySharedPref"" , add info: -
constraints in markor-3.0.0

POSTCONDITION_REMOVED
version 1: markor-2.0.0
version 2: markor-3.0.0
compilation unit: 0084-markor-v1.7.7/app/src/main/java/net/gsantner/opoc/util/ShareUtil.java
method: extractResultFromActivityResult(int,
constraints in markor-2.0.0
	AndroidSuppressLint condition: ""ApplySharedPref"" , add info: -
constraints in markor-3.0.0

POSTCONDITION_REMOVED
version 1: memetastic-2.0.0
version 2: memetastic-3.0.0
compilation unit: 0082-memetastic-v1.3.1/app/src/main/java/io/github/gsantner/memetastic/activity/AboutActivity.java
method: onCreate(Bundle)
constraints in memetastic-2.0.0
	AndroidSuppressLint condition: ""SetTextI18n"" , add info: -
constraints in memetastic-3.0.0

POSTCONDITION_REMOVED
version 1: memetastic-2.0.0
version 2: memetastic-3.0.0
compilation unit: 0082-memetastic-v1.3.1/app/src/main/java/io/github/gsantner/memetastic/activity/SettingsActivity.java
method: onPreferenceTreeClick(PreferenceScreen,
constraints in memetastic-2.0.0
	AndroidSuppressLint condition: ""ApplySharedPref"" , add info: -
constraints in memetastic-3.0.0

POSTCONDITION_REMOVED
version 1: memetastic-2.0.0
version 2: memetastic-3.0.0
compilation unit: 0082-memetastic-v1.3.1/app/src/main/java/net/gsantner/opoc/util/AppSettingsBase.java
method: resetSettings(SharedPreferences)
constraints in memetastic-2.0.0
	AndroidSuppressLint condition: ""ApplySharedPref"" , add info: -
constraints in memetastic-3.0.0

POSTCONDITION_REMOVED
version 1: memetastic-2.0.0
version 2: memetastic-3.0.0
compilation unit: 0082-memetastic-v1.3.1/app/src/main/java/net/gsantner/opoc/util/ContextUtils.java
method: setTintColorOfButton(AppCompatButton,
constraints in memetastic-2.0.0
	AndroidSuppressLint condition: ""RestrictedApi"" , add info: -
constraints in memetastic-3.0.0

POSTCONDITION_REMOVED
version 1: memetastic-2.0.0
version 2: memetastic-3.0.0
compilation unit: 0082-memetastic-v1.3.1/app/src/main/java/net/gsantner/opoc/util/ContextUtils.java
method: isConnectedToInternet()
constraints in memetastic-2.0.0
	AndroidSuppressLint condition: ""MissingPermission"" , add info: -
constraints in memetastic-3.0.0

POSTCONDITION_REMOVED
version 1: memetastic-2.0.0
version 2: memetastic-3.0.0
compilation unit: 0082-memetastic-v1.3.1/app/src/main/java/net/gsantner/opoc/util/ContextUtils.java
method: setSubMenuIconsVisiblity(Menu,
constraints in memetastic-2.0.0
	AndroidSuppressLint condition: ""PrivateApi"" , add info: -
constraints in memetastic-3.0.0

POSTCONDITION_REMOVED
version 1: moneywallet-2.0.0
version 2: moneywallet-3.0.0
compilation unit: 0289-moneywallet-v4.0.3/app/src/main/java/com/oriondev/moneywallet/background/PeriodDetailFlowLoader.java
method: loadInBackground()
constraints in moneywallet-2.0.0
	AndroidSuppressLint condition: ""UseSparseArrays"" , add info: -
constraints in moneywallet-3.0.0

POSTCONDITION_REMOVED
version 1: mosmetro-2.0.0
version 2: mosmetro-3.0.0
compilation unit: 0052-mosmetro-android-57/src/pw/thedrhax/mosmetro/authenticator/providers/MosMetroV2.java
method: run(HashMap<String,
constraints in mosmetro-2.0.0
	AndroidSuppressLint condition: ""HardwareIds"" , add info: -
constraints in mosmetro-3.0.0

POSTCONDITION_REMOVED
version 1: mundraub-2.0.0
version 2: mundraub-3.0.0
compilation unit: 0112-mundraub-android-v1.206/app/src/main/java/eu/quelltext/mundraub/activities/AboutActivity.java
method: onCreate(Bundle)
constraints in mundraub-2.0.0
	AndroidSuppressLint condition: ""StringFormatInvalid"" , add info: -
constraints in mundraub-3.0.0

POSTCONDITION_REMOVED
version 1: mundraub-2.0.0
version 2: mundraub-3.0.0
compilation unit: 0112-mundraub-android-v1.206/app/src/main/java/eu/quelltext/mundraub/activities/map/MapBaseActivity.java
method: openMapAtGPSPosition()
constraints in mundraub-2.0.0
	AndroidSuppressLint condition: ""MissingPermission"" , add info: -
constraints in mundraub-3.0.0

POSTCONDITION_REMOVED
version 1: mundraub-2.0.0
version 2: mundraub-3.0.0
compilation unit: 0112-mundraub-android-v1.206/app/src/main/java/eu/quelltext/mundraub/activities/SettingsActivity.java
method: setFruitradarDistanceText()
constraints in mundraub-2.0.0
	AndroidSuppressLint condition: ""StringFormatInvalid"" , add info: -
constraints in mundraub-3.0.0

POSTCONDITION_REMOVED
version 1: mundraub-2.0.0
version 2: mundraub-3.0.0
compilation unit: 0112-mundraub-android-v1.206/app/src/main/java/eu/quelltext/mundraub/activities/SettingsActivity.java
method: setMaxNumberOfMarkersText()
constraints in mundraub-2.0.0
	AndroidSuppressLint condition: ""StringFormatInvalid"" , add info: -
constraints in mundraub-3.0.0

POSTCONDITION_REMOVED
version 1: mundraub-2.0.0
version 2: mundraub-3.0.0
compilation unit: 0112-mundraub-android-v1.206/app/src/main/java/eu/quelltext/mundraub/activities/SettingsActivity.java
method: setOfflineMapStatisticsText()
constraints in mundraub-2.0.0
	AndroidSuppressLint condition: ""StringFormatInvalid"" , add info: -
constraints in mundraub-3.0.0

POSTCONDITION_REMOVED
version 1: ncsms-2.0.0
version 2: ncsms-3.0.0
compilation unit: 0046-ncsms-android-1.0.0/src/main/java/fr/unix_experience/owncloud_sms/activities/LoginActivity.java
method: showProgress(boolean)
constraints in ncsms-2.0.0
	AndroidTargetApi condition: "Build.VERSION_CODES.HONEYCOMB_MR2" , add info: -
constraints in ncsms-3.0.0

POSTCONDITION_REMOVED
version 1: ncsms-2.0.0
version 2: ncsms-3.0.0
compilation unit: 0046-ncsms-android-1.0.0/src/main/java/fr/unix_experience/owncloud_sms/notifications/OCSMSNotificationUI.java
method: cancel(Context)
constraints in ncsms-2.0.0
	AndroidTargetApi condition: "Build.VERSION_CODES.ECLAIR" , add info: -
constraints in ncsms-3.0.0

POSTCONDITION_REMOVED
version 1: news-2.0.0
version 2: news-3.0.0
compilation unit: 0204-news-android-v.0.9.9.6/News-Android-App/src/main/java/de/luhmer/owncloudnewsreader/ListView/SubscriptionExpandableListAdapter.java
method: notifyCountDataSetChanged(SparseArray<String>,
constraints in news-2.0.0
	AndroidSuppressLint condition: ""NewApi"" , add info: -
constraints in news-3.0.0

POSTCONDITION_REMOVED
version 1: news-2.0.0
version 2: news-3.0.0
compilation unit: 0204-news-android-v.0.9.9.6/News-Android-App/src/main/java/de/luhmer/owncloudnewsreader/NewsDetailFragment.java
method: getHtmlPage(Context,
constraints in news-2.0.0
	AndroidSuppressLint condition: ""SimpleDateFormat"" , add info: -
constraints in news-3.0.0

POSTCONDITION_REMOVED
version 1: news-2.0.0
version 2: news-3.0.0
compilation unit: 0204-news-android-v.0.9.9.6/News-Android-App/src/main/java/de/luhmer/owncloudnewsreader/ssl/OkHttpSSLClient.java
method: verify(String,
constraints in news-2.0.0
	AndroidSuppressLint condition: ""BadHostnameVerifier"" , add info: -
constraints in news-3.0.0

POSTCONDITION_REMOVED
version 1: news-2.0.0
version 2: news-3.0.0
compilation unit: 0204-news-android-v.0.9.9.6/News-Android-App/src/main/java/de/luhmer/owncloudnewsreader/widget/WidgetTodoViewsFactory.java
method: getViewAt(int)
constraints in news-2.0.0
	AndroidSuppressLint condition: ""SimpleDateFormat"" , add info: -
constraints in news-3.0.0

POSTCONDITION_REMOVED
version 1: notes-2.0.0
version 2: notes-3.0.0
compilation unit: 0037-notes-v1.0/src/main/java/org/billthefarmer/notes/FileUtils.java
method: getPath(Context,
constraints in notes-2.0.0
	AndroidTargetApi condition: "19" , add info: -
constraints in notes-3.0.0

POSTCONDITION_REMOVED
version 1: onpc-2.0.0
version 2: onpc-3.0.0
compilation unit: 0058-onpc-0.4/app/src/main/java/com/mkulesh/onpc/config/Configuration.java
method: getDevicePortAsString()
constraints in onpc-2.0.0
	AndroidSuppressLint condition: ""SetTextI18n"" , add info: -
constraints in onpc-3.0.0

POSTCONDITION_REMOVED
version 1: onpc-2.0.0
version 2: onpc-3.0.0
compilation unit: 0058-onpc-0.4/app/src/main/java/com/mkulesh/onpc/config/PreferencesDeviceSelectors.java
method: onCreate(Bundle)
constraints in onpc-2.0.0
	AndroidSuppressLint condition: ""NewApi"" , add info: -
constraints in onpc-3.0.0

POSTCONDITION_REMOVED
version 1: onpc-2.0.0
version 2: onpc-3.0.0
compilation unit: 0058-onpc-0.4/app/src/main/java/com/mkulesh/onpc/config/PreferencesListeningModes.java
method: onCreate(Bundle)
constraints in onpc-2.0.0
	AndroidSuppressLint condition: ""NewApi"" , add info: -
constraints in onpc-3.0.0

POSTCONDITION_REMOVED
version 1: onpc-2.0.0
version 2: onpc-3.0.0
compilation unit: 0058-onpc-0.4/app/src/main/java/com/mkulesh/onpc/config/PreferencesMain.java
method: onCreate(Bundle)
constraints in onpc-2.0.0
	AndroidSuppressLint condition: ""NewApi"" , add info: -
constraints in onpc-3.0.0

POSTCONDITION_REMOVED
version 1: onpc-2.0.0
version 2: onpc-3.0.0
compilation unit: 0058-onpc-0.4/app/src/main/java/com/mkulesh/onpc/config/PreferencesNetworkServices.java
method: onCreate(Bundle)
constraints in onpc-2.0.0
	AndroidSuppressLint condition: ""NewApi"" , add info: -
constraints in onpc-3.0.0

POSTCONDITION_REMOVED
version 1: onpc-2.0.0
version 2: onpc-3.0.0
compilation unit: 0058-onpc-0.4/app/src/main/java/com/mkulesh/onpc/iscp/messages/TimeSeekMsg.java
method: getTimeAsString()
constraints in onpc-2.0.0
	AndroidSuppressLint condition: ""DefaultLocale"" , add info: -
constraints in onpc-3.0.0

POSTCONDITION_REMOVED
version 1: onpc-2.0.0
version 2: onpc-3.0.0
compilation unit: 0058-onpc-0.4/app/src/main/java/com/mkulesh/onpc/iscp/PopupBuilder.java
method: createTextView(Element,
constraints in onpc-2.0.0
	AndroidSuppressLint condition: ""NewApi"" , add info: -
constraints in onpc-3.0.0

POSTCONDITION_REMOVED
version 1: onpc-2.0.0
version 2: onpc-3.0.0
compilation unit: 0058-onpc-0.4/app/src/main/java/com/mkulesh/onpc/utils/HtmlDialogBuilder.java
method: buildDialog(Context,
constraints in onpc-2.0.0
	AndroidSuppressLint condition: ""NewApi"" , add info: -
constraints in onpc-3.0.0

POSTCONDITION_REMOVED
version 1: onpc-2.0.0
version 2: onpc-3.0.0
compilation unit: 0058-onpc-0.4/app/src/main/java/com/mkulesh/onpc/utils/Utils.java
method: getDrawable(Context,
constraints in onpc-2.0.0
	AndroidSuppressLint condition: ""NewApi"" , add info: -
constraints in onpc-3.0.0

POSTCONDITION_REMOVED
version 1: onpc-2.0.0
version 2: onpc-3.0.0
compilation unit: 0058-onpc-0.4/app/src/main/java/com/mkulesh/onpc/utils/Utils.java
method: showButtonDescription(Context,
constraints in onpc-2.0.0
	AndroidSuppressLint condition: ""RtlHardcoded"" , add info: -
constraints in onpc-3.0.0

POSTCONDITION_REMOVED
version 1: opacclient-2.0.0
version 2: opacclient-3.0.0
compilation unit: 0146-opacclient-2.0.20/src/de/geeksfactory/opacclient/frontend/SearchActivity.java
method: onCreate(Bundle)
constraints in opacclient-2.0.0
	AndroidSuppressLint condition: ""NewApi"" , add info: -
constraints in opacclient-3.0.0

POSTCONDITION_REMOVED
version 1: opacclient-2.0.0
version 2: opacclient-3.0.0
compilation unit: 0146-opacclient-2.0.20/src/de/geeksfactory/opacclient/frontend/SearchActivity.java
method: onPause()
constraints in opacclient-2.0.0
	AndroidSuppressLint condition: ""NewApi"" , add info: -
constraints in opacclient-3.0.0

POSTCONDITION_REMOVED
version 1: opacclient-2.0.0
version 2: opacclient-3.0.0
compilation unit: 0146-opacclient-2.0.20/src/de/geeksfactory/opacclient/frontend/SearchActivity.java
method: onResume()
constraints in opacclient-2.0.0
	AndroidSuppressLint condition: ""NewApi"" , add info: -
constraints in opacclient-3.0.0

POSTCONDITION_REMOVED
version 1: opacclient-2.0.0
version 2: opacclient-3.0.0
compilation unit: 0146-opacclient-2.0.20/src/de/geeksfactory/opacclient/frontend/SearchActivity.java
method: onNewIntent(Intent)
constraints in opacclient-2.0.0
	AndroidSuppressLint condition: ""NewApi"" , add info: -
constraints in opacclient-3.0.0

POSTCONDITION_REMOVED
version 1: opacclient-2.0.0
version 2: opacclient-3.0.0
compilation unit: 0146-opacclient-2.0.20/src/de/geeksfactory/opacclient/frontend/SearchActivity.java
method: readPageToString(android.nfc.Tag)
constraints in opacclient-2.0.0
	AndroidSuppressLint condition: ""NewApi"" , add info: -
constraints in opacclient-3.0.0

POSTCONDITION_REMOVED
version 1: opacclient-2.0.0
version 2: opacclient-3.0.0
compilation unit: 0146-opacclient-2.0.20/src/de/geeksfactory/opacclient/frontend/SearchResultDetailsActivity.java
method: onPostExecute(DetailledItem)
constraints in opacclient-2.0.0
	AndroidSuppressLint condition: ""NewApi"" , add info: -
constraints in opacclient-3.0.0

POSTCONDITION_REMOVED
version 1: opacclient-2.0.0
version 2: opacclient-3.0.0
compilation unit: 0146-opacclient-2.0.20/src/de/geeksfactory/opacclient/frontend/SearchResultsActivity.java
method: onOptionsItemSelected(MenuItem)
constraints in opacclient-2.0.0
	AndroidSuppressLint condition: ""NewApi"" , add info: -
constraints in opacclient-3.0.0

POSTCONDITION_REMOVED
version 1: open-0.0.0
version 2: open-1.0.0
compilation unit: 0206-open-chaos-chess-v1.5.0/app/src/main/java/dev/corruptedark/openchaoschess/Achievement.java
method: getTitle()
constraints in open-0.0.0
	AndroidXNonNull condition: "" , add info: -
constraints in open-1.0.0

POSTCONDITION_REMOVED
version 1: open-0.0.0
version 2: open-1.0.0
compilation unit: 0206-open-chaos-chess-v1.5.0/app/src/main/java/dev/corruptedark/openchaoschess/Achievement.java
method: getDescription()
constraints in open-0.0.0
	AndroidXNonNull condition: "" , add info: -
constraints in open-1.0.0

POSTCONDITION_REMOVED
version 1: open-0.0.0
version 2: open-1.0.0
compilation unit: 0206-open-chaos-chess-v1.5.0/app/src/main/java/dev/corruptedark/openchaoschess/AchievementAdapter.java
method: getItem(int)
constraints in open-0.0.0
	AndroidXNullable condition: "" , add info: -
constraints in open-1.0.0

POSTCONDITION_REMOVED
version 1: open-0.0.0
version 2: open-1.0.0
compilation unit: 0206-open-chaos-chess-v1.5.0/app/src/main/java/dev/corruptedark/openchaoschess/PairedDeviceAdapter.java
method: getItem(int)
constraints in open-0.0.0
	AndroidXNullable condition: "" , add info: -
constraints in open-1.0.0

POSTCONDITION_REMOVED
version 1: open-1.0.0
version 2: open-2.0.0
compilation unit: 0066-open-event-organizer-android-v1.7.0/app/src/main/java/com/eventyay/organizer/common/livedata/SingleEventLiveData.java
method: call()
constraints in open-1.0.0
	AndroidXMainThread condition: "" , add info: -
constraints in open-2.0.0

POSTCONDITION_REMOVED
version 1: open-1.0.0
version 2: open-2.0.0
compilation unit: 0066-open-event-organizer-android-v1.7.0/app/src/main/java/com/eventyay/organizer/common/mvp/presenter/AbstractBasePresenter.java
method: attach(V)
constraints in open-1.0.0
	AndroidXCallSuper condition: "" , add info: -
constraints in open-2.0.0

POSTCONDITION_REMOVED
version 1: open-1.0.0
version 2: open-2.0.0
compilation unit: 0066-open-event-organizer-android-v1.7.0/app/src/main/java/com/eventyay/organizer/common/mvp/presenter/AbstractBasePresenter.java
method: detach()
constraints in open-1.0.0
	AndroidXCallSuper condition: "" , add info: -
constraints in open-2.0.0

POSTCONDITION_REMOVED
version 1: open-1.0.0
version 2: open-2.0.0
compilation unit: 0066-open-event-organizer-android-v1.7.0/app/src/main/java/com/eventyay/organizer/common/mvp/presenter/AbstractBasePresenter.java
method: getDisposable()
constraints in open-1.0.0
	AndroidXVisibleForTesting condition: "[otherwise = VisibleForTesting.PROTECTED]" , add info: -
constraints in open-2.0.0

POSTCONDITION_REMOVED
version 1: open-1.0.0
version 2: open-2.0.0
compilation unit: 0066-open-event-organizer-android-v1.7.0/app/src/main/java/com/eventyay/organizer/common/mvp/presenter/AbstractDetailPresenter.java
method: attach(K,
constraints in open-1.0.0
	AndroidXCallSuper condition: "" , add info: -
constraints in open-2.0.0

POSTCONDITION_REMOVED
version 1: open-1.0.0
version 2: open-2.0.0
compilation unit: 0066-open-event-organizer-android-v1.7.0/app/src/main/java/com/eventyay/organizer/common/mvp/view/BaseFragment.java
method: getTitle()
constraints in open-1.0.0
	AndroidXStringRes condition: "" , add info: -
constraints in open-2.0.0

POSTCONDITION_REMOVED
version 1: open-1.0.0
version 2: open-2.0.0
compilation unit: 0066-open-event-organizer-android-v1.7.0/app/src/main/java/com/eventyay/organizer/core/attendee/checkin/AttendeeCheckInViewModel.java
method: start(long)
constraints in open-1.0.0
	AndroidSuppressLint condition: ""CheckResult"" , add info: -
constraints in open-2.0.0

POSTCONDITION_REMOVED
version 1: open-1.0.0
version 2: open-2.0.0
compilation unit: 0066-open-event-organizer-android-v1.7.0/app/src/main/java/com/eventyay/organizer/core/attendee/checkin/AttendeeCheckInViewModel.java
method: setAttendee(Attendee)
constraints in open-1.0.0
	AndroidXVisibleForTesting condition: "" , add info: -
constraints in open-2.0.0

POSTCONDITION_REMOVED
version 1: open-1.0.0
version 2: open-2.0.0
compilation unit: 0066-open-event-organizer-android-v1.7.0/app/src/main/java/com/eventyay/organizer/core/attendee/list/AttendeesViewModel.java
method: toggleCheckInState(List<Attendee>,
constraints in open-1.0.0
	AndroidSuppressLint condition: ""CheckResult"" , add info: -
constraints in open-2.0.0

POSTCONDITION_REMOVED
version 1: open-1.0.0
version 2: open-2.0.0
compilation unit: 0066-open-event-organizer-android-v1.7.0/app/src/main/java/com/eventyay/organizer/core/attendee/list/AttendeesViewModel.java
method: setAttendeeList(List<Attendee>)
constraints in open-1.0.0
	AndroidXVisibleForTesting condition: "" , add info: -
constraints in open-2.0.0

POSTCONDITION_REMOVED
version 1: open-1.0.0
version 2: open-2.0.0
compilation unit: 0066-open-event-organizer-android-v1.7.0/app/src/main/java/com/eventyay/organizer/core/auth/login/LoginViewModel.java
method: getLoginModel()
constraints in open-1.0.0
	AndroidXVisibleForTesting condition: "" , add info: -
constraints in open-2.0.0

POSTCONDITION_REMOVED
version 1: open-1.0.0
version 2: open-2.0.0
compilation unit: 0066-open-event-organizer-android-v1.7.0/app/src/main/java/com/eventyay/organizer/core/event/about/AboutEventViewModel.java
method: getCopyright()
constraints in open-1.0.0
	AndroidXNullable condition: "" , add info: -
constraints in open-2.0.0

POSTCONDITION_REMOVED
version 1: open-1.0.0
version 2: open-2.0.0
compilation unit: 0066-open-event-organizer-android-v1.7.0/app/src/main/java/com/eventyay/organizer/core/event/create/EventsViewPager.java
method: onTouchEvent(MotionEvent)
constraints in open-1.0.0
	AndroidSuppressLint condition: ""ClickableViewAccessibility"" , add info: -
constraints in open-2.0.0

POSTCONDITION_REMOVED
version 1: open-1.0.0
version 2: open-2.0.0
compilation unit: 0066-open-event-organizer-android-v1.7.0/app/src/main/java/com/eventyay/organizer/core/event/dashboard/EventDashboardPresenter.java
method: getView()
constraints in open-1.0.0
	AndroidXVisibleForTesting condition: "" , add info: -
constraints in open-2.0.0

POSTCONDITION_REMOVED
version 1: open-1.0.0
version 2: open-2.0.0
compilation unit: 0066-open-event-organizer-android-v1.7.0/app/src/main/java/com/eventyay/organizer/core/event/dashboard/EventDashboardPresenter.java
method: getEvent()
constraints in open-1.0.0
	AndroidXVisibleForTesting condition: "" , add info: -
constraints in open-2.0.0

POSTCONDITION_REMOVED
version 1: open-1.0.0
version 2: open-2.0.0
compilation unit: 0066-open-event-organizer-android-v1.7.0/app/src/main/java/com/eventyay/organizer/core/event/dashboard/EventDashboardPresenter.java
method: setEvent(Event)
constraints in open-1.0.0
	AndroidXVisibleForTesting condition: "" , add info: -
constraints in open-2.0.0

POSTCONDITION_REMOVED
version 1: open-1.0.0
version 2: open-2.0.0
compilation unit: 0066-open-event-organizer-android-v1.7.0/app/src/main/java/com/eventyay/organizer/core/event/list/EventListFragment.java
method: getPageTitle(int)
constraints in open-1.0.0
	AndroidXNullable condition: "" , add info: -
constraints in open-2.0.0

POSTCONDITION_REMOVED
version 1: open-1.0.0
version 2: open-2.0.0
compilation unit: 0066-open-event-organizer-android-v1.7.0/app/src/main/java/com/eventyay/organizer/core/orders/detail/OrderDetailViewModel.java
method: setAttendees(List<Attendee>)
constraints in open-1.0.0
	AndroidXVisibleForTesting condition: "" , add info: -
constraints in open-2.0.0

POSTCONDITION_REMOVED
version 1: open-1.0.0
version 2: open-2.0.0
compilation unit: 0066-open-event-organizer-android-v1.7.0/app/src/main/java/com/eventyay/organizer/core/organizer/update/UpdateOrganizerInfoViewModel.java
method: nullifyEmptyFields(User)
constraints in open-1.0.0
	AndroidXVisibleForTesting condition: "" , add info: -
constraints in open-2.0.0

POSTCONDITION_REMOVED
version 1: open-1.0.0
version 2: open-2.0.0
compilation unit: 0066-open-event-organizer-android-v1.7.0/app/src/main/java/com/eventyay/organizer/core/speakerscall/create/CreateSpeakersCallViewModel.java
method: setSpeakersCall(SpeakersCall)
constraints in open-1.0.0
	AndroidXVisibleForTesting condition: "" , add info: -
constraints in open-2.0.0

POSTCONDITION_REMOVED
version 1: open-1.0.0
version 2: open-2.0.0
compilation unit: 0066-open-event-organizer-android-v1.7.0/app/src/main/java/com/eventyay/organizer/core/sponsor/create/CreateSponsorViewModel.java
method: nullifyEmptyFields(Sponsor)
constraints in open-1.0.0
	AndroidXVisibleForTesting condition: "" , add info: -
constraints in open-2.0.0

POSTCONDITION_REMOVED
version 1: open-1.0.0
version 2: open-2.0.0
compilation unit: 0066-open-event-organizer-android-v1.7.0/app/src/main/java/com/eventyay/organizer/core/sponsor/list/SponsorsPresenter.java
method: deleteSponsor(Long)
constraints in open-1.0.0
	AndroidXVisibleForTesting condition: "" , add info: -
constraints in open-2.0.0

POSTCONDITION_REMOVED
version 1: open-1.0.0
version 2: open-2.0.0
compilation unit: 0066-open-event-organizer-android-v1.7.0/app/src/main/java/com/eventyay/organizer/core/sponsor/list/SponsorsPresenter.java
method: ObservableBoolean>
constraints in open-1.0.0
	AndroidXVisibleForTesting condition: "" , add info: -
constraints in open-2.0.0

POSTCONDITION_REMOVED
version 1: open-1.0.0
version 2: open-2.0.0
compilation unit: 0066-open-event-organizer-android-v1.7.0/app/src/main/java/com/eventyay/organizer/data/attendee/AttendeeCheckInWork.java
method: doWork()
constraints in open-1.0.0
	AndroidXNonNull condition: "" , add info: -
constraints in open-2.0.0

POSTCONDITION_REMOVED
version 1: open-1.0.0
version 2: open-2.0.0
compilation unit: 0066-open-event-organizer-android-v1.7.0/app/src/main/java/com/eventyay/organizer/data/attendee/AttendeeRepository.java
method: getAttendee(long,
constraints in open-1.0.0
	AndroidXNonNull condition: "" , add info: -
constraints in open-2.0.0

POSTCONDITION_REMOVED
version 1: open-1.0.0
version 2: open-2.0.0
compilation unit: 0066-open-event-organizer-android-v1.7.0/app/src/main/java/com/eventyay/organizer/data/attendee/AttendeeRepository.java
method: getAttendees(long,
constraints in open-1.0.0
	AndroidXNonNull condition: "" , add info: -
constraints in open-2.0.0

POSTCONDITION_REMOVED
version 1: open-1.0.0
version 2: open-2.0.0
compilation unit: 0066-open-event-organizer-android-v1.7.0/app/src/main/java/com/eventyay/organizer/data/attendee/AttendeeRepository.java
method: getAttendeesPageWise(long,
constraints in open-1.0.0
	AndroidXNonNull condition: "" , add info: -
constraints in open-2.0.0

POSTCONDITION_REMOVED
version 1: open-1.0.0
version 2: open-2.0.0
compilation unit: 0066-open-event-organizer-android-v1.7.0/app/src/main/java/com/eventyay/organizer/data/attendee/AttendeeRepository.java
method: getAttendeesUnderOrder(String,
constraints in open-1.0.0
	AndroidXNonNull condition: "" , add info: -
constraints in open-2.0.0

POSTCONDITION_REMOVED
version 1: open-1.0.0
version 2: open-2.0.0
compilation unit: 0066-open-event-organizer-android-v1.7.0/app/src/main/java/com/eventyay/organizer/data/attendee/AttendeeRepository.java
method: toggleAttendeeCheckStatus(Attendee)
constraints in open-1.0.0
	AndroidXNonNull condition: "" , add info: -
constraints in open-2.0.0

POSTCONDITION_REMOVED
version 1: open-1.0.0
version 2: open-2.0.0
compilation unit: 0066-open-event-organizer-android-v1.7.0/app/src/main/java/com/eventyay/organizer/data/attendee/AttendeeRepository.java
method: getPendingCheckIns()
constraints in open-1.0.0
	AndroidXNonNull condition: "" , add info: -
constraints in open-2.0.0

POSTCONDITION_REMOVED
version 1: open-1.0.0
version 2: open-2.0.0
compilation unit: 0066-open-event-organizer-android-v1.7.0/app/src/main/java/com/eventyay/organizer/data/attendee/AttendeeRepository.java
method: getCheckedInAttendees(long)
constraints in open-1.0.0
	AndroidXNonNull condition: "" , add info: -
constraints in open-2.0.0

POSTCONDITION_REMOVED
version 1: open-1.0.0
version 2: open-2.0.0
compilation unit: 0066-open-event-organizer-android-v1.7.0/app/src/main/java/com/eventyay/organizer/data/attendee/AttendeeRepositoryImpl.java
method: getAttendee(long,
constraints in open-1.0.0
	AndroidXNonNull condition: "" , add info: -
constraints in open-2.0.0

POSTCONDITION_REMOVED
version 1: open-1.0.0
version 2: open-2.0.0
compilation unit: 0066-open-event-organizer-android-v1.7.0/app/src/main/java/com/eventyay/organizer/data/attendee/AttendeeRepositoryImpl.java
method: getAttendees(long,
constraints in open-1.0.0
	AndroidXNonNull condition: "" , add info: -
constraints in open-2.0.0

POSTCONDITION_REMOVED
version 1: open-1.0.0
version 2: open-2.0.0
compilation unit: 0066-open-event-organizer-android-v1.7.0/app/src/main/java/com/eventyay/organizer/data/attendee/AttendeeRepositoryImpl.java
method: getAttendeesPageWise(long,
constraints in open-1.0.0
	AndroidXNonNull condition: "" , add info: -
constraints in open-2.0.0

POSTCONDITION_REMOVED
version 1: open-1.0.0
version 2: open-2.0.0
compilation unit: 0066-open-event-organizer-android-v1.7.0/app/src/main/java/com/eventyay/organizer/data/attendee/AttendeeRepositoryImpl.java
method: getCheckedInAttendees(long)
constraints in open-1.0.0
	AndroidXNonNull condition: "" , add info: -
constraints in open-2.0.0

POSTCONDITION_REMOVED
version 1: open-1.0.0
version 2: open-2.0.0
compilation unit: 0066-open-event-organizer-android-v1.7.0/app/src/main/java/com/eventyay/organizer/data/attendee/AttendeeRepositoryImpl.java
method: scheduleToggle(Attendee)
constraints in open-1.0.0
	AndroidXNonNull condition: "" , add info: -
constraints in open-2.0.0

POSTCONDITION_REMOVED
version 1: open-1.0.0
version 2: open-2.0.0
compilation unit: 0066-open-event-organizer-android-v1.7.0/app/src/main/java/com/eventyay/organizer/data/attendee/AttendeeRepositoryImpl.java
method: toggleAttendeeCheckStatus(Attendee)
constraints in open-1.0.0
	AndroidXNonNull condition: "" , add info: -
constraints in open-2.0.0

POSTCONDITION_REMOVED
version 1: open-1.0.0
version 2: open-2.0.0
compilation unit: 0066-open-event-organizer-android-v1.7.0/app/src/main/java/com/eventyay/organizer/data/attendee/AttendeeRepositoryImpl.java
method: getPendingCheckIns()
constraints in open-1.0.0
	AndroidXNonNull condition: "" , add info: -
constraints in open-2.0.0

POSTCONDITION_REMOVED
version 1: open-1.0.0
version 2: open-2.0.0
compilation unit: 0066-open-event-organizer-android-v1.7.0/app/src/main/java/com/eventyay/organizer/data/copyright/CopyrightRepository.java
method: createCopyright(Copyright)
constraints in open-1.0.0
	AndroidXNonNull condition: "" , add info: -
constraints in open-2.0.0

POSTCONDITION_REMOVED
version 1: open-1.0.0
version 2: open-2.0.0
compilation unit: 0066-open-event-organizer-android-v1.7.0/app/src/main/java/com/eventyay/organizer/data/copyright/CopyrightRepository.java
method: getCopyright(long,
constraints in open-1.0.0
	AndroidXNonNull condition: "" , add info: -
constraints in open-2.0.0

POSTCONDITION_REMOVED
version 1: open-1.0.0
version 2: open-2.0.0
compilation unit: 0066-open-event-organizer-android-v1.7.0/app/src/main/java/com/eventyay/organizer/data/copyright/CopyrightRepository.java
method: updateCopyright(Copyright)
constraints in open-1.0.0
	AndroidXNonNull condition: "" , add info: -
constraints in open-2.0.0

POSTCONDITION_REMOVED
version 1: open-1.0.0
version 2: open-2.0.0
compilation unit: 0066-open-event-organizer-android-v1.7.0/app/src/main/java/com/eventyay/organizer/data/copyright/CopyrightRepository.java
method: deleteCopyright(long)
constraints in open-1.0.0
	AndroidXNonNull condition: "" , add info: -
constraints in open-2.0.0

POSTCONDITION_REMOVED
version 1: open-1.0.0
version 2: open-2.0.0
compilation unit: 0066-open-event-organizer-android-v1.7.0/app/src/main/java/com/eventyay/organizer/data/copyright/CopyrightRepositoryImpl.java
method: createCopyright(Copyright)
constraints in open-1.0.0
	AndroidXNonNull condition: "" , add info: -
constraints in open-2.0.0

POSTCONDITION_REMOVED
version 1: open-1.0.0
version 2: open-2.0.0
compilation unit: 0066-open-event-organizer-android-v1.7.0/app/src/main/java/com/eventyay/organizer/data/copyright/CopyrightRepositoryImpl.java
method: getCopyright(long,
constraints in open-1.0.0
	AndroidXNonNull condition: "" , add info: -
constraints in open-2.0.0

POSTCONDITION_REMOVED
version 1: open-1.0.0
version 2: open-2.0.0
compilation unit: 0066-open-event-organizer-android-v1.7.0/app/src/main/java/com/eventyay/organizer/data/copyright/CopyrightRepositoryImpl.java
method: updateCopyright(Copyright)
constraints in open-1.0.0
	AndroidXNonNull condition: "" , add info: -
constraints in open-2.0.0

POSTCONDITION_REMOVED
version 1: open-1.0.0
version 2: open-2.0.0
compilation unit: 0066-open-event-organizer-android-v1.7.0/app/src/main/java/com/eventyay/organizer/data/copyright/CopyrightRepositoryImpl.java
method: deleteCopyright(long)
constraints in open-1.0.0
	AndroidXNonNull condition: "" , add info: -
constraints in open-2.0.0

POSTCONDITION_REMOVED
version 1: open-1.0.0
version 2: open-2.0.0
compilation unit: 0066-open-event-organizer-android-v1.7.0/app/src/main/java/com/eventyay/organizer/data/event/EventRepository.java
method: getEvents(boolean)
constraints in open-1.0.0
	AndroidXNonNull condition: "" , add info: -
constraints in open-2.0.0

POSTCONDITION_REMOVED
version 1: open-1.0.0
version 2: open-2.0.0
compilation unit: 0066-open-event-organizer-android-v1.7.0/app/src/main/java/com/eventyay/organizer/data/event/EventRepository.java
method: updateEvent(Event)
constraints in open-1.0.0
	AndroidXNonNull condition: "" , add info: -
constraints in open-2.0.0

POSTCONDITION_REMOVED
version 1: open-1.0.0
version 2: open-2.0.0
compilation unit: 0066-open-event-organizer-android-v1.7.0/app/src/main/java/com/eventyay/organizer/data/event/EventRepositoryImpl.java
method: getEvents(boolean)
constraints in open-1.0.0
	AndroidXNonNull condition: "" , add info: -
constraints in open-2.0.0

POSTCONDITION_REMOVED
version 1: open-1.0.0
version 2: open-2.0.0
compilation unit: 0066-open-event-organizer-android-v1.7.0/app/src/main/java/com/eventyay/organizer/data/event/EventRepositoryImpl.java
method: updateEvent(Event)
constraints in open-1.0.0
	AndroidXNonNull condition: "" , add info: -
constraints in open-2.0.0

POSTCONDITION_REMOVED
version 1: open-1.0.0
version 2: open-2.0.0
compilation unit: 0066-open-event-organizer-android-v1.7.0/app/src/main/java/com/eventyay/organizer/data/event/EventRepositoryImpl.java
method: uploadEventImage(ImageData)
constraints in open-1.0.0
	AndroidXNonNull condition: "" , add info: -
constraints in open-2.0.0

POSTCONDITION_REMOVED
version 1: open-1.0.0
version 2: open-2.0.0
compilation unit: 0066-open-event-organizer-android-v1.7.0/app/src/main/java/com/eventyay/organizer/data/faq/FaqRepositoryImpl.java
method: createFaq(Faq)
constraints in open-1.0.0
	AndroidXNonNull condition: "" , add info: -
constraints in open-2.0.0

POSTCONDITION_REMOVED
version 1: open-1.0.0
version 2: open-2.0.0
compilation unit: 0066-open-event-organizer-android-v1.7.0/app/src/main/java/com/eventyay/organizer/data/faq/FaqRepositoryImpl.java
method: deleteFaq(long)
constraints in open-1.0.0
	AndroidXNonNull condition: "" , add info: -
constraints in open-2.0.0

POSTCONDITION_REMOVED
version 1: open-1.0.0
version 2: open-2.0.0
compilation unit: 0066-open-event-organizer-android-v1.7.0/app/src/main/java/com/eventyay/organizer/data/order/OrderRepository.java
method: getOrder(String,
constraints in open-1.0.0
	AndroidXNonNull condition: "" , add info: -
constraints in open-2.0.0

POSTCONDITION_REMOVED
version 1: open-1.0.0
version 2: open-2.0.0
compilation unit: 0066-open-event-organizer-android-v1.7.0/app/src/main/java/com/eventyay/organizer/data/order/OrderRepositoryImpl.java
method: getOrder(String,
constraints in open-1.0.0
	AndroidXNonNull condition: "" , add info: -
constraints in open-2.0.0

POSTCONDITION_REMOVED
version 1: open-1.0.0
version 2: open-2.0.0
compilation unit: 0066-open-event-organizer-android-v1.7.0/app/src/main/java/com/eventyay/organizer/data/role/RoleRepositoryImpl.java
method: deleteRole(long)
constraints in open-1.0.0
	AndroidXNonNull condition: "" , add info: -
constraints in open-2.0.0

POSTCONDITION_REMOVED
version 1: open-1.0.0
version 2: open-2.0.0
compilation unit: 0066-open-event-organizer-android-v1.7.0/app/src/main/java/com/eventyay/organizer/data/session/SessionRepository.java
method: getSession(long,
constraints in open-1.0.0
	AndroidXNonNull condition: "" , add info: -
constraints in open-2.0.0

POSTCONDITION_REMOVED
version 1: open-1.0.0
version 2: open-2.0.0
compilation unit: 0066-open-event-organizer-android-v1.7.0/app/src/main/java/com/eventyay/organizer/data/session/SessionRepository.java
method: updateSession(Session)
constraints in open-1.0.0
	AndroidXNonNull condition: "" , add info: -
constraints in open-2.0.0

POSTCONDITION_REMOVED
version 1: open-1.0.0
version 2: open-2.0.0
compilation unit: 0066-open-event-organizer-android-v1.7.0/app/src/main/java/com/eventyay/organizer/data/session/SessionRepositoryImpl.java
method: getSession(long,
constraints in open-1.0.0
	AndroidXNonNull condition: "" , add info: -
constraints in open-2.0.0

POSTCONDITION_REMOVED
version 1: open-1.0.0
version 2: open-2.0.0
compilation unit: 0066-open-event-organizer-android-v1.7.0/app/src/main/java/com/eventyay/organizer/data/session/SessionRepositoryImpl.java
method: updateSession(Session)
constraints in open-1.0.0
	AndroidXNonNull condition: "" , add info: -
constraints in open-2.0.0

POSTCONDITION_REMOVED
version 1: open-1.0.0
version 2: open-2.0.0
compilation unit: 0066-open-event-organizer-android-v1.7.0/app/src/main/java/com/eventyay/organizer/data/session/SessionRepositoryImpl.java
method: deleteSession(long)
constraints in open-1.0.0
	AndroidXNonNull condition: "" , add info: -
constraints in open-2.0.0

POSTCONDITION_REMOVED
version 1: open-1.0.0
version 2: open-2.0.0
compilation unit: 0066-open-event-organizer-android-v1.7.0/app/src/main/java/com/eventyay/organizer/data/speakerscall/SpeakersCallRepository.java
method: updateSpeakersCall(SpeakersCall)
constraints in open-1.0.0
	AndroidXNonNull condition: "" , add info: -
constraints in open-2.0.0

POSTCONDITION_REMOVED
version 1: open-1.0.0
version 2: open-2.0.0
compilation unit: 0066-open-event-organizer-android-v1.7.0/app/src/main/java/com/eventyay/organizer/data/speakerscall/SpeakersCallRepositoryImpl.java
method: updateSpeakersCall(SpeakersCall)
constraints in open-1.0.0
	AndroidXNonNull condition: "" , add info: -
constraints in open-2.0.0

POSTCONDITION_REMOVED
version 1: open-1.0.0
version 2: open-2.0.0
compilation unit: 0066-open-event-organizer-android-v1.7.0/app/src/main/java/com/eventyay/organizer/data/sponsor/SponsorRepositoryImpl.java
method: getSponsors(long,
constraints in open-1.0.0
	AndroidXNonNull condition: "" , add info: -
constraints in open-2.0.0

POSTCONDITION_REMOVED
version 1: open-1.0.0
version 2: open-2.0.0
compilation unit: 0066-open-event-organizer-android-v1.7.0/app/src/main/java/com/eventyay/organizer/data/sponsor/SponsorRepositoryImpl.java
method: getSponsor(long,
constraints in open-1.0.0
	AndroidXNonNull condition: "" , add info: -
constraints in open-2.0.0

POSTCONDITION_REMOVED
version 1: open-1.0.0
version 2: open-2.0.0
compilation unit: 0066-open-event-organizer-android-v1.7.0/app/src/main/java/com/eventyay/organizer/data/sponsor/SponsorRepositoryImpl.java
method: updateSponsor(Sponsor)
constraints in open-1.0.0
	AndroidXNonNull condition: "" , add info: -
constraints in open-2.0.0

POSTCONDITION_REMOVED
version 1: open-1.0.0
version 2: open-2.0.0
compilation unit: 0066-open-event-organizer-android-v1.7.0/app/src/main/java/com/eventyay/organizer/data/ticket/TicketRepository.java
method: createTicket(Ticket)
constraints in open-1.0.0
	AndroidXNonNull condition: "" , add info: -
constraints in open-2.0.0

POSTCONDITION_REMOVED
version 1: open-1.0.0
version 2: open-2.0.0
compilation unit: 0066-open-event-organizer-android-v1.7.0/app/src/main/java/com/eventyay/organizer/data/ticket/TicketRepository.java
method: updateTicket(Ticket)
constraints in open-1.0.0
	AndroidXNonNull condition: "" , add info: -
constraints in open-2.0.0

POSTCONDITION_REMOVED
version 1: open-1.0.0
version 2: open-2.0.0
compilation unit: 0066-open-event-organizer-android-v1.7.0/app/src/main/java/com/eventyay/organizer/data/ticket/TicketRepository.java
method: getTicket(long,
constraints in open-1.0.0
	AndroidXNonNull condition: "" , add info: -
constraints in open-2.0.0

POSTCONDITION_REMOVED
version 1: open-1.0.0
version 2: open-2.0.0
compilation unit: 0066-open-event-organizer-android-v1.7.0/app/src/main/java/com/eventyay/organizer/data/ticket/TicketRepository.java
method: getTickets(long,
constraints in open-1.0.0
	AndroidXNonNull condition: "" , add info: -
constraints in open-2.0.0

POSTCONDITION_REMOVED
version 1: open-1.0.0
version 2: open-2.0.0
compilation unit: 0066-open-event-organizer-android-v1.7.0/app/src/main/java/com/eventyay/organizer/data/ticket/TicketRepository.java
method: getTicketsUnderOrder(String,
constraints in open-1.0.0
	AndroidXNonNull condition: "" , add info: -
constraints in open-2.0.0

POSTCONDITION_REMOVED
version 1: open-1.0.0
version 2: open-2.0.0
compilation unit: 0066-open-event-organizer-android-v1.7.0/app/src/main/java/com/eventyay/organizer/data/ticket/TicketRepository.java
method: deleteTicket(long)
constraints in open-1.0.0
	AndroidXNonNull condition: "" , add info: -
constraints in open-2.0.0

POSTCONDITION_REMOVED
version 1: open-1.0.0
version 2: open-2.0.0
compilation unit: 0066-open-event-organizer-android-v1.7.0/app/src/main/java/com/eventyay/organizer/data/ticket/TicketRepository.java
method: getTicketsQuantity(long)
constraints in open-1.0.0
	AndroidXNonNull condition: "" , add info: -
constraints in open-2.0.0

POSTCONDITION_REMOVED
version 1: open-1.0.0
version 2: open-2.0.0
compilation unit: 0066-open-event-organizer-android-v1.7.0/app/src/main/java/com/eventyay/organizer/data/ticket/TicketRepository.java
method: getSoldTicketsQuantity(long)
constraints in open-1.0.0
	AndroidXNonNull condition: "" , add info: -
constraints in open-2.0.0

POSTCONDITION_REMOVED
version 1: open-1.0.0
version 2: open-2.0.0
compilation unit: 0066-open-event-organizer-android-v1.7.0/app/src/main/java/com/eventyay/organizer/data/ticket/TicketRepository.java
method: getTotalSale(long)
constraints in open-1.0.0
	AndroidXNonNull condition: "" , add info: -
constraints in open-2.0.0

POSTCONDITION_REMOVED
version 1: open-1.0.0
version 2: open-2.0.0
compilation unit: 0066-open-event-organizer-android-v1.7.0/app/src/main/java/com/eventyay/organizer/data/ticket/TicketRepositoryImpl.java
method: createTicket(Ticket)
constraints in open-1.0.0
	AndroidXNonNull condition: "" , add info: -
constraints in open-2.0.0

POSTCONDITION_REMOVED
version 1: open-1.0.0
version 2: open-2.0.0
compilation unit: 0066-open-event-organizer-android-v1.7.0/app/src/main/java/com/eventyay/organizer/data/ticket/TicketRepositoryImpl.java
method: updateTicket(Ticket)
constraints in open-1.0.0
	AndroidXNonNull condition: "" , add info: -
constraints in open-2.0.0

POSTCONDITION_REMOVED
version 1: open-1.0.0
version 2: open-2.0.0
compilation unit: 0066-open-event-organizer-android-v1.7.0/app/src/main/java/com/eventyay/organizer/data/ticket/TicketRepositoryImpl.java
method: getTicket(long,
constraints in open-1.0.0
	AndroidXNonNull condition: "" , add info: -
constraints in open-2.0.0

POSTCONDITION_REMOVED
version 1: open-1.0.0
version 2: open-2.0.0
compilation unit: 0066-open-event-organizer-android-v1.7.0/app/src/main/java/com/eventyay/organizer/data/ticket/TicketRepositoryImpl.java
method: getTickets(long,
constraints in open-1.0.0
	AndroidXNonNull condition: "" , add info: -
constraints in open-2.0.0

POSTCONDITION_REMOVED
version 1: open-1.0.0
version 2: open-2.0.0
compilation unit: 0066-open-event-organizer-android-v1.7.0/app/src/main/java/com/eventyay/organizer/data/ticket/TicketRepositoryImpl.java
method: deleteTicket(long)
constraints in open-1.0.0
	AndroidXNonNull condition: "" , add info: -
constraints in open-2.0.0

POSTCONDITION_REMOVED
version 1: open-1.0.0
version 2: open-2.0.0
compilation unit: 0066-open-event-organizer-android-v1.7.0/app/src/main/java/com/eventyay/organizer/data/ticket/TicketRepositoryImpl.java
method: getTicketsQuantity(long)
constraints in open-1.0.0
	AndroidXNonNull condition: "" , add info: -
constraints in open-2.0.0

POSTCONDITION_REMOVED
version 1: open-1.0.0
version 2: open-2.0.0
compilation unit: 0066-open-event-organizer-android-v1.7.0/app/src/main/java/com/eventyay/organizer/data/ticket/TicketRepositoryImpl.java
method: getSoldTicketsQuantity(long)
constraints in open-1.0.0
	AndroidXNonNull condition: "" , add info: -
constraints in open-2.0.0

POSTCONDITION_REMOVED
version 1: open-1.0.0
version 2: open-2.0.0
compilation unit: 0066-open-event-organizer-android-v1.7.0/app/src/main/java/com/eventyay/organizer/data/ticket/TicketRepositoryImpl.java
method: getTotalSale(long)
constraints in open-1.0.0
	AndroidXNonNull condition: "" , add info: -
constraints in open-2.0.0

POSTCONDITION_REMOVED
version 1: open-1.0.0
version 2: open-2.0.0
compilation unit: 0066-open-event-organizer-android-v1.7.0/app/src/main/java/com/eventyay/organizer/data/tracks/TrackRepository.java
method: getTrack(long,
constraints in open-1.0.0
	AndroidXNonNull condition: "" , add info: -
constraints in open-2.0.0

POSTCONDITION_REMOVED
version 1: open-1.0.0
version 2: open-2.0.0
compilation unit: 0066-open-event-organizer-android-v1.7.0/app/src/main/java/com/eventyay/organizer/data/tracks/TrackRepository.java
method: updateTrack(Track)
constraints in open-1.0.0
	AndroidXNonNull condition: "" , add info: -
constraints in open-2.0.0

POSTCONDITION_REMOVED
version 1: open-1.0.0
version 2: open-2.0.0
compilation unit: 0066-open-event-organizer-android-v1.7.0/app/src/main/java/com/eventyay/organizer/data/tracks/TrackRepository.java
method: deleteTrack(long)
constraints in open-1.0.0
	AndroidXNonNull condition: "" , add info: -
constraints in open-2.0.0

POSTCONDITION_REMOVED
version 1: open-1.0.0
version 2: open-2.0.0
compilation unit: 0066-open-event-organizer-android-v1.7.0/app/src/main/java/com/eventyay/organizer/data/tracks/TrackRepositoryImpl.java
method: getTrack(long,
constraints in open-1.0.0
	AndroidXNonNull condition: "" , add info: -
constraints in open-2.0.0

POSTCONDITION_REMOVED
version 1: open-1.0.0
version 2: open-2.0.0
compilation unit: 0066-open-event-organizer-android-v1.7.0/app/src/main/java/com/eventyay/organizer/data/tracks/TrackRepositoryImpl.java
method: updateTrack(Track)
constraints in open-1.0.0
	AndroidXNonNull condition: "" , add info: -
constraints in open-2.0.0

POSTCONDITION_REMOVED
version 1: open-1.0.0
version 2: open-2.0.0
compilation unit: 0066-open-event-organizer-android-v1.7.0/app/src/main/java/com/eventyay/organizer/data/tracks/TrackRepositoryImpl.java
method: deleteTrack(long)
constraints in open-1.0.0
	AndroidXNonNull condition: "" , add info: -
constraints in open-2.0.0

POSTCONDITION_REMOVED
version 1: open-1.0.0
version 2: open-2.0.0
compilation unit: 0066-open-event-organizer-android-v1.7.0/app/src/main/java/com/eventyay/organizer/data/user/UserRepositoryImpl.java
method: updateUser(User)
constraints in open-1.0.0
	AndroidXNonNull condition: "" , add info: -
constraints in open-2.0.0

POSTCONDITION_REMOVED
version 1: open-1.0.0
version 2: open-2.0.0
compilation unit: 0066-open-event-organizer-android-v1.7.0/app/src/main/java/com/eventyay/organizer/data/user/UserRepositoryImpl.java
method: uploadOrganizerImage(ImageData)
constraints in open-1.0.0
	AndroidXNonNull condition: "" , add info: -
constraints in open-2.0.0

POSTCONDITION_REMOVED
version 1: open-1.0.0
version 2: open-2.0.0
compilation unit: 0066-open-event-organizer-android-v1.7.0/app/src/playStore/java/com/eventyay/organizer/core/attendee/qrscan/widget/CameraSourcePreview.java
method: start(CameraSource)
constraints in open-1.0.0
	AndroidXRequiresPermission condition: "Manifest.permission.CAMERA" , add info: -
constraints in open-2.0.0

POSTCONDITION_REMOVED
version 1: open-1.0.0
version 2: open-2.0.0
compilation unit: 0066-open-event-organizer-android-v1.7.0/app/src/playStore/java/com/eventyay/organizer/core/attendee/qrscan/widget/CameraSourcePreview.java
method: start(CameraSource,
constraints in open-1.0.0
	AndroidXRequiresPermission condition: "Manifest.permission.CAMERA" , add info: -
constraints in open-2.0.0

POSTCONDITION_REMOVED
version 1: open-2.0.0
version 2: open-3.0.0
compilation unit: 0067-open-event-organizer-android-v1.1.0/app/src/fdroid/java/com/eventyay/organizer/core/event/create/LocationPicker.java
method: getPlace(Activity,
constraints in open-2.0.0
	AndroidSuppressLint condition: ""RestrictedApi"" , add info: -
constraints in open-3.0.0

POSTCONDITION_REMOVED
version 1: open-2.0.0
version 2: open-3.0.0
compilation unit: 0067-open-event-organizer-android-v1.1.0/app/src/main/java/com/eventyay/organizer/common/livedata/SingleEventLiveData.java
method: call()
constraints in open-2.0.0
	AndroidXMainThread condition: "" , add info: -
constraints in open-3.0.0

POSTCONDITION_REMOVED
version 1: open-2.0.0
version 2: open-3.0.0
compilation unit: 0067-open-event-organizer-android-v1.1.0/app/src/main/java/com/eventyay/organizer/common/mvp/presenter/AbstractBasePresenter.java
method: attach(V)
constraints in open-2.0.0
	AndroidXCallSuper condition: "" , add info: -
constraints in open-3.0.0

POSTCONDITION_REMOVED
version 1: open-2.0.0
version 2: open-3.0.0
compilation unit: 0067-open-event-organizer-android-v1.1.0/app/src/main/java/com/eventyay/organizer/common/mvp/presenter/AbstractBasePresenter.java
method: detach()
constraints in open-2.0.0
	AndroidXCallSuper condition: "" , add info: -
constraints in open-3.0.0

POSTCONDITION_REMOVED
version 1: open-2.0.0
version 2: open-3.0.0
compilation unit: 0067-open-event-organizer-android-v1.1.0/app/src/main/java/com/eventyay/organizer/common/mvp/presenter/AbstractBasePresenter.java
method: getDisposable()
constraints in open-2.0.0
	AndroidXVisibleForTesting condition: "[otherwise = VisibleForTesting.PROTECTED]" , add info: -
constraints in open-3.0.0

POSTCONDITION_REMOVED
version 1: open-2.0.0
version 2: open-3.0.0
compilation unit: 0067-open-event-organizer-android-v1.1.0/app/src/main/java/com/eventyay/organizer/common/mvp/presenter/AbstractDetailPresenter.java
method: attach(K,
constraints in open-2.0.0
	AndroidXCallSuper condition: "" , add info: -
constraints in open-3.0.0

POSTCONDITION_REMOVED
version 1: open-2.0.0
version 2: open-3.0.0
compilation unit: 0067-open-event-organizer-android-v1.1.0/app/src/main/java/com/eventyay/organizer/common/mvp/view/BaseFragment.java
method: getTitle()
constraints in open-2.0.0
	AndroidXStringRes condition: "" , add info: -
constraints in open-3.0.0

POSTCONDITION_REMOVED
version 1: open-2.0.0
version 2: open-3.0.0
compilation unit: 0067-open-event-organizer-android-v1.1.0/app/src/main/java/com/eventyay/organizer/core/attendee/checkin/AttendeeCheckInViewModel.java
method: start(long)
constraints in open-2.0.0
	AndroidSuppressLint condition: ""CheckResult"" , add info: -
constraints in open-3.0.0

POSTCONDITION_REMOVED
version 1: open-2.0.0
version 2: open-3.0.0
compilation unit: 0067-open-event-organizer-android-v1.1.0/app/src/main/java/com/eventyay/organizer/core/attendee/checkin/AttendeeCheckInViewModel.java
method: setAttendee(Attendee)
constraints in open-2.0.0
	AndroidXVisibleForTesting condition: "" , add info: -
constraints in open-3.0.0

POSTCONDITION_REMOVED
version 1: open-2.0.0
version 2: open-3.0.0
compilation unit: 0067-open-event-organizer-android-v1.1.0/app/src/main/java/com/eventyay/organizer/core/attendee/list/AttendeesPresenter.java
method: toggleCheckInState(int)
constraints in open-2.0.0
	AndroidSuppressLint condition: ""CheckResult"" , add info: -
constraints in open-3.0.0

POSTCONDITION_REMOVED
version 1: open-2.0.0
version 2: open-3.0.0
compilation unit: 0067-open-event-organizer-android-v1.1.0/app/src/main/java/com/eventyay/organizer/core/attendee/list/AttendeesPresenter.java
method: getView()
constraints in open-2.0.0
	AndroidXVisibleForTesting condition: "[otherwise = VisibleForTesting.PROTECTED]" , add info: -
constraints in open-3.0.0

POSTCONDITION_REMOVED
version 1: open-2.0.0
version 2: open-3.0.0
compilation unit: 0067-open-event-organizer-android-v1.1.0/app/src/main/java/com/eventyay/organizer/core/attendee/list/AttendeesPresenter.java
method: setAttendeeList(List<Attendee>)
constraints in open-2.0.0
	AndroidXVisibleForTesting condition: "" , add info: -
constraints in open-3.0.0

POSTCONDITION_REMOVED
version 1: open-2.0.0
version 2: open-3.0.0
compilation unit: 0067-open-event-organizer-android-v1.1.0/app/src/main/java/com/eventyay/organizer/core/auth/login/LoginViewModel.java
method: getLoginModel()
constraints in open-2.0.0
	AndroidXVisibleForTesting condition: "" , add info: -
constraints in open-3.0.0

POSTCONDITION_REMOVED
version 1: open-2.0.0
version 2: open-3.0.0
compilation unit: 0067-open-event-organizer-android-v1.1.0/app/src/main/java/com/eventyay/organizer/core/event/about/AboutEventPresenter.java
method: getCopyright()
constraints in open-2.0.0
	AndroidXNullable condition: "" , add info: -
constraints in open-3.0.0

POSTCONDITION_REMOVED
version 1: open-2.0.0
version 2: open-3.0.0
compilation unit: 0067-open-event-organizer-android-v1.1.0/app/src/main/java/com/eventyay/organizer/core/event/create/EventsViewPager.java
method: onTouchEvent(MotionEvent)
constraints in open-2.0.0
	AndroidSuppressLint condition: ""ClickableViewAccessibility"" , add info: -
constraints in open-3.0.0

POSTCONDITION_REMOVED
version 1: open-2.0.0
version 2: open-3.0.0
compilation unit: 0067-open-event-organizer-android-v1.1.0/app/src/main/java/com/eventyay/organizer/core/event/dashboard/EventDashboardPresenter.java
method: getView()
constraints in open-2.0.0
	AndroidXVisibleForTesting condition: "" , add info: -
constraints in open-3.0.0

POSTCONDITION_REMOVED
version 1: open-2.0.0
version 2: open-3.0.0
compilation unit: 0067-open-event-organizer-android-v1.1.0/app/src/main/java/com/eventyay/organizer/core/event/dashboard/EventDashboardPresenter.java
method: getEvent()
constraints in open-2.0.0
	AndroidXVisibleForTesting condition: "" , add info: -
constraints in open-3.0.0

POSTCONDITION_REMOVED
version 1: open-2.0.0
version 2: open-3.0.0
compilation unit: 0067-open-event-organizer-android-v1.1.0/app/src/main/java/com/eventyay/organizer/core/event/dashboard/EventDashboardPresenter.java
method: setEvent(Event)
constraints in open-2.0.0
	AndroidXVisibleForTesting condition: "" , add info: -
constraints in open-3.0.0

POSTCONDITION_REMOVED
version 1: open-2.0.0
version 2: open-3.0.0
compilation unit: 0067-open-event-organizer-android-v1.1.0/app/src/main/java/com/eventyay/organizer/core/event/list/EventListFragment.java
method: getPageTitle(int)
constraints in open-2.0.0
	AndroidXNullable condition: "" , add info: -
constraints in open-3.0.0

POSTCONDITION_REMOVED
version 1: open-2.0.0
version 2: open-3.0.0
compilation unit: 0067-open-event-organizer-android-v1.1.0/app/src/main/java/com/eventyay/organizer/core/orders/detail/OrderDetailViewModel.java
method: setAttendees(List<Attendee>)
constraints in open-2.0.0
	AndroidXVisibleForTesting condition: "" , add info: -
constraints in open-3.0.0

POSTCONDITION_REMOVED
version 1: open-2.0.0
version 2: open-3.0.0
compilation unit: 0067-open-event-organizer-android-v1.1.0/app/src/main/java/com/eventyay/organizer/core/organizer/update/UpdateOrganizerInfoViewModel.java
method: nullifyEmptyFields(User)
constraints in open-2.0.0
	AndroidXVisibleForTesting condition: "" , add info: -
constraints in open-3.0.0

POSTCONDITION_REMOVED
version 1: open-2.0.0
version 2: open-3.0.0
compilation unit: 0067-open-event-organizer-android-v1.1.0/app/src/main/java/com/eventyay/organizer/core/speakerscall/create/CreateSpeakersCallViewModel.java
method: setSpeakersCall(SpeakersCall)
constraints in open-2.0.0
	AndroidXVisibleForTesting condition: "" , add info: -
constraints in open-3.0.0

POSTCONDITION_REMOVED
version 1: open-2.0.0
version 2: open-3.0.0
compilation unit: 0067-open-event-organizer-android-v1.1.0/app/src/main/java/com/eventyay/organizer/core/sponsor/create/CreateSponsorViewModel.java
method: nullifyEmptyFields(Sponsor)
constraints in open-2.0.0
	AndroidXVisibleForTesting condition: "" , add info: -
constraints in open-3.0.0

POSTCONDITION_REMOVED
version 1: open-2.0.0
version 2: open-3.0.0
compilation unit: 0067-open-event-organizer-android-v1.1.0/app/src/main/java/com/eventyay/organizer/core/sponsor/list/SponsorsPresenter.java
method: deleteSponsor(Long)
constraints in open-2.0.0
	AndroidXVisibleForTesting condition: "" , add info: -
constraints in open-3.0.0

POSTCONDITION_REMOVED
version 1: open-2.0.0
version 2: open-3.0.0
compilation unit: 0067-open-event-organizer-android-v1.1.0/app/src/main/java/com/eventyay/organizer/core/sponsor/list/SponsorsPresenter.java
method: ObservableBoolean>
constraints in open-2.0.0
	AndroidXVisibleForTesting condition: "" , add info: -
constraints in open-3.0.0

POSTCONDITION_REMOVED
version 1: open-2.0.0
version 2: open-3.0.0
compilation unit: 0067-open-event-organizer-android-v1.1.0/app/src/main/java/com/eventyay/organizer/data/attendee/AttendeeCheckInWork.java
method: doWork()
constraints in open-2.0.0
	AndroidXNonNull condition: "" , add info: -
constraints in open-3.0.0

POSTCONDITION_REMOVED
version 1: open-2.0.0
version 2: open-3.0.0
compilation unit: 0067-open-event-organizer-android-v1.1.0/app/src/main/java/com/eventyay/organizer/data/attendee/AttendeeRepository.java
method: getAttendee(long,
constraints in open-2.0.0
	AndroidXNonNull condition: "" , add info: -
constraints in open-3.0.0

POSTCONDITION_REMOVED
version 1: open-2.0.0
version 2: open-3.0.0
compilation unit: 0067-open-event-organizer-android-v1.1.0/app/src/main/java/com/eventyay/organizer/data/attendee/AttendeeRepository.java
method: getAttendees(long,
constraints in open-2.0.0
	AndroidXNonNull condition: "" , add info: -
constraints in open-3.0.0

POSTCONDITION_REMOVED
version 1: open-2.0.0
version 2: open-3.0.0
compilation unit: 0067-open-event-organizer-android-v1.1.0/app/src/main/java/com/eventyay/organizer/data/attendee/AttendeeRepository.java
method: getAttendeesUnderOrder(String,
constraints in open-2.0.0
	AndroidXNonNull condition: "" , add info: -
constraints in open-3.0.0

POSTCONDITION_REMOVED
version 1: open-2.0.0
version 2: open-3.0.0
compilation unit: 0067-open-event-organizer-android-v1.1.0/app/src/main/java/com/eventyay/organizer/data/attendee/AttendeeRepository.java
method: toggleAttendeeCheckStatus(Attendee)
constraints in open-2.0.0
	AndroidXNonNull condition: "" , add info: -
constraints in open-3.0.0

POSTCONDITION_REMOVED
version 1: open-2.0.0
version 2: open-3.0.0
compilation unit: 0067-open-event-organizer-android-v1.1.0/app/src/main/java/com/eventyay/organizer/data/attendee/AttendeeRepository.java
method: getPendingCheckIns()
constraints in open-2.0.0
	AndroidXNonNull condition: "" , add info: -
constraints in open-3.0.0

POSTCONDITION_REMOVED
version 1: open-2.0.0
version 2: open-3.0.0
compilation unit: 0067-open-event-organizer-android-v1.1.0/app/src/main/java/com/eventyay/organizer/data/attendee/AttendeeRepository.java
method: getCheckedInAttendees(long)
constraints in open-2.0.0
	AndroidXNonNull condition: "" , add info: -
constraints in open-3.0.0

POSTCONDITION_REMOVED
version 1: open-2.0.0
version 2: open-3.0.0
compilation unit: 0067-open-event-organizer-android-v1.1.0/app/src/main/java/com/eventyay/organizer/data/attendee/AttendeeRepositoryImpl.java
method: getAttendee(long,
constraints in open-2.0.0
	AndroidXNonNull condition: "" , add info: -
constraints in open-3.0.0

POSTCONDITION_REMOVED
version 1: open-2.0.0
version 2: open-3.0.0
compilation unit: 0067-open-event-organizer-android-v1.1.0/app/src/main/java/com/eventyay/organizer/data/attendee/AttendeeRepositoryImpl.java
method: getAttendees(long,
constraints in open-2.0.0
	AndroidXNonNull condition: "" , add info: -
constraints in open-3.0.0

POSTCONDITION_REMOVED
version 1: open-2.0.0
version 2: open-3.0.0
compilation unit: 0067-open-event-organizer-android-v1.1.0/app/src/main/java/com/eventyay/organizer/data/attendee/AttendeeRepositoryImpl.java
method: getCheckedInAttendees(long)
constraints in open-2.0.0
	AndroidXNonNull condition: "" , add info: -
constraints in open-3.0.0

POSTCONDITION_REMOVED
version 1: open-2.0.0
version 2: open-3.0.0
compilation unit: 0067-open-event-organizer-android-v1.1.0/app/src/main/java/com/eventyay/organizer/data/attendee/AttendeeRepositoryImpl.java
method: scheduleToggle(Attendee)
constraints in open-2.0.0
	AndroidXNonNull condition: "" , add info: -
constraints in open-3.0.0

POSTCONDITION_REMOVED
version 1: open-2.0.0
version 2: open-3.0.0
compilation unit: 0067-open-event-organizer-android-v1.1.0/app/src/main/java/com/eventyay/organizer/data/attendee/AttendeeRepositoryImpl.java
method: toggleAttendeeCheckStatus(Attendee)
constraints in open-2.0.0
	AndroidXNonNull condition: "" , add info: -
constraints in open-3.0.0

POSTCONDITION_REMOVED
version 1: open-2.0.0
version 2: open-3.0.0
compilation unit: 0067-open-event-organizer-android-v1.1.0/app/src/main/java/com/eventyay/organizer/data/attendee/AttendeeRepositoryImpl.java
method: getPendingCheckIns()
constraints in open-2.0.0
	AndroidXNonNull condition: "" , add info: -
constraints in open-3.0.0

POSTCONDITION_REMOVED
version 1: open-2.0.0
version 2: open-3.0.0
compilation unit: 0067-open-event-organizer-android-v1.1.0/app/src/main/java/com/eventyay/organizer/data/copyright/CopyrightRepository.java
method: createCopyright(Copyright)
constraints in open-2.0.0
	AndroidXNonNull condition: "" , add info: -
constraints in open-3.0.0

POSTCONDITION_REMOVED
version 1: open-2.0.0
version 2: open-3.0.0
compilation unit: 0067-open-event-organizer-android-v1.1.0/app/src/main/java/com/eventyay/organizer/data/copyright/CopyrightRepository.java
method: getCopyright(long,
constraints in open-2.0.0
	AndroidXNonNull condition: "" , add info: -
constraints in open-3.0.0

POSTCONDITION_REMOVED
version 1: open-2.0.0
version 2: open-3.0.0
compilation unit: 0067-open-event-organizer-android-v1.1.0/app/src/main/java/com/eventyay/organizer/data/copyright/CopyrightRepository.java
method: updateCopyright(Copyright)
constraints in open-2.0.0
	AndroidXNonNull condition: "" , add info: -
constraints in open-3.0.0

POSTCONDITION_REMOVED
version 1: open-2.0.0
version 2: open-3.0.0
compilation unit: 0067-open-event-organizer-android-v1.1.0/app/src/main/java/com/eventyay/organizer/data/copyright/CopyrightRepository.java
method: deleteCopyright(long)
constraints in open-2.0.0
	AndroidXNonNull condition: "" , add info: -
constraints in open-3.0.0

POSTCONDITION_REMOVED
version 1: open-2.0.0
version 2: open-3.0.0
compilation unit: 0067-open-event-organizer-android-v1.1.0/app/src/main/java/com/eventyay/organizer/data/copyright/CopyrightRepositoryImpl.java
method: createCopyright(Copyright)
constraints in open-2.0.0
	AndroidXNonNull condition: "" , add info: -
constraints in open-3.0.0

POSTCONDITION_REMOVED
version 1: open-2.0.0
version 2: open-3.0.0
compilation unit: 0067-open-event-organizer-android-v1.1.0/app/src/main/java/com/eventyay/organizer/data/copyright/CopyrightRepositoryImpl.java
method: getCopyright(long,
constraints in open-2.0.0
	AndroidXNonNull condition: "" , add info: -
constraints in open-3.0.0

POSTCONDITION_REMOVED
version 1: open-2.0.0
version 2: open-3.0.0
compilation unit: 0067-open-event-organizer-android-v1.1.0/app/src/main/java/com/eventyay/organizer/data/copyright/CopyrightRepositoryImpl.java
method: updateCopyright(Copyright)
constraints in open-2.0.0
	AndroidXNonNull condition: "" , add info: -
constraints in open-3.0.0

POSTCONDITION_REMOVED
version 1: open-2.0.0
version 2: open-3.0.0
compilation unit: 0067-open-event-organizer-android-v1.1.0/app/src/main/java/com/eventyay/organizer/data/copyright/CopyrightRepositoryImpl.java
method: deleteCopyright(long)
constraints in open-2.0.0
	AndroidXNonNull condition: "" , add info: -
constraints in open-3.0.0

POSTCONDITION_REMOVED
version 1: open-2.0.0
version 2: open-3.0.0
compilation unit: 0067-open-event-organizer-android-v1.1.0/app/src/main/java/com/eventyay/organizer/data/event/EventRepository.java
method: getEvents(boolean)
constraints in open-2.0.0
	AndroidXNonNull condition: "" , add info: -
constraints in open-3.0.0

POSTCONDITION_REMOVED
version 1: open-2.0.0
version 2: open-3.0.0
compilation unit: 0067-open-event-organizer-android-v1.1.0/app/src/main/java/com/eventyay/organizer/data/event/EventRepository.java
method: updateEvent(Event)
constraints in open-2.0.0
	AndroidXNonNull condition: "" , add info: -
constraints in open-3.0.0

POSTCONDITION_REMOVED
version 1: open-2.0.0
version 2: open-3.0.0
compilation unit: 0067-open-event-organizer-android-v1.1.0/app/src/main/java/com/eventyay/organizer/data/event/EventRepositoryImpl.java
method: getEvents(boolean)
constraints in open-2.0.0
	AndroidXNonNull condition: "" , add info: -
constraints in open-3.0.0

POSTCONDITION_REMOVED
version 1: open-2.0.0
version 2: open-3.0.0
compilation unit: 0067-open-event-organizer-android-v1.1.0/app/src/main/java/com/eventyay/organizer/data/event/EventRepositoryImpl.java
method: updateEvent(Event)
constraints in open-2.0.0
	AndroidXNonNull condition: "" , add info: -
constraints in open-3.0.0

POSTCONDITION_REMOVED
version 1: open-2.0.0
version 2: open-3.0.0
compilation unit: 0067-open-event-organizer-android-v1.1.0/app/src/main/java/com/eventyay/organizer/data/event/EventRepositoryImpl.java
method: uploadEventImage(ImageData)
constraints in open-2.0.0
	AndroidXNonNull condition: "" , add info: -
constraints in open-3.0.0

POSTCONDITION_REMOVED
version 1: open-2.0.0
version 2: open-3.0.0
compilation unit: 0067-open-event-organizer-android-v1.1.0/app/src/main/java/com/eventyay/organizer/data/faq/FaqRepositoryImpl.java
method: createFaq(Faq)
constraints in open-2.0.0
	AndroidXNonNull condition: "" , add info: -
constraints in open-3.0.0

POSTCONDITION_REMOVED
version 1: open-2.0.0
version 2: open-3.0.0
compilation unit: 0067-open-event-organizer-android-v1.1.0/app/src/main/java/com/eventyay/organizer/data/faq/FaqRepositoryImpl.java
method: deleteFaq(long)
constraints in open-2.0.0
	AndroidXNonNull condition: "" , add info: -
constraints in open-3.0.0

POSTCONDITION_REMOVED
version 1: open-2.0.0
version 2: open-3.0.0
compilation unit: 0067-open-event-organizer-android-v1.1.0/app/src/main/java/com/eventyay/organizer/data/order/OrderRepository.java
method: getOrder(String,
constraints in open-2.0.0
	AndroidXNonNull condition: "" , add info: -
constraints in open-3.0.0

POSTCONDITION_REMOVED
version 1: open-2.0.0
version 2: open-3.0.0
compilation unit: 0067-open-event-organizer-android-v1.1.0/app/src/main/java/com/eventyay/organizer/data/order/OrderRepositoryImpl.java
method: getOrder(String,
constraints in open-2.0.0
	AndroidXNonNull condition: "" , add info: -
constraints in open-3.0.0

POSTCONDITION_REMOVED
version 1: open-2.0.0
version 2: open-3.0.0
compilation unit: 0067-open-event-organizer-android-v1.1.0/app/src/main/java/com/eventyay/organizer/data/session/SessionRepository.java
method: getSession(long,
constraints in open-2.0.0
	AndroidXNonNull condition: "" , add info: -
constraints in open-3.0.0

POSTCONDITION_REMOVED
version 1: open-2.0.0
version 2: open-3.0.0
compilation unit: 0067-open-event-organizer-android-v1.1.0/app/src/main/java/com/eventyay/organizer/data/session/SessionRepository.java
method: updateSession(Session)
constraints in open-2.0.0
	AndroidXNonNull condition: "" , add info: -
constraints in open-3.0.0

POSTCONDITION_REMOVED
version 1: open-2.0.0
version 2: open-3.0.0
compilation unit: 0067-open-event-organizer-android-v1.1.0/app/src/main/java/com/eventyay/organizer/data/session/SessionRepositoryImpl.java
method: getSession(long,
constraints in open-2.0.0
	AndroidXNonNull condition: "" , add info: -
constraints in open-3.0.0

POSTCONDITION_REMOVED
version 1: open-2.0.0
version 2: open-3.0.0
compilation unit: 0067-open-event-organizer-android-v1.1.0/app/src/main/java/com/eventyay/organizer/data/session/SessionRepositoryImpl.java
method: updateSession(Session)
constraints in open-2.0.0
	AndroidXNonNull condition: "" , add info: -
constraints in open-3.0.0

POSTCONDITION_REMOVED
version 1: open-2.0.0
version 2: open-3.0.0
compilation unit: 0067-open-event-organizer-android-v1.1.0/app/src/main/java/com/eventyay/organizer/data/session/SessionRepositoryImpl.java
method: deleteSession(long)
constraints in open-2.0.0
	AndroidXNonNull condition: "" , add info: -
constraints in open-3.0.0

POSTCONDITION_REMOVED
version 1: open-2.0.0
version 2: open-3.0.0
compilation unit: 0067-open-event-organizer-android-v1.1.0/app/src/main/java/com/eventyay/organizer/data/speakerscall/SpeakersCallRepository.java
method: updateSpeakersCall(SpeakersCall)
constraints in open-2.0.0
	AndroidXNonNull condition: "" , add info: -
constraints in open-3.0.0

POSTCONDITION_REMOVED
version 1: open-2.0.0
version 2: open-3.0.0
compilation unit: 0067-open-event-organizer-android-v1.1.0/app/src/main/java/com/eventyay/organizer/data/speakerscall/SpeakersCallRepositoryImpl.java
method: updateSpeakersCall(SpeakersCall)
constraints in open-2.0.0
	AndroidXNonNull condition: "" , add info: -
constraints in open-3.0.0

POSTCONDITION_REMOVED
version 1: open-2.0.0
version 2: open-3.0.0
compilation unit: 0067-open-event-organizer-android-v1.1.0/app/src/main/java/com/eventyay/organizer/data/sponsor/SponsorRepositoryImpl.java
method: getSponsors(long,
constraints in open-2.0.0
	AndroidXNonNull condition: "" , add info: -
constraints in open-3.0.0

POSTCONDITION_REMOVED
version 1: open-2.0.0
version 2: open-3.0.0
compilation unit: 0067-open-event-organizer-android-v1.1.0/app/src/main/java/com/eventyay/organizer/data/sponsor/SponsorRepositoryImpl.java
method: getSponsor(long,
constraints in open-2.0.0
	AndroidXNonNull condition: "" , add info: -
constraints in open-3.0.0

POSTCONDITION_REMOVED
version 1: open-2.0.0
version 2: open-3.0.0
compilation unit: 0067-open-event-organizer-android-v1.1.0/app/src/main/java/com/eventyay/organizer/data/sponsor/SponsorRepositoryImpl.java
method: updateSponsor(Sponsor)
constraints in open-2.0.0
	AndroidXNonNull condition: "" , add info: -
constraints in open-3.0.0

POSTCONDITION_REMOVED
version 1: open-2.0.0
version 2: open-3.0.0
compilation unit: 0067-open-event-organizer-android-v1.1.0/app/src/main/java/com/eventyay/organizer/data/ticket/TicketRepository.java
method: createTicket(Ticket)
constraints in open-2.0.0
	AndroidXNonNull condition: "" , add info: -
constraints in open-3.0.0

POSTCONDITION_REMOVED
version 1: open-2.0.0
version 2: open-3.0.0
compilation unit: 0067-open-event-organizer-android-v1.1.0/app/src/main/java/com/eventyay/organizer/data/ticket/TicketRepository.java
method: updateTicket(Ticket)
constraints in open-2.0.0
	AndroidXNonNull condition: "" , add info: -
constraints in open-3.0.0

POSTCONDITION_REMOVED
version 1: open-2.0.0
version 2: open-3.0.0
compilation unit: 0067-open-event-organizer-android-v1.1.0/app/src/main/java/com/eventyay/organizer/data/ticket/TicketRepository.java
method: getTicket(long,
constraints in open-2.0.0
	AndroidXNonNull condition: "" , add info: -
constraints in open-3.0.0

POSTCONDITION_REMOVED
version 1: open-2.0.0
version 2: open-3.0.0
compilation unit: 0067-open-event-organizer-android-v1.1.0/app/src/main/java/com/eventyay/organizer/data/ticket/TicketRepository.java
method: getTickets(long,
constraints in open-2.0.0
	AndroidXNonNull condition: "" , add info: -
constraints in open-3.0.0

POSTCONDITION_REMOVED
version 1: open-2.0.0
version 2: open-3.0.0
compilation unit: 0067-open-event-organizer-android-v1.1.0/app/src/main/java/com/eventyay/organizer/data/ticket/TicketRepository.java
method: getTicketsUnderOrder(String,
constraints in open-2.0.0
	AndroidXNonNull condition: "" , add info: -
constraints in open-3.0.0

POSTCONDITION_REMOVED
version 1: open-2.0.0
version 2: open-3.0.0
compilation unit: 0067-open-event-organizer-android-v1.1.0/app/src/main/java/com/eventyay/organizer/data/ticket/TicketRepository.java
method: deleteTicket(long)
constraints in open-2.0.0
	AndroidXNonNull condition: "" , add info: -
constraints in open-3.0.0

POSTCONDITION_REMOVED
version 1: open-2.0.0
version 2: open-3.0.0
compilation unit: 0067-open-event-organizer-android-v1.1.0/app/src/main/java/com/eventyay/organizer/data/ticket/TicketRepository.java
method: getTicketsQuantity(long)
constraints in open-2.0.0
	AndroidXNonNull condition: "" , add info: -
constraints in open-3.0.0

POSTCONDITION_REMOVED
version 1: open-2.0.0
version 2: open-3.0.0
compilation unit: 0067-open-event-organizer-android-v1.1.0/app/src/main/java/com/eventyay/organizer/data/ticket/TicketRepository.java
method: getSoldTicketsQuantity(long)
constraints in open-2.0.0
	AndroidXNonNull condition: "" , add info: -
constraints in open-3.0.0

POSTCONDITION_REMOVED
version 1: open-2.0.0
version 2: open-3.0.0
compilation unit: 0067-open-event-organizer-android-v1.1.0/app/src/main/java/com/eventyay/organizer/data/ticket/TicketRepository.java
method: getTotalSale(long)
constraints in open-2.0.0
	AndroidXNonNull condition: "" , add info: -
constraints in open-3.0.0

POSTCONDITION_REMOVED
version 1: open-2.0.0
version 2: open-3.0.0
compilation unit: 0067-open-event-organizer-android-v1.1.0/app/src/main/java/com/eventyay/organizer/data/ticket/TicketRepositoryImpl.java
method: createTicket(Ticket)
constraints in open-2.0.0
	AndroidXNonNull condition: "" , add info: -
constraints in open-3.0.0

POSTCONDITION_REMOVED
version 1: open-2.0.0
version 2: open-3.0.0
compilation unit: 0067-open-event-organizer-android-v1.1.0/app/src/main/java/com/eventyay/organizer/data/ticket/TicketRepositoryImpl.java
method: updateTicket(Ticket)
constraints in open-2.0.0
	AndroidXNonNull condition: "" , add info: -
constraints in open-3.0.0

POSTCONDITION_REMOVED
version 1: open-2.0.0
version 2: open-3.0.0
compilation unit: 0067-open-event-organizer-android-v1.1.0/app/src/main/java/com/eventyay/organizer/data/ticket/TicketRepositoryImpl.java
method: getTicket(long,
constraints in open-2.0.0
	AndroidXNonNull condition: "" , add info: -
constraints in open-3.0.0

POSTCONDITION_REMOVED
version 1: open-2.0.0
version 2: open-3.0.0
compilation unit: 0067-open-event-organizer-android-v1.1.0/app/src/main/java/com/eventyay/organizer/data/ticket/TicketRepositoryImpl.java
method: getTickets(long,
constraints in open-2.0.0
	AndroidXNonNull condition: "" , add info: -
constraints in open-3.0.0

POSTCONDITION_REMOVED
version 1: open-2.0.0
version 2: open-3.0.0
compilation unit: 0067-open-event-organizer-android-v1.1.0/app/src/main/java/com/eventyay/organizer/data/ticket/TicketRepositoryImpl.java
method: deleteTicket(long)
constraints in open-2.0.0
	AndroidXNonNull condition: "" , add info: -
constraints in open-3.0.0

POSTCONDITION_REMOVED
version 1: open-2.0.0
version 2: open-3.0.0
compilation unit: 0067-open-event-organizer-android-v1.1.0/app/src/main/java/com/eventyay/organizer/data/ticket/TicketRepositoryImpl.java
method: getTicketsQuantity(long)
constraints in open-2.0.0
	AndroidXNonNull condition: "" , add info: -
constraints in open-3.0.0

POSTCONDITION_REMOVED
version 1: open-2.0.0
version 2: open-3.0.0
compilation unit: 0067-open-event-organizer-android-v1.1.0/app/src/main/java/com/eventyay/organizer/data/ticket/TicketRepositoryImpl.java
method: getSoldTicketsQuantity(long)
constraints in open-2.0.0
	AndroidXNonNull condition: "" , add info: -
constraints in open-3.0.0

POSTCONDITION_REMOVED
version 1: open-2.0.0
version 2: open-3.0.0
compilation unit: 0067-open-event-organizer-android-v1.1.0/app/src/main/java/com/eventyay/organizer/data/ticket/TicketRepositoryImpl.java
method: getTotalSale(long)
constraints in open-2.0.0
	AndroidXNonNull condition: "" , add info: -
constraints in open-3.0.0

POSTCONDITION_REMOVED
version 1: open-2.0.0
version 2: open-3.0.0
compilation unit: 0067-open-event-organizer-android-v1.1.0/app/src/main/java/com/eventyay/organizer/data/tracks/TrackRepository.java
method: getTrack(long,
constraints in open-2.0.0
	AndroidXNonNull condition: "" , add info: -
constraints in open-3.0.0

POSTCONDITION_REMOVED
version 1: open-2.0.0
version 2: open-3.0.0
compilation unit: 0067-open-event-organizer-android-v1.1.0/app/src/main/java/com/eventyay/organizer/data/tracks/TrackRepository.java
method: updateTrack(Track)
constraints in open-2.0.0
	AndroidXNonNull condition: "" , add info: -
constraints in open-3.0.0

POSTCONDITION_REMOVED
version 1: open-2.0.0
version 2: open-3.0.0
compilation unit: 0067-open-event-organizer-android-v1.1.0/app/src/main/java/com/eventyay/organizer/data/tracks/TrackRepository.java
method: deleteTrack(long)
constraints in open-2.0.0
	AndroidXNonNull condition: "" , add info: -
constraints in open-3.0.0

POSTCONDITION_REMOVED
version 1: open-2.0.0
version 2: open-3.0.0
compilation unit: 0067-open-event-organizer-android-v1.1.0/app/src/main/java/com/eventyay/organizer/data/tracks/TrackRepositoryImpl.java
method: getTrack(long,
constraints in open-2.0.0
	AndroidXNonNull condition: "" , add info: -
constraints in open-3.0.0

POSTCONDITION_REMOVED
version 1: open-2.0.0
version 2: open-3.0.0
compilation unit: 0067-open-event-organizer-android-v1.1.0/app/src/main/java/com/eventyay/organizer/data/tracks/TrackRepositoryImpl.java
method: updateTrack(Track)
constraints in open-2.0.0
	AndroidXNonNull condition: "" , add info: -
constraints in open-3.0.0

POSTCONDITION_REMOVED
version 1: open-2.0.0
version 2: open-3.0.0
compilation unit: 0067-open-event-organizer-android-v1.1.0/app/src/main/java/com/eventyay/organizer/data/tracks/TrackRepositoryImpl.java
method: deleteTrack(long)
constraints in open-2.0.0
	AndroidXNonNull condition: "" , add info: -
constraints in open-3.0.0

POSTCONDITION_REMOVED
version 1: open-2.0.0
version 2: open-3.0.0
compilation unit: 0067-open-event-organizer-android-v1.1.0/app/src/main/java/com/eventyay/organizer/data/user/UserRepositoryImpl.java
method: updateUser(User)
constraints in open-2.0.0
	AndroidXNonNull condition: "" , add info: -
constraints in open-3.0.0

POSTCONDITION_REMOVED
version 1: open-2.0.0
version 2: open-3.0.0
compilation unit: 0067-open-event-organizer-android-v1.1.0/app/src/main/java/com/eventyay/organizer/data/user/UserRepositoryImpl.java
method: uploadOrganizerImage(ImageData)
constraints in open-2.0.0
	AndroidXNonNull condition: "" , add info: -
constraints in open-3.0.0

POSTCONDITION_REMOVED
version 1: open-2.0.0
version 2: open-3.0.0
compilation unit: 0067-open-event-organizer-android-v1.1.0/app/src/playStore/java/com/eventyay/organizer/core/attendee/qrscan/ScanQRPresenter.java
method: getView()
constraints in open-2.0.0
	AndroidXVisibleForTesting condition: "" , add info: -
constraints in open-3.0.0

POSTCONDITION_REMOVED
version 1: open-2.0.0
version 2: open-3.0.0
compilation unit: 0067-open-event-organizer-android-v1.1.0/app/src/playStore/java/com/eventyay/organizer/core/attendee/qrscan/widget/CameraSourcePreview.java
method: start(CameraSource)
constraints in open-2.0.0
	AndroidXRequiresPermission condition: "Manifest.permission.CAMERA" , add info: -
constraints in open-3.0.0

POSTCONDITION_REMOVED
version 1: open-2.0.0
version 2: open-3.0.0
compilation unit: 0067-open-event-organizer-android-v1.1.0/app/src/playStore/java/com/eventyay/organizer/core/attendee/qrscan/widget/CameraSourcePreview.java
method: start(CameraSource,
constraints in open-2.0.0
	AndroidXRequiresPermission condition: "Manifest.permission.CAMERA" , add info: -
constraints in open-3.0.0

POSTCONDITION_REMOVED
version 1: open-2.0.0
version 2: open-3.0.0
compilation unit: 0067-open-event-organizer-android-v1.1.0/app/src/playStore/java/com/eventyay/organizer/core/event/create/LocationPicker.java
method: getPlace(Activity,
constraints in open-2.0.0
	AndroidSuppressLint condition: ""RestrictedApi"" , add info: -
constraints in open-3.0.0

POSTCONDITION_REMOVED
version 1: openarchive-2.0.0
version 2: openarchive-3.0.0
compilation unit: 0311-openarchive-android-0.0.17-beta-6/app/src/main/java/io/scal/secureshareui/lib/Util.java
method: getPath(Context,
constraints in openarchive-2.0.0
	AndroidSuppressLint condition: ""NewApi"" , add info: -
constraints in openarchive-3.0.0

POSTCONDITION_REMOVED
version 1: openarchive-2.0.0
version 2: openarchive-3.0.0
compilation unit: 0311-openarchive-android-0.0.17-beta-6/app/src/main/java/net/opendasharchive/openarchive/util/FileUtils.java
method: getPath(Context,
constraints in openarchive-2.0.0
	AndroidSuppressLint condition: ""NewAPI"" , add info: -
constraints in openarchive-3.0.0

POSTCONDITION_REMOVED
version 1: openarchive-2.0.0
version 2: openarchive-3.0.0
compilation unit: 0311-openarchive-android-0.0.17-beta-6/app/src/main/java/net/opendasharchive/openarchive/util/Utility.java
method: getPath(Context,
constraints in openarchive-2.0.0
	AndroidTargetApi condition: "19" , add info: -
constraints in openarchive-3.0.0

POSTCONDITION_REMOVED
version 1: openboard-2.0.0
version 2: openboard-3.0.0
compilation unit: 0284-openboard-v1.0/app/src/main/java/org/dslul/openboard/inputmethod/compat/InputMethodSubtypeCompatUtils.java
method: newInputMethodSubtype(int,
constraints in openboard-2.0.0
	JSR305Nonnull condition: "" , add info: -
constraints in openboard-3.0.0

POSTCONDITION_REMOVED
version 1: openboard-2.0.0
version 2: openboard-3.0.0
compilation unit: 0284-openboard-v1.0/app/src/main/java/org/dslul/openboard/inputmethod/dictionarypack/DictionarySettingsActivity.java
method: isValidFragment(String)
constraints in openboard-2.0.0
	AndroidTargetApi condition: "Build.VERSION_CODES.KITKAT" , add info: -
constraints in openboard-3.0.0

POSTCONDITION_REMOVED
version 1: openboard-2.0.0
version 2: openboard-3.0.0
compilation unit: 0284-openboard-v1.0/app/src/main/java/org/dslul/openboard/inputmethod/event/Combiner.java
method: processEvent(ArrayList<Event>,
constraints in openboard-2.0.0
	JSR305Nonnull condition: "" , add info: -
constraints in openboard-3.0.0

POSTCONDITION_REMOVED
version 1: openboard-2.0.0
version 2: openboard-3.0.0
compilation unit: 0284-openboard-v1.0/app/src/main/java/org/dslul/openboard/inputmethod/event/DeadKeyCombiner.java
method: processEvent(ArrayList<Event>,
constraints in openboard-2.0.0
	JSR305Nonnull condition: "" , add info: -
constraints in openboard-3.0.0

POSTCONDITION_REMOVED
version 1: openboard-2.0.0
version 2: openboard-3.0.0
compilation unit: 0284-openboard-v1.0/app/src/main/java/org/dslul/openboard/inputmethod/event/Event.java
method: createSoftwareKeypressEvent(int,
constraints in openboard-2.0.0
	JSR305Nonnull condition: "" , add info: -
constraints in openboard-3.0.0

POSTCONDITION_REMOVED
version 1: openboard-2.0.0
version 2: openboard-3.0.0
compilation unit: 0284-openboard-v1.0/app/src/main/java/org/dslul/openboard/inputmethod/event/Event.java
method: createHardwareKeypressEvent(int,
constraints in openboard-2.0.0
	JSR305Nonnull condition: "" , add info: -
constraints in openboard-3.0.0

POSTCONDITION_REMOVED
version 1: openboard-2.0.0
version 2: openboard-3.0.0
compilation unit: 0284-openboard-v1.0/app/src/main/java/org/dslul/openboard/inputmethod/event/Event.java
method: createDeadEvent(int,
constraints in openboard-2.0.0
	JSR305Nonnull condition: "" , add info: -
constraints in openboard-3.0.0

POSTCONDITION_REMOVED
version 1: openboard-2.0.0
version 2: openboard-3.0.0
compilation unit: 0284-openboard-v1.0/app/src/main/java/org/dslul/openboard/inputmethod/event/Event.java
method: createEventForCodePointFromUnknownSource(int)
constraints in openboard-2.0.0
	JSR305Nonnull condition: "" , add info: -
constraints in openboard-3.0.0

POSTCONDITION_REMOVED
version 1: openboard-2.0.0
version 2: openboard-3.0.0
compilation unit: 0284-openboard-v1.0/app/src/main/java/org/dslul/openboard/inputmethod/event/Event.java
method: createEventForCodePointFromAlreadyTypedText(int,
constraints in openboard-2.0.0
	JSR305Nonnull condition: "" , add info: -
constraints in openboard-3.0.0

POSTCONDITION_REMOVED
version 1: openboard-2.0.0
version 2: openboard-3.0.0
compilation unit: 0284-openboard-v1.0/app/src/main/java/org/dslul/openboard/inputmethod/event/Event.java
method: createSuggestionPickedEvent(SuggestedWordInfo)
constraints in openboard-2.0.0
	JSR305Nonnull condition: "" , add info: -
constraints in openboard-3.0.0

POSTCONDITION_REMOVED
version 1: openboard-2.0.0
version 2: openboard-3.0.0
compilation unit: 0284-openboard-v1.0/app/src/main/java/org/dslul/openboard/inputmethod/event/Event.java
method: createSoftwareTextEvent(CharSequence,
constraints in openboard-2.0.0
	JSR305Nonnull condition: "" , add info: -
constraints in openboard-3.0.0

POSTCONDITION_REMOVED
version 1: openboard-2.0.0
version 2: openboard-3.0.0
compilation unit: 0284-openboard-v1.0/app/src/main/java/org/dslul/openboard/inputmethod/event/Event.java
method: createPunctuationSuggestionPickedEvent(SuggestedWordInfo)
constraints in openboard-2.0.0
	JSR305Nonnull condition: "" , add info: -
constraints in openboard-3.0.0

POSTCONDITION_REMOVED
version 1: openboard-2.0.0
version 2: openboard-3.0.0
compilation unit: 0284-openboard-v1.0/app/src/main/java/org/dslul/openboard/inputmethod/event/Event.java
method: createCursorMovedEvent(int)
constraints in openboard-2.0.0
	JSR305Nonnull condition: "" , add info: -
constraints in openboard-3.0.0

POSTCONDITION_REMOVED
version 1: openboard-2.0.0
version 2: openboard-3.0.0
compilation unit: 0284-openboard-v1.0/app/src/main/java/org/dslul/openboard/inputmethod/event/Event.java
method: createConsumedEvent(Event)
constraints in openboard-2.0.0
	JSR305Nonnull condition: "" , add info: -
constraints in openboard-3.0.0

POSTCONDITION_REMOVED
version 1: openboard-2.0.0
version 2: openboard-3.0.0
compilation unit: 0284-openboard-v1.0/app/src/main/java/org/dslul/openboard/inputmethod/event/Event.java
method: createNotHandledEvent()
constraints in openboard-2.0.0
	JSR305Nonnull condition: "" , add info: -
constraints in openboard-3.0.0

POSTCONDITION_REMOVED
version 1: openboard-2.0.0
version 2: openboard-3.0.0
compilation unit: 0284-openboard-v1.0/app/src/main/java/org/dslul/openboard/inputmethod/keyboard/internal/KeyboardBuilder.java
method: build()
constraints in openboard-2.0.0
	JSR305Nonnull condition: "" , add info: -
constraints in openboard-3.0.0

POSTCONDITION_REMOVED
version 1: openboard-2.0.0
version 2: openboard-3.0.0
compilation unit: 0284-openboard-v1.0/app/src/main/java/org/dslul/openboard/inputmethod/keyboard/internal/KeyboardIconsSet.java
method: getIconName(int)
constraints in openboard-2.0.0
	JSR305Nonnull condition: "" , add info: -
constraints in openboard-3.0.0

POSTCONDITION_REMOVED
version 1: openboard-2.0.0
version 2: openboard-3.0.0
compilation unit: 0284-openboard-v1.0/app/src/main/java/org/dslul/openboard/inputmethod/keyboard/internal/UniqueKeysCache.java
method: newInstance()
constraints in openboard-2.0.0
	JSR305Nonnull condition: "" , add info: -
constraints in openboard-3.0.0

POSTCONDITION_REMOVED
version 1: openboard-2.0.0
version 2: openboard-3.0.0
compilation unit: 0284-openboard-v1.0/app/src/main/java/org/dslul/openboard/inputmethod/keyboard/Key.java
method: selectTypeface(KeyDrawParams)
constraints in openboard-2.0.0
	JSR305Nonnull condition: "" , add info: -
constraints in openboard-3.0.0

POSTCONDITION_REMOVED
version 1: openboard-2.0.0
version 2: openboard-3.0.0
compilation unit: 0284-openboard-v1.0/app/src/main/java/org/dslul/openboard/inputmethod/keyboard/Key.java
method: selectPreviewTypeface(KeyDrawParams)
constraints in openboard-2.0.0
	JSR305Nonnull condition: "" , add info: -
constraints in openboard-3.0.0

POSTCONDITION_REMOVED
version 1: openboard-2.0.0
version 2: openboard-3.0.0
compilation unit: 0284-openboard-v1.0/app/src/main/java/org/dslul/openboard/inputmethod/keyboard/Key.java
method: getHitBox()
constraints in openboard-2.0.0
	JSR305Nonnull condition: "" , add info: -
constraints in openboard-3.0.0

POSTCONDITION_REMOVED
version 1: openboard-2.0.0
version 2: openboard-3.0.0
compilation unit: 0284-openboard-v1.0/app/src/main/java/org/dslul/openboard/inputmethod/keyboard/Keyboard.java
method: getProximityInfo()
constraints in openboard-2.0.0
	JSR305Nonnull condition: "" , add info: -
constraints in openboard-3.0.0

POSTCONDITION_REMOVED
version 1: openboard-2.0.0
version 2: openboard-3.0.0
compilation unit: 0284-openboard-v1.0/app/src/main/java/org/dslul/openboard/inputmethod/keyboard/Keyboard.java
method: getKeyboardLayout()
constraints in openboard-2.0.0
	JSR305Nonnull condition: "" , add info: -
constraints in openboard-3.0.0

POSTCONDITION_REMOVED
version 1: openboard-2.0.0
version 2: openboard-3.0.0
compilation unit: 0284-openboard-v1.0/app/src/main/java/org/dslul/openboard/inputmethod/keyboard/Keyboard.java
method: getSortedKeys()
constraints in openboard-2.0.0
	JSR305Nonnull condition: "" , add info: -
constraints in openboard-3.0.0

POSTCONDITION_REMOVED
version 1: openboard-2.0.0
version 2: openboard-3.0.0
compilation unit: 0284-openboard-v1.0/app/src/main/java/org/dslul/openboard/inputmethod/keyboard/Keyboard.java
method: getNearestKeys(int,
constraints in openboard-2.0.0
	JSR305Nonnull condition: "" , add info: -
constraints in openboard-3.0.0

POSTCONDITION_REMOVED
version 1: openboard-2.0.0
version 2: openboard-3.0.0
compilation unit: 0284-openboard-v1.0/app/src/main/java/org/dslul/openboard/inputmethod/keyboard/KeyboardLayoutSet.java
method: getKeyboard(int)
constraints in openboard-2.0.0
	JSR305Nonnull condition: "" , add info: -
constraints in openboard-3.0.0

POSTCONDITION_REMOVED
version 1: openboard-2.0.0
version 2: openboard-3.0.0
compilation unit: 0284-openboard-v1.0/app/src/main/java/org/dslul/openboard/inputmethod/keyboard/KeyboardView.java
method: getKeyDrawParams()
constraints in openboard-2.0.0
	JSR305Nonnull condition: "" , add info: -
constraints in openboard-3.0.0

POSTCONDITION_REMOVED
version 1: openboard-2.0.0
version 2: openboard-3.0.0
compilation unit: 0284-openboard-v1.0/app/src/main/java/org/dslul/openboard/inputmethod/keyboard/MoreKeysKeyboard.java
method: build()
constraints in openboard-2.0.0
	JSR305Nonnull condition: "" , add info: -
constraints in openboard-3.0.0

POSTCONDITION_REMOVED
version 1: openboard-2.0.0
version 2: openboard-3.0.0
compilation unit: 0284-openboard-v1.0/app/src/main/java/org/dslul/openboard/inputmethod/keyboard/ProximityInfo.java
method: getNearestKeys(int,
constraints in openboard-2.0.0
	JSR305Nonnull condition: "" , add info: -
constraints in openboard-3.0.0

POSTCONDITION_REMOVED
version 1: openboard-2.0.0
version 2: openboard-3.0.0
compilation unit: 0284-openboard-v1.0/app/src/main/java/org/dslul/openboard/inputmethod/latin/accounts/LoginAccountUtils.java
method: getAccountsForLogin(Context)
constraints in openboard-2.0.0
	JSR305Nonnull condition: "" , add info: -
constraints in openboard-3.0.0

POSTCONDITION_REMOVED
version 1: openboard-2.0.0
version 2: openboard-3.0.0
compilation unit: 0284-openboard-v1.0/app/src/main/java/org/dslul/openboard/inputmethod/latin/common/Constants.java
method: printableCode(int)
constraints in openboard-2.0.0
	JSR305Nonnull condition: "" , add info: -
constraints in openboard-3.0.0

POSTCONDITION_REMOVED
version 1: openboard-2.0.0
version 2: openboard-3.0.0
compilation unit: 0284-openboard-v1.0/app/src/main/java/org/dslul/openboard/inputmethod/latin/common/CoordinateUtils.java
method: newInstance()
constraints in openboard-2.0.0
	JSR305Nonnull condition: "" , add info: -
constraints in openboard-3.0.0

POSTCONDITION_REMOVED
version 1: openboard-2.0.0
version 2: openboard-3.0.0
compilation unit: 0284-openboard-v1.0/app/src/main/java/org/dslul/openboard/inputmethod/latin/common/CoordinateUtils.java
method: newCoordinateArray(int)
constraints in openboard-2.0.0
	JSR305Nonnull condition: "" , add info: -
constraints in openboard-3.0.0

POSTCONDITION_REMOVED
version 1: openboard-2.0.0
version 2: openboard-3.0.0
compilation unit: 0284-openboard-v1.0/app/src/main/java/org/dslul/openboard/inputmethod/latin/common/CoordinateUtils.java
method: newCoordinateArray(int,
constraints in openboard-2.0.0
	JSR305Nonnull condition: "" , add info: -
constraints in openboard-3.0.0

POSTCONDITION_REMOVED
version 1: openboard-2.0.0
version 2: openboard-3.0.0
compilation unit: 0284-openboard-v1.0/app/src/main/java/org/dslul/openboard/inputmethod/latin/common/InputPointers.java
method: getXCoordinates()
constraints in openboard-2.0.0
	JSR305Nonnull condition: "" , add info: -
constraints in openboard-3.0.0

POSTCONDITION_REMOVED
version 1: openboard-2.0.0
version 2: openboard-3.0.0
compilation unit: 0284-openboard-v1.0/app/src/main/java/org/dslul/openboard/inputmethod/latin/common/InputPointers.java
method: getYCoordinates()
constraints in openboard-2.0.0
	JSR305Nonnull condition: "" , add info: -
constraints in openboard-3.0.0

POSTCONDITION_REMOVED
version 1: openboard-2.0.0
version 2: openboard-3.0.0
compilation unit: 0284-openboard-v1.0/app/src/main/java/org/dslul/openboard/inputmethod/latin/common/InputPointers.java
method: getPointerIds()
constraints in openboard-2.0.0
	JSR305Nonnull condition: "" , add info: -
constraints in openboard-3.0.0

POSTCONDITION_REMOVED
version 1: openboard-2.0.0
version 2: openboard-3.0.0
compilation unit: 0284-openboard-v1.0/app/src/main/java/org/dslul/openboard/inputmethod/latin/common/InputPointers.java
method: getTimes()
constraints in openboard-2.0.0
	JSR305Nonnull condition: "" , add info: -
constraints in openboard-3.0.0

POSTCONDITION_REMOVED
version 1: openboard-2.0.0
version 2: openboard-3.0.0
compilation unit: 0284-openboard-v1.0/app/src/main/java/org/dslul/openboard/inputmethod/latin/common/ResizableIntArray.java
method: getPrimitiveArray()
constraints in openboard-2.0.0
	JSR305Nonnull condition: "" , add info: -
constraints in openboard-3.0.0

POSTCONDITION_REMOVED
version 1: openboard-2.0.0
version 2: openboard-3.0.0
compilation unit: 0284-openboard-v1.0/app/src/main/java/org/dslul/openboard/inputmethod/latin/common/StringUtils.java
method: newSingleCodePointString(int)
constraints in openboard-2.0.0
	JSR305Nonnull condition: "" , add info: -
constraints in openboard-3.0.0

POSTCONDITION_REMOVED
version 1: openboard-2.0.0
version 2: openboard-3.0.0
compilation unit: 0284-openboard-v1.0/app/src/main/java/org/dslul/openboard/inputmethod/latin/DictionaryFacilitator.java
method: getDictionaryStats(Context)
constraints in openboard-2.0.0
	JSR305Nonnull condition: "" , add info: -
constraints in openboard-3.0.0

POSTCONDITION_REMOVED
version 1: openboard-2.0.0
version 2: openboard-3.0.0
compilation unit: 0284-openboard-v1.0/app/src/main/java/org/dslul/openboard/inputmethod/latin/DictionaryFacilitatorImpl.java
method: getDictionaryStats(Context)
constraints in openboard-2.0.0
	JSR305Nonnull condition: "" , add info: -
constraints in openboard-3.0.0

POSTCONDITION_REMOVED
version 1: openboard-2.0.0
version 2: openboard-3.0.0
compilation unit: 0284-openboard-v1.0/app/src/main/java/org/dslul/openboard/inputmethod/latin/LatinIME.java
method: createSoftwareKeypressEvent(int,
constraints in openboard-2.0.0
	JSR305Nonnull condition: "" , add info: -
constraints in openboard-3.0.0

POSTCONDITION_REMOVED
version 1: openboard-2.0.0
version 2: openboard-3.0.0
compilation unit: 0284-openboard-v1.0/app/src/main/java/org/dslul/openboard/inputmethod/latin/NgramContext.java
method: getNextNgramContext(WordInfo)
constraints in openboard-2.0.0
	JSR305Nonnull condition: "" , add info: -
constraints in openboard-3.0.0

POSTCONDITION_REMOVED
version 1: openboard-2.0.0
version 2: openboard-3.0.0
compilation unit: 0284-openboard-v1.0/app/src/main/java/org/dslul/openboard/inputmethod/latin/RichInputConnection.java
method: getNgramContextFromNthPreviousWord(SpacingAndPunctuations,
constraints in openboard-2.0.0
	JSR305Nonnull condition: "" , add info: -
constraints in openboard-3.0.0

POSTCONDITION_REMOVED
version 1: openboard-2.0.0
version 2: openboard-3.0.0
compilation unit: 0284-openboard-v1.0/app/src/main/java/org/dslul/openboard/inputmethod/latin/RichInputMethodManager.java
method: getCurrentSubtypeLocale()
constraints in openboard-2.0.0
	JSR305Nonnull condition: "" , add info: -
constraints in openboard-3.0.0

POSTCONDITION_REMOVED
version 1: openboard-2.0.0
version 2: openboard-3.0.0
compilation unit: 0284-openboard-v1.0/app/src/main/java/org/dslul/openboard/inputmethod/latin/RichInputMethodManager.java
method: getCurrentSubtype()
constraints in openboard-2.0.0
	JSR305Nonnull condition: "" , add info: -
constraints in openboard-3.0.0

POSTCONDITION_REMOVED
version 1: openboard-2.0.0
version 2: openboard-3.0.0
compilation unit: 0284-openboard-v1.0/app/src/main/java/org/dslul/openboard/inputmethod/latin/RichInputMethodSubtype.java
method: getFullDisplayName()
constraints in openboard-2.0.0
	JSR305Nonnull condition: "" , add info: -
constraints in openboard-3.0.0

POSTCONDITION_REMOVED
version 1: openboard-2.0.0
version 2: openboard-3.0.0
compilation unit: 0284-openboard-v1.0/app/src/main/java/org/dslul/openboard/inputmethod/latin/RichInputMethodSubtype.java
method: getMiddleDisplayName()
constraints in openboard-2.0.0
	JSR305Nonnull condition: "" , add info: -
constraints in openboard-3.0.0

POSTCONDITION_REMOVED
version 1: openboard-2.0.0
version 2: openboard-3.0.0
compilation unit: 0284-openboard-v1.0/app/src/main/java/org/dslul/openboard/inputmethod/latin/RichInputMethodSubtype.java
method: getLocale()
constraints in openboard-2.0.0
	JSR305Nonnull condition: "" , add info: -
constraints in openboard-3.0.0

POSTCONDITION_REMOVED
version 1: openboard-2.0.0
version 2: openboard-3.0.0
compilation unit: 0284-openboard-v1.0/app/src/main/java/org/dslul/openboard/inputmethod/latin/RichInputMethodSubtype.java
method: getOriginalLocale()
constraints in openboard-2.0.0
	JSR305Nonnull condition: "" , add info: -
constraints in openboard-3.0.0

POSTCONDITION_REMOVED
version 1: openboard-2.0.0
version 2: openboard-3.0.0
compilation unit: 0284-openboard-v1.0/app/src/main/java/org/dslul/openboard/inputmethod/latin/RichInputMethodSubtype.java
method: getRawSubtype()
constraints in openboard-2.0.0
	JSR305Nonnull condition: "" , add info: -
constraints in openboard-3.0.0

POSTCONDITION_REMOVED
version 1: openboard-2.0.0
version 2: openboard-3.0.0
compilation unit: 0284-openboard-v1.0/app/src/main/java/org/dslul/openboard/inputmethod/latin/RichInputMethodSubtype.java
method: getKeyboardLayoutSetName()
constraints in openboard-2.0.0
	JSR305Nonnull condition: "" , add info: -
constraints in openboard-3.0.0

POSTCONDITION_REMOVED
version 1: openboard-2.0.0
version 2: openboard-3.0.0
compilation unit: 0284-openboard-v1.0/app/src/main/java/org/dslul/openboard/inputmethod/latin/RichInputMethodSubtype.java
method: getNoLanguageSubtype()
constraints in openboard-2.0.0
	JSR305Nonnull condition: "" , add info: -
constraints in openboard-3.0.0

POSTCONDITION_REMOVED
version 1: openboard-2.0.0
version 2: openboard-3.0.0
compilation unit: 0284-openboard-v1.0/app/src/main/java/org/dslul/openboard/inputmethod/latin/RichInputMethodSubtype.java
method: getEmojiSubtype()
constraints in openboard-2.0.0
	JSR305Nonnull condition: "" , add info: -
constraints in openboard-3.0.0

POSTCONDITION_REMOVED
version 1: openboard-2.0.0
version 2: openboard-3.0.0
compilation unit: 0284-openboard-v1.0/app/src/main/java/org/dslul/openboard/inputmethod/latin/spellcheck/SentenceLevelAdapter.java
method: reconstructSuggestions(SentenceTextInfoParams,
constraints in openboard-2.0.0
	AndroidTargetApi condition: "Build.VERSION_CODES.JELLY_BEAN" , add info: -
constraints in openboard-3.0.0

POSTCONDITION_REMOVED
version 1: openboard-2.0.0
version 2: openboard-3.0.0
compilation unit: 0284-openboard-v1.0/app/src/main/java/org/dslul/openboard/inputmethod/latin/spellcheck/SpellCheckerSettingsActivity.java
method: isValidFragment(String)
constraints in openboard-2.0.0
	AndroidTargetApi condition: "Build.VERSION_CODES.KITKAT" , add info: -
constraints in openboard-3.0.0

POSTCONDITION_REMOVED
version 1: openboard-2.0.0
version 2: openboard-3.0.0
compilation unit: 0284-openboard-v1.0/app/src/main/java/org/dslul/openboard/inputmethod/latin/SuggestedWords.java
method: getEmptyInstance()
constraints in openboard-2.0.0
	JSR305Nonnull condition: "" , add info: -
constraints in openboard-3.0.0

POSTCONDITION_REMOVED
version 1: openboard-2.0.0
version 2: openboard-3.0.0
compilation unit: 0284-openboard-v1.0/app/src/main/java/org/dslul/openboard/inputmethod/latin/utils/NgramContextUtils.java
method: getNgramContextFromNthPreviousWord(CharSequence,
constraints in openboard-2.0.0
	JSR305Nonnull condition: "" , add info: -
constraints in openboard-3.0.0

POSTCONDITION_REMOVED
version 1: openboard-2.0.0
version 2: openboard-3.0.0
compilation unit: 0284-openboard-v1.0/app/src/main/java/org/dslul/openboard/inputmethod/latin/utils/SubtypeLocaleUtils.java
method: getKeyboardLayoutSetName(InputMethodSubtype)
constraints in openboard-2.0.0
	JSR305Nonnull condition: "" , add info: -
constraints in openboard-3.0.0

POSTCONDITION_REMOVED
version 1: osmeditor4android-2.0.0
version 2: osmeditor4android-3.0.0
compilation unit: 0023-osmeditor4android-14.1.0-4/src/main/java/de/blau/android/Authorize.java
method: onReceivedError(WebView,
constraints in osmeditor4android-2.0.0
	AndroidTargetApi condition: "android.os.Build.VERSION_CODES.M" , add info: -
constraints in osmeditor4android-3.0.0

POSTCONDITION_REMOVED
version 1: osmeditor4android-2.0.0
version 2: osmeditor4android-3.0.0
compilation unit: 0023-osmeditor4android-14.1.0-4/src/main/java/de/blau/android/DebugInformation.java
method: onCreate(Bundle)
constraints in osmeditor4android-2.0.0
	AndroidSuppressLint condition: ""NewApi"" , add info: -
constraints in osmeditor4android-3.0.0

POSTCONDITION_REMOVED
version 1: osmeditor4android-2.0.0
version 2: osmeditor4android-3.0.0
compilation unit: 0023-osmeditor4android-14.1.0-4/src/main/java/de/blau/android/dialogs/BackgroundProperties.java
method: onCreateDialog(Bundle)
constraints in osmeditor4android-2.0.0
	AndroidSuppressLint condition: ""InflateParams"" , add info: -
constraints in osmeditor4android-3.0.0

POSTCONDITION_REMOVED
version 1: osmeditor4android-2.0.0
version 2: osmeditor4android-3.0.0
compilation unit: 0023-osmeditor4android-14.1.0-4/src/main/java/de/blau/android/dialogs/ConfirmUpload.java
method: onCreateDialog(Bundle)
constraints in osmeditor4android-2.0.0
	AndroidSuppressLint condition: ""InflateParams"" , add info: -
constraints in osmeditor4android-3.0.0

POSTCONDITION_REMOVED
version 1: osmeditor4android-2.0.0
version 2: osmeditor4android-3.0.0
compilation unit: 0023-osmeditor4android-14.1.0-4/src/main/java/de/blau/android/dialogs/GetFileName.java
method: onCreateDialog(Bundle)
constraints in osmeditor4android-2.0.0
	AndroidSuppressLint condition: ""InflateParams"" , add info: -
constraints in osmeditor4android-3.0.0

POSTCONDITION_REMOVED
version 1: osmeditor4android-2.0.0
version 2: osmeditor4android-3.0.0
compilation unit: 0023-osmeditor4android-14.1.0-4/src/main/java/de/blau/android/dialogs/GpxUpload.java
method: onCreateDialog(Bundle)
constraints in osmeditor4android-2.0.0
	AndroidSuppressLint condition: ""InflateParams"" , add info: -
constraints in osmeditor4android-3.0.0

POSTCONDITION_REMOVED
version 1: osmeditor4android-2.0.0
version 2: osmeditor4android-3.0.0
compilation unit: 0023-osmeditor4android-14.1.0-4/src/main/java/de/blau/android/dialogs/ImportTrack.java
method: onCreateDialog(Bundle)
constraints in osmeditor4android-2.0.0
	AndroidSuppressLint condition: ""InflateParams"" , add info: -
constraints in osmeditor4android-3.0.0

POSTCONDITION_REMOVED
version 1: osmeditor4android-2.0.0
version 2: osmeditor4android-3.0.0
compilation unit: 0023-osmeditor4android-14.1.0-4/src/main/java/de/blau/android/dialogs/LayerStyle.java
method: onCreateDialog(Bundle)
constraints in osmeditor4android-2.0.0
	AndroidSuppressLint condition: ""InflateParams"" , add info: -
constraints in osmeditor4android-3.0.0

POSTCONDITION_REMOVED
version 1: osmeditor4android-2.0.0
version 2: osmeditor4android-3.0.0
compilation unit: 0023-osmeditor4android-14.1.0-4/src/main/java/de/blau/android/dialogs/SearchForm.java
method: onCreateDialog(Bundle)
constraints in osmeditor4android-2.0.0
	AndroidSuppressLint condition: ""InflateParams"" , add info: -
constraints in osmeditor4android-3.0.0

POSTCONDITION_REMOVED
version 1: osmeditor4android-2.0.0
version 2: osmeditor4android-3.0.0
compilation unit: 0023-osmeditor4android-14.1.0-4/src/main/java/de/blau/android/dialogs/TableLayoutUtils.java
method: createRow(FragmentActivity,
constraints in osmeditor4android-2.0.0
	AndroidSuppressLint condition: ""NewApi"" , add info: -
	AndroidSuppressLint condition: ""NewApi"" , add info: -
	AndroidSuppressLint condition: ""NewApi"" , add info: -
	AndroidSuppressLint condition: ""NewApi"" , add info: -
	AndroidSuppressLint condition: ""NewApi"" , add info: -
	AndroidSuppressLint condition: ""NewApi"" , add info: -
	AndroidSuppressLint condition: ""NewApi"" , add info: -
	AndroidSuppressLint condition: ""NewApi"" , add info: -
	AndroidSuppressLint condition: ""NewApi"" , add info: -
	AndroidSuppressLint condition: ""NewApi"" , add info: -
constraints in osmeditor4android-3.0.0

POSTCONDITION_REMOVED
version 1: osmeditor4android-2.0.0
version 2: osmeditor4android-3.0.0
compilation unit: 0023-osmeditor4android-14.1.0-4/src/main/java/de/blau/android/dialogs/ViewWayPoint.java
method: onCreateDialog(Bundle)
constraints in osmeditor4android-2.0.0
	AndroidSuppressLint condition: ""InflateParams"" , add info: -
constraints in osmeditor4android-3.0.0

POSTCONDITION_REMOVED
version 1: osmeditor4android-2.0.0
version 2: osmeditor4android-3.0.0
compilation unit: 0023-osmeditor4android-14.1.0-4/src/main/java/de/blau/android/easyedit/ElementSelectionActionModeCallback.java
method: onPrepareActionMode(ActionMode,
constraints in osmeditor4android-2.0.0
	AndroidSuppressLint condition: ""InflateParams"" , add info: -
constraints in osmeditor4android-3.0.0

POSTCONDITION_REMOVED
version 1: osmeditor4android-2.0.0
version 2: osmeditor4android-3.0.0
compilation unit: 0023-osmeditor4android-14.1.0-4/src/main/java/de/blau/android/easyedit/ExtendSelectionActionModeCallback.java
method: onPrepareActionMode(ActionMode,
constraints in osmeditor4android-2.0.0
	AndroidSuppressLint condition: ""InflateParams"" , add info: -
constraints in osmeditor4android-3.0.0

POSTCONDITION_REMOVED
version 1: osmeditor4android-2.0.0
version 2: osmeditor4android-3.0.0
compilation unit: 0023-osmeditor4android-14.1.0-4/src/main/java/de/blau/android/easyedit/NewNoteSelectionActionModeCallback.java
method: onPrepareActionMode(ActionMode,
constraints in osmeditor4android-2.0.0
	AndroidSuppressLint condition: ""InflateParams"" , add info: -
constraints in osmeditor4android-3.0.0

POSTCONDITION_REMOVED
version 1: osmeditor4android-2.0.0
version 2: osmeditor4android-3.0.0
compilation unit: 0023-osmeditor4android-14.1.0-4/src/main/java/de/blau/android/HelpViewer.java
method: onCreate(Bundle)
constraints in osmeditor4android-2.0.0
	AndroidSuppressLint condition: ""NewApi"" , add info: -
constraints in osmeditor4android-3.0.0

POSTCONDITION_REMOVED
version 1: osmeditor4android-2.0.0
version 2: osmeditor4android-3.0.0
compilation unit: 0023-osmeditor4android-14.1.0-4/src/main/java/de/blau/android/javascript/Utils.java
method: jsConsoleDialog(FragmentActivity,
constraints in osmeditor4android-2.0.0
	AndroidSuppressLint condition: ""InflateParams"" , add info: -
constraints in osmeditor4android-3.0.0

POSTCONDITION_REMOVED
version 1: osmeditor4android-2.0.0
version 2: osmeditor4android-3.0.0
compilation unit: 0023-osmeditor4android-14.1.0-4/src/main/java/de/blau/android/layer/MapViewLayer.java
method: onManagedDraw(Canvas,
constraints in osmeditor4android-2.0.0
	AndroidSuppressLint condition: ""WrongCall"" , add info: -
constraints in osmeditor4android-3.0.0

POSTCONDITION_REMOVED
version 1: osmeditor4android-2.0.0
version 2: osmeditor4android-3.0.0
compilation unit: 0023-osmeditor4android-14.1.0-4/src/main/java/de/blau/android/Main.java
method: onCreate(Bundle)
constraints in osmeditor4android-2.0.0
	AndroidSuppressLint condition: ""NewApi"" , add info: -
constraints in osmeditor4android-3.0.0

POSTCONDITION_REMOVED
version 1: osmeditor4android-2.0.0
version 2: osmeditor4android-3.0.0
compilation unit: 0023-osmeditor4android-14.1.0-4/src/main/java/de/blau/android/Main.java
method: onCreateOptionsMenu(Menu)
constraints in osmeditor4android-2.0.0
	AndroidSuppressLint condition: ""InflateParams"" , add info: -
constraints in osmeditor4android-3.0.0

POSTCONDITION_REMOVED
version 1: osmeditor4android-2.0.0
version 2: osmeditor4android-3.0.0
compilation unit: 0023-osmeditor4android-14.1.0-4/src/main/java/de/blau/android/Main.java
method: onKey(View,
constraints in osmeditor4android-2.0.0
	AndroidSuppressLint condition: ""NewApi"" , add info: -
	AndroidSuppressLint condition: ""NewApi"" , add info: -
constraints in osmeditor4android-3.0.0

POSTCONDITION_REMOVED
version 1: osmeditor4android-2.0.0
version 2: osmeditor4android-3.0.0
compilation unit: 0023-osmeditor4android-14.1.0-4/src/main/java/de/blau/android/Main.java
method: onGenericMotion(View,
constraints in osmeditor4android-2.0.0
	AndroidSuppressLint condition: ""NewApi"" , add info: -
constraints in osmeditor4android-3.0.0

POSTCONDITION_REMOVED
version 1: osmeditor4android-2.0.0
version 2: osmeditor4android-3.0.0
compilation unit: 0023-osmeditor4android-14.1.0-4/src/main/java/de/blau/android/prefs/PresetEditorActivity.java
method: itemEditDialog(ListEditItem)
constraints in osmeditor4android-2.0.0
	AndroidSuppressLint condition: ""InflateParams"" , add info: -
constraints in osmeditor4android-3.0.0

POSTCONDITION_REMOVED
version 1: osmeditor4android-2.0.0
version 2: osmeditor4android-3.0.0
compilation unit: 0023-osmeditor4android-14.1.0-4/src/main/java/de/blau/android/propertyeditor/PresetFragment.java
method: onCreateView(LayoutInflater,
constraints in osmeditor4android-2.0.0
	AndroidSuppressLint condition: ""InflateParams"" , add info: -
constraints in osmeditor4android-3.0.0

POSTCONDITION_REMOVED
version 1: osmeditor4android-2.0.0
version 2: osmeditor4android-3.0.0
compilation unit: 0023-osmeditor4android-14.1.0-4/src/main/java/de/blau/android/propertyeditor/PresetSearchResultsFragment.java
method: onCreateDialog(Bundle)
constraints in osmeditor4android-2.0.0
	AndroidSuppressLint condition: ""InflateParams"" , add info: -
constraints in osmeditor4android-3.0.0

POSTCONDITION_REMOVED
version 1: osmeditor4android-2.0.0
version 2: osmeditor4android-3.0.0
compilation unit: 0023-osmeditor4android-14.1.0-4/src/main/java/de/blau/android/propertyeditor/RelationMembersFragment.java
method: onCreateView(LayoutInflater,
constraints in osmeditor4android-2.0.0
	AndroidSuppressLint condition: ""InflateParams"" , add info: -
constraints in osmeditor4android-3.0.0

POSTCONDITION_REMOVED
version 1: osmeditor4android-2.0.0
version 2: osmeditor4android-3.0.0
compilation unit: 0023-osmeditor4android-14.1.0-4/src/main/java/de/blau/android/propertyeditor/tagform/ConditionalRestrictionFragment.java
method: onCreateView(LayoutInflater,
constraints in osmeditor4android-2.0.0
	AndroidSuppressLint condition: ""InflateParams"" , add info: -
constraints in osmeditor4android-3.0.0

POSTCONDITION_REMOVED
version 1: osmeditor4android-2.0.0
version 2: osmeditor4android-3.0.0
compilation unit: 0023-osmeditor4android-14.1.0-4/src/main/java/de/blau/android/propertyeditor/tagform/ShowDialogOnClickListener.java
method: onClick(View)
constraints in osmeditor4android-2.0.0
	AndroidSuppressLint condition: ""NewApi"" , add info: -
constraints in osmeditor4android-3.0.0

POSTCONDITION_REMOVED
version 1: osmeditor4android-2.0.0
version 2: osmeditor4android-3.0.0
compilation unit: 0023-osmeditor4android-14.1.0-4/src/main/java/de/blau/android/search/Wrapper.java
method: getRoles()
constraints in osmeditor4android-2.0.0
	JetBrainsNotNull condition: "" , add info: -
constraints in osmeditor4android-3.0.0

POSTCONDITION_REMOVED
version 1: osmeditor4android-2.0.0
version 2: osmeditor4android-3.0.0
compilation unit: 0023-osmeditor4android-14.1.0-4/src/main/java/de/blau/android/services/util/NmeaTcpClient.java
method: run()
constraints in osmeditor4android-2.0.0
	AndroidTargetApi condition: "19" , add info: -
constraints in osmeditor4android-3.0.0

POSTCONDITION_REMOVED
version 1: osmeditor4android-2.0.0
version 2: osmeditor4android-3.0.0
compilation unit: 0023-osmeditor4android-14.1.0-4/src/main/java/de/blau/android/Splash.java
method: onResume()
constraints in osmeditor4android-2.0.0
	AndroidSuppressLint condition: ""NewApi"" , add info: -
constraints in osmeditor4android-3.0.0

POSTCONDITION_REMOVED
version 1: osmeditor4android-2.0.0
version 2: osmeditor4android-3.0.0
compilation unit: 0023-osmeditor4android-14.1.0-4/src/main/java/de/blau/android/tasks/TaskFragment.java
method: onCreateDialog(Bundle)
constraints in osmeditor4android-2.0.0
	AndroidSuppressLint condition: "{ "NewApi", "InflateParams" }" , add info: -
constraints in osmeditor4android-3.0.0

POSTCONDITION_REMOVED
version 1: osmeditor4android-2.0.0
version 2: osmeditor4android-3.0.0
compilation unit: 0023-osmeditor4android-14.1.0-4/src/main/java/de/blau/android/tasks/TransferTasks.java
method: updateOsmoseBug(Context,
constraints in osmeditor4android-2.0.0
	AndroidSuppressLint condition: ""InlinedApi"" , add info: -
constraints in osmeditor4android-3.0.0

POSTCONDITION_REMOVED
version 1: osmeditor4android-2.0.0
version 2: osmeditor4android-3.0.0
compilation unit: 0023-osmeditor4android-14.1.0-4/src/main/java/de/blau/android/tasks/TransferTasks.java
method: uploadNote(FragmentActivity,
constraints in osmeditor4android-2.0.0
	AndroidTargetApi condition: "11" , add info: -
constraints in osmeditor4android-3.0.0

POSTCONDITION_REMOVED
version 1: osmeditor4android-2.0.0
version 2: osmeditor4android-3.0.0
compilation unit: 0023-osmeditor4android-14.1.0-4/src/main/java/de/blau/android/tasks/TransferTasks.java
method: updateMapRouletteTask(FragmentActivity,
constraints in osmeditor4android-2.0.0
	AndroidSuppressLint condition: ""InlinedApi"" , add info: -
constraints in osmeditor4android-3.0.0

POSTCONDITION_REMOVED
version 1: osmeditor4android-2.0.0
version 2: osmeditor4android-3.0.0
compilation unit: 0023-osmeditor4android-14.1.0-4/src/main/java/de/blau/android/util/BaseFragment.java
method: onAttach(Context)
constraints in osmeditor4android-2.0.0
	AndroidTargetApi condition: "23" , add info: -
constraints in osmeditor4android-3.0.0

POSTCONDITION_REMOVED
version 1: osmeditor4android-2.0.0
version 2: osmeditor4android-3.0.0
compilation unit: 0023-osmeditor4android-14.1.0-4/src/main/java/de/blau/android/util/BugFixedAppCompatActivity.java
method: onCreateView(View,
constraints in osmeditor4android-2.0.0
	AndroidSuppressLint condition: ""NewApi"" , add info: -
constraints in osmeditor4android-3.0.0

POSTCONDITION_REMOVED
version 1: osmeditor4android-2.0.0
version 2: osmeditor4android-3.0.0
compilation unit: 0023-osmeditor4android-14.1.0-4/src/main/java/de/blau/android/util/ClipboardUtils.java
method: checkForText(Context)
constraints in osmeditor4android-2.0.0
	AndroidSuppressLint condition: ""NewApi"" , add info: -
constraints in osmeditor4android-3.0.0

POSTCONDITION_REMOVED
version 1: osmeditor4android-2.0.0
version 2: osmeditor4android-3.0.0
compilation unit: 0023-osmeditor4android-14.1.0-4/src/main/java/de/blau/android/util/ClipboardUtils.java
method: copyTags(Context,
constraints in osmeditor4android-2.0.0
	AndroidSuppressLint condition: ""NewApi"" , add info: -
constraints in osmeditor4android-3.0.0

POSTCONDITION_REMOVED
version 1: osmeditor4android-2.0.0
version 2: osmeditor4android-3.0.0
compilation unit: 0023-osmeditor4android-14.1.0-4/src/main/java/de/blau/android/util/DownloadActivity.java
method: onReceivedError(WebView,
constraints in osmeditor4android-2.0.0
	AndroidTargetApi condition: "android.os.Build.VERSION_CODES.M" , add info: -
constraints in osmeditor4android-3.0.0

POSTCONDITION_REMOVED
version 1: osmeditor4android-2.0.0
version 2: osmeditor4android-3.0.0
compilation unit: 0023-osmeditor4android-14.1.0-4/src/main/java/de/blau/android/util/FullScreenAppCompatActivity.java
method: onResume()
constraints in osmeditor4android-2.0.0
	AndroidSuppressLint condition: ""NewApi"" , add info: -
constraints in osmeditor4android-3.0.0

POSTCONDITION_REMOVED
version 1: osmeditor4android-2.0.0
version 2: osmeditor4android-3.0.0
compilation unit: 0023-osmeditor4android-14.1.0-4/src/main/java/de/blau/android/util/Screen.java
method: isLandscape(Activity)
constraints in osmeditor4android-2.0.0
	AndroidSuppressLint condition: ""NewApi"" , add info: -
constraints in osmeditor4android-3.0.0

POSTCONDITION_REMOVED
version 1: osmeditor4android-2.0.0
version 2: osmeditor4android-3.0.0
compilation unit: 0023-osmeditor4android-14.1.0-4/src/main/java/de/blau/android/util/Util.java
method: run()
constraints in osmeditor4android-2.0.0
	AndroidSuppressLint condition: ""NewApi"" , add info: -
constraints in osmeditor4android-3.0.0

POSTCONDITION_REMOVED
version 1: osmeditor4android-2.0.0
version 2: osmeditor4android-3.0.0
compilation unit: 0023-osmeditor4android-14.1.0-4/src/main/java/de/blau/android/util/Util.java
method: longCompare(long,
constraints in osmeditor4android-2.0.0
	AndroidSuppressLint condition: ""NewApi"" , add info: -
constraints in osmeditor4android-3.0.0

POSTCONDITION_REMOVED
version 1: osmeditor4android-2.0.0
version 2: osmeditor4android-3.0.0
compilation unit: 0023-osmeditor4android-14.1.0-4/src/main/java/de/blau/android/views/ZoomControls.java
method: onTouchEvent(MotionEvent)
constraints in osmeditor4android-2.0.0
	AndroidSuppressLint condition: ""ClickableViewAccessibility"" , add info: -
constraints in osmeditor4android-3.0.0

POSTCONDITION_REMOVED
version 1: peertube-2.0.0
version 2: peertube-3.0.0
compilation unit: 0232-peertube-android-v1.0.26/app/src/main/java/net/schueller/peertube/activity/SettingsActivity.java
method: onBuildHeaders(List<Header>)
constraints in peertube-2.0.0
	AndroidTargetApi condition: "Build.VERSION_CODES.HONEYCOMB" , add info: -
constraints in peertube-3.0.0

POSTCONDITION_REMOVED
version 1: peertube-2.0.0
version 2: peertube-3.0.0
compilation unit: 0232-peertube-android-v1.0.26/app/src/main/java/net/schueller/peertube/service/VideoPlayerService.java
method: onBind(Intent)
constraints in peertube-2.0.0
	AndroidXNullable condition: "" , add info: -
constraints in peertube-3.0.0

POSTCONDITION_REMOVED
version 1: peertube-2.0.0
version 2: peertube-3.0.0
compilation unit: 0232-peertube-android-v1.0.26/app/src/main/java/net/schueller/peertube/service/VideoPlayerService.java
method: createCurrentContentIntent(Player)
constraints in peertube-2.0.0
	AndroidXNullable condition: "" , add info: -
constraints in peertube-3.0.0

POSTCONDITION_REMOVED
version 1: peertube-2.0.0
version 2: peertube-3.0.0
compilation unit: 0232-peertube-android-v1.0.26/app/src/main/java/net/schueller/peertube/service/VideoPlayerService.java
method: getCurrentLargeIcon(Player,
constraints in peertube-2.0.0
	AndroidXNullable condition: "" , add info: -
constraints in peertube-3.0.0

POSTCONDITION_REMOVED
version 1: privacy-1.0.0
version 2: privacy-2.0.0
compilation unit: 0172-privacy-friendly-sudoku-v3.0.2/app/src/main/java/org/secuso/privacyfriendlysudoku/ui/view/WinDialog.java
method: onCreateDialog(Bundle)
constraints in privacy-1.0.0
	AndroidXNonNull condition: "" , add info: -
constraints in privacy-2.0.0

POSTCONDITION_REMOVED
version 1: privacy-2.0.0
version 2: privacy-3.0.0
compilation unit: 0173-privacy-friendly-sudoku-v1.0/app/src/main/java/org/secuso/privacyfriendlysudoku/ui/HelpActivity.java
method: onBuildHeaders(List<Header>)
constraints in privacy-2.0.0
	AndroidTargetApi condition: "Build.VERSION_CODES.HONEYCOMB" , add info: -
constraints in privacy-3.0.0

POSTCONDITION_REMOVED
version 1: privacy-2.0.0
version 2: privacy-3.0.0
compilation unit: 0173-privacy-friendly-sudoku-v1.0/app/src/main/java/org/secuso/privacyfriendlysudoku/ui/SettingsActivity.java
method: onBuildHeaders(List<Header>)
constraints in privacy-2.0.0
	AndroidTargetApi condition: "Build.VERSION_CODES.HONEYCOMB" , add info: -
constraints in privacy-3.0.0

POSTCONDITION_REMOVED
version 1: pslab-2.0.0
version 2: pslab-3.0.0
compilation unit: 0099-pslab-android-v2.0.0/app/src/main/java/io/pslab/activity/Barometer_activity.java
method: onCreate(Bundle)
constraints in pslab-2.0.0
	AndroidSuppressLint condition: ""ResourceType"" , add info: -
constraints in pslab-3.0.0

POSTCONDITION_REMOVED
version 1: pslab-2.0.0
version 2: pslab-3.0.0
compilation unit: 0099-pslab-android-v2.0.0/app/src/main/java/io/pslab/fragment/ExperimentDocFragment.java
method: shouldOverrideUrlLoading(WebView,
constraints in pslab-2.0.0
	AndroidTargetApi condition: "Build.VERSION_CODES.N" , add info: -
constraints in pslab-3.0.0

POSTCONDITION_REMOVED
version 1: pslab-2.0.0
version 2: pslab-3.0.0
compilation unit: 0099-pslab-android-v2.0.0/app/src/main/java/io/pslab/fragment/PSLabPinLayoutFragment.java
method: onTouch(View,
constraints in pslab-2.0.0
	AndroidSuppressLint condition: ""ClickableViewAccessibility"" , add info: -
constraints in pslab-3.0.0

POSTCONDITION_REMOVED
version 1: pslab-2.0.0
version 2: pslab-3.0.0
compilation unit: 0099-pslab-android-v2.0.0/app/src/main/java/io/pslab/others/GPSLogger.java
method: whatsLocation()
constraints in pslab-2.0.0
	AndroidSuppressLint condition: ""MissingPermission"" , add info: -
constraints in pslab-3.0.0

POSTCONDITION_REMOVED
version 1: pslab-2.0.0
version 2: pslab-3.0.0
compilation unit: 0099-pslab-android-v2.0.0/app/src/main/java/io/pslab/others/ZoomLayout.java
method: init(Context)
constraints in pslab-2.0.0
	AndroidSuppressLint condition: ""ClickableViewAccessibility"" , add info: -
constraints in pslab-3.0.0

POSTCONDITION_REMOVED
version 1: pslab-2.0.0
version 2: pslab-3.0.0
compilation unit: 0099-pslab-android-v2.0.0/app/src/main/java/io/pslab/sensors/SensorMLX90614.java
method: howToConnectDialog(String,
constraints in pslab-2.0.0
	AndroidSuppressLint condition: ""ResourceType"" , add info: -
constraints in pslab-3.0.0

POSTCONDITION_REMOVED
version 1: revolution-2.0.0
version 2: revolution-3.0.0
compilation unit: 0171-revolution-irc-0.2.0/app/src/main/java/io/mrarm/irc/drawer/DrawerNavigationView.java
method: dispatchApplyWindowInsets(WindowInsets)
constraints in revolution-2.0.0
	AndroidTargetApi condition: "Build.VERSION_CODES.LOLLIPOP" , add info: -
constraints in revolution-3.0.0

POSTCONDITION_REMOVED
version 1: revolution-2.0.0
version 2: revolution-3.0.0
compilation unit: 0171-revolution-irc-0.2.0/app/src/main/java/io/mrarm/irc/util/DrawableWrapper.java
method: getDirtyBounds()
constraints in revolution-2.0.0
	AndroidTargetApi condition: "Build.VERSION_CODES.LOLLIPOP" , add info: -
constraints in revolution-3.0.0

POSTCONDITION_REMOVED
version 1: revolution-2.0.0
version 2: revolution-3.0.0
compilation unit: 0171-revolution-irc-0.2.0/app/src/main/java/io/mrarm/irc/util/DrawableWrapper.java
method: isFilterBitmap()
constraints in revolution-2.0.0
	AndroidTargetApi condition: "Build.VERSION_CODES.M" , add info: -
constraints in revolution-3.0.0

POSTCONDITION_REMOVED
version 1: revolution-2.0.0
version 2: revolution-3.0.0
compilation unit: 0171-revolution-irc-0.2.0/app/src/main/java/io/mrarm/irc/util/DrawableWrapper.java
method: getLayoutDirection()
constraints in revolution-2.0.0
	AndroidTargetApi condition: "Build.VERSION_CODES.M" , add info: -
constraints in revolution-3.0.0

POSTCONDITION_REMOVED
version 1: revolution-2.0.0
version 2: revolution-3.0.0
compilation unit: 0171-revolution-irc-0.2.0/app/src/main/java/io/mrarm/irc/util/DrawableWrapper.java
method: onLayoutDirectionChanged(int)
constraints in revolution-2.0.0
	AndroidTargetApi condition: "Build.VERSION_CODES.M" , add info: -
constraints in revolution-3.0.0

POSTCONDITION_REMOVED
version 1: revolution-2.0.0
version 2: revolution-3.0.0
compilation unit: 0171-revolution-irc-0.2.0/app/src/main/java/io/mrarm/irc/util/DrawableWrapper.java
method: getAlpha()
constraints in revolution-2.0.0
	AndroidTargetApi condition: "Build.VERSION_CODES.KITKAT" , add info: -
constraints in revolution-3.0.0

POSTCONDITION_REMOVED
version 1: revolution-2.0.0
version 2: revolution-3.0.0
compilation unit: 0171-revolution-irc-0.2.0/app/src/main/java/io/mrarm/irc/util/DrawableWrapper.java
method: setTint(int)
constraints in revolution-2.0.0
	AndroidTargetApi condition: "Build.VERSION_CODES.LOLLIPOP" , add info: -
constraints in revolution-3.0.0

POSTCONDITION_REMOVED
version 1: revolution-2.0.0
version 2: revolution-3.0.0
compilation unit: 0171-revolution-irc-0.2.0/app/src/main/java/io/mrarm/irc/util/DrawableWrapper.java
method: setTintList(ColorStateList)
constraints in revolution-2.0.0
	AndroidTargetApi condition: "Build.VERSION_CODES.LOLLIPOP" , add info: -
constraints in revolution-3.0.0

POSTCONDITION_REMOVED
version 1: revolution-2.0.0
version 2: revolution-3.0.0
compilation unit: 0171-revolution-irc-0.2.0/app/src/main/java/io/mrarm/irc/util/DrawableWrapper.java
method: setTintMode(PorterDuff.Mode)
constraints in revolution-2.0.0
	AndroidTargetApi condition: "Build.VERSION_CODES.LOLLIPOP" , add info: -
constraints in revolution-3.0.0

POSTCONDITION_REMOVED
version 1: revolution-2.0.0
version 2: revolution-3.0.0
compilation unit: 0171-revolution-irc-0.2.0/app/src/main/java/io/mrarm/irc/util/DrawableWrapper.java
method: getColorFilter()
constraints in revolution-2.0.0
	AndroidTargetApi condition: "Build.VERSION_CODES.LOLLIPOP" , add info: -
constraints in revolution-3.0.0

POSTCONDITION_REMOVED
version 1: revolution-2.0.0
version 2: revolution-3.0.0
compilation unit: 0171-revolution-irc-0.2.0/app/src/main/java/io/mrarm/irc/util/DrawableWrapper.java
method: setHotspot(float,
constraints in revolution-2.0.0
	AndroidTargetApi condition: "Build.VERSION_CODES.LOLLIPOP" , add info: -
constraints in revolution-3.0.0

POSTCONDITION_REMOVED
version 1: revolution-2.0.0
version 2: revolution-3.0.0
compilation unit: 0171-revolution-irc-0.2.0/app/src/main/java/io/mrarm/irc/util/DrawableWrapper.java
method: setHotspotBounds(int,
constraints in revolution-2.0.0
	AndroidTargetApi condition: "Build.VERSION_CODES.M" , add info: -
constraints in revolution-3.0.0

POSTCONDITION_REMOVED
version 1: revolution-2.0.0
version 2: revolution-3.0.0
compilation unit: 0171-revolution-irc-0.2.0/app/src/main/java/io/mrarm/irc/util/DrawableWrapper.java
method: getHotspotBounds(Rect)
constraints in revolution-2.0.0
	AndroidTargetApi condition: "Build.VERSION_CODES.M" , add info: -
constraints in revolution-3.0.0

POSTCONDITION_REMOVED
version 1: revolution-2.0.0
version 2: revolution-3.0.0
compilation unit: 0171-revolution-irc-0.2.0/app/src/main/java/io/mrarm/irc/util/DrawableWrapper.java
method: setAutoMirrored(boolean)
constraints in revolution-2.0.0
	AndroidTargetApi condition: "Build.VERSION_CODES.KITKAT" , add info: -
constraints in revolution-3.0.0

POSTCONDITION_REMOVED
version 1: revolution-2.0.0
version 2: revolution-3.0.0
compilation unit: 0171-revolution-irc-0.2.0/app/src/main/java/io/mrarm/irc/util/DrawableWrapper.java
method: isAutoMirrored()
constraints in revolution-2.0.0
	AndroidTargetApi condition: "Build.VERSION_CODES.KITKAT" , add info: -
constraints in revolution-3.0.0

POSTCONDITION_REMOVED
version 1: revolution-2.0.0
version 2: revolution-3.0.0
compilation unit: 0171-revolution-irc-0.2.0/app/src/main/java/io/mrarm/irc/util/DrawableWrapper.java
method: applyTheme(Resources.Theme)
constraints in revolution-2.0.0
	AndroidTargetApi condition: "Build.VERSION_CODES.LOLLIPOP" , add info: -
constraints in revolution-3.0.0

POSTCONDITION_REMOVED
version 1: revolution-2.0.0
version 2: revolution-3.0.0
compilation unit: 0171-revolution-irc-0.2.0/app/src/main/java/io/mrarm/irc/util/DrawableWrapper.java
method: canApplyTheme()
constraints in revolution-2.0.0
	AndroidTargetApi condition: "Build.VERSION_CODES.LOLLIPOP" , add info: -
constraints in revolution-3.0.0

POSTCONDITION_REMOVED
version 1: revolution-2.0.0
version 2: revolution-3.0.0
compilation unit: 0171-revolution-irc-0.2.0/app/src/main/java/io/mrarm/irc/util/DrawableWrapper.java
method: getOutline(Outline)
constraints in revolution-2.0.0
	AndroidTargetApi condition: "Build.VERSION_CODES.LOLLIPOP" , add info: -
constraints in revolution-3.0.0

POSTCONDITION_REMOVED
version 1: runnerup-2.0.0
version 2: runnerup-3.0.0
compilation unit: 0256-runnerup-v2.0.1.3/app/latest/java/org/runnerup/util/MapWrapper.java
method: onPostExecute(Route)
constraints in runnerup-2.0.0
	AndroidSuppressLint condition: ""ObsoleteSdkInt"" , add info: -
constraints in runnerup-3.0.0

POSTCONDITION_REMOVED
version 1: runnerup-2.0.0
version 2: runnerup-3.0.0
compilation unit: 0256-runnerup-v2.0.1.3/app/src/org/runnerup/export/format/GoogleFitData.java
method: exportSession(long,
constraints in runnerup-2.0.0
	AndroidSuppressLint condition: ""PrivateResource"" , add info: -
constraints in runnerup-3.0.0

POSTCONDITION_REMOVED
version 1: runnerup-2.0.0
version 2: runnerup-3.0.0
compilation unit: 0256-runnerup-v2.0.1.3/app/src/org/runnerup/export/oauth2client/OAuth2Activity.java
method: onPageFinished(WebView,
constraints in runnerup-2.0.0
	AndroidSuppressLint condition: "{ "StaticFieldLeak", "WrongThread" }" , add info: -
constraints in runnerup-3.0.0

POSTCONDITION_REMOVED
version 1: runnerup-2.0.0
version 2: runnerup-3.0.0
compilation unit: 0256-runnerup-v2.0.1.3/app/src/org/runnerup/export/RunKeeperSynchronizer.java
method: getActivityUrl(String)
constraints in runnerup-2.0.0
	AndroidSuppressLint condition: ""StaticFieldLeak"" , add info: -
constraints in runnerup-3.0.0

POSTCONDITION_REMOVED
version 1: runnerup-2.0.0
version 2: runnerup-3.0.0
compilation unit: 0256-runnerup-v2.0.1.3/app/src/org/runnerup/export/SyncManager.java
method: testUserPass(Synchronizer,
constraints in runnerup-2.0.0
	AndroidSuppressLint condition: ""StaticFieldLeak"" , add info: -
constraints in runnerup-3.0.0

POSTCONDITION_REMOVED
version 1: runnerup-2.0.0
version 2: runnerup-3.0.0
compilation unit: 0256-runnerup-v2.0.1.3/app/src/org/runnerup/export/SyncManager.java
method: doUpload(Synchronizer)
constraints in runnerup-2.0.0
	AndroidSuppressLint condition: ""StaticFieldLeak"" , add info: -
constraints in runnerup-3.0.0

POSTCONDITION_REMOVED
version 1: runnerup-2.0.0
version 2: runnerup-3.0.0
compilation unit: 0256-runnerup-v2.0.1.3/app/src/org/runnerup/export/SyncManager.java
method: loadActivityList(List<SyncActivityItem>,
constraints in runnerup-2.0.0
	AndroidSuppressLint condition: ""StaticFieldLeak"" , add info: -
constraints in runnerup-3.0.0

POSTCONDITION_REMOVED
version 1: runnerup-2.0.0
version 2: runnerup-3.0.0
compilation unit: 0256-runnerup-v2.0.1.3/app/src/org/runnerup/export/SyncManager.java
method: loadWorkouts(HashSet<WorkoutRef>,
constraints in runnerup-2.0.0
	AndroidSuppressLint condition: ""StaticFieldLeak"" , add info: -
constraints in runnerup-3.0.0

POSTCONDITION_REMOVED
version 1: runnerup-2.0.0
version 2: runnerup-3.0.0
compilation unit: 0256-runnerup-v2.0.1.3/app/src/org/runnerup/feed/FeedImageLoader.java
method: LoadImageAsync(String,
constraints in runnerup-2.0.0
	AndroidSuppressLint condition: ""StaticFieldLeak"" , add info: -
constraints in runnerup-3.0.0

POSTCONDITION_REMOVED
version 1: runnerup-2.0.0
version 2: runnerup-3.0.0
compilation unit: 0256-runnerup-v2.0.1.3/app/src/org/runnerup/tracker/component/TrackerElevation.java
method: getValue()
constraints in runnerup-2.0.0
	AndroidSuppressLint condition: ""NewApi"" , add info: -
constraints in runnerup-3.0.0

POSTCONDITION_REMOVED
version 1: runnerup-2.0.0
version 2: runnerup-3.0.0
compilation unit: 0256-runnerup-v2.0.1.3/app/src/org/runnerup/util/GraphWrapper.java
method: onPostExecute(GraphProducer)
constraints in runnerup-2.0.0
	AndroidSuppressLint condition: ""ObsoleteSdkInt"" , add info: -
constraints in runnerup-3.0.0

POSTCONDITION_REMOVED
version 1: runnerup-2.0.0
version 2: runnerup-3.0.0
compilation unit: 0256-runnerup-v2.0.1.3/app/src/org/runnerup/view/DetailActivity.java
method: onCreate(Bundle)
constraints in runnerup-2.0.0
	AndroidSuppressLint condition: ""ObsoleteSdkInt"" , add info: -
constraints in runnerup-3.0.0

POSTCONDITION_REMOVED
version 1: runnerup-2.0.0
version 2: runnerup-3.0.0
compilation unit: 0256-runnerup-v2.0.1.3/app/src/org/runnerup/view/SettingsActivity.java
method: requestReadStoragePermissions(Activity)
constraints in runnerup-2.0.0
	AndroidSuppressLint condition: ""InlinedApi"" , add info: -
constraints in runnerup-3.0.0

POSTCONDITION_REMOVED
version 1: runnerup-2.0.0
version 2: runnerup-3.0.0
compilation unit: 0256-runnerup-v2.0.1.3/app/src/org/runnerup/view/UploadActivity.java
method: getView(int,
constraints in runnerup-2.0.0
	AndroidSuppressLint condition: ""ObsoleteSdkInt"" , add info: -
constraints in runnerup-3.0.0

POSTCONDITION_REMOVED
version 1: runnerup-2.0.0
version 2: runnerup-3.0.0
compilation unit: 0256-runnerup-v2.0.1.3/app/src/org/runnerup/widget/NumberPicker.java
method: onTouch(View,
constraints in runnerup-2.0.0
	AndroidSuppressLint condition: ""ClickableViewAccessibility"" , add info: -
constraints in runnerup-3.0.0

POSTCONDITION_REMOVED
version 1: runnerup-2.0.0
version 2: runnerup-3.0.0
compilation unit: 0256-runnerup-v2.0.1.3/app/src/org/runnerup/workout/feedback/RUTextToSpeech.java
method: setUtteranceCompletedListener(TextToSpeech,
constraints in runnerup-2.0.0
	AndroidSuppressLint condition: ""ObsoleteSdkInt"" , add info: -
constraints in runnerup-3.0.0

POSTCONDITION_REMOVED
version 1: runnerup-2.0.0
version 2: runnerup-3.0.0
compilation unit: 0256-runnerup-v2.0.1.3/hrdevice/src/org/runnerup/hr/Bt20Base.java
method: checkLibrary(Context)
constraints in runnerup-2.0.0
	AndroidSuppressLint condition: ""ObsoleteSdkInt"" , add info: -
constraints in runnerup-3.0.0

POSTCONDITION_REMOVED
version 1: seadroid-2.0.0
version 2: seadroid-3.0.0
compilation unit: 0222-seadroid-2.2.3/app/src/main/java/com/seafile/seadroid2/account/ui/SingleSignOnAuthorizeActivity.java
method: onReceivedSslError(WebView,
constraints in seadroid-2.0.0
	AndroidSuppressLint condition: ""LongLogTag"" , add info: -
constraints in seadroid-3.0.0

POSTCONDITION_REMOVED
version 1: seadroid-2.0.0
version 2: seadroid-3.0.0
compilation unit: 0222-seadroid-2.2.3/app/src/main/java/com/seafile/seadroid2/account/ui/SingleSignOnAuthorizeActivity.java
method: onPageFinished(WebView,
constraints in seadroid-2.0.0
	AndroidSuppressLint condition: ""LongLogTag"" , add info: -
constraints in seadroid-3.0.0

POSTCONDITION_REMOVED
version 1: seadroid-2.0.0
version 2: seadroid-3.0.0
compilation unit: 0222-seadroid-2.2.3/app/src/main/java/com/seafile/seadroid2/account/ui/SingleSignOnAuthorizeActivity.java
method: getCookie(String,
constraints in seadroid-2.0.0
	AndroidSuppressLint condition: ""LongLogTag"" , add info: -
constraints in seadroid-3.0.0

POSTCONDITION_REMOVED
version 1: seadroid-2.0.0
version 2: seadroid-3.0.0
compilation unit: 0222-seadroid-2.2.3/app/src/main/java/com/seafile/seadroid2/play/PlayActivity.java
method: onDestroy()
constraints in seadroid-2.0.0
	AndroidTargetApi condition: "Build.VERSION_CODES.KITKAT" , add info: -
constraints in seadroid-3.0.0

POSTCONDITION_REMOVED
version 1: seadroid-2.0.0
version 2: seadroid-3.0.0
compilation unit: 0222-seadroid-2.2.3/app/src/main/java/com/seafile/seadroid2/ui/activity/SeafilePathChooserActivity.java
method: onDestroy()
constraints in seadroid-2.0.0
	AndroidSuppressLint condition: ""LongLogTag"" , add info: -
constraints in seadroid-3.0.0

POSTCONDITION_REMOVED
version 1: seadroid-2.0.0
version 2: seadroid-3.0.0
compilation unit: 0222-seadroid-2.2.3/app/src/main/java/com/seafile/seadroid2/ui/activity/SeafilePathChooserActivity.java
method: onPostExecute(Void)
constraints in seadroid-2.0.0
	AndroidSuppressLint condition: ""LongLogTag"" , add info: -
	AndroidSuppressLint condition: ""LongLogTag"" , add info: -
	AndroidSuppressLint condition: ""LongLogTag"" , add info: -
constraints in seadroid-3.0.0

POSTCONDITION_REMOVED
version 1: seadroid-2.0.0
version 2: seadroid-3.0.0
compilation unit: 0222-seadroid-2.2.3/app/src/main/java/com/seafile/seadroid2/ui/fragment/ReposFragment.java
method: onPrepareActionMode(ActionMode,
constraints in seadroid-2.0.0
	AndroidSuppressLint condition: ""NewApi"" , add info: -
constraints in seadroid-3.0.0

POSTCONDITION_REMOVED
version 1: seadroid-2.0.0
version 2: seadroid-3.0.0
compilation unit: 0222-seadroid-2.2.3/app/src/main/java/com/seafile/seadroid2/util/UriFilePath.java
method: getFileAbsolutePath(Activity,
constraints in seadroid-2.0.0
	AndroidTargetApi condition: "19" , add info: -
constraints in seadroid-3.0.0

POSTCONDITION_REMOVED
version 1: sms-2.0.0
version 2: sms-3.0.0
compilation unit: 0366-sms-backup-plus-1.5.9-BETA5/src/main/java/com/zegoggles/smssync/activity/auth/OAuth2WebAuthActivity.java
method: onReceivedSslError(WebView,
constraints in sms-2.0.0
	AndroidTargetApi condition: "Build.VERSION_CODES.FROYO" , add info: -
constraints in sms-3.0.0

POSTCONDITION_REMOVED
version 1: sms-2.0.0
version 2: sms-3.0.0
compilation unit: 0366-sms-backup-plus-1.5.9-BETA5/src/main/java/com/zegoggles/smssync/mail/MessageConverter.java
method: convertMessages(Cursor,
constraints in sms-2.0.0
	JetBrainsNotNull condition: "" , add info: -
constraints in sms-3.0.0

POSTCONDITION_REMOVED
version 1: sms-2.0.0
version 2: sms-3.0.0
compilation unit: 0366-sms-backup-plus-1.5.9-BETA5/src/main/java/com/zegoggles/smssync/mail/MessageConverter.java
method: messageToContentValues(Message)
constraints in sms-2.0.0
	JetBrainsNotNull condition: "" , add info: -
constraints in sms-3.0.0

POSTCONDITION_REMOVED
version 1: sms-2.0.0
version 2: sms-3.0.0
compilation unit: 0366-sms-backup-plus-1.5.9-BETA5/src/main/java/com/zegoggles/smssync/mail/PersonLookup.java
method: lookupPerson(String)
constraints in sms-2.0.0
	JetBrainsNotNull condition: "" , add info: -
constraints in sms-3.0.0

POSTCONDITION_REMOVED
version 1: sms-2.0.0
version 2: sms-3.0.0
compilation unit: 0366-sms-backup-plus-1.5.9-BETA5/src/main/java/com/zegoggles/smssync/preferences/Preferences.java
method: isInstalledOnSDCard()
constraints in sms-2.0.0
	AndroidTargetApi condition: "8" , add info: -
constraints in sms-3.0.0

POSTCONDITION_REMOVED
version 1: sms-2.0.0
version 2: sms-3.0.0
compilation unit: 0366-sms-backup-plus-1.5.9-BETA5/src/main/java/com/zegoggles/smssync/service/BackupItemsFetcher.java
method: getItemsForDataType(DataType,
constraints in sms-2.0.0
	JetBrainsNotNull condition: "" , add info: -
constraints in sms-3.0.0

POSTCONDITION_REMOVED
version 1: sms-2.0.0
version 2: sms-3.0.0
compilation unit: 0366-sms-backup-plus-1.5.9-BETA5/src/main/java/com/zegoggles/smssync/service/ServiceBase.java
method: getState()
constraints in sms-2.0.0
	JetBrainsNotNull condition: "" , add info: -
constraints in sms-3.0.0

POSTCONDITION_REMOVED
version 1: sms-2.0.0
version 2: sms-3.0.0
compilation unit: 0366-sms-backup-plus-1.5.9-BETA5/src/main/java/com/zegoggles/smssync/service/ServiceBase.java
method: createNotification(int)
constraints in sms-2.0.0
	JetBrainsNotNull condition: "" , add info: -
constraints in sms-3.0.0

POSTCONDITION_REMOVED
version 1: sms-2.0.0
version 2: sms-3.0.0
compilation unit: 0366-sms-backup-plus-1.5.9-BETA5/src/main/java/com/zegoggles/smssync/service/SmsBackupService.java
method: getState()
constraints in sms-2.0.0
	JetBrainsNotNull condition: "" , add info: -
constraints in sms-3.0.0

POSTCONDITION_REMOVED
version 1: sms-2.0.0
version 2: sms-3.0.0
compilation unit: 0366-sms-backup-plus-1.5.9-BETA5/src/main/java/com/zegoggles/smssync/service/SmsRestoreService.java
method: getState()
constraints in sms-2.0.0
	JetBrainsNotNull condition: "" , add info: -
constraints in sms-3.0.0

POSTCONDITION_REMOVED
version 1: sms-2.0.0
version 2: sms-3.0.0
compilation unit: 0366-sms-backup-plus-1.5.9-BETA5/src/main/java/com/zegoggles/smssync/service/WhatsAppItemsFetcher.java
method: getItems(long,
constraints in sms-2.0.0
	JetBrainsNotNull condition: "" , add info: -
constraints in sms-3.0.0

POSTCONDITION_REMOVED
version 1: snapstreak-2.0.0
version 2: snapstreak-3.0.0
compilation unit: 0127-snapstreak-alarm-1.0.1/app/src/main/java/com/iatfei/streakalarm/BatteryOptimizationUtil.java
method: getBatteryOptimizationDialog(Context)
constraints in snapstreak-2.0.0
	AndroidXNullable condition: "" , add info: -
constraints in snapstreak-3.0.0

POSTCONDITION_REMOVED
version 1: snapstreak-2.0.0
version 2: snapstreak-3.0.0
compilation unit: 0127-snapstreak-alarm-1.0.1/app/src/main/java/com/iatfei/streakalarm/NewAboutActivity.java
method: getDelegate()
constraints in snapstreak-2.0.0
	AndroidXNonNull condition: "" , add info: -
constraints in snapstreak-3.0.0

POSTCONDITION_REMOVED
version 1: spaRSS-2.0.0
version 2: spaRSS-3.0.0
compilation unit: 0274-spaRSS-DecSync-v1.12.0/mobile/src/main/java/org/decsync/sparss/activity/BaseActivity.java
method: setImmersiveFullScreen(boolean)
constraints in spaRSS-2.0.0
	AndroidSuppressLint condition: ""InlinedApi"" , add info: -
constraints in spaRSS-3.0.0

POSTCONDITION_REMOVED
version 1: syncthing-2.0.0
version 2: syncthing-3.0.0
compilation unit: 0129-syncthing-android-1.6.0-rc.5/app/src/main/java/com/nutomic/syncthingandroid/activities/FirstStartActivity.java
method: onCreate(Bundle)
constraints in syncthing-2.0.0
	AndroidSuppressLint condition: ""ClickableViewAccessibility"" , add info: -
constraints in syncthing-3.0.0

POSTCONDITION_REMOVED
version 1: syncthing-2.0.0
version 2: syncthing-3.0.0
compilation unit: 0129-syncthing-android-1.6.0-rc.5/app/src/main/java/com/nutomic/syncthingandroid/activities/WebGuiActivity.java
method: onCreate(Bundle)
constraints in syncthing-2.0.0
	AndroidSuppressLint condition: ""SetJavaScriptEnabled"" , add info: -
constraints in syncthing-3.0.0

POSTCONDITION_REMOVED
version 1: syncthing-2.0.0
version 2: syncthing-3.0.0
compilation unit: 0129-syncthing-android-1.6.0-rc.5/app/src/main/java/com/nutomic/syncthingandroid/activities/WebGuiActivity.java
method: setWebViewProxy(Context,
constraints in syncthing-2.0.0
	AndroidSuppressLint condition: ""PrivateApi"" , add info: -
constraints in syncthing-3.0.0

POSTCONDITION_REMOVED
version 1: syncthing-2.0.0
version 2: syncthing-3.0.0
compilation unit: 0129-syncthing-android-1.6.0-rc.5/app/src/main/java/com/nutomic/syncthingandroid/http/SyncthingTrustManager.java
method: checkClientTrusted(X509Certificate[],
constraints in syncthing-2.0.0
	AndroidSuppressLint condition: ""TrustAllX509TrustManager"" , add info: -
constraints in syncthing-3.0.0

POSTCONDITION_REMOVED
version 1: syncthing-2.0.0
version 2: syncthing-3.0.0
compilation unit: 0129-syncthing-android-1.6.0-rc.5/app/src/main/java/com/nutomic/syncthingandroid/service/SyncthingRunnable.java
method: run(boolean)
constraints in syncthing-2.0.0
	AndroidSuppressLint condition: ""WakelockTimeout"" , add info: -
constraints in syncthing-3.0.0

POSTCONDITION_REMOVED
version 1: syncthing-2.0.0
version 2: syncthing-3.0.0
compilation unit: 0129-syncthing-android-1.6.0-rc.5/app/src/main/java/com/nutomic/syncthingandroid/util/FileUtils.java
method: getAbsolutePathFromSAFUri(Context,
constraints in syncthing-2.0.0
	AndroidTargetApi condition: "21" , add info: -
constraints in syncthing-3.0.0

POSTCONDITION_REMOVED
version 1: syncthing-2.0.0
version 2: syncthing-3.0.0
compilation unit: 0129-syncthing-android-1.6.0-rc.5/app/src/main/java/com/nutomic/syncthingandroid/util/FileUtils.java
method: getExternalFilesDirUri(Context)
constraints in syncthing-2.0.0
	AndroidTargetApi condition: "19" , add info: -
constraints in syncthing-3.0.0

POSTCONDITION_REMOVED
version 1: syncthing-2.0.0
version 2: syncthing-3.0.0
compilation unit: 0129-syncthing-android-1.6.0-rc.5/app/src/main/java/com/nutomic/syncthingandroid/util/Languages.java
method: setLanguage(Context)
constraints in syncthing-2.0.0
	AndroidTargetApi condition: "17" , add info: -
constraints in syncthing-3.0.0

POSTCONDITION_REMOVED
version 1: syncthing-2.0.0
version 2: syncthing-3.0.0
compilation unit: 0129-syncthing-android-1.6.0-rc.5/app/src/main/java/com/nutomic/syncthingandroid/util/Languages.java
method: forceChangeLanguage(Activity,
constraints in syncthing-2.0.0
	AndroidSuppressLint condition: ""ApplySharedPref"" , add info: -
constraints in syncthing-3.0.0

POSTCONDITION_REMOVED
version 1: termux-2.0.0
version 2: termux-3.0.0
compilation unit: 0188-termux-app-v0.69/app/src/main/java/com/termux/app/TermuxActivity.java
method: ensureStoragePermissionGranted()
constraints in termux-2.0.0
	AndroidTargetApi condition: "Build.VERSION_CODES.M" , add info: -
constraints in termux-3.0.0

POSTCONDITION_REMOVED
version 1: termux-2.0.0
version 2: termux-3.0.0
compilation unit: 0188-termux-app-v0.69/app/src/main/java/com/termux/app/TermuxService.java
method: onStartCommand(Intent,
constraints in termux-2.0.0
	AndroidSuppressLint condition: ""Wakelock"" , add info: -
constraints in termux-3.0.0

POSTCONDITION_REMOVED
version 1: termux-2.0.0
version 2: termux-3.0.0
compilation unit: 0188-termux-app-v0.69/terminal-view/src/main/java/com/termux/view/TerminalView.java
method: onTouchEvent(MotionEvent)
constraints in termux-2.0.0
	AndroidSuppressLint condition: ""ClickableViewAccessibility"" , add info: -
	AndroidTargetApi condition: "23" , add info: -
constraints in termux-3.0.0

POSTCONDITION_REMOVED
version 1: termux-2.0.0
version 2: termux-3.0.0
compilation unit: 0188-termux-app-v0.69/terminal-view/src/main/java/com/termux/view/TerminalView.java
method: toggleSelectingText(MotionEvent)
constraints in termux-2.0.0
	AndroidTargetApi condition: "23" , add info: -
constraints in termux-3.0.0

POSTCONDITION_REMOVED
version 1: tracker-2.0.0
version 2: tracker-3.0.0
compilation unit: 0258-tracker-control-android-v1.0-alpha8/app/src/main/java/net/kollnig/missioncontrol/Common.java
method: getAppNameQ(ByteBuffer,
constraints in tracker-2.0.0
	AndroidTargetApi condition: "Build.VERSION_CODES.Q" , add info: -
constraints in tracker-3.0.0

POSTCONDITION_REMOVED
version 1: tracker-2.0.0
version 2: tracker-3.0.0
compilation unit: 0258-tracker-control-android-v1.0-alpha8/app/src/main/java/net/kollnig/missioncontrol/DetailsPagesAdapter.java
method: getPageTitle(int)
constraints in tracker-2.0.0
	AndroidXNullable condition: "" , add info: -
constraints in tracker-3.0.0

POSTCONDITION_REMOVED
version 1: tracker-2.0.0
version 2: tracker-3.0.0
compilation unit: 0258-tracker-control-android-v1.0-alpha8/app/src/main/java/net/kollnig/missioncontrol/MainActivity.java
method: onCreate(Bundle)
constraints in tracker-2.0.0
	AndroidSuppressLint condition: ""ClickableViewAccessibility"" , add info: -
constraints in tracker-3.0.0

POSTCONDITION_REMOVED
version 1: trackworktime-2.0.0
version 2: trackworktime-3.0.0
compilation unit: 0003-trackworktime-v1.0.0/app/src/main/java/org/zephyrsoft/trackworktime/Basics.java
method: showNotification(String,
constraints in trackworktime-2.0.0
	AndroidTargetApi condition: "Build.VERSION_CODES.JELLY_BEAN" , add info: -
constraints in trackworktime-3.0.0

POSTCONDITION_REMOVED
version 1: ttrss-2.0.0
version 2: ttrss-3.0.0
compilation unit: 0043-ttrss-reader-fork-Test_Issue_#331/ttrssreader/src/main/java/org/ttrssreader/controllers/Controller.java
method: checkRightAppSignature(Context)
constraints in ttrss-2.0.0
	AndroidSuppressLint condition: ""PackageManagerGetSignatures"" , add info: -
constraints in ttrss-3.0.0

POSTCONDITION_REMOVED
version 1: ttrss-2.0.0
version 2: ttrss-3.0.0
compilation unit: 0043-ttrss-reader-fork-Test_Issue_#331/ttrssreader/src/main/java/org/ttrssreader/controllers/DBHelper.java
method: Long>
constraints in ttrss-2.0.0
	AndroidSuppressLint condition: ""UseSparseArrays"" , add info: -
constraints in ttrss-3.0.0

POSTCONDITION_REMOVED
version 1: ttrss-2.0.0
version 2: ttrss-3.0.0
compilation unit: 0043-ttrss-reader-fork-Test_Issue_#331/ttrssreader/src/main/java/org/ttrssreader/gui/dialogs/ArticleLabelDialog.java
method: onCreateDialog(Bundle)
constraints in ttrss-2.0.0
	AndroidSuppressLint condition: ""InflateParams"" , add info: -
constraints in ttrss-3.0.0

POSTCONDITION_REMOVED
version 1: ttrss-2.0.0
version 2: ttrss-3.0.0
compilation unit: 0043-ttrss-reader-fork-Test_Issue_#331/ttrssreader/src/main/java/org/ttrssreader/utils/SSLUtils.java
method: initSslSocketFactory(KeyManager[],
constraints in ttrss-2.0.0
	AndroidSuppressLint condition: ""TrulyRandom"" , add info: -
constraints in ttrss-3.0.0

POSTCONDITION_REMOVED
version 1: ttrss-2.0.0
version 2: ttrss-3.0.0
compilation unit: 0043-ttrss-reader-fork-Test_Issue_#331/ttrssreader/src/main/java/org/ttrssreader/utils/SSLUtils.java
method: trustAllCert()
constraints in ttrss-2.0.0
	AndroidSuppressLint condition: ""TrustAllX509TrustManager"" , add info: -
constraints in ttrss-3.0.0

POSTCONDITION_REMOVED
version 1: ultrasonic-2.0.0
version 2: ultrasonic-3.0.0
compilation unit: 0001-ultrasonic-2.1.0/ultrasonic/src/main/java/org/moire/ultrasonic/service/DownloadServiceImpl.java
method: onCreate()
constraints in ultrasonic-2.0.0
	AndroidSuppressLint condition: ""NewApi"" , add info: -
constraints in ultrasonic-3.0.0

POSTCONDITION_REMOVED
version 1: ultrasonic-2.0.0
version 2: ultrasonic-3.0.0
compilation unit: 0001-ultrasonic-2.1.0/ultrasonic/src/main/java/org/moire/ultrasonic/service/DownloadServiceImpl.java
method: setUpRemoteControlClient()
constraints in ultrasonic-2.0.0
	AndroidSuppressLint condition: ""NewApi"" , add info: -
constraints in ultrasonic-3.0.0

