program,version,cu,declaration,kind
MatteCarra-AccA,0,app/src/main/java/mattecarra/accapp/AccTileService.kt,onClick(),method
MatteCarra-AccA,0,app/src/main/java/mattecarra/accapp/AccTileService.kt,onTileRemoved(),method
MatteCarra-AccA,0,app/src/main/java/mattecarra/accapp/AccTileService.kt,onTileAdded(),method
MatteCarra-AccA,0,app/src/main/java/mattecarra/accapp/AccTileService.kt,onStartListening(),method
MatteCarra-AccA,0,app/src/main/java/mattecarra/accapp/AppCompatPreferenceActivity.kt,onCreate(),method
MatteCarra-AccA,0,app/src/main/java/mattecarra/accapp/AppCompatPreferenceActivity.kt,onPostCreate(),method
MatteCarra-AccA,0,app/src/main/java/mattecarra/accapp/AppCompatPreferenceActivity.kt,onPostResume(),method
MatteCarra-AccA,0,app/src/main/java/mattecarra/accapp/AppCompatPreferenceActivity.kt,onTitleChanged(),method
MatteCarra-AccA,0,app/src/main/java/mattecarra/accapp/AppCompatPreferenceActivity.kt,onConfigurationChanged(),method
MatteCarra-AccA,0,app/src/main/java/mattecarra/accapp/AppCompatPreferenceActivity.kt,onStop(),method
MatteCarra-AccA,0,app/src/main/java/mattecarra/accapp/AppCompatPreferenceActivity.kt,onDestroy(),method
MatteCarra-AccA,1,app/src/main/java/mattecarra/accapp/database/AccaRoomDatabase.kt,onCreate(),method
MatteCarra-AccA,1,app/src/main/java/mattecarra/accapp/fragments/SchedulesFragment.kt,onActivityCreated(),method
MatteCarra-AccA,1,app/src/main/java/mattecarra/accapp/fragments/DashboardFragment.kt,onViewCreated(),method
MatteCarra-AccA,0,app/src/main/java/mattecarra/accapp/activities/MainActivity.kt,onCreate(),method
MatteCarra-AccA,0,app/src/main/java/mattecarra/accapp/activities/MainActivity.kt,onOptionsItemSelected(),method
MatteCarra-AccA,0,app/src/main/java/mattecarra/accapp/activities/MainActivity.kt,onResume(),method
MatteCarra-AccA,0,app/src/main/java/mattecarra/accapp/activities/MainActivity.kt,onPause(),method
tkrajina-10000sentences,0,10000sentencesapp/src/main/java/info/puzz/a10000sentences/Application.java,onCreate(),method
MatteCarra-AccA,0,app/src/main/java/mattecarra/accapp/activities/LogViewerActivity.kt,onOptionsItemSelected(),method
MatteCarra-AccA,0,app/src/main/java/mattecarra/accapp/activities/LogViewerActivity.kt,onSaveInstanceState(),method
MatteCarra-AccA,1,app/src/main/java/mattecarra/accapp/fragments/ProfilesFragment.kt,onChildDraw(),method
MatteCarra-AccA,0,app/src/main/java/mattecarra/accapp/activities/LogViewerActivity.kt,onCreate(),method
MatteCarra-AccA,1,app/src/main/java/mattecarra/accapp/fragments/ProfilesFragment.kt,convertToAbsoluteDirection(),method
MatteCarra-AccA,0,app/src/main/java/mattecarra/accapp/activities/LogViewerActivity.kt,onResume(),method
MatteCarra-AccA,0,app/src/main/java/mattecarra/accapp/activities/LogViewerActivity.kt,onPause(),method
MatteCarra-AccA,1,app/src/main/java/mattecarra/accapp/fragments/ProfilesFragment.kt,onAttach(),method
MatteCarra-AccA,1,app/src/main/java/mattecarra/accapp/fragments/SettingsFragment.kt,onCreate(),method
MatteCarra-AccA,1,app/src/main/java/mattecarra/accapp/fragments/SettingsFragment.kt,onDestroy(),method
tkrajina-10000sentences,1,10000sentencesapp/src/main/java/info/puzz/a10000sentences/Application.java,onCreate(),method
MatteCarra-AccA,1,app/src/main/java/mattecarra/accapp/fragments/DashboardConfigFragment.kt,onViewCreated(),method
greenaddress-abcore,1,app/src/main/java/com/greenaddress/abcore/BitcoinConfEditActivity.java,onCreate(Bundle),method
greenaddress-abcore,1,app/src/main/java/com/greenaddress/abcore/BitcoinConfEditActivity.java,onPause(),method
greenaddress-abcore,1,app/src/main/java/com/greenaddress/abcore/BitcoinConfEditActivity.java,onResume(),method
MatteCarra-AccA,1,app/src/main/java/mattecarra/accapp/utils/ScopedFragment.kt,onCreate(),method
MatteCarra-AccA,1,app/src/main/java/mattecarra/accapp/utils/ScopedFragment.kt,onDestroy(),method
MatteCarra-AccA,1,app/src/main/java/mattecarra/accapp/utils/ScopedAppActivity.kt,onCreate(),method
MatteCarra-AccA,1,app/src/main/java/mattecarra/accapp/utils/ScopedAppActivity.kt,onDestroy(),method
greenaddress-abcore,1,app/src/main/java/com/greenaddress/abcore/ConsoleActivity.java,onCreate(Bundle),method
greenaddress-abcore,1,app/src/main/java/com/greenaddress/abcore/ConsoleActivity.java,onPause(),method
greenaddress-abcore,1,app/src/main/java/com/greenaddress/abcore/ConsoleActivity.java,onResume(),method
greenaddress-abcore,1,app/src/main/java/com/greenaddress/abcore/AppCompatPreferenceActivity.java,onCreate(Bundle),method
greenaddress-abcore,1,app/src/main/java/com/greenaddress/abcore/AppCompatPreferenceActivity.java,onPostCreate(Bundle),method
greenaddress-abcore,1,app/src/main/java/com/greenaddress/abcore/AppCompatPreferenceActivity.java,onPostResume(),method
greenaddress-abcore,1,app/src/main/java/com/greenaddress/abcore/AppCompatPreferenceActivity.java,onTitleChanged(CharSequence ,method
greenaddress-abcore,1,app/src/main/java/com/greenaddress/abcore/AppCompatPreferenceActivity.java,onConfigurationChanged(Configuration),method
greenaddress-abcore,1,app/src/main/java/com/greenaddress/abcore/AppCompatPreferenceActivity.java,onStop(),method
greenaddress-abcore,1,app/src/main/java/com/greenaddress/abcore/AppCompatPreferenceActivity.java,onDestroy(),method
greenaddress-abcore,1,app/src/main/java/com/greenaddress/abcore/AboutActivity.java,onCreate(Bundle),method
greenaddress-abcore,1,app/src/main/java/com/greenaddress/abcore/PeerActivity.java,onCreate(Bundle),method
greenaddress-abcore,1,app/src/main/java/com/greenaddress/abcore/PeerActivity.java,onPause(),method
greenaddress-abcore,1,app/src/main/java/com/greenaddress/abcore/PeerActivity.java,onResume(),method
greenaddress-abcore,1,app/src/main/java/com/greenaddress/abcore/MainActivity.java,onCreate(Bundle),method
greenaddress-abcore,1,app/src/main/java/com/greenaddress/abcore/MainActivity.java,onPause(),method
greenaddress-abcore,1,app/src/main/java/com/greenaddress/abcore/MainActivity.java,onResume(),method
greenaddress-abcore,1,app/src/main/java/com/greenaddress/abcore/MainActivity.java,onOptionsItemSelected(MenuItem),method
greenaddress-abcore,1,app/src/main/java/com/greenaddress/abcore/DownloadSettingsActivity.java,onCreate(Bundle),method
greenaddress-abcore,1,app/src/main/java/com/greenaddress/abcore/DownloadSettingsActivity.java,onCreate(Bundle),method
greenaddress-abcore,1,app/src/main/java/com/greenaddress/abcore/DownloadSettingsActivity.java,onOptionsItemSelected(MenuItem),method
greenaddress-abcore,1,app/src/main/java/com/greenaddress/abcore/DownloadActivity.java,onCreate(Bundle),method
greenaddress-abcore,1,app/src/main/java/com/greenaddress/abcore/DownloadActivity.java,onPause(),method
greenaddress-abcore,1,app/src/main/java/com/greenaddress/abcore/DownloadActivity.java,onResume(),method
greenaddress-abcore,1,app/src/main/java/com/greenaddress/abcore/DownloadActivity.java,onOptionsItemSelected(MenuItem),method
greenaddress-abcore,1,app/src/main/java/com/greenaddress/abcore/LogActivity.java,onCreate(Bundle),method
greenaddress-abcore,1,app/src/main/java/com/greenaddress/abcore/LogActivity.java,onResume(),method
greenaddress-abcore,1,app/src/main/java/com/greenaddress/abcore/LogActivity.java,onPause(),method
greenaddress-abcore,1,app/src/main/java/com/greenaddress/abcore/LogActivity.java,onPostExecute(String),method
greenaddress-abcore,1,app/src/main/java/com/greenaddress/abcore/ABCoreService.java,onDestroy(),method
tkrajina-10000sentences,0,10000sentencesapp/src/main/java/info/puzz/a10000sentences/activities/SentenceQuizActivity.java,onCreate(Bundle),method
tkrajina-10000sentences,0,10000sentencesapp/src/main/java/info/puzz/a10000sentences/activities/SentenceQuizActivity.java,onResume(),method
tkrajina-10000sentences,0,10000sentencesapp/src/main/java/info/puzz/a10000sentences/activities/SentenceQuizActivity.java,onPause(),method
tkrajina-10000sentences,0,10000sentencesapp/src/main/java/info/puzz/a10000sentences/activities/EditAnnotationActivity.java,onCreate(Bundle),method
tkrajina-10000sentences,0,10000sentencesapp/src/main/java/info/puzz/a10000sentences/activities/EditAnnotationActivity.java,onResume(),method
greenaddress-abcore,1,app/src/main/java/com/greenaddress/abcore/SettingsActivity.java,onCreate(Bundle),method
greenaddress-abcore,1,app/src/main/java/com/greenaddress/abcore/SettingsActivity.java,onCreate(Bundle),method
greenaddress-abcore,1,app/src/main/java/com/greenaddress/abcore/SettingsActivity.java,onOptionsItemSelected(MenuItem),method
greenaddress-abcore,1,app/src/main/java/com/greenaddress/abcore/SettingsActivity.java,onCreate(Bundle),method
greenaddress-abcore,1,app/src/main/java/com/greenaddress/abcore/SettingsActivity.java,onOptionsItemSelected(MenuItem),method
MatteCarra-AccA,1,app/src/main/java/mattecarra/accapp/activities/MainActivity.kt,onOptionsItemSelected(),method
tkrajina-10000sentences,0,10000sentencesapp/src/main/java/info/puzz/a10000sentences/activities/StatsActivity.java,onCreate(Bundle),method
tkrajina-10000sentences,0,10000sentencesapp/src/main/java/info/puzz/a10000sentences/activities/StatsActivity.java,onResume(),method
tkrajina-10000sentences,0,10000sentencesapp/src/main/java/info/puzz/a10000sentences/activities/CollectionsActivity.java,onCreate(Bundle),method
tkrajina-10000sentences,0,10000sentencesapp/src/main/java/info/puzz/a10000sentences/activities/CollectionsActivity.java,onResume(),method
MatteCarra-AccA,1,app/src/main/java/mattecarra/accapp/activities/MainActivity.kt,onCreate(),method
MatteCarra-AccA,1,app/src/main/java/mattecarra/accapp/activities/MainActivity.kt,onBackPressed(),method
MatteCarra-AccA,1,app/src/main/java/mattecarra/accapp/activities/MainActivity.kt,onActivityResult(),method
greenaddress-abcore,0,app/src/main/java/com/greenaddress/abcore/BitcoinConfEditActivity.java,onCreate(Bundle),method
greenaddress-abcore,0,app/src/main/java/com/greenaddress/abcore/BitcoinConfEditActivity.java,onPause(),method
greenaddress-abcore,0,app/src/main/java/com/greenaddress/abcore/BitcoinConfEditActivity.java,onResume(),method
greenaddress-abcore,0,app/src/main/java/com/greenaddress/abcore/ConsoleActivity.java,onCreate(Bundle),method
greenaddress-abcore,0,app/src/main/java/com/greenaddress/abcore/ConsoleActivity.java,onPause(),method
greenaddress-abcore,0,app/src/main/java/com/greenaddress/abcore/ConsoleActivity.java,onResume(),method
greenaddress-abcore,0,app/src/main/java/com/greenaddress/abcore/AppCompatPreferenceActivity.java,onCreate(Bundle),method
greenaddress-abcore,0,app/src/main/java/com/greenaddress/abcore/AppCompatPreferenceActivity.java,onPostCreate(Bundle),method
greenaddress-abcore,0,app/src/main/java/com/greenaddress/abcore/AppCompatPreferenceActivity.java,onPostResume(),method
greenaddress-abcore,0,app/src/main/java/com/greenaddress/abcore/AppCompatPreferenceActivity.java,onTitleChanged(CharSequence ,method
greenaddress-abcore,0,app/src/main/java/com/greenaddress/abcore/AppCompatPreferenceActivity.java,onConfigurationChanged(Configuration),method
greenaddress-abcore,0,app/src/main/java/com/greenaddress/abcore/AppCompatPreferenceActivity.java,onStop(),method
greenaddress-abcore,0,app/src/main/java/com/greenaddress/abcore/AppCompatPreferenceActivity.java,onDestroy(),method
tkrajina-10000sentences,1,10000sentencesapp/src/main/java/info/puzz/a10000sentences/activities/SentenceQuizActivity.java,onCreate(Bundle),method
tkrajina-10000sentences,1,10000sentencesapp/src/main/java/info/puzz/a10000sentences/activities/SentenceQuizActivity.java,onResume(),method
tkrajina-10000sentences,1,10000sentencesapp/src/main/java/info/puzz/a10000sentences/activities/SentenceQuizActivity.java,onPause(),method
tkrajina-10000sentences,0,10000sentencesapp/src/main/java/info/puzz/a10000sentences/activities/SentencesActivity.java,onCreate(Bundle),method
tkrajina-10000sentences,0,10000sentencesapp/src/main/java/info/puzz/a10000sentences/activities/SentencesActivity.java,onResume(),method
tkrajina-10000sentences,1,10000sentencesapp/src/main/java/info/puzz/a10000sentences/activities/EditAnnotationActivity.java,onCreate(Bundle),method
tkrajina-10000sentences,1,10000sentencesapp/src/main/java/info/puzz/a10000sentences/activities/EditAnnotationActivity.java,onResume(),method
MatteCarra-AccA,1,app/src/main/java/mattecarra/accapp/activities/ExportProfilesActivity.kt,onCreate(),method
MatteCarra-AccA,1,app/src/main/java/mattecarra/accapp/activities/ExportProfilesActivity.kt,onOptionsItemSelected(),method
greenaddress-abcore,0,app/src/main/java/com/greenaddress/abcore/AboutActivity.java,onCreate(Bundle),method
MatteCarra-AccA,1,app/src/main/java/mattecarra/accapp/activities/AboutActivity.kt,onCreate(),method
MatteCarra-AccA,1,app/src/main/java/mattecarra/accapp/activities/AboutActivity.kt,onOptionsItemSelected(),method
greenaddress-abcore,0,app/src/main/java/com/greenaddress/abcore/PeerActivity.java,onCreate(Bundle),method
greenaddress-abcore,0,app/src/main/java/com/greenaddress/abcore/PeerActivity.java,onPause(),method
greenaddress-abcore,0,app/src/main/java/com/greenaddress/abcore/PeerActivity.java,onResume(),method
tkrajina-10000sentences,1,10000sentencesapp/src/main/java/info/puzz/a10000sentences/activities/StatsActivity.java,onCreate(Bundle),method
tkrajina-10000sentences,1,10000sentencesapp/src/main/java/info/puzz/a10000sentences/activities/StatsActivity.java,onResume(),method
tkrajina-10000sentences,0,10000sentencesapp/src/main/java/info/puzz/a10000sentences/activities/BaseActivity.java,onPause(),method
tkrajina-10000sentences,0,10000sentencesapp/src/main/java/info/puzz/a10000sentences/activities/BaseActivity.java,onCreate(Bundle),method
tkrajina-10000sentences,0,10000sentencesapp/src/main/java/info/puzz/a10000sentences/activities/BaseActivity.java,onResume(),method
tkrajina-10000sentences,0,10000sentencesapp/src/main/java/info/puzz/a10000sentences/activities/BaseActivity.java,onBackPressed(),method
tkrajina-10000sentences,0,10000sentencesapp/src/main/java/info/puzz/a10000sentences/activities/BaseActivity.java,onOptionsItemSelected(MenuItem),method
tkrajina-10000sentences,1,10000sentencesapp/src/main/java/info/puzz/a10000sentences/activities/CollectionsActivity.java,onCreate(Bundle),method
tkrajina-10000sentences,1,10000sentencesapp/src/main/java/info/puzz/a10000sentences/activities/CollectionsActivity.java,onResume(),method
MatteCarra-AccA,1,app/src/main/java/mattecarra/accapp/activities/AccConfigEditorActivity.kt,onCreate(),method
tkrajina-10000sentences,0,10000sentencesapp/src/main/java/info/puzz/a10000sentences/activities/HtmlActivity.java,onCreate(Bundle),method
greenaddress-abcore,0,app/src/main/java/com/greenaddress/abcore/MainActivity.java,onCreate(Bundle),method
greenaddress-abcore,0,app/src/main/java/com/greenaddress/abcore/MainActivity.java,onPause(),method
greenaddress-abcore,0,app/src/main/java/com/greenaddress/abcore/MainActivity.java,onResume(),method
greenaddress-abcore,0,app/src/main/java/com/greenaddress/abcore/MainActivity.java,onOptionsItemSelected(MenuItem),method
MatteCarra-AccA,1,app/src/main/java/mattecarra/accapp/activities/AccConfigEditorActivity.kt,onOptionsItemSelected(),method
MatteCarra-AccA,1,app/src/main/java/mattecarra/accapp/activities/AccConfigEditorActivity.kt,onBackPressed(),method
tkrajina-10000sentences,0,10000sentencesapp/src/main/java/info/puzz/a10000sentences/activities/AnnotationsActivity.java,onCreate(Bundle),method
tkrajina-10000sentences,0,10000sentencesapp/src/main/java/info/puzz/a10000sentences/activities/AnnotationsActivity.java,onResume(),method
tkrajina-10000sentences,0,10000sentencesapp/src/main/java/info/puzz/a10000sentences/activities/AnnotationActivity.java,onCreate(Bundle),method
tkrajina-10000sentences,0,10000sentencesapp/src/main/java/info/puzz/a10000sentences/activities/AnnotationActivity.java,onResume(),method
tkrajina-10000sentences,0,10000sentencesapp/src/main/java/info/puzz/a10000sentences/activities/SettingsActivity.java,onCreate(Bundle),method
tkrajina-10000sentences,0,10000sentencesapp/src/main/java/info/puzz/a10000sentences/activities/SettingsActivity.java,onCreate(Bundle),method
tkrajina-10000sentences,1,10000sentencesapp/src/main/java/info/puzz/a10000sentences/activities/SentencesActivity.java,onCreate(Bundle),method
tkrajina-10000sentences,1,10000sentencesapp/src/main/java/info/puzz/a10000sentences/activities/SentencesActivity.java,onResume(),method
greenaddress-abcore,0,app/src/main/java/com/greenaddress/abcore/DownloadActivity.java,onCreate(Bundle),method
greenaddress-abcore,0,app/src/main/java/com/greenaddress/abcore/DownloadActivity.java,onPause(),method
greenaddress-abcore,0,app/src/main/java/com/greenaddress/abcore/DownloadActivity.java,onResume(),method
MatteCarra-AccA,1,app/src/main/java/mattecarra/accapp/activities/SettingsActivity.kt,onCreate(),method
MatteCarra-AccA,1,app/src/main/java/mattecarra/accapp/activities/SettingsActivity.kt,onOptionsItemSelected(),method
tkrajina-10000sentences,1,10000sentencesapp/src/main/java/info/puzz/a10000sentences/activities/BaseActivity.java,onPause(),method
tkrajina-10000sentences,1,10000sentencesapp/src/main/java/info/puzz/a10000sentences/activities/BaseActivity.java,onCreate(Bundle),method
tkrajina-10000sentences,1,10000sentencesapp/src/main/java/info/puzz/a10000sentences/activities/BaseActivity.java,onResume(),method
tkrajina-10000sentences,1,10000sentencesapp/src/main/java/info/puzz/a10000sentences/activities/BaseActivity.java,onBackPressed(),method
tkrajina-10000sentences,1,10000sentencesapp/src/main/java/info/puzz/a10000sentences/activities/BaseActivity.java,onOptionsItemSelected(MenuItem),method
greenaddress-abcore,0,app/src/main/java/com/greenaddress/abcore/ProgressActivity.java,onCreate(Bundle),method
greenaddress-abcore,0,app/src/main/java/com/greenaddress/abcore/ProgressActivity.java,onPause(),method
greenaddress-abcore,0,app/src/main/java/com/greenaddress/abcore/ProgressActivity.java,onResume(),method
MatteCarra-AccA,1,app/src/main/java/mattecarra/accapp/activities/LogViewerActivity.kt,onOptionsItemSelected(),method
MatteCarra-AccA,1,app/src/main/java/mattecarra/accapp/activities/LogViewerActivity.kt,onSaveInstanceState(),method
tkrajina-10000sentences,1,10000sentencesapp/src/main/java/info/puzz/a10000sentences/activities/HtmlActivity.java,onCreate(Bundle),method
MatteCarra-AccA,1,app/src/main/java/mattecarra/accapp/activities/LogViewerActivity.kt,onCreate(),method
greenaddress-abcore,0,app/src/main/java/com/greenaddress/abcore/LogActivity.java,onCreate(Bundle),method
greenaddress-abcore,0,app/src/main/java/com/greenaddress/abcore/LogActivity.java,onResume(),method
MatteCarra-AccA,1,app/src/main/java/mattecarra/accapp/activities/LogViewerActivity.kt,onDestroy(),method
MatteCarra-AccA,1,app/src/main/java/mattecarra/accapp/activities/ImportProfilesActivity.kt,onCreate(),method
tkrajina-10000sentences,1,10000sentencesapp/src/main/java/info/puzz/a10000sentences/activities/AnnotationsActivity.java,onCreate(Bundle),method
tkrajina-10000sentences,1,10000sentencesapp/src/main/java/info/puzz/a10000sentences/activities/AnnotationsActivity.java,onResume(),method
MatteCarra-AccA,1,app/src/main/java/mattecarra/accapp/activities/ImportProfilesActivity.kt,onOptionsItemSelected(),method
greenaddress-abcore,0,app/src/main/java/com/greenaddress/abcore/ABCoreService.java,onDestroy(),method
tkrajina-10000sentences,1,10000sentencesapp/src/main/java/info/puzz/a10000sentences/activities/AnnotationActivity.java,onCreate(Bundle),method
tkrajina-10000sentences,1,10000sentencesapp/src/main/java/info/puzz/a10000sentences/activities/AnnotationActivity.java,onResume(),method
tkrajina-10000sentences,1,10000sentencesapp/src/main/java/info/puzz/a10000sentences/activities/SettingsActivity.java,onCreate(Bundle),method
tkrajina-10000sentences,1,10000sentencesapp/src/main/java/info/puzz/a10000sentences/activities/SettingsActivity.java,onCreate(Bundle),method
MatteCarra-AccA,1,app/src/main/java/mattecarra/accapp/services/AccProfileTileService.kt,onCreate(),method
MatteCarra-AccA,1,app/src/main/java/mattecarra/accapp/services/AccProfileTileService.kt,onTileAdded(),method
MatteCarra-AccA,1,app/src/main/java/mattecarra/accapp/services/AccProfileTileService.kt,onStartListening(),method
MatteCarra-AccA,1,app/src/main/java/mattecarra/accapp/services/AccProfileTileService.kt,onClick(),method
MatteCarra-AccA,1,app/src/main/java/mattecarra/accapp/services/AccdTileService.kt,onCreate(),method
MatteCarra-AccA,1,app/src/main/java/mattecarra/accapp/services/AccdTileService.kt,onDestroy(),method
MatteCarra-AccA,1,app/src/main/java/mattecarra/accapp/services/AccdTileService.kt,onClick(),method
MatteCarra-AccA,1,app/src/main/java/mattecarra/accapp/services/AccdTileService.kt,onTileRemoved(),method
MatteCarra-AccA,1,app/src/main/java/mattecarra/accapp/services/AccdTileService.kt,onTileAdded(),method
MatteCarra-AccA,1,app/src/main/java/mattecarra/accapp/services/AccdTileService.kt,onStartListening(),method
greenaddress-abcore,0,app/src/main/java/com/greenaddress/abcore/SettingsActivity.java,onCreate(Bundle),method
greenaddress-abcore,0,app/src/main/java/com/greenaddress/abcore/SettingsActivity.java,onCreate(Bundle),method
greenaddress-abcore,0,app/src/main/java/com/greenaddress/abcore/SettingsActivity.java,onOptionsItemSelected(MenuItem),method
SecUSo-privacy-friendly-2048,1,app/src/main/java/org/secuso/privacyfriendly2048/activities/HelpActivity.java,onCreate(Bundle),method
SecUSo-privacy-friendly-2048,1,app/src/main/java/org/secuso/privacyfriendly2048/activities/AboutActivity.java,onCreate(Bundle),method
uberspot-2048-android,1,src/com/uberspot/a2048/MainActivity.java,onCreate(Bundle),method
uberspot-2048-android,1,src/com/uberspot/a2048/MainActivity.java,onConfigurationChanged(Configuration),method
uberspot-2048-android,1,src/com/uberspot/a2048/MainActivity.java,onBackPressed(),method
SecUSo-privacy-friendly-2048,0,app/src/main/java/org/secuso/privacyfriendly2048/activities/HelpActivity.java,onCreate(Bundle),method
uberspot-2048-android,0,src/com/uberspot/a2048/MainActivity.java,onCreate(Bundle),method
SecUSo-privacy-friendly-2048,0,app/src/main/java/org/secuso/privacyfriendly2048/activities/AboutActivity.java,onCreate(Bundle),method
SecUSo-privacy-friendly-2048,1,app/src/main/java/org/secuso/privacyfriendly2048/activities/MainActivity.java,onStart(),method
SecUSo-privacy-friendly-2048,1,app/src/main/java/org/secuso/privacyfriendly2048/activities/MainActivity.java,onCreate(Bundle),method
SecUSo-privacy-friendly-2048,1,app/src/main/java/org/secuso/privacyfriendly2048/activities/SplashActivity.java,onCreate(Bundle),method
SecUSo-privacy-friendly-2048,0,app/src/main/java/org/secuso/privacyfriendly2048/activities/MainActivity.java,onStart(),method
SecUSo-privacy-friendly-2048,0,app/src/main/java/org/secuso/privacyfriendly2048/activities/MainActivity.java,onCreate(Bundle),method
SecUSo-privacy-friendly-2048,0,app/src/main/java/org/secuso/privacyfriendly2048/activities/SplashActivity.java,onCreate(Bundle),method
SecUSo-privacy-friendly-2048,1,app/src/main/java/org/secuso/privacyfriendly2048/activities/StatsActivity.java,onCreate(Bundle),method
SecUSo-privacy-friendly-2048,1,app/src/main/java/org/secuso/privacyfriendly2048/activities/StatsActivity.java,onOptionsItemSelected(MenuItem),method
SecUSo-privacy-friendly-2048,0,app/src/main/java/org/secuso/privacyfriendly2048/activities/StatsActivity.java,onCreate(Bundle),method
SecUSo-privacy-friendly-2048,0,app/src/main/java/org/secuso/privacyfriendly2048/activities/StatsActivity.java,onOptionsItemSelected(MenuItem),method
SecUSo-privacy-friendly-2048,1,app/src/main/java/org/secuso/privacyfriendly2048/activities/GameActivity.java,onPrepareOptionsMenu(Menu),method
SecUSo-privacy-friendly-2048,1,app/src/main/java/org/secuso/privacyfriendly2048/activities/GameActivity.java,onPause(),method
SecUSo-privacy-friendly-2048,1,app/src/main/java/org/secuso/privacyfriendly2048/activities/GameActivity.java,onCreate(Bundle),method
SecUSo-privacy-friendly-2048,1,app/src/main/java/org/secuso/privacyfriendly2048/activities/GameActivity.java,onConfigurationChanged(Configuration),method
SecUSo-privacy-friendly-2048,1,app/src/main/java/org/secuso/privacyfriendly2048/activities/GameActivity.java,onBackPressed(),method
SecUSo-privacy-friendly-2048,1,app/src/main/java/org/secuso/privacyfriendly2048/activities/GameActivity.java,onAnimationCancel(Animator),method
SecUSo-privacy-friendly-2048,1,app/src/main/java/org/secuso/privacyfriendly2048/activities/GameActivity.java,onAnimationPause(Animator),method
SecUSo-privacy-friendly-2048,1,app/src/main/java/org/secuso/privacyfriendly2048/activities/GameActivity.java,onAnimationEnd(Animator),method
SecUSo-privacy-friendly-2048,1,app/src/main/java/org/secuso/privacyfriendly2048/activities/GameActivity.java,onAnimationCancel(Animator),method
SecUSo-privacy-friendly-2048,1,app/src/main/java/org/secuso/privacyfriendly2048/activities/GameActivity.java,onAnimationPause(Animator),method
SecUSo-privacy-friendly-2048,1,app/src/main/java/org/secuso/privacyfriendly2048/activities/GameActivity.java,onAnimationEnd(Animator),method
SecUSo-privacy-friendly-2048,1,app/src/main/java/org/secuso/privacyfriendly2048/activities/GameActivity.java,onAnimationCancel(Animator),method
SecUSo-privacy-friendly-2048,1,app/src/main/java/org/secuso/privacyfriendly2048/activities/GameActivity.java,onOptionsItemSelected(MenuItem),method
SecUSo-privacy-friendly-2048,1,app/src/main/java/org/secuso/privacyfriendly2048/activities/GameActivity.java,onWindowFocusChanged(boolean),method
SecUSo-privacy-friendly-2048,1,app/src/main/java/org/secuso/privacyfriendly2048/activities/GameActivity.java,onSaveInstanceState(Bundle),method
SecUSo-privacy-friendly-2048,1,app/src/main/java/org/secuso/privacyfriendly2048/activities/TutorialActivity.java,onCreate(Bundle),method
SecUSo-privacy-friendly-2048,1,app/src/main/java/org/secuso/privacyfriendly2048/activities/SettingsActivity.java,onCreate(Bundle),method
SecUSo-privacy-friendly-2048,1,app/src/main/java/org/secuso/privacyfriendly2048/activities/SettingsActivity.java,onCreate(Bundle),method
SecUSo-privacy-friendly-2048,1,app/src/main/java/org/secuso/privacyfriendly2048/activities/SettingsActivity.java,onOptionsItemSelected(MenuItem),method
SecUSo-privacy-friendly-2048,0,app/src/main/java/org/secuso/privacyfriendly2048/activities/GameActivity.java,onPrepareOptionsMenu(Menu),method
SecUSo-privacy-friendly-2048,0,app/src/main/java/org/secuso/privacyfriendly2048/activities/GameActivity.java,onPause(),method
SecUSo-privacy-friendly-2048,0,app/src/main/java/org/secuso/privacyfriendly2048/activities/GameActivity.java,onCreate(Bundle),method
SecUSo-privacy-friendly-2048,0,app/src/main/java/org/secuso/privacyfriendly2048/activities/GameActivity.java,onConfigurationChanged(Configuration),method
SecUSo-privacy-friendly-2048,0,app/src/main/java/org/secuso/privacyfriendly2048/activities/GameActivity.java,onBackPressed(),method
SecUSo-privacy-friendly-2048,0,app/src/main/java/org/secuso/privacyfriendly2048/activities/GameActivity.java,onAnimationCancel(Animator),method
SecUSo-privacy-friendly-2048,0,app/src/main/java/org/secuso/privacyfriendly2048/activities/GameActivity.java,onAnimationPause(Animator),method
SecUSo-privacy-friendly-2048,0,app/src/main/java/org/secuso/privacyfriendly2048/activities/GameActivity.java,onAnimationEnd(Animator),method
SecUSo-privacy-friendly-2048,0,app/src/main/java/org/secuso/privacyfriendly2048/activities/GameActivity.java,onAnimationCancel(Animator),method
SecUSo-privacy-friendly-2048,0,app/src/main/java/org/secuso/privacyfriendly2048/activities/GameActivity.java,onAnimationPause(Animator),method
SecUSo-privacy-friendly-2048,0,app/src/main/java/org/secuso/privacyfriendly2048/activities/GameActivity.java,onAnimationEnd(Animator),method
SecUSo-privacy-friendly-2048,0,app/src/main/java/org/secuso/privacyfriendly2048/activities/GameActivity.java,onAnimationCancel(Animator),method
SecUSo-privacy-friendly-2048,0,app/src/main/java/org/secuso/privacyfriendly2048/activities/GameActivity.java,onOptionsItemSelected(MenuItem),method
SecUSo-privacy-friendly-2048,0,app/src/main/java/org/secuso/privacyfriendly2048/activities/GameActivity.java,onWindowFocusChanged(boolean),method
SecUSo-privacy-friendly-2048,0,app/src/main/java/org/secuso/privacyfriendly2048/activities/GameActivity.java,onSaveInstanceState(Bundle),method
SecUSo-privacy-friendly-2048,1,app/src/main/java/org/secuso/privacyfriendly2048/activities/helper/AppCompatPreferenceActivity.java,onCreate(Bundle),method
SecUSo-privacy-friendly-2048,1,app/src/main/java/org/secuso/privacyfriendly2048/activities/helper/AppCompatPreferenceActivity.java,onPostCreate(Bundle),method
SecUSo-privacy-friendly-2048,1,app/src/main/java/org/secuso/privacyfriendly2048/activities/helper/AppCompatPreferenceActivity.java,onPostResume(),method
SecUSo-privacy-friendly-2048,1,app/src/main/java/org/secuso/privacyfriendly2048/activities/helper/AppCompatPreferenceActivity.java,onTitleChanged(CharSequence ,method
SecUSo-privacy-friendly-2048,1,app/src/main/java/org/secuso/privacyfriendly2048/activities/helper/AppCompatPreferenceActivity.java,onConfigurationChanged(Configuration),method
SecUSo-privacy-friendly-2048,1,app/src/main/java/org/secuso/privacyfriendly2048/activities/helper/AppCompatPreferenceActivity.java,onStop(),method
SecUSo-privacy-friendly-2048,1,app/src/main/java/org/secuso/privacyfriendly2048/activities/helper/AppCompatPreferenceActivity.java,onDestroy(),method
SecUSo-privacy-friendly-2048,0,app/src/main/java/org/secuso/privacyfriendly2048/activities/TutorialActivity.java,onCreate(Bundle),method
SecUSo-privacy-friendly-2048,1,app/src/main/java/org/secuso/privacyfriendly2048/activities/helper/BaseActivityWithoutNavBar.java,onCreate(Bundle),method
SecUSo-privacy-friendly-2048,1,app/src/main/java/org/secuso/privacyfriendly2048/activities/helper/BaseActivityWithoutNavBar.java,onResume(),method
SecUSo-privacy-friendly-2048,1,app/src/main/java/org/secuso/privacyfriendly2048/activities/helper/BaseActivityWithoutNavBar.java,onPostCreate(Bundle),method
SecUSo-privacy-friendly-2048,0,app/src/main/java/org/secuso/privacyfriendly2048/activities/SettingsActivity.java,onCreate(Bundle),method
SecUSo-privacy-friendly-2048,0,app/src/main/java/org/secuso/privacyfriendly2048/activities/SettingsActivity.java,onCreate(Bundle),method
SecUSo-privacy-friendly-2048,0,app/src/main/java/org/secuso/privacyfriendly2048/activities/SettingsActivity.java,onOptionsItemSelected(MenuItem),method
SecUSo-privacy-friendly-2048,1,app/src/main/java/org/secuso/privacyfriendly2048/activities/helper/BaseActivity.java,onCreate(Bundle),method
SecUSo-privacy-friendly-2048,1,app/src/main/java/org/secuso/privacyfriendly2048/activities/helper/BaseActivity.java,onBackPressed(),method
SecUSo-privacy-friendly-2048,1,app/src/main/java/org/secuso/privacyfriendly2048/activities/helper/BaseActivity.java,onPostCreate(Bundle),method
ilijamt-android-adbm,1,app/src/main/java/eu/chainfire/libsuperuser/Application.java,onCreate(),method
SecUSo-privacy-friendly-2048,0,app/src/main/java/org/secuso/privacyfriendly2048/activities/helper/AppCompatPreferenceActivity.java,onCreate(Bundle),method
SecUSo-privacy-friendly-2048,0,app/src/main/java/org/secuso/privacyfriendly2048/activities/helper/AppCompatPreferenceActivity.java,onPostCreate(Bundle),method
SecUSo-privacy-friendly-2048,0,app/src/main/java/org/secuso/privacyfriendly2048/activities/helper/AppCompatPreferenceActivity.java,onPostResume(),method
SecUSo-privacy-friendly-2048,0,app/src/main/java/org/secuso/privacyfriendly2048/activities/helper/AppCompatPreferenceActivity.java,onTitleChanged(CharSequence ,method
SecUSo-privacy-friendly-2048,0,app/src/main/java/org/secuso/privacyfriendly2048/activities/helper/AppCompatPreferenceActivity.java,onConfigurationChanged(Configuration),method
SecUSo-privacy-friendly-2048,0,app/src/main/java/org/secuso/privacyfriendly2048/activities/helper/AppCompatPreferenceActivity.java,onStop(),method
SecUSo-privacy-friendly-2048,0,app/src/main/java/org/secuso/privacyfriendly2048/activities/helper/AppCompatPreferenceActivity.java,onDestroy(),method
SecUSo-privacy-friendly-2048,0,app/src/main/java/org/secuso/privacyfriendly2048/activities/helper/BaseActivityWithoutNavBar.java,onCreate(Bundle),method
SecUSo-privacy-friendly-2048,0,app/src/main/java/org/secuso/privacyfriendly2048/activities/helper/BaseActivityWithoutNavBar.java,onResume(),method
SecUSo-privacy-friendly-2048,0,app/src/main/java/org/secuso/privacyfriendly2048/activities/helper/BaseActivityWithoutNavBar.java,onPostCreate(Bundle),method
ilijamt-android-adbm,0,src/eu/chainfire/libsuperuser/Application.java,onCreate(),method
SecUSo-privacy-friendly-2048,0,app/src/main/java/org/secuso/privacyfriendly2048/activities/helper/BaseActivity.java,onCreate(Bundle),method
SecUSo-privacy-friendly-2048,0,app/src/main/java/org/secuso/privacyfriendly2048/activities/helper/BaseActivity.java,onBackPressed(),method
SecUSo-privacy-friendly-2048,0,app/src/main/java/org/secuso/privacyfriendly2048/activities/helper/BaseActivity.java,onPostCreate(Bundle),method
AdguardTeam-ContentBlocker,1,adguard_cb/src/main/java/com/adguard/android/contentblocker/ui/NoBrowsersFoundActivity.java,onCreate(Bundle),method
AdguardTeam-ContentBlocker,1,adguard_cb/src/main/java/com/adguard/android/contentblocker/ui/AboutActivity.java,onCreate(Bundle),method
ilijamt-android-adbm,0,src/eu/chainfire/libsuperuser/Shell.java,finalize(),method
ilijamt-android-adbm,1,app/src/main/java/eu/chainfire/libsuperuser/Shell.java,finalize(),method
AdguardTeam-ContentBlocker,1,adguard_cb/src/main/java/com/adguard/android/contentblocker/ui/MainActivity.java,onCreate(Bundle),method
AdguardTeam-ContentBlocker,1,adguard_cb/src/main/java/com/adguard/android/contentblocker/ui/MainActivity.java,onNewIntent(Intent),method
AdguardTeam-ContentBlocker,1,adguard_cb/src/main/java/com/adguard/android/contentblocker/ui/MainActivity.java,onPostCreate(Bundle),method
AdguardTeam-ContentBlocker,1,adguard_cb/src/main/java/com/adguard/android/contentblocker/ui/MainActivity.java,onConfigurationChanged(Configuration),method
AdguardTeam-ContentBlocker,1,adguard_cb/src/main/java/com/adguard/android/contentblocker/ui/MainActivity.java,onPrepareOptionsMenu(Menu),method
AdguardTeam-ContentBlocker,1,adguard_cb/src/main/java/com/adguard/android/contentblocker/ui/MainActivity.java,onOptionsItemSelected(MenuItem),method
AdguardTeam-ContentBlocker,1,adguard_cb/src/main/java/com/adguard/android/contentblocker/ui/MainActivity.java,onStart(),method
AdguardTeam-ContentBlocker,1,adguard_cb/src/main/java/com/adguard/android/contentblocker/ui/MainActivity.java,onStop(),method
AdguardTeam-ContentBlocker,1,adguard_cb/src/main/java/com/adguard/android/contentblocker/ui/MainActivity.java,onResume(),method
AdguardTeam-ContentBlocker,1,adguard_cb/src/main/java/com/adguard/android/contentblocker/ui/MainActivity.java,onBackPressed(),method
ilijamt-android-adbm,0,src/com/matoski/adbm/activity/ListViewCheckboxesActivity.java,onCreate(Bundle),method
AdguardTeam-ContentBlocker,1,adguard_cb/src/main/java/com/adguard/android/contentblocker/ui/WhitelistActivity.java,onCreate(Bundle),method
AdguardTeam-ContentBlocker,1,adguard_cb/src/main/java/com/adguard/android/contentblocker/ui/WhitelistActivity.java,ok(),method
AdguardTeam-ContentBlocker,1,adguard_cb/src/main/java/com/adguard/android/contentblocker/ui/WhitelistActivity.java,add(String),method
AdguardTeam-ContentBlocker,1,adguard_cb/src/main/java/com/adguard/android/contentblocker/ui/WhitelistActivity.java,remove(String),method
AdguardTeam-ContentBlocker,1,adguard_cb/src/main/java/com/adguard/android/contentblocker/ui/WhitelistActivity.java,replace(String ,method
AdguardTeam-ContentBlocker,1,adguard_cb/src/main/java/com/adguard/android/contentblocker/ui/WhitelistActivity.java,replace(String ,method
AdguardTeam-ContentBlocker,1,adguard_cb/src/main/java/com/adguard/android/contentblocker/ui/WhitelistActivity.java,setItemChecked(String ,method
ilijamt-android-adbm,0,src/com/matoski/adbm/activity/MainActivity.java,onConfigurationChanged(Configuration),method
ilijamt-android-adbm,0,src/com/matoski/adbm/activity/MainActivity.java,onPostExecute(AdbStateEnum),method
ilijamt-android-adbm,0,src/com/matoski/adbm/activity/MainActivity.java,onProgressUpdate(String...),method
ilijamt-android-adbm,0,src/com/matoski/adbm/activity/MainActivity.java,onCreate(Bundle),method
ilijamt-android-adbm,0,src/com/matoski/adbm/activity/MainActivity.java,onDestroy(),method
ilijamt-android-adbm,0,src/com/matoski/adbm/activity/MainActivity.java,onPause(),method
ilijamt-android-adbm,0,src/com/matoski/adbm/activity/MainActivity.java,onResume(),method
ilijamt-android-adbm,1,app/src/main/java/com/matoski/adbm/activity/BaseHelpActivity.java,onCreate(Bundle),method
ilijamt-android-adbm,0,src/com/matoski/adbm/activity/MyPreferencesActivity.java,onDestroy(),method
ilijamt-android-adbm,0,src/com/matoski/adbm/activity/MyPreferencesActivity.java,onCreate(Bundle),method
ilijamt-android-adbm,1,app/src/main/java/com/matoski/adbm/activity/WiFiListViewCheckboxesActivity.java,onCreate(Bundle),method
AdguardTeam-ContentBlocker,1,adguard_cb/src/main/java/com/adguard/android/contentblocker/ui/UserFilterActivity.java,onCreate(Bundle),method
AdguardTeam-ContentBlocker,1,adguard_cb/src/main/java/com/adguard/android/contentblocker/ui/UserFilterActivity.java,onResume(),method
AdguardTeam-ContentBlocker,1,adguard_cb/src/main/java/com/adguard/android/contentblocker/ui/UserFilterActivity.java,ok(),method
AdguardTeam-ContentBlocker,1,adguard_cb/src/main/java/com/adguard/android/contentblocker/ui/UserFilterActivity.java,onActivityResult(int ,method
AdguardTeam-ContentBlocker,1,adguard_cb/src/main/java/com/adguard/android/contentblocker/ui/UserFilterActivity.java,add(String),method
AdguardTeam-ContentBlocker,1,adguard_cb/src/main/java/com/adguard/android/contentblocker/ui/UserFilterActivity.java,remove(String),method
AdguardTeam-ContentBlocker,1,adguard_cb/src/main/java/com/adguard/android/contentblocker/ui/UserFilterActivity.java,replace(String ,method
AdguardTeam-ContentBlocker,1,adguard_cb/src/main/java/com/adguard/android/contentblocker/ui/UserFilterActivity.java,reload(List<String> ,method
AdguardTeam-ContentBlocker,1,adguard_cb/src/main/java/com/adguard/android/contentblocker/ui/UserFilterActivity.java,setItemChecked(String ,method
AdguardTeam-ContentBlocker,1,adguard_cb/src/main/java/com/adguard/android/contentblocker/ui/FiltersActivity.java,onCreate(Bundle),method
AdguardTeam-ContentBlocker,1,adguard_cb/src/main/java/com/adguard/android/contentblocker/ui/ClickViewPager.java,onTouchEvent(MotionEvent),method
AdguardTeam-ContentBlocker,1,adguard_cb/src/main/java/com/adguard/android/contentblocker/ui/ClickViewPager.java,onInterceptTouchEvent(MotionEvent),method
AdguardTeam-ContentBlocker,1,adguard_cb/src/main/java/com/adguard/android/contentblocker/ui/SettingsActivity.java,onCreate(Bundle),method
ilijamt-android-adbm,1,app/src/main/java/com/matoski/adbm/activity/MainActivity.java,onConfigurationChanged(Configuration),method
ilijamt-android-adbm,1,app/src/main/java/com/matoski/adbm/activity/MainActivity.java,onPostExecute(AdbStateEnum),method
ilijamt-android-adbm,1,app/src/main/java/com/matoski/adbm/activity/MainActivity.java,onProgressUpdate(String...),method
ilijamt-android-adbm,1,app/src/main/java/com/matoski/adbm/activity/MainActivity.java,onCreate(Bundle),method
ilijamt-android-adbm,1,app/src/main/java/com/matoski/adbm/activity/MainActivity.java,onDestroy(),method
ilijamt-android-adbm,1,app/src/main/java/com/matoski/adbm/activity/MainActivity.java,onPause(),method
ilijamt-android-adbm,1,app/src/main/java/com/matoski/adbm/activity/MainActivity.java,onStop(),method
ilijamt-android-adbm,1,app/src/main/java/com/matoski/adbm/activity/MainActivity.java,onResume(),method
ilijamt-android-adbm,0,src/com/matoski/adbm/service/ManagerService.java,onProgressUpdate(String...),method
ilijamt-android-adbm,0,src/com/matoski/adbm/service/ManagerService.java,onPostExecute(AdbStateEnum),method
ilijamt-android-adbm,0,src/com/matoski/adbm/service/ManagerService.java,onProgressUpdate(String...),method
ilijamt-android-adbm,0,src/com/matoski/adbm/service/ManagerService.java,onPostExecute(AdbStateEnum),method
ilijamt-android-adbm,0,src/com/matoski/adbm/service/ManagerService.java,onProgressUpdate(String...),method
ilijamt-android-adbm,0,src/com/matoski/adbm/service/ManagerService.java,onPostExecute(AdbStateEnum),method
ilijamt-android-adbm,0,src/com/matoski/adbm/service/ManagerService.java,onCreate(),method
ilijamt-android-adbm,0,src/com/matoski/adbm/service/ManagerService.java,onDestroy(),method
ilijamt-android-adbm,0,src/com/matoski/adbm/service/ManagerService.java,onRebind(Intent),method
ilijamt-android-adbm,0,src/com/matoski/adbm/service/ManagerService.java,onUnbind(Intent),method
ilijamt-android-adbm,1,app/src/main/java/com/matoski/adbm/activity/MyPreferencesActivity.java,onDestroy(),method
ilijamt-android-adbm,1,app/src/main/java/com/matoski/adbm/activity/MyPreferencesActivity.java,onCreate(Bundle),method
tube42-9p,0,core/src/se/tube42/p9/view/BrickItem.java,draw(SpriteBatch),method
tube42-9p,0,core/src/se/tube42/p9/view/GroupItem.java,draw(SpriteBatch),method
AdguardTeam-ContentBlocker,0,adguard_cb/src/main/java/com/adguard/android/contentblocker/NoBrowsersFoundActivity.java,onCreate(Bundle),method
tube42-9p,0,core/src/se/tube42/p9/view/StatsScene.java,resize(int ,method
tube42-9p,0,core/src/se/tube42/p9/view/MenuScene.java,resize(int ,method
ilijamt-android-adbm,1,app/src/main/java/com/matoski/adbm/service/ManagerService.java,onPostExecute(AdbStateEnum),method
ilijamt-android-adbm,1,app/src/main/java/com/matoski/adbm/service/ManagerService.java,onProgressUpdate(String...),method
ilijamt-android-adbm,1,app/src/main/java/com/matoski/adbm/service/ManagerService.java,onPostExecute(AdbStateEnum),method
ilijamt-android-adbm,1,app/src/main/java/com/matoski/adbm/service/ManagerService.java,onProgressUpdate(String...),method
ilijamt-android-adbm,1,app/src/main/java/com/matoski/adbm/service/ManagerService.java,onPostExecute(AdbStateEnum),method
ilijamt-android-adbm,1,app/src/main/java/com/matoski/adbm/service/ManagerService.java,onProgressUpdate(String...),method
ilijamt-android-adbm,1,app/src/main/java/com/matoski/adbm/service/ManagerService.java,onCreate(),method
ilijamt-android-adbm,1,app/src/main/java/com/matoski/adbm/service/ManagerService.java,onDestroy(),method
ilijamt-android-adbm,1,app/src/main/java/com/matoski/adbm/service/ManagerService.java,onRebind(Intent),method
ilijamt-android-adbm,1,app/src/main/java/com/matoski/adbm/service/ManagerService.java,onUnbind(Intent),method
AdguardTeam-ContentBlocker,0,adguard_cb/src/main/java/com/adguard/android/contentblocker/AboutActivity.java,onCreate(Bundle),method
ilijamt-android-adbm,1,app/src/main/java/com/matoski/adbm/widgets/ControlWidgetProvider.java,onDeleted(Context ,method
ilijamt-android-adbm,1,app/src/main/java/com/matoski/adbm/widgets/ControlWidgetProvider.java,onEnabled(Context),method
ilijamt-android-adbm,1,app/src/main/java/com/matoski/adbm/widgets/ControlWidgetProvider.java,onDisabled(Context),method
ilijamt-android-adbm,1,app/src/main/java/com/matoski/adbm/widgets/ControlWidgetProvider.java,onUpdate(Context ,method
tube42-9p,0,core/src/se/tube42/p9/view/AboutScene.java,resize(int ,method
tube42-9p,0,core/src/se/tube42/p9/view/ListBaseScene.java,resize(int ,method
AdguardTeam-ContentBlocker,0,adguard_cb/src/main/java/com/adguard/android/contentblocker/MainActivity.java,onCreate(Bundle),method
AdguardTeam-ContentBlocker,0,adguard_cb/src/main/java/com/adguard/android/contentblocker/MainActivity.java,onPostCreate(Bundle),method
AdguardTeam-ContentBlocker,0,adguard_cb/src/main/java/com/adguard/android/contentblocker/MainActivity.java,onConfigurationChanged(Configuration),method
AdguardTeam-ContentBlocker,0,adguard_cb/src/main/java/com/adguard/android/contentblocker/MainActivity.java,onPrepareOptionsMenu(Menu),method
AdguardTeam-ContentBlocker,0,adguard_cb/src/main/java/com/adguard/android/contentblocker/MainActivity.java,onOptionsItemSelected(MenuItem),method
AdguardTeam-ContentBlocker,0,adguard_cb/src/main/java/com/adguard/android/contentblocker/MainActivity.java,onStart(),method
AdguardTeam-ContentBlocker,0,adguard_cb/src/main/java/com/adguard/android/contentblocker/MainActivity.java,onStop(),method
AdguardTeam-ContentBlocker,0,adguard_cb/src/main/java/com/adguard/android/contentblocker/MainActivity.java,onResume(),method
AdguardTeam-ContentBlocker,0,adguard_cb/src/main/java/com/adguard/android/contentblocker/MainActivity.java,onBackPressed(),method
AdguardTeam-ContentBlocker,0,adguard_cb/src/main/java/com/adguard/android/contentblocker/MainActivity.java,getView(int ,method
tube42-9p,0,core/src/se/tube42/p9/view/GameScene.java,resize(int ,method
AdguardTeam-ContentBlocker,0,adguard_cb/src/main/java/com/adguard/android/contentblocker/UserFilterActivity.java,onCreate(Bundle),method
AdguardTeam-ContentBlocker,0,adguard_cb/src/main/java/com/adguard/android/contentblocker/UserFilterActivity.java,onOptionsItemSelected(MenuItem),method
AdguardTeam-ContentBlocker,0,adguard_cb/src/main/java/com/adguard/android/contentblocker/UserFilterActivity.java,onActivityResult(int ,method
AdguardTeam-ContentBlocker,0,adguard_cb/src/main/java/com/adguard/android/contentblocker/FiltersActivity.java,onCreate(Bundle),method
tube42-9p,0,core/src/se/tube42/p9/view/SettingsScene.java,resize(int ,method
tube42-9p,1,core/src/se/tube42/p9/view/BrickItem.java,setSize(float ,method
tube42-9p,1,core/src/se/tube42/p9/view/BrickItem.java,draw(SpriteBatch),method
tube42-9p,1,core/src/se/tube42/p9/view/SplashScene.java,resize(int ,method
AdguardTeam-ContentBlocker,0,adguard_cb/src/main/java/com/adguard/android/contentblocker/SettingsActivity.java,onCreate(Bundle),method
AdguardTeam-ContentBlocker,0,adguard_cb/src/main/java/com/adguard/android/contentblocker/SettingsActivity.java,onResume(),method
AdguardTeam-ContentBlocker,0,adguard_cb/src/main/java/com/adguard/android/contentblocker/SettingsActivity.java,onOptionsItemSelected(MenuItem),method
AdguardTeam-ContentBlocker,0,adguard_cb/src/main/java/com/adguard/android/contentblocker/ui/ClickViewPager.java,onTouchEvent(MotionEvent),method
AdguardTeam-ContentBlocker,0,adguard_cb/src/main/java/com/adguard/android/contentblocker/ui/ClickViewPager.java,onInterceptTouchEvent(MotionEvent),method
tube42-9p,1,core/src/se/tube42/p9/view/GroupItem.java,draw(SpriteBatch),method
tube42-9p,0,core/src/se/tube42/p9/view/BackgroundScene.java,resize(int ,method
tube42-9p,1,core/src/se/tube42/p9/view/StatsScene.java,resize(int ,method
tube42-9p,0,core/src/se/tube42/p9/view/LevelItem.java,draw(SpriteBatch),method
tube42-9p,0,core/src/se/tube42/p9/view/ButtonItem.java,draw(SpriteBatch),method
tube42-9p,1,core/src/se/tube42/p9/view/MenuScene.java,resize(int ,method
AdguardTeam-ContentBlocker,0,adguard_cb/src/main/java/com/adguard/android/contentblocker/onboarding/OnboardingActivity.java,onCreate(Bundle),method
AdguardTeam-ContentBlocker,0,adguard_cb/src/main/java/com/adguard/android/contentblocker/onboarding/OnboardingActivity.java,onResume(),method
AdguardTeam-ContentBlocker,0,adguard_cb/src/main/java/com/adguard/android/contentblocker/onboarding/OnboardingActivity.java,onDestroy(),method
AdguardTeam-ContentBlocker,0,adguard_cb/src/main/java/com/adguard/android/contentblocker/onboarding/OnboardingActivity.java,onOptionsItemSelected(MenuItem),method
tube42-9p,0,android/src/thetower/MainActivity.java,onCreate(Bundle),method
tube42-9p,0,android/src/thetower/MainActivity.java,onPause(),method
tube42-9p,0,android/src/thetower/MainActivity.java,onDestroy(),method
tube42-9p,1,core/src/se/tube42/p9/view/AboutScene.java,resize(int ,method
tube42-9p,1,core/src/se/tube42/p9/view/ListBaseScene.java,resize(int ,method
sdex-ActivityManager,1,app/src/main/java/com/sdex/activityrunner/MainActivity.kt,onCreate(),method
sdex-ActivityManager,1,app/src/main/java/com/sdex/activityrunner/MainActivity.kt,onStart(),method
sdex-ActivityManager,1,app/src/main/java/com/sdex/activityrunner/ActivityManagerApplication.kt,onCreate(),method
sdex-ActivityManager,1,app/src/main/java/com/sdex/activityrunner/ActivityManagerApplication.kt,attachBaseContext(),method
sdex-ActivityManager,1,app/src/main/java/com/sdex/activityrunner/shortcut/ShortcutHandlerActivity.kt,onCreate(),method
sdex-ActivityManager,1,app/src/main/java/com/sdex/activityrunner/shortcut/AddShortcutDialogActivity.kt,onCreate(),method
sdex-ActivityManager,1,app/src/main/java/com/sdex/activityrunner/shortcut/AddShortcutDialogActivity.kt,onDestroy(),method
tube42-9p,1,core/src/se/tube42/p9/view/GameScene.java,resize(int ,method
sdex-ActivityManager,1,app/src/main/java/com/sdex/activityrunner/preferences/SettingsFragment.kt,onCreate(),method
tube42-9p,1,core/src/se/tube42/p9/view/SettingsScene.java,resize(int ,method
sdex-ActivityManager,1,app/src/main/java/com/sdex/activityrunner/preferences/SettingsActivity.kt,onCreate(),method
tube42-9p,1,core/src/se/tube42/p9/view/BackgroundScene.java,resize(int ,method
sdex-ActivityManager,1,app/src/main/java/com/sdex/activityrunner/app/ActivitiesListActivity.kt,onCreate(),method
sdex-ActivityManager,1,app/src/main/java/com/sdex/activityrunner/app/ActivitiesListActivity.kt,onSaveInstanceState(),method
sdex-ActivityManager,1,app/src/main/java/com/sdex/activityrunner/app/ActivitiesListActivity.kt,onCreateOptionsMenu(),method
sdex-ActivityManager,1,app/src/main/java/com/sdex/activityrunner/app/ActivitiesListActivity.kt,onOptionsItemSelected(),method
tube42-9p,1,core/src/se/tube42/p9/view/LevelItem.java,draw(SpriteBatch),method
tube42-9p,1,core/src/se/tube42/p9/view/ButtonItem.java,draw(SpriteBatch),method
sdex-ActivityManager,1,app/src/main/java/com/sdex/activityrunner/app/dialog/ApplicationOptionsDialog.kt,onViewCreated(),method
sdex-ActivityManager,1,app/src/main/java/com/sdex/activityrunner/app/dialog/ApplicationOptionsDialog.kt,onDestroyView(),method
sdex-ActivityManager,1,app/src/main/java/com/sdex/activityrunner/app/dialog/ActivityOptionsDialog.kt,onViewCreated(),method
sdex-ActivityManager,1,app/src/main/java/com/sdex/activityrunner/app/dialog/ActivityOptionsDialog.kt,onDestroyView(),method
tube42-9p,1,android/src/se/tube42/9p/MainActivity.java,onCreate(Bundle),method
tube42-9p,1,android/src/se/tube42/9p/MainActivity.java,onPause(),method
tube42-9p,1,android/src/se/tube42/9p/MainActivity.java,onDestroy(),method
sdex-ActivityManager,0,app/src/main/java/com/sdex/commons/BaseDialogFragment.kt,show(),method
sdex-ActivityManager,0,app/src/main/java/com/sdex/commons/BaseActivity.kt,onCreate(),method
AdguardTeam-ContentBlocker,1,adguard_cb/src/main/java/com/adguard/android/contentblocker/onboarding/OnboardingActivity.java,onCreate(Bundle),method
AdguardTeam-ContentBlocker,1,adguard_cb/src/main/java/com/adguard/android/contentblocker/onboarding/OnboardingActivity.java,onResume(),method
sdex-ActivityManager,0,app/src/main/java/com/sdex/commons/BaseActivity.kt,onOptionsItemSelected(),method
AdguardTeam-ContentBlocker,1,adguard_cb/src/main/java/com/adguard/android/contentblocker/onboarding/OnboardingActivity.java,onDestroy(),method
AdguardTeam-ContentBlocker,1,adguard_cb/src/main/java/com/adguard/android/contentblocker/onboarding/OnboardingActivity.java,onOptionsItemSelected(MenuItem),method
sdex-ActivityManager,0,app/src/main/java/com/sdex/commons/BaseActivity.kt,setTitle(),method
yoshi1123-adbio,1,src/java/io/github/yoshi1123/adbio/ADBioAppWidgetProvider.java,onReceive(Context ,method
yoshi1123-adbio,1,src/java/io/github/yoshi1123/adbio/ADBio.java,onResume(),method
yoshi1123-adbio,1,src/java/io/github/yoshi1123/adbio/ADBio.java,onCreate(android.os.Bundle),method
yoshi1123-adbio,0,src/java/io/github/yoshi1123/adbio/ADBioAppWidgetProvider.java,onReceive(Context ,method
sdex-ActivityManager,1,app/src/main/java/com/sdex/activityrunner/util/highlightjs/HighlightJsView.java,onScrollChanged(int ,method
sdex-ActivityManager,1,app/src/main/java/com/sdex/activityrunner/util/highlightjs/HighlightJsView.java,onSaveInstanceState(),method
sdex-ActivityManager,1,app/src/main/java/com/sdex/activityrunner/util/highlightjs/HighlightJsView.java,onRestoreInstanceState(Parcelable),method
sdex-ActivityManager,1,app/src/main/java/com/sdex/activityrunner/util/highlightjs/HighlightJsView.java,writeToParcel(Parcel ,method
yoshi1123-adbio,0,src/java/io/github/yoshi1123/adbio/ADBio.java,onResume(),method
yoshi1123-adbio,0,src/java/io/github/yoshi1123/adbio/ADBio.java,onCreate(android.os.Bundle),method
rascarlo-AdaptiveBrightnessTile,0,app/src/main/java/com/rascarlo/adaptive/brightness/tile/MainActivity.java,onStart(),method
rascarlo-AdaptiveBrightnessTile,0,app/src/main/java/com/rascarlo/adaptive/brightness/tile/MainActivity.java,onCreate(Bundle),method
rascarlo-AdaptiveBrightnessTile,0,app/src/main/java/com/rascarlo/adaptive/brightness/tile/SettingsFragment.java,onPreferenceChange(Preference ,method
rascarlo-AdaptiveBrightnessTile,0,app/src/main/java/com/rascarlo/adaptive/brightness/tile/SettingsFragment.java,onResume(),method
rascarlo-AdaptiveBrightnessTile,0,app/src/main/java/com/rascarlo/adaptive/brightness/tile/AdaptiveBrightnessTileService.java,onCreate(),method
rascarlo-AdaptiveBrightnessTile,0,app/src/main/java/com/rascarlo/adaptive/brightness/tile/AdaptiveBrightnessTileService.java,onStartListening(),method
rascarlo-AdaptiveBrightnessTile,0,app/src/main/java/com/rascarlo/adaptive/brightness/tile/AdaptiveBrightnessTileService.java,onTileRemoved(),method
rascarlo-AdaptiveBrightnessTile,0,app/src/main/java/com/rascarlo/adaptive/brightness/tile/AdaptiveBrightnessTileService.java,onClick(),method
rascarlo-AdaptiveBrightnessTile,1,app/src/main/java/com/rascarlo/adaptive/brightness/tile/MainActivity.java,onStart(),method
rascarlo-AdaptiveBrightnessTile,1,app/src/main/java/com/rascarlo/adaptive/brightness/tile/MainActivity.java,onCreate(Bundle),method
rascarlo-AdaptiveBrightnessTile,1,app/src/main/java/com/rascarlo/adaptive/brightness/tile/SettingsFragment.java,onCreateView(LayoutInflater ,method
rascarlo-AdaptiveBrightnessTile,1,app/src/main/java/com/rascarlo/adaptive/brightness/tile/SettingsFragment.java,onResume(),method
sdex-ActivityManager,1,app/src/main/java/com/sdex/activityrunner/commons/BaseDialogFragment.kt,show(),method
sdex-ActivityManager,1,app/src/main/java/com/sdex/activityrunner/commons/BaseActivity.kt,onOptionsItemSelected(),method
sdex-ActivityManager,1,app/src/main/java/com/sdex/activityrunner/commons/BaseActivity.kt,setTitle(),method
rascarlo-AdaptiveBrightnessTile,1,app/src/main/java/com/rascarlo/adaptive/brightness/tile/AdaptiveBrightnessTileService.java,onCreate(),method
rascarlo-AdaptiveBrightnessTile,1,app/src/main/java/com/rascarlo/adaptive/brightness/tile/AdaptiveBrightnessTileService.java,onStartListening(),method
rascarlo-AdaptiveBrightnessTile,1,app/src/main/java/com/rascarlo/adaptive/brightness/tile/AdaptiveBrightnessTileService.java,onTileRemoved(),method
rascarlo-AdaptiveBrightnessTile,1,app/src/main/java/com/rascarlo/adaptive/brightness/tile/AdaptiveBrightnessTileService.java,onClick(),method
d4rken-reddit-android-appstore,0,app/src/main/java/subreddit/android/appstore/AppStoreApp.java,onCreate(),method
AdguardTeam-ContentBlocker,0,adguard_cb/src/main/java/com/adguard/filter/rules/UrlFilterRule.java,getPermittedDomains(),method
AdguardTeam-ContentBlocker,0,adguard_cb/src/main/java/com/adguard/filter/rules/UrlFilterRule.java,isPermitted(String),method
AdguardTeam-ContentBlocker,0,adguard_cb/src/main/java/com/adguard/filter/rules/UrlFilterRule.java,isGeneric(),method
d4rken-reddit-android-appstore,0,app/src/main/java/subreddit/android/appstore/util/ObjectRetainLoader.java,onStartLoading(),method
sdex-ActivityManager,1,app/src/main/java/com/sdex/activityrunner/manifest/ManifestViewerActivity.kt,onCreate(),method
d4rken-reddit-android-appstore,0,app/src/main/java/subreddit/android/appstore/util/ui/BaseFragment.java,onDestroy(),method
sdex-ActivityManager,1,app/src/main/java/com/sdex/activityrunner/manifest/ManifestViewerActivity.kt,onCreateOptionsMenu(),method
sdex-ActivityManager,1,app/src/main/java/com/sdex/activityrunner/manifest/ManifestViewerActivity.kt,onOptionsItemSelected(),method
sdex-ActivityManager,1,app/src/main/java/com/sdex/activityrunner/manifest/ManifestViewerActivity.kt,onDestroy(),method
sdex-ActivityManager,1,app/src/main/java/com/sdex/activityrunner/manifest/ManifestViewerActivity.kt,onSaveInstanceState(),method
d4rken-reddit-android-appstore,0,app/src/main/java/subreddit/android/appstore/util/ui/FullHeightNavView.java,onMeasure(int ,method
sdex-ActivityManager,1,app/src/main/java/com/sdex/activityrunner/manifest/ManifestViewModel.kt,onCleared(),method
d4rken-reddit-android-appstore,0,app/src/main/java/subreddit/android/appstore/util/ui/BaseActivity.java,onDestroy(),method
d4rken-reddit-android-appstore,0,app/src/main/java/subreddit/android/appstore/util/ui/BaseAdapter.java,onViewRecycled(ViewHolderT),method
sdex-ActivityManager,0,app/src/main/java/com/sdex/activityrunner/MainActivity.kt,onCreate(),method
sdex-ActivityManager,0,app/src/main/java/com/sdex/activityrunner/MainActivity.kt,onStart(),method
sdex-ActivityManager,1,app/src/main/java/com/sdex/activityrunner/about/AboutActivity.kt,onCreate(),method
sdex-ActivityManager,0,app/src/main/java/com/sdex/activityrunner/MainActivity.kt,onMenuItemActionCollapse(),method
sdex-ActivityManager,0,app/src/main/java/com/sdex/activityrunner/MainActivity.kt,onOptionsItemSelected(),method
sdex-ActivityManager,0,app/src/main/java/com/sdex/activityrunner/ActivityManagerApplication.kt,onCreate(),method
sdex-ActivityManager,0,app/src/main/java/com/sdex/activityrunner/AboutActivity.kt,onCreate(),method
d4rken-reddit-android-appstore,0,app/src/main/java/subreddit/android/appstore/util/mvp/PresenterLoader.java,createObjectToRetain(),method
d4rken-reddit-android-appstore,0,app/src/main/java/subreddit/android/appstore/util/mvp/PresenterLoader.java,clearDataAfterCreation(),method
sdex-ActivityManager,1,app/src/main/java/com/sdex/activityrunner/about/LicensesDialogFragment.kt,onSaveInstanceState(),method
sdex-ActivityManager,1,app/src/main/java/com/sdex/activityrunner/about/LicensesDialogFragment.kt,onScrollChanged(),method
sdex-ActivityManager,1,app/src/main/java/com/sdex/activityrunner/about/LicensesDialogFragment.kt,onPageFinished(),method
d4rken-reddit-android-appstore,0,app/src/main/java/subreddit/android/appstore/util/mvp/BasePresenterActivity.java,onCreate(Bundle),method
d4rken-reddit-android-appstore,0,app/src/main/java/subreddit/android/appstore/util/mvp/BasePresenterActivity.java,onResume(),method
d4rken-reddit-android-appstore,0,app/src/main/java/subreddit/android/appstore/util/mvp/BasePresenterActivity.java,onPause(),method
d4rken-reddit-android-appstore,0,app/src/main/java/subreddit/android/appstore/util/mvp/BasePresenterActivity.java,onSaveInstanceState(Bundle),method
sdex-ActivityManager,0,app/src/main/java/com/sdex/activityrunner/shortcut/ShortcutHandlerActivity.kt,onCreate(),method
d4rken-reddit-android-appstore,0,app/src/main/java/subreddit/android/appstore/util/mvp/BasePresenterActivity.java,onDestroy(),method
sdex-ActivityManager,0,app/src/main/java/com/sdex/activityrunner/shortcut/AddShortcutDialogActivity.kt,onCreate(),method
sdex-ActivityManager,0,app/src/main/java/com/sdex/activityrunner/shortcut/AddShortcutDialogActivity.kt,onDestroy(),method
d4rken-reddit-android-appstore,0,app/src/main/java/subreddit/android/appstore/util/mvp/BasePresenterFragment.java,onViewCreated(View ,method
d4rken-reddit-android-appstore,0,app/src/main/java/subreddit/android/appstore/util/mvp/BasePresenterFragment.java,onActivityCreated(Bundle),method
d4rken-reddit-android-appstore,0,app/src/main/java/subreddit/android/appstore/util/mvp/BasePresenterFragment.java,onResume(),method
d4rken-reddit-android-appstore,0,app/src/main/java/subreddit/android/appstore/util/mvp/BasePresenterFragment.java,onPause(),method
d4rken-reddit-android-appstore,0,app/src/main/java/subreddit/android/appstore/util/mvp/BasePresenterFragment.java,onSaveInstanceState(Bundle),method
d4rken-reddit-android-appstore,0,app/src/main/java/subreddit/android/appstore/util/mvp/BasePresenterFragment.java,onDestroy(),method
sdex-ActivityManager,0,app/src/main/java/com/sdex/activityrunner/shortcut/AddShortcutDialogActivity.kt,onSaveInstanceState(),method
sdex-ActivityManager,0,app/src/main/java/com/sdex/activityrunner/shortcut/AddShortcutDialogActivity.kt,onRestoreInstanceState(),method
sdex-ActivityManager,0,app/src/main/java/com/sdex/activityrunner/shortcut/AddShortcutDialogActivity.kt,onRequestPermissionsResult(),method
sdex-ActivityManager,0,app/src/main/java/com/sdex/activityrunner/shortcut/AddShortcutDialogActivity.kt,onActivityResult(),method
d4rken-reddit-android-appstore,1,app/src/main/java/subreddit/android/appstore/AppStoreApp.java,onCreate(),method
d4rken-reddit-android-appstore,1,app/src/main/java/subreddit/android/appstore/AppStoreApp.java,log(int ,method
d4rken-reddit-android-appstore,1,app/src/main/java/subreddit/android/appstore/util/ObjectRetainLoader.java,onStartLoading(),method
sdex-ActivityManager,0,app/src/main/java/com/sdex/activityrunner/preferences/SettingsFragment.kt,onCreate(),method
d4rken-reddit-android-appstore,1,app/src/main/java/subreddit/android/appstore/util/ui/BaseFragment.java,onDestroy(),method
sdex-ActivityManager,0,app/src/main/java/com/sdex/activityrunner/preferences/SettingsActivity.kt,onCreate(),method
sdex-ActivityManager,1,app/src/main/java/com/sdex/activityrunner/intent/IntentBuilderActivity.kt,onCreate(),method
sdex-ActivityManager,1,app/src/main/java/com/sdex/activityrunner/intent/IntentBuilderActivity.kt,onSaveInstanceState(),method
sdex-ActivityManager,1,app/src/main/java/com/sdex/activityrunner/intent/IntentBuilderActivity.kt,onCreateOptionsMenu(),method
sdex-ActivityManager,1,app/src/main/java/com/sdex/activityrunner/intent/IntentBuilderActivity.kt,onOptionsItemSelected(),method
d4rken-reddit-android-appstore,1,app/src/main/java/subreddit/android/appstore/util/ui/FullHeightNavView.java,onMeasure(int ,method
d4rken-reddit-android-appstore,1,app/src/main/java/subreddit/android/appstore/util/ui/BaseActivity.java,onCreate(Bundle),method
d4rken-reddit-android-appstore,1,app/src/main/java/subreddit/android/appstore/util/ui/BaseActivity.java,onCreate(Bundle ,method
d4rken-reddit-android-appstore,1,app/src/main/java/subreddit/android/appstore/util/ui/BaseActivity.java,onDestroy(),method
d4rken-reddit-android-appstore,1,app/src/main/java/subreddit/android/appstore/util/ui/BaseActivity.java,onBackPressed(),method
d4rken-reddit-android-appstore,1,app/src/main/java/subreddit/android/appstore/util/ui/BaseAdapter.java,onViewRecycled(ViewHolderT),method
d4rken-reddit-android-appstore,0,app/src/main/java/subreddit/android/appstore/screens/details/AboutActivity.java,onCreate(Bundle),method
d4rken-reddit-android-appstore,0,app/src/main/java/subreddit/android/appstore/screens/details/AppDetailsFragment.java,onCreate(Bundle),method
d4rken-reddit-android-appstore,0,app/src/main/java/subreddit/android/appstore/screens/details/AppDetailsFragment.java,onDestroyView(),method
d4rken-reddit-android-appstore,0,app/src/main/java/subreddit/android/appstore/screens/details/AppDetailsFragment.java,onCreateOptionsMenu(Menu ,method
d4rken-reddit-android-appstore,0,app/src/main/java/subreddit/android/appstore/screens/details/AppDetailsFragment.java,onOptionsItemSelected(MenuItem),method
sdex-ActivityManager,0,app/src/main/java/com/sdex/activityrunner/app/ActivitiesListActivity.kt,onCreate(),method
sdex-ActivityManager,0,app/src/main/java/com/sdex/activityrunner/app/ActivitiesListActivity.kt,onStart(),method
sdex-ActivityManager,0,app/src/main/java/com/sdex/activityrunner/app/ActivitiesListActivity.kt,onSaveInstanceState(),method
sdex-ActivityManager,0,app/src/main/java/com/sdex/activityrunner/app/ActivitiesListActivity.kt,onMenuItemActionCollapse(),method
d4rken-reddit-android-appstore,0,app/src/main/java/subreddit/android/appstore/screens/details/AppDetailsActivity.java,onCreate(Bundle),method
d4rken-reddit-android-appstore,1,app/src/main/java/subreddit/android/appstore/util/mvp/PresenterLoader.java,createObjectToRetain(),method
d4rken-reddit-android-appstore,1,app/src/main/java/subreddit/android/appstore/util/mvp/PresenterLoader.java,clearDataAfterCreation(),method
sdex-ActivityManager,0,app/src/main/java/com/sdex/activityrunner/app/dialog/ApplicationOptionsDialog.kt,onViewCreated(),method
d4rken-reddit-android-appstore,1,app/src/main/java/subreddit/android/appstore/util/mvp/BasePresenterActivity.java,onCreate(Bundle),method
d4rken-reddit-android-appstore,1,app/src/main/java/subreddit/android/appstore/util/mvp/BasePresenterActivity.java,onResume(),method
d4rken-reddit-android-appstore,1,app/src/main/java/subreddit/android/appstore/util/mvp/BasePresenterActivity.java,onPause(),method
d4rken-reddit-android-appstore,1,app/src/main/java/subreddit/android/appstore/util/mvp/BasePresenterActivity.java,onSaveInstanceState(Bundle),method
d4rken-reddit-android-appstore,1,app/src/main/java/subreddit/android/appstore/util/mvp/BasePresenterActivity.java,onDestroy(),method
sdex-ActivityManager,0,app/src/main/java/com/sdex/activityrunner/app/dialog/ActivityOptionsDialog.kt,onViewCreated(),method
d4rken-reddit-android-appstore,0,app/src/main/java/subreddit/android/appstore/screens/list/AppListFragment.java,onCreate(Bundle),method
d4rken-reddit-android-appstore,0,app/src/main/java/subreddit/android/appstore/screens/list/AppListFragment.java,onViewCreated(View ,method
d4rken-reddit-android-appstore,0,app/src/main/java/subreddit/android/appstore/screens/list/AppListFragment.java,onPresenterReady(AppListContract.Presenter),method
d4rken-reddit-android-appstore,0,app/src/main/java/subreddit/android/appstore/screens/list/AppListFragment.java,onDestroyView(),method
d4rken-reddit-android-appstore,0,app/src/main/java/subreddit/android/appstore/screens/list/AppListFragment.java,onQueryTextChange(String),method
d4rken-reddit-android-appstore,0,app/src/main/java/subreddit/android/appstore/screens/list/AppListFragment.java,onOptionsItemSelected(MenuItem),method
d4rken-reddit-android-appstore,1,app/src/main/java/subreddit/android/appstore/util/mvp/BasePresenterFragment.java,onViewCreated(View ,method
d4rken-reddit-android-appstore,1,app/src/main/java/subreddit/android/appstore/util/mvp/BasePresenterFragment.java,onActivityCreated(Bundle),method
d4rken-reddit-android-appstore,1,app/src/main/java/subreddit/android/appstore/util/mvp/BasePresenterFragment.java,onResume(),method
d4rken-reddit-android-appstore,1,app/src/main/java/subreddit/android/appstore/util/mvp/BasePresenterFragment.java,onPause(),method
d4rken-reddit-android-appstore,1,app/src/main/java/subreddit/android/appstore/util/mvp/BasePresenterFragment.java,onSaveInstanceState(Bundle),method
d4rken-reddit-android-appstore,1,app/src/main/java/subreddit/android/appstore/util/mvp/BasePresenterFragment.java,onDestroy(),method
sdex-ActivityManager,0,app/src/main/java/com/sdex/activityrunner/util/CheckRootTask.kt,onPostExecute(),method
d4rken-reddit-android-appstore,0,app/src/main/java/subreddit/android/appstore/screens/list/AppListActivity.java,onCreate(Bundle),method
sdex-ActivityManager,1,app/src/main/java/com/sdex/activityrunner/intent/dialog/ValueInputDialog.kt,onAttach(),method
sdex-ActivityManager,1,app/src/main/java/com/sdex/activityrunner/intent/dialog/SingleSelectionDialog.kt,onAttach(),method
sdex-ActivityManager,0,app/src/main/java/com/sdex/activityrunner/manifest/ManifestViewerActivity.kt,onCreate(),method
sdex-ActivityManager,1,app/src/main/java/com/sdex/activityrunner/intent/dialog/MultiSelectionDialog.kt,onAttach(),method
EventInfra-wifisetup,0,app/src/main/java/nl/eventinfra/wifisetup/WifiSetup.java,onCreate(Bundle),method
sdex-ActivityManager,0,app/src/main/java/com/sdex/activityrunner/manifest/ManifestViewerActivity.kt,onCreateOptionsMenu(),method
sdex-ActivityManager,0,app/src/main/java/com/sdex/activityrunner/manifest/ManifestViewerActivity.kt,onOptionsItemSelected(),method
sdex-ActivityManager,0,app/src/main/java/com/sdex/activityrunner/manifest/ManifestViewModel.kt,onCleared(),method
sdex-ActivityManager,1,app/src/main/java/com/sdex/activityrunner/intent/dialog/ExtraInputDialog.kt,onAttach(),method
sdex-ActivityManager,1,app/src/main/java/com/sdex/activityrunner/intent/history/HistoryListAdapter.kt,onViewRecycled(),method
sdex-ActivityManager,1,app/src/main/java/com/sdex/activityrunner/intent/history/HistoryActivity.kt,onCreate(),method
sdex-ActivityManager,1,app/src/main/java/com/sdex/activityrunner/intent/history/HistoryActivity.kt,onContextItemSelected(),method
sdex-ActivityManager,1,app/src/main/java/com/sdex/activityrunner/intent/history/HistoryActivity.kt,onCreateOptionsMenu(),method
sdex-ActivityManager,1,app/src/main/java/com/sdex/activityrunner/intent/history/HistoryActivity.kt,onOptionsItemSelected(),method
EventInfra-wifisetup,1,app/src/main/java/nl/eventinfra/wifisetup/WifiSetup.java,onCreate(Bundle),method
sdex-ActivityManager,1,app/src/main/java/com/sdex/activityrunner/intent/analyzer/IntentAnalyzerActivity.kt,onCreate(),method
sdex-ActivityManager,0,app/src/main/java/com/sdex/activityrunner/intent/IntentBuilderActivity.kt,onCreate(),method
aghontpi-ad-silence,1,app/src/main/java/bluepie/ad_silence/AdSilenceActivity.kt,onCreate(),method
aghontpi-ad-silence,1,app/src/main/java/bluepie/ad_silence/AdSilenceActivity.kt,onResume(),method
sdex-ActivityManager,0,app/src/main/java/com/sdex/activityrunner/intent/IntentBuilderActivity.kt,onSaveInstanceState(),method
sdex-ActivityManager,0,app/src/main/java/com/sdex/activityrunner/intent/IntentBuilderActivity.kt,onActivityResult(),method
sdex-ActivityManager,0,app/src/main/java/com/sdex/activityrunner/intent/IntentBuilderActivity.kt,onCreateOptionsMenu(),method
sdex-ActivityManager,0,app/src/main/java/com/sdex/activityrunner/intent/IntentBuilderActivity.kt,onOptionsItemSelected(),method
d4rken-reddit-android-appstore,1,app/src/main/java/subreddit/android/appstore/screens/MainActivity.java,onCreate(Bundle),method
aghontpi-ad-silence,1,app/src/main/java/bluepie/ad_silence/AdSilenceActivity.kt,onRequestPermissionsResult(),method
d4rken-reddit-android-appstore,1,app/src/main/java/subreddit/android/appstore/screens/settings/AboutActivity.java,onCreate(Bundle),method
aghontpi-ad-silence,1,app/src/main/java/bluepie/ad_silence/NotificationListener.kt,onCreate(),method
aghontpi-ad-silence,1,app/src/main/java/bluepie/ad_silence/NotificationListener.kt,onListenerConnected(),method
aghontpi-ad-silence,1,app/src/main/java/bluepie/ad_silence/NotificationListener.kt,onNotificationPosted(),method
d4rken-reddit-android-appstore,1,app/src/main/java/subreddit/android/appstore/screens/settings/SettingsActivity.java,onCreate(Bundle),method
d4rken-reddit-android-appstore,1,app/src/main/java/subreddit/android/appstore/screens/settings/SettingsActivity.java,onViewCreated(View ,method
d4rken-reddit-android-appstore,1,app/src/main/java/subreddit/android/appstore/screens/navigation/NavigationFragment.java,onCreate(Bundle),method
d4rken-reddit-android-appstore,1,app/src/main/java/subreddit/android/appstore/screens/navigation/NavigationFragment.java,onViewCreated(View ,method
d4rken-reddit-android-appstore,1,app/src/main/java/subreddit/android/appstore/screens/navigation/NavigationFragment.java,onDestroyView(),method
d4rken-reddit-android-appstore,1,app/src/main/java/subreddit/android/appstore/screens/details/ScreenshotsAdapter.java,getPageWidth(int),method
d4rken-reddit-android-appstore,1,app/src/main/java/subreddit/android/appstore/screens/details/ScreenshotsAdapter.java,setPrimaryItem(ViewGroup ,method
sdex-ActivityManager,0,app/src/main/java/com/sdex/activityrunner/intent/dialog/ValueInputDialog.kt,onAttach(),method
d4rken-reddit-android-appstore,1,app/src/main/java/subreddit/android/appstore/screens/details/ScreenshotViewPager.java,onMeasure(int ,method
d4rken-reddit-android-appstore,1,app/src/main/java/subreddit/android/appstore/screens/details/ScreenshotViewPager.java,setAdapter(PagerAdapter),method
sdex-ActivityManager,0,app/src/main/java/com/sdex/activityrunner/intent/dialog/SingleSelectionDialog.kt,onAttach(),method
sdex-ActivityManager,0,app/src/main/java/com/sdex/activityrunner/intent/dialog/MultiSelectionDialog.kt,onAttach(),method
sdex-ActivityManager,0,app/src/main/java/com/sdex/activityrunner/intent/dialog/ExtraInputDialog.kt,onAttach(),method
EventFahrplan-EventFahrplan,1,app/src/main/java/nerd/tuxmobil/fahrplan/congress/MyApp.java,onCreate(),method
EventFahrplan-EventFahrplan,1,app/src/main/java/nerd/tuxmobil/fahrplan/congress/settings/SettingsFragment.kt,onCreate(),method
d4rken-reddit-android-appstore,1,app/src/main/java/subreddit/android/appstore/screens/details/AppDetailsFragment.java,onCreate(Bundle),method
d4rken-reddit-android-appstore,1,app/src/main/java/subreddit/android/appstore/screens/details/AppDetailsFragment.java,onViewCreated(View ,method
d4rken-reddit-android-appstore,1,app/src/main/java/subreddit/android/appstore/screens/details/AppDetailsFragment.java,onDestroyView(),method
EventFahrplan-EventFahrplan,1,app/src/main/java/nerd/tuxmobil/fahrplan/congress/settings/SettingsFragment.kt,onDisplayPreferenceDialog(),method
EventFahrplan-EventFahrplan,1,app/src/main/java/nerd/tuxmobil/fahrplan/congress/settings/SettingsFragment.kt,onActivityResult(),method
sdex-ActivityManager,0,app/src/main/java/com/sdex/activityrunner/intent/history/HistoryListAdapter.kt,getItem(),method
sdex-ActivityManager,0,app/src/main/java/com/sdex/activityrunner/intent/history/HistoryListAdapter.kt,onViewRecycled(),method
d4rken-reddit-android-appstore,1,app/src/main/java/subreddit/android/appstore/screens/details/ScreenshotDialog.java,onCreate(Bundle),method
EventFahrplan-EventFahrplan,1,app/src/main/java/nerd/tuxmobil/fahrplan/congress/settings/SettingsActivity.kt,onCreate(),method
sdex-ActivityManager,0,app/src/main/java/com/sdex/activityrunner/intent/history/HistoryActivity.kt,onCreate(),method
d4rken-reddit-android-appstore,1,app/src/main/java/subreddit/android/appstore/screens/details/AppDetailsActivity.java,onCreate(Bundle),method
sdex-ActivityManager,0,app/src/main/java/com/sdex/activityrunner/intent/history/HistoryActivity.kt,onContextItemSelected(),method
sdex-ActivityManager,0,app/src/main/java/com/sdex/activityrunner/intent/history/HistoryActivity.kt,onCreateOptionsMenu(),method
sdex-ActivityManager,0,app/src/main/java/com/sdex/activityrunner/intent/history/HistoryActivity.kt,onOptionsItemSelected(),method
sdex-ActivityManager,0,app/src/main/java/com/sdex/activityrunner/intent/analyzer/IntentAnalyzerActivity.kt,onCreate(),method
sdex-ActivityManager,0,app/src/main/java/com/sdex/activityrunner/intent/analyzer/IntentAnalyzerActivity.kt,onCreateOptionsMenu(),method
sdex-ActivityManager,0,app/src/main/java/com/sdex/activityrunner/intent/analyzer/IntentAnalyzerActivity.kt,onOptionsItemSelected(),method
EventFahrplan-EventFahrplan,1,app/src/main/java/nerd/tuxmobil/fahrplan/congress/preferences/ValidateableEditTextPreference.kt,onBindEditText(),method
d4rken-reddit-android-appstore,1,app/src/main/java/subreddit/android/appstore/screens/list/AppListFragment.java,onCreate(Bundle),method
d4rken-reddit-android-appstore,1,app/src/main/java/subreddit/android/appstore/screens/list/AppListFragment.java,onViewCreated(View ,method
d4rken-reddit-android-appstore,1,app/src/main/java/subreddit/android/appstore/screens/list/AppListFragment.java,onPresenterReady(AppListContract.Presenter),method
d4rken-reddit-android-appstore,1,app/src/main/java/subreddit/android/appstore/screens/list/AppListFragment.java,onDestroyView(),method
d4rken-reddit-android-appstore,1,app/src/main/java/subreddit/android/appstore/screens/list/AppListFragment.java,onQueryTextChange(String),method
d4rken-reddit-android-appstore,1,app/src/main/java/subreddit/android/appstore/screens/list/AppListFragment.java,onOptionsItemSelected(MenuItem),method
danielegobbetti-ICSImport,1,src/org/dgtale/icsimport/MainActivity.java,onCreate(Bundle),method
EventFahrplan-EventFahrplan,0,app/src/main/java/nerd/tuxmobil/fahrplan/congress/MyApp.java,onCreate(),method
danielegobbetti-ICSImport,0,src/org/dgtale/MainActivity.java,onCreate(Bundle),method
EventFahrplan-EventFahrplan,0,app/src/main/java/nerd/tuxmobil/fahrplan/congress/settings/SettingsFragment.kt,onCreate(),method
EventFahrplan-EventFahrplan,0,app/src/main/java/nerd/tuxmobil/fahrplan/congress/settings/SettingsFragment.kt,onDisplayPreferenceDialog(),method
jroal-a2dpvolume,1,app/src/main/java/a2dp/Vol/Preferences.java,onContentChanged(),method
jroal-a2dpvolume,1,app/src/main/java/a2dp/Vol/Preferences.java,onDestroy(),method
jroal-a2dpvolume,1,app/src/main/java/a2dp/Vol/Preferences.java,onCreate(Bundle),method
EventFahrplan-EventFahrplan,0,app/src/main/java/nerd/tuxmobil/fahrplan/congress/settings/SettingsFragment.kt,onActivityResult(),method
jroal-a2dpvolume,1,app/src/main/java/a2dp/Vol/ALauncher.java,onCreate(),method
jroal-a2dpvolume,0,app/src/main/java/a2dp/Vol/Preferences.java,onContentChanged(),method
jroal-a2dpvolume,0,app/src/main/java/a2dp/Vol/Preferences.java,onDestroy(),method
jroal-a2dpvolume,0,app/src/main/java/a2dp/Vol/Preferences.java,onCreate(Bundle),method
EventFahrplan-EventFahrplan,0,app/src/main/java/nerd/tuxmobil/fahrplan/congress/settings/SettingsActivity.kt,onCreate(),method
jroal-a2dpvolume,0,app/src/main/java/a2dp/Vol/ALauncher.java,onCreate(),method
EventFahrplan-EventFahrplan,1,app/src/main/java/nerd/tuxmobil/fahrplan/congress/schedule/MainActivity.java,onAttachedToWindow(),method
EventFahrplan-EventFahrplan,1,app/src/main/java/nerd/tuxmobil/fahrplan/congress/schedule/MainActivity.java,onCreate(Bundle),method
EventFahrplan-EventFahrplan,1,app/src/main/java/nerd/tuxmobil/fahrplan/congress/schedule/MainActivity.java,onNewIntent(Intent),method
EventFahrplan-EventFahrplan,1,app/src/main/java/nerd/tuxmobil/fahrplan/congress/schedule/MainActivity.java,onDestroy(),method
EventFahrplan-EventFahrplan,1,app/src/main/java/nerd/tuxmobil/fahrplan/congress/schedule/MainActivity.java,onResume(),method
EventFahrplan-EventFahrplan,1,app/src/main/java/nerd/tuxmobil/fahrplan/congress/schedule/MainActivity.java,onCreateOptionsMenu(Menu),method
EventFahrplan-EventFahrplan,1,app/src/main/java/nerd/tuxmobil/fahrplan/congress/schedule/MainActivity.java,onOptionsItemSelected(MenuItem),method
EventFahrplan-EventFahrplan,1,app/src/main/java/nerd/tuxmobil/fahrplan/congress/schedule/MainActivity.java,onActivityResult(int ,method
EventFahrplan-EventFahrplan,0,app/src/main/java/nerd/tuxmobil/fahrplan/congress/preferences/ValidateableEditTextPreference.kt,onBindEditText(),method
EventFahrplan-EventFahrplan,1,app/src/main/java/nerd/tuxmobil/fahrplan/congress/schedule/HorizontalSnapScrollView.java,onDown(MotionEvent),method
EventFahrplan-EventFahrplan,1,app/src/main/java/nerd/tuxmobil/fahrplan/congress/schedule/HorizontalSnapScrollView.java,onFling(MotionEvent ,method
EventFahrplan-EventFahrplan,1,app/src/main/java/nerd/tuxmobil/fahrplan/congress/schedule/HorizontalSnapScrollView.java,onTouchEvent(MotionEvent),method
EventFahrplan-EventFahrplan,1,app/src/main/java/nerd/tuxmobil/fahrplan/congress/schedule/HorizontalSnapScrollView.java,onInterceptTouchEvent(MotionEvent),method
EventFahrplan-EventFahrplan,1,app/src/main/java/nerd/tuxmobil/fahrplan/congress/schedule/HorizontalSnapScrollView.java,onSizeChanged(int ,method
EventFahrplan-EventFahrplan,1,app/src/main/java/nerd/tuxmobil/fahrplan/congress/schedule/HorizontalSnapScrollView.java,onScrollChanged(int ,method
EventFahrplan-EventFahrplan,1,app/src/main/java/nerd/tuxmobil/fahrplan/congress/schedule/HorizontalSnapScrollView.java,onLayout(boolean ,method
EventFahrplan-EventFahrplan,0,app/src/main/java/nerd/tuxmobil/fahrplan/congress/schedule/MainActivity.java,onAttachedToWindow(),method
EventFahrplan-EventFahrplan,0,app/src/main/java/nerd/tuxmobil/fahrplan/congress/schedule/MainActivity.java,onCreate(Bundle),method
EventFahrplan-EventFahrplan,0,app/src/main/java/nerd/tuxmobil/fahrplan/congress/schedule/MainActivity.java,onNewIntent(Intent),method
EventFahrplan-EventFahrplan,0,app/src/main/java/nerd/tuxmobil/fahrplan/congress/schedule/MainActivity.java,onDestroy(),method
EventFahrplan-EventFahrplan,0,app/src/main/java/nerd/tuxmobil/fahrplan/congress/schedule/MainActivity.java,onResume(),method
EventFahrplan-EventFahrplan,0,app/src/main/java/nerd/tuxmobil/fahrplan/congress/schedule/MainActivity.java,onCreateOptionsMenu(Menu),method
EventFahrplan-EventFahrplan,0,app/src/main/java/nerd/tuxmobil/fahrplan/congress/schedule/MainActivity.java,onOptionsItemSelected(MenuItem),method
EventFahrplan-EventFahrplan,0,app/src/main/java/nerd/tuxmobil/fahrplan/congress/schedule/MainActivity.java,onActivityResult(int ,method
jroal-a2dpvolume,0,app/src/main/java/a2dp/Vol/AppChooser.java,onCreate(Bundle),method
jroal-a2dpvolume,0,app/src/main/java/a2dp/Vol/AppChooser.java,onConfigurationChanged(Configuration),method
jroal-a2dpvolume,0,app/src/main/java/a2dp/Vol/AppChooser.java,onDestroy(),method
jroal-a2dpvolume,0,app/src/main/java/a2dp/Vol/AppChooser.java,onPause(),method
jroal-a2dpvolume,1,app/src/main/java/a2dp/Vol/AppChooser.java,onCreate(Bundle),method
jroal-a2dpvolume,1,app/src/main/java/a2dp/Vol/AppChooser.java,onConfigurationChanged(Configuration),method
jroal-a2dpvolume,1,app/src/main/java/a2dp/Vol/AppChooser.java,onDestroy(),method
jroal-a2dpvolume,1,app/src/main/java/a2dp/Vol/AppChooser.java,onPause(),method
EventFahrplan-EventFahrplan,0,app/src/main/java/nerd/tuxmobil/fahrplan/congress/schedule/HorizontalSnapScrollView.java,onDown(MotionEvent),method
EventFahrplan-EventFahrplan,0,app/src/main/java/nerd/tuxmobil/fahrplan/congress/schedule/HorizontalSnapScrollView.java,onFling(MotionEvent ,method
EventFahrplan-EventFahrplan,0,app/src/main/java/nerd/tuxmobil/fahrplan/congress/schedule/HorizontalSnapScrollView.java,onTouchEvent(MotionEvent),method
EventFahrplan-EventFahrplan,0,app/src/main/java/nerd/tuxmobil/fahrplan/congress/schedule/HorizontalSnapScrollView.java,onInterceptTouchEvent(MotionEvent),method
EventFahrplan-EventFahrplan,0,app/src/main/java/nerd/tuxmobil/fahrplan/congress/schedule/HorizontalSnapScrollView.java,onSizeChanged(int ,method
EventFahrplan-EventFahrplan,0,app/src/main/java/nerd/tuxmobil/fahrplan/congress/schedule/HorizontalSnapScrollView.java,onScrollChanged(int ,method
EventFahrplan-EventFahrplan,0,app/src/main/java/nerd/tuxmobil/fahrplan/congress/schedule/HorizontalSnapScrollView.java,onLayout(boolean ,method
EventFahrplan-EventFahrplan,1,app/src/main/java/nerd/tuxmobil/fahrplan/congress/schedule/FahrplanFragment.java,onAttach(Context),method
EventFahrplan-EventFahrplan,1,app/src/main/java/nerd/tuxmobil/fahrplan/congress/schedule/FahrplanFragment.java,onCreate(Bundle),method
EventFahrplan-EventFahrplan,1,app/src/main/java/nerd/tuxmobil/fahrplan/congress/schedule/FahrplanFragment.java,onViewCreated(View ,method
EventFahrplan-EventFahrplan,1,app/src/main/java/nerd/tuxmobil/fahrplan/congress/schedule/FahrplanFragment.java,onResume(),method
EventFahrplan-EventFahrplan,1,app/src/main/java/nerd/tuxmobil/fahrplan/congress/schedule/FahrplanFragment.java,onPause(),method
EventFahrplan-EventFahrplan,1,app/src/main/java/nerd/tuxmobil/fahrplan/congress/schedule/FahrplanFragment.java,onActivityResult(int ,method
EventFahrplan-EventFahrplan,1,app/src/main/java/nerd/tuxmobil/fahrplan/congress/schedule/FahrplanFragment.java,onCreateContextMenu(ContextMenu ,method
jroal-a2dpvolume,0,app/src/main/java/a2dp/Vol/StoreLoc.java,onFinish(),method
jroal-a2dpvolume,0,app/src/main/java/a2dp/Vol/StoreLoc.java,onDestroy(),method
jroal-a2dpvolume,0,app/src/main/java/a2dp/Vol/StoreLoc.java,finalize(),method
EventFahrplan-EventFahrplan,1,app/src/main/java/nerd/tuxmobil/fahrplan/congress/net/CertificateErrorFragment.kt,onCreate(),method
jroal-a2dpvolume,1,app/src/main/java/a2dp/Vol/StoreLoc.java,onFinish(),method
jroal-a2dpvolume,1,app/src/main/java/a2dp/Vol/StoreLoc.java,onDestroy(),method
jroal-a2dpvolume,1,app/src/main/java/a2dp/Vol/StoreLoc.java,finalize(),method
EventFahrplan-EventFahrplan,1,app/src/main/java/nerd/tuxmobil/fahrplan/congress/net/ConnectivityObserver.kt,onAvailable(),method
EventFahrplan-EventFahrplan,1,app/src/main/java/nerd/tuxmobil/fahrplan/congress/net/ConnectivityObserver.kt,onLost(),method
EventFahrplan-EventFahrplan,1,app/src/main/java/nerd/tuxmobil/fahrplan/congress/changes/ChangeListActivity.java,onCreate(Bundle),method
EventFahrplan-EventFahrplan,1,app/src/main/java/nerd/tuxmobil/fahrplan/congress/changes/ChangeListActivity.java,onActivityResult(int ,method
EventFahrplan-EventFahrplan,0,app/src/main/java/nerd/tuxmobil/fahrplan/congress/schedule/FahrplanFragment.java,onAttach(Context),method
EventFahrplan-EventFahrplan,0,app/src/main/java/nerd/tuxmobil/fahrplan/congress/schedule/FahrplanFragment.java,onCreate(Bundle),method
EventFahrplan-EventFahrplan,0,app/src/main/java/nerd/tuxmobil/fahrplan/congress/schedule/FahrplanFragment.java,onViewCreated(View ,method
EventFahrplan-EventFahrplan,0,app/src/main/java/nerd/tuxmobil/fahrplan/congress/schedule/FahrplanFragment.java,onResume(),method
EventFahrplan-EventFahrplan,0,app/src/main/java/nerd/tuxmobil/fahrplan/congress/schedule/FahrplanFragment.java,onPause(),method
EventFahrplan-EventFahrplan,0,app/src/main/java/nerd/tuxmobil/fahrplan/congress/schedule/FahrplanFragment.java,onActivityResult(int ,method
EventFahrplan-EventFahrplan,0,app/src/main/java/nerd/tuxmobil/fahrplan/congress/schedule/FahrplanFragment.java,onCreateContextMenu(ContextMenu ,method
jroal-a2dpvolume,0,app/src/main/java/a2dp/Vol/EditDevice.java,onBackPressed(),method
jroal-a2dpvolume,0,app/src/main/java/a2dp/Vol/EditDevice.java,onCreateNavigateUpTaskStack(TaskStackBuilder),method
jroal-a2dpvolume,0,app/src/main/java/a2dp/Vol/EditDevice.java,onNavigateUp(),method
jroal-a2dpvolume,0,app/src/main/java/a2dp/Vol/EditDevice.java,onCreate(Bundle),method
EventFahrplan-EventFahrplan,1,app/src/main/java/nerd/tuxmobil/fahrplan/congress/changes/ChangesDialog.java,onCreate(Bundle),method
jroal-a2dpvolume,0,app/src/main/java/a2dp/Vol/EditDevice.java,onActivityResult(int ,method
jroal-a2dpvolume,0,app/src/main/java/a2dp/Vol/EditDevice.java,onSaveInstanceState(Bundle),method
EventFahrplan-EventFahrplan,0,app/src/main/java/nerd/tuxmobil/fahrplan/congress/net/CertificateErrorFragment.kt,onCreate(),method
jroal-a2dpvolume,1,app/src/main/java/a2dp/Vol/EditDevice.java,onBackPressed(),method
jroal-a2dpvolume,1,app/src/main/java/a2dp/Vol/EditDevice.java,onCreateNavigateUpTaskStack(TaskStackBuilder),method
jroal-a2dpvolume,1,app/src/main/java/a2dp/Vol/EditDevice.java,onNavigateUp(),method
jroal-a2dpvolume,1,app/src/main/java/a2dp/Vol/EditDevice.java,onCreate(Bundle),method
jroal-a2dpvolume,1,app/src/main/java/a2dp/Vol/EditDevice.java,onActivityResult(int ,method
jroal-a2dpvolume,1,app/src/main/java/a2dp/Vol/EditDevice.java,onSaveInstanceState(Bundle),method
EventFahrplan-EventFahrplan,1,app/src/main/java/nerd/tuxmobil/fahrplan/congress/changes/ChangeListFragment.java,onCreate(Bundle),method
EventFahrplan-EventFahrplan,1,app/src/main/java/nerd/tuxmobil/fahrplan/congress/changes/ChangeListFragment.java,onResume(),method
EventFahrplan-EventFahrplan,1,app/src/main/java/nerd/tuxmobil/fahrplan/congress/changes/ChangeListFragment.java,onAttach(Context),method
EventFahrplan-EventFahrplan,1,app/src/main/java/nerd/tuxmobil/fahrplan/congress/changes/ChangeListFragment.java,onDetach(),method
EventFahrplan-EventFahrplan,0,app/src/main/java/nerd/tuxmobil/fahrplan/congress/net/ConnectivityObserver.kt,onAvailable(),method
EventFahrplan-EventFahrplan,0,app/src/main/java/nerd/tuxmobil/fahrplan/congress/net/ConnectivityObserver.kt,onLost(),method
EventFahrplan-EventFahrplan,1,app/src/main/java/nerd/tuxmobil/fahrplan/congress/changes/ChangeListAdapter.kt,resetTextStyle(),method
jroal-a2dpvolume,0,app/src/main/java/a2dp/Vol/Connector.java,onDestroy(),method
jroal-a2dpvolume,0,app/src/main/java/a2dp/Vol/Connector.java,finalize(),method
jroal-a2dpvolume,0,app/src/main/java/a2dp/Vol/Connector.java,onFinish(),method
jroal-a2dpvolume,1,app/src/main/java/a2dp/Vol/Connector.java,onDestroy(),method
jroal-a2dpvolume,1,app/src/main/java/a2dp/Vol/Connector.java,finalize(),method
jroal-a2dpvolume,1,app/src/main/java/a2dp/Vol/Connector.java,onFinish(),method
jroal-a2dpvolume,0,app/src/main/java/a2dp/Vol/LocViewer.java,onCreate(Bundle),method
jroal-a2dpvolume,1,app/src/main/java/a2dp/Vol/LocViewer.java,onCreate(Bundle),method
EventFahrplan-EventFahrplan,1,app/src/main/java/nerd/tuxmobil/fahrplan/congress/alarms/AlarmList.java,onCreate(Bundle),method
EventFahrplan-EventFahrplan,1,app/src/main/java/nerd/tuxmobil/fahrplan/congress/alarms/AlarmList.java,onCreateContextMenu(ContextMenu ,method
EventFahrplan-EventFahrplan,1,app/src/main/java/nerd/tuxmobil/fahrplan/congress/alarms/AlarmList.java,onCreateOptionsMenu(Menu),method
EventFahrplan-EventFahrplan,1,app/src/main/java/nerd/tuxmobil/fahrplan/congress/alarms/AlarmList.java,onOptionsItemSelected(MenuItem),method
EventFahrplan-EventFahrplan,0,app/src/main/java/nerd/tuxmobil/fahrplan/congress/changes/ChangeListActivity.java,onCreate(Bundle),method
EventFahrplan-EventFahrplan,0,app/src/main/java/nerd/tuxmobil/fahrplan/congress/changes/ChangeListActivity.java,onActivityResult(int ,method
EventFahrplan-EventFahrplan,0,app/src/main/java/nerd/tuxmobil/fahrplan/congress/changes/ChangesDialog.java,onCreate(Bundle),method
EventFahrplan-EventFahrplan,0,app/src/main/java/nerd/tuxmobil/fahrplan/congress/changes/ChangeListFragment.java,onCreate(Bundle),method
EventFahrplan-EventFahrplan,0,app/src/main/java/nerd/tuxmobil/fahrplan/congress/changes/ChangeListFragment.java,onAttach(Context),method
EventFahrplan-EventFahrplan,0,app/src/main/java/nerd/tuxmobil/fahrplan/congress/changes/ChangeListFragment.java,onDetach(),method
EventFahrplan-EventFahrplan,0,app/src/main/java/nerd/tuxmobil/fahrplan/congress/changes/ChangeListAdapter.kt,resetTextStyle(),method
EventFahrplan-EventFahrplan,1,app/src/main/java/nerd/tuxmobil/fahrplan/congress/favorites/StarredListFragment.java,onCreate(Bundle),method
EventFahrplan-EventFahrplan,1,app/src/main/java/nerd/tuxmobil/fahrplan/congress/favorites/StarredListFragment.java,onResume(),method
EventFahrplan-EventFahrplan,1,app/src/main/java/nerd/tuxmobil/fahrplan/congress/favorites/StarredListFragment.java,onAttach(Context),method
EventFahrplan-EventFahrplan,1,app/src/main/java/nerd/tuxmobil/fahrplan/congress/favorites/StarredListFragment.java,onDetach(),method
EventFahrplan-EventFahrplan,1,app/src/main/java/nerd/tuxmobil/fahrplan/congress/favorites/StarredListFragment.java,onCreateOptionsMenu(Menu ,method
EventFahrplan-EventFahrplan,1,app/src/main/java/nerd/tuxmobil/fahrplan/congress/favorites/StarredListFragment.java,onOptionsItemSelected(MenuItem),method
EventFahrplan-EventFahrplan,0,app/src/main/java/nerd/tuxmobil/fahrplan/congress/alarms/AlarmList.java,onCreate(Bundle),method
EventFahrplan-EventFahrplan,0,app/src/main/java/nerd/tuxmobil/fahrplan/congress/alarms/AlarmList.java,onCreateContextMenu(ContextMenu ,method
EventFahrplan-EventFahrplan,0,app/src/main/java/nerd/tuxmobil/fahrplan/congress/alarms/AlarmList.java,onCreateOptionsMenu(Menu),method
EventFahrplan-EventFahrplan,0,app/src/main/java/nerd/tuxmobil/fahrplan/congress/alarms/AlarmList.java,onOptionsItemSelected(MenuItem),method
EventFahrplan-EventFahrplan,1,app/src/main/java/nerd/tuxmobil/fahrplan/congress/favorites/StarredListActivity.java,onCreate(Bundle),method
EventFahrplan-EventFahrplan,1,app/src/main/java/nerd/tuxmobil/fahrplan/congress/favorites/StarredListActivity.java,onActivityResult(int ,method
EventFahrplan-EventFahrplan,1,app/src/main/java/nerd/tuxmobil/fahrplan/congress/navigation/C3navSnack.kt,createSnackBar(),method
EventFahrplan-EventFahrplan,1,app/src/main/java/nerd/tuxmobil/fahrplan/congress/details/SessionDetailsFragment.kt,onAttach(),method
EventFahrplan-EventFahrplan,1,app/src/main/java/nerd/tuxmobil/fahrplan/congress/details/SessionDetailsFragment.kt,onCreate(),method
EventFahrplan-EventFahrplan,1,app/src/main/java/nerd/tuxmobil/fahrplan/congress/details/SessionDetailsFragment.kt,setArguments(),method
EventFahrplan-EventFahrplan,1,app/src/main/java/nerd/tuxmobil/fahrplan/congress/details/SessionDetailsFragment.kt,onViewCreated(),method
EventFahrplan-EventFahrplan,1,app/src/main/java/nerd/tuxmobil/fahrplan/congress/details/SessionDetailsFragment.kt,onCreateOptionsMenu(),method
EventFahrplan-EventFahrplan,1,app/src/main/java/nerd/tuxmobil/fahrplan/congress/details/SessionDetailsFragment.kt,onActivityResult(),method
EventFahrplan-EventFahrplan,1,app/src/main/java/nerd/tuxmobil/fahrplan/congress/details/SessionDetailsFragment.kt,onOptionsItemSelected(),method
EventFahrplan-EventFahrplan,1,app/src/main/java/nerd/tuxmobil/fahrplan/congress/details/SessionDetailsFragment.kt,onDestroy(),method
EventFahrplan-EventFahrplan,0,app/src/main/java/nerd/tuxmobil/fahrplan/congress/favorites/StarredListFragment.java,onCreate(Bundle),method
EventFahrplan-EventFahrplan,0,app/src/main/java/nerd/tuxmobil/fahrplan/congress/favorites/StarredListFragment.java,onResume(),method
EventFahrplan-EventFahrplan,0,app/src/main/java/nerd/tuxmobil/fahrplan/congress/favorites/StarredListFragment.java,onAttach(Context),method
EventFahrplan-EventFahrplan,0,app/src/main/java/nerd/tuxmobil/fahrplan/congress/favorites/StarredListFragment.java,onDetach(),method
EventFahrplan-EventFahrplan,0,app/src/main/java/nerd/tuxmobil/fahrplan/congress/favorites/StarredListFragment.java,onCreateOptionsMenu(Menu ,method
EventFahrplan-EventFahrplan,0,app/src/main/java/nerd/tuxmobil/fahrplan/congress/favorites/StarredListFragment.java,onOptionsItemSelected(MenuItem),method
EventFahrplan-EventFahrplan,1,app/src/main/java/nerd/tuxmobil/fahrplan/congress/details/SessionDetailsActivity.kt,onAttachedToWindow(),method
EventFahrplan-EventFahrplan,1,app/src/main/java/nerd/tuxmobil/fahrplan/congress/details/SessionDetailsActivity.kt,onCreate(),method
EventFahrplan-EventFahrplan,0,app/src/main/java/nerd/tuxmobil/fahrplan/congress/favorites/StarredListActivity.java,onCreate(Bundle),method
EventFahrplan-EventFahrplan,0,app/src/main/java/nerd/tuxmobil/fahrplan/congress/favorites/StarredListActivity.java,onActivityResult(int ,method
EventFahrplan-EventFahrplan,0,app/src/main/java/nerd/tuxmobil/fahrplan/congress/navigation/C3navSnack.kt,createSnackBar(),method
EventFahrplan-EventFahrplan,0,app/src/main/java/nerd/tuxmobil/fahrplan/congress/details/SessionDetailsFragment.kt,onAttach(),method
EventFahrplan-EventFahrplan,0,app/src/main/java/nerd/tuxmobil/fahrplan/congress/details/SessionDetailsFragment.kt,onCreate(),method
EventFahrplan-EventFahrplan,0,app/src/main/java/nerd/tuxmobil/fahrplan/congress/details/SessionDetailsFragment.kt,setArguments(),method
EventFahrplan-EventFahrplan,0,app/src/main/java/nerd/tuxmobil/fahrplan/congress/details/SessionDetailsFragment.kt,onViewCreated(),method
EventFahrplan-EventFahrplan,0,app/src/main/java/nerd/tuxmobil/fahrplan/congress/details/SessionDetailsFragment.kt,onCreateOptionsMenu(),method
EventFahrplan-EventFahrplan,0,app/src/main/java/nerd/tuxmobil/fahrplan/congress/details/SessionDetailsFragment.kt,onActivityResult(),method
EventFahrplan-EventFahrplan,0,app/src/main/java/nerd/tuxmobil/fahrplan/congress/details/SessionDetailsFragment.kt,onOptionsItemSelected(),method
EventFahrplan-EventFahrplan,0,app/src/main/java/nerd/tuxmobil/fahrplan/congress/details/SessionDetailsFragment.kt,onDestroy(),method
EventFahrplan-EventFahrplan,1,app/src/main/java/nerd/tuxmobil/fahrplan/congress/autoupdate/UpdateService.java,onDestroy(),method
EventFahrplan-EventFahrplan,0,app/src/main/java/nerd/tuxmobil/fahrplan/congress/details/SessionDetailsActivity.kt,onAttachedToWindow(),method
EventFahrplan-EventFahrplan,0,app/src/main/java/nerd/tuxmobil/fahrplan/congress/details/SessionDetailsActivity.kt,onCreate(),method
EventFahrplan-EventFahrplan,1,app/src/main/java/nerd/tuxmobil/fahrplan/congress/utils/ConfirmationDialog.java,onCreate(Bundle),method
EventFahrplan-EventFahrplan,1,app/src/main/java/nerd/tuxmobil/fahrplan/congress/utils/ConfirmationDialog.java,onAttach(Context),method
EventFahrplan-EventFahrplan,0,app/src/main/java/nerd/tuxmobil/fahrplan/congress/autoupdate/UpdateService.java,onDestroy(),method
EventFahrplan-EventFahrplan,0,app/src/main/java/nerd/tuxmobil/fahrplan/congress/utils/ConfirmationDialog.java,onCreate(Bundle),method
EventFahrplan-EventFahrplan,0,app/src/main/java/nerd/tuxmobil/fahrplan/congress/utils/ConfirmationDialog.java,onAttach(Context),method
EventFahrplan-EventFahrplan,1,app/src/main/java/nerd/tuxmobil/fahrplan/congress/about/AboutDialog.java,onCreate(Bundle),method
EventFahrplan-EventFahrplan,1,app/src/main/java/nerd/tuxmobil/fahrplan/congress/about/AboutDialog.java,onViewCreated(View ,method
jroal-a2dpvolume,0,app/src/main/java/a2dp/Vol/main.java,onFinish(),method
jroal-a2dpvolume,0,app/src/main/java/a2dp/Vol/main.java,onStop(),method
jroal-a2dpvolume,0,app/src/main/java/a2dp/Vol/main.java,onDestroy(),method
jroal-a2dpvolume,0,app/src/main/java/a2dp/Vol/main.java,onPause(),method
jroal-a2dpvolume,0,app/src/main/java/a2dp/Vol/main.java,onResume(),method
jroal-a2dpvolume,0,app/src/main/java/a2dp/Vol/main.java,onRestart(),method
jroal-a2dpvolume,0,app/src/main/java/a2dp/Vol/MyApplication.java,onCreate(),method
jroal-a2dpvolume,0,app/src/main/java/a2dp/Vol/MyApplication.java,onTerminate(),method
jroal-a2dpvolume,1,app/src/main/java/a2dp/Vol/main.java,onFinish(),method
jroal-a2dpvolume,1,app/src/main/java/a2dp/Vol/main.java,onStop(),method
jroal-a2dpvolume,1,app/src/main/java/a2dp/Vol/main.java,onDestroy(),method
jroal-a2dpvolume,1,app/src/main/java/a2dp/Vol/main.java,onPause(),method
jroal-a2dpvolume,1,app/src/main/java/a2dp/Vol/main.java,onResume(),method
jroal-a2dpvolume,1,app/src/main/java/a2dp/Vol/main.java,onRestart(),method
jroal-a2dpvolume,1,app/src/main/java/a2dp/Vol/MyApplication.java,onCreate(),method
jroal-a2dpvolume,1,app/src/main/java/a2dp/Vol/MyApplication.java,onTerminate(),method
EventFahrplan-EventFahrplan,0,app/src/main/java/nerd/tuxmobil/fahrplan/congress/about/AboutDialog.java,onCreate(Bundle),method
EventFahrplan-EventFahrplan,0,app/src/main/java/nerd/tuxmobil/fahrplan/congress/about/AboutDialog.java,onViewCreated(View ,method
jroal-a2dpvolume,0,app/src/main/java/a2dp/Vol/ManageData.java,finish(),method
jroal-a2dpvolume,0,app/src/main/java/a2dp/Vol/ManageData.java,onDestroy(),method
jroal-a2dpvolume,0,app/src/main/java/a2dp/Vol/ManageData.java,onCreate(Bundle),method
jroal-a2dpvolume,0,app/src/main/java/a2dp/Vol/ManageData.java,onPause(),method
jroal-a2dpvolume,0,app/src/main/java/a2dp/Vol/ManageData.java,onRestoreInstanceState(Bundle),method
jroal-a2dpvolume,0,app/src/main/java/a2dp/Vol/ManageData.java,onSaveInstanceState(Bundle),method
jroal-a2dpvolume,1,app/src/main/java/a2dp/Vol/ManageData.java,finish(),method
jroal-a2dpvolume,1,app/src/main/java/a2dp/Vol/ManageData.java,onDestroy(),method
jroal-a2dpvolume,1,app/src/main/java/a2dp/Vol/ManageData.java,onCreate(Bundle),method
jroal-a2dpvolume,1,app/src/main/java/a2dp/Vol/ManageData.java,onPause(),method
jroal-a2dpvolume,1,app/src/main/java/a2dp/Vol/ManageData.java,onRestoreInstanceState(Bundle),method
jroal-a2dpvolume,1,app/src/main/java/a2dp/Vol/ManageData.java,onSaveInstanceState(Bundle),method
EventFahrplan-EventFahrplan,1,app/src/main/java/nerd/tuxmobil/fahrplan/congress/base/SessionsAdapter.java,notifyDataSetChanged(),method
EventFahrplan-EventFahrplan,1,app/src/main/java/nerd/tuxmobil/fahrplan/congress/base/ActionBarListActivity.java,setContentView(int),method
EventFahrplan-EventFahrplan,1,app/src/main/java/nerd/tuxmobil/fahrplan/congress/base/AbstractListFragment.java,onAttach(Context),method
jroal-a2dpvolume,0,app/src/main/java/a2dp/Vol/ConnectWidgetConfigureActivity.java,onCreate(Bundle),method
jroal-a2dpvolume,1,app/src/main/java/a2dp/Vol/ConnectWidgetConfigureActivity.java,onCreate(Bundle),method
EventFahrplan-EventFahrplan,1,app/src/main/java/nerd/tuxmobil/fahrplan/congress/base/BaseActivity.java,onCreate(Bundle),method
EventFahrplan-EventFahrplan,1,app/src/main/java/nerd/tuxmobil/fahrplan/congress/base/BaseActivity.java,onDestroy(),method
EventFahrplan-EventFahrplan,1,app/src/main/java/nerd/tuxmobil/fahrplan/congress/base/BaseActivity.java,onOptionsItemSelected(MenuItem),method
jroal-a2dpvolume,1,app/src/main/java/a2dp/Vol/NotificationCatcher.java,onCreate(),method
jroal-a2dpvolume,0,app/src/main/java/a2dp/Vol/NotificationCatcher.java,onCreate(),method
jroal-a2dpvolume,1,app/src/main/java/a2dp/Vol/NotificationCatcher.java,onDestroy(),method
jroal-a2dpvolume,0,app/src/main/java/a2dp/Vol/NotificationCatcher.java,onDestroy(),method
jroal-a2dpvolume,1,app/src/main/java/a2dp/Vol/NotificationCatcher.java,onNotificationPosted(StatusBarNotification ,method
jroal-a2dpvolume,0,app/src/main/java/a2dp/Vol/NotificationCatcher.java,onNotificationPosted(StatusBarNotification ,method
jroal-a2dpvolume,0,app/src/main/java/a2dp/Vol/NotificationCatcher.java,onNotificationRemoved(StatusBarNotification),method
jroal-a2dpvolume,1,app/src/main/java/a2dp/Vol/NotificationCatcher.java,onNotificationRemoved(StatusBarNotification),method
jroal-a2dpvolume,1,app/src/main/java/a2dp/Vol/Widget.java,onUpdate(Context ,method
jroal-a2dpvolume,1,app/src/main/java/a2dp/Vol/Widget.java,onEnabled(Context),method
jroal-a2dpvolume,0,app/src/main/java/a2dp/Vol/Widget.java,onUpdate(Context ,method
jroal-a2dpvolume,0,app/src/main/java/a2dp/Vol/Widget.java,onEnabled(Context),method
jroal-a2dpvolume,1,app/src/main/java/a2dp/Vol/PackagesChooser.java,onCreate(Bundle),method
jroal-a2dpvolume,0,app/src/main/java/a2dp/Vol/PackagesChooser.java,onCreate(Bundle),method
jroal-a2dpvolume,0,app/src/main/java/a2dp/Vol/PackagesChooser.java,onOptionsItemSelected(MenuItem),method
jroal-a2dpvolume,1,app/src/main/java/a2dp/Vol/PackagesChooser.java,onOptionsItemSelected(MenuItem),method
jroal-a2dpvolume,0,app/src/main/java/a2dp/Vol/PackagesChooser.java,onBackPressed(),method
jroal-a2dpvolume,1,app/src/main/java/a2dp/Vol/PackagesChooser.java,onBackPressed(),method
jroal-a2dpvolume,1,app/src/main/java/a2dp/Vol/CustomIntentMaker.java,onCreate(Bundle),method
jroal-a2dpvolume,0,app/src/main/java/a2dp/Vol/CustomIntentMaker.java,onCreate(Bundle),method
gjedeer-Acastus,0,app/src/main/java/name/gdr/acastus_photon/AppCompatPreferenceActivity.java,onCreate(Bundle),method
gjedeer-Acastus,0,app/src/main/java/name/gdr/acastus_photon/AppCompatPreferenceActivity.java,onPostCreate(Bundle),method
gjedeer-Acastus,0,app/src/main/java/name/gdr/acastus_photon/AppCompatPreferenceActivity.java,onPostResume(),method
gjedeer-Acastus,0,app/src/main/java/name/gdr/acastus_photon/AppCompatPreferenceActivity.java,onTitleChanged(CharSequence ,method
gjedeer-Acastus,0,app/src/main/java/name/gdr/acastus_photon/AppCompatPreferenceActivity.java,onConfigurationChanged(Configuration),method
gjedeer-Acastus,0,app/src/main/java/name/gdr/acastus_photon/AppCompatPreferenceActivity.java,onStop(),method
gjedeer-Acastus,0,app/src/main/java/name/gdr/acastus_photon/AppCompatPreferenceActivity.java,onDestroy(),method
gjedeer-Acastus,1,app/src/main/java/name/gdr/acastus_photon/AppCompatPreferenceActivity.java,onCreate(Bundle),method
gjedeer-Acastus,1,app/src/main/java/name/gdr/acastus_photon/AppCompatPreferenceActivity.java,onPostCreate(Bundle),method
gjedeer-Acastus,1,app/src/main/java/name/gdr/acastus_photon/AppCompatPreferenceActivity.java,onPostResume(),method
gjedeer-Acastus,1,app/src/main/java/name/gdr/acastus_photon/AppCompatPreferenceActivity.java,onTitleChanged(CharSequence ,method
gjedeer-Acastus,1,app/src/main/java/name/gdr/acastus_photon/AppCompatPreferenceActivity.java,onConfigurationChanged(Configuration),method
gjedeer-Acastus,1,app/src/main/java/name/gdr/acastus_photon/AppCompatPreferenceActivity.java,onStop(),method
gjedeer-Acastus,1,app/src/main/java/name/gdr/acastus_photon/AppCompatPreferenceActivity.java,onDestroy(),method
EventFahrplan-EventFahrplan,0,app/src/main/java/nerd/tuxmobil/fahrplan/congress/base/SessionsAdapter.java,notifyDataSetChanged(),method
EventFahrplan-EventFahrplan,0,app/src/main/java/nerd/tuxmobil/fahrplan/congress/base/ActionBarListActivity.java,setContentView(int),method
EventFahrplan-EventFahrplan,0,app/src/main/java/nerd/tuxmobil/fahrplan/congress/base/AbstractListFragment.java,onAttach(Context),method
EventFahrplan-EventFahrplan,0,app/src/main/java/nerd/tuxmobil/fahrplan/congress/base/BaseActivity.java,onCreate(Bundle),method
EventFahrplan-EventFahrplan,0,app/src/main/java/nerd/tuxmobil/fahrplan/congress/base/BaseActivity.java,onDestroy(),method
EventFahrplan-EventFahrplan,0,app/src/main/java/nerd/tuxmobil/fahrplan/congress/base/BaseActivity.java,onOptionsItemSelected(MenuItem),method
LonamiWebs-Klooni1010,0,core/src/io/github/lonamiwebs/klooni/Klooni.java,render(),method
LonamiWebs-Klooni1010,0,core/src/io/github/lonamiwebs/klooni/Klooni.java,dispose(),method
gjedeer-Acastus,0,app/src/main/java/name/gdr/acastus_photon/MainActivity.java,onCreate(Bundle),method
gjedeer-Acastus,0,app/src/main/java/name/gdr/acastus_photon/MainActivity.java,onOptionsItemSelected(MenuItem),method
gjedeer-Acastus,0,app/src/main/java/name/gdr/acastus_photon/MainActivity.java,onPostExecute(String),method
gjedeer-Acastus,1,app/src/main/java/name/gdr/acastus_photon/MainActivity.java,onCreate(Bundle),method
gjedeer-Acastus,1,app/src/main/java/name/gdr/acastus_photon/MainActivity.java,onOptionsItemSelected(MenuItem),method
gjedeer-Acastus,1,app/src/main/java/name/gdr/acastus_photon/MainActivity.java,onPostExecute(String),method
gjedeer-Acastus,0,app/src/main/java/name/gdr/acastus_photon/ViewMapActivity.java,onCreate(Bundle),method
gjedeer-Acastus,0,app/src/main/java/name/gdr/acastus_photon/ViewMapActivity.java,onResume(),method
gjedeer-Acastus,0,app/src/main/java/name/gdr/acastus_photon/ViewMapActivity.java,onPause(),method
gjedeer-Acastus,0,app/src/main/java/name/gdr/acastus_photon/ViewMapActivity.java,onDestroy(),method
gjedeer-Acastus,0,app/src/main/java/name/gdr/acastus_photon/ViewMapActivity.java,onLowMemory(),method
gjedeer-Acastus,1,app/src/main/java/name/gdr/acastus_photon/ViewMapActivity.java,onCreate(Bundle),method
gjedeer-Acastus,1,app/src/main/java/name/gdr/acastus_photon/ViewMapActivity.java,onResume(),method
gjedeer-Acastus,1,app/src/main/java/name/gdr/acastus_photon/ViewMapActivity.java,onPause(),method
gjedeer-Acastus,1,app/src/main/java/name/gdr/acastus_photon/ViewMapActivity.java,onDestroy(),method
gjedeer-Acastus,1,app/src/main/java/name/gdr/acastus_photon/ViewMapActivity.java,onLowMemory(),method
gjedeer-Acastus,0,app/src/main/java/name/gdr/acastus_photon/SettingsActivity.java,onCreate(Bundle),method
gjedeer-Acastus,0,app/src/main/java/name/gdr/acastus_photon/SettingsActivity.java,onMenuItemSelected(int ,method
gjedeer-Acastus,0,app/src/main/java/name/gdr/acastus_photon/SettingsActivity.java,onCreate(Bundle),method
gjedeer-Acastus,0,app/src/main/java/name/gdr/acastus_photon/SettingsActivity.java,onOptionsItemSelected(MenuItem),method
gjedeer-Acastus,0,app/src/main/java/name/gdr/acastus_photon/SettingsActivity.java,onCreate(Bundle),method
gjedeer-Acastus,0,app/src/main/java/name/gdr/acastus_photon/SettingsActivity.java,onOptionsItemSelected(MenuItem),method
gjedeer-Acastus,1,app/src/main/java/name/gdr/acastus_photon/SettingsActivity.java,onCreate(Bundle),method
gjedeer-Acastus,1,app/src/main/java/name/gdr/acastus_photon/SettingsActivity.java,onMenuItemSelected(int ,method
gjedeer-Acastus,1,app/src/main/java/name/gdr/acastus_photon/SettingsActivity.java,onCreate(Bundle),method
gjedeer-Acastus,1,app/src/main/java/name/gdr/acastus_photon/SettingsActivity.java,onOptionsItemSelected(MenuItem),method
gjedeer-Acastus,1,app/src/main/java/name/gdr/acastus_photon/SettingsActivity.java,onCreate(Bundle),method
gjedeer-Acastus,1,app/src/main/java/name/gdr/acastus_photon/SettingsActivity.java,onOptionsItemSelected(MenuItem),method
ashutoshgngwr-10-bitClockWidget-v2.1,1,10-bitClockWidget/app/src/main/java/com/github/ashutoshgngwr/tenbitclockwidget/ClockWidgetApplication.java,onCreate(),method
ashutoshgngwr-10-bitClockWidget-v2.1,1,10-bitClockWidget/app/src/main/java/com/github/ashutoshgngwr/tenbitclockwidget/WebViewExtrasActivity.java,onCreate(Bundle),method
LonamiWebs-Klooni1010,1,core/src/dev/lonami/klooni/Klooni.java,dispose(),method
ashutoshgngwr-10-bitClockWidget-v2.1,1,10-bitClockWidget/app/src/main/java/com/github/ashutoshgngwr/tenbitclockwidget/ClockWidgetPreferenceFragment.java,onResume(),method
ashutoshgngwr-10-bitClockWidget-v2.1,1,10-bitClockWidget/app/src/main/java/com/github/ashutoshgngwr/tenbitclockwidget/ClockWidgetPreferenceFragment.java,onPause(),method
LonamiWebs-Klooni1010,0,core/src/io/github/lonamiwebs/klooni/screens/PauseMenuStage.java,draw(),method
LonamiWebs-Klooni1010,0,core/src/io/github/lonamiwebs/klooni/screens/PauseMenuStage.java,keyUp(int),method
ashutoshgngwr-10-bitClockWidget-v2.1,1,10-bitClockWidget/app/src/main/java/com/github/ashutoshgngwr/tenbitclockwidget/ColorPickerPreference.java,onBindViewHolder(PreferenceViewHolder),method
ashutoshgngwr-10-bitClockWidget-v2.1,1,10-bitClockWidget/app/src/main/java/com/github/ashutoshgngwr/tenbitclockwidget/ClockWidgetProvider.java,onReceive(Context ,method
ashutoshgngwr-10-bitClockWidget-v2.1,1,10-bitClockWidget/app/src/main/java/com/github/ashutoshgngwr/tenbitclockwidget/ClockWidgetPreferenceActivity.java,onCreate(Bundle),method
ashutoshgngwr-10-bitClockWidget-v2.1,1,10-bitClockWidget/app/src/main/java/com/github/ashutoshgngwr/tenbitclockwidget/ClockWidgetPreferenceActivity.java,onStop(),method
LonamiWebs-Klooni1010,0,core/src/io/github/lonamiwebs/klooni/actors/SoftButton.java,draw(Batch ,method
LonamiWebs-Klooni1010,1,core/src/dev/lonami/klooni/game/TimeScorer.java,addBoardScore(int ,method
LonamiWebs-Klooni1010,1,core/src/dev/lonami/klooni/game/TimeScorer.java,draw(SpriteBatch),method
LonamiWebs-Klooni1010,0,android/src/io/github/lonamiwebs/klooni/AndroidLauncher.java,onCreate(Bundle),method
AChep-AcDisplay,0,project/app/src/main/java/dreamers/graphics/RippleDrawable.java,jumpToCurrentState(),method
AChep-AcDisplay,0,project/app/src/main/java/dreamers/graphics/RippleDrawable.java,onStateChange(int[]),method
AChep-AcDisplay,0,project/app/src/main/java/dreamers/graphics/RippleDrawable.java,onBoundsChange(Rect),method
AChep-AcDisplay,0,project/app/src/main/java/dreamers/graphics/RippleDrawable.java,setVisible(boolean ,method
AChep-AcDisplay,1,project/app/src/main/java/dreamers/graphics/RippleDrawable.java,jumpToCurrentState(),method
AChep-AcDisplay,1,project/app/src/main/java/dreamers/graphics/RippleDrawable.java,onStateChange(int[]),method
AChep-AcDisplay,1,project/app/src/main/java/dreamers/graphics/RippleDrawable.java,onBoundsChange(Rect),method
AChep-AcDisplay,1,project/app/src/main/java/dreamers/graphics/RippleDrawable.java,setVisible(boolean ,method
billthefarmer-accordion,1,src/main/java/org/billthefarmer/accordion/MainActivity.java,onCreate(Bundle),method
billthefarmer-accordion,1,src/main/java/org/billthefarmer/accordion/MainActivity.java,onResume(),method
billthefarmer-accordion,1,src/main/java/org/billthefarmer/accordion/MainActivity.java,onPause(),method
billthefarmer-accordion,1,src/main/java/org/billthefarmer/accordion/SettingsFragment.java,onCreate(Bundle),method
billthefarmer-accordion,1,src/main/java/org/billthefarmer/accordion/SettingsFragment.java,onPause(),method
billthefarmer-accordion,1,src/main/java/org/billthefarmer/accordion/SettingsFragment.java,onPreferenceTreeClick(PreferenceScreen ,method
LonamiWebs-Klooni1010,1,core/src/dev/lonami/klooni/screens/PauseMenuStage.java,draw(),method
LonamiWebs-Klooni1010,1,core/src/dev/lonami/klooni/screens/PauseMenuStage.java,keyUp(int),method
billthefarmer-accordion,1,src/main/java/org/billthefarmer/accordion/AboutPreference.java,onBindDialogView(View),method
billthefarmer-accordion,1,src/main/java/org/billthefarmer/accordion/SettingsActivity.java,onCreate(Bundle),method
AChep-AcDisplay,0,project/app/src/main/java/com/achep/acdisplay/Timeout.java,handleMessage(Message),method
LonamiWebs-Klooni1010,1,core/src/dev/lonami/klooni/actors/ShopCard.java,draw(Batch ,method
LonamiWebs-Klooni1010,1,core/src/dev/lonami/klooni/actors/MoneyBuyBand.java,draw(Batch ,method
AChep-AcDisplay,0,project/app/src/main/java/com/achep/acdisplay/App.java,onCreate(),method
AChep-AcDisplay,0,project/app/src/main/java/com/achep/acdisplay/App.java,onLowMemory(),method
LonamiWebs-Klooni1010,1,core/src/dev/lonami/klooni/actors/EffectCard.java,draw(Batch ,method
LonamiWebs-Klooni1010,1,core/src/dev/lonami/klooni/actors/SoftButton.java,draw(Batch ,method
LonamiWebs-Klooni1010,1,core/src/dev/lonami/klooni/actors/ThemeCard.java,draw(Batch ,method
AChep-AcDisplay,1,project/app/src/main/java/com/achep/acdisplay/Timeout.java,handleMessage(Message),method
billthefarmer-accordion,0,src/org/billthefarmer/accordion/MainActivity.java,onCreate(Bundle),method
billthefarmer-accordion,0,src/org/billthefarmer/accordion/MainActivity.java,onResume(),method
billthefarmer-accordion,0,src/org/billthefarmer/accordion/MainActivity.java,onPause(),method
AChep-AcDisplay,0,project/app/src/main/java/com/achep/acdisplay/ui/preferences/IconSizePreference.java,onDialogClosed(boolean),method
billthefarmer-accordion,0,src/org/billthefarmer/accordion/SettingsFragment.java,onCreate(Bundle),method
billthefarmer-accordion,0,src/org/billthefarmer/accordion/SettingsFragment.java,onPause(),method
billthefarmer-accordion,0,src/org/billthefarmer/accordion/SettingsFragment.java,onPreferenceTreeClick(PreferenceScreen ,method
AChep-AcDisplay,0,project/app/src/main/java/com/achep/acdisplay/ui/preferences/InactiveTimePreference.java,onDialogClosed(boolean),method
billthefarmer-accordion,0,src/org/billthefarmer/accordion/SettingsActivity.java,onCreate(Bundle),method
billthefarmer-accordion,0,src/org/billthefarmer/accordion/SettingsActivity.java,onOptionsItemSelected(MenuItem),method
AChep-AcDisplay,0,project/app/src/main/java/com/achep/acdisplay/ui/preferences/TimeoutPreference.java,onDialogClosed(boolean),method
AChep-AcDisplay,0,project/app/src/main/java/com/achep/acdisplay/ui/preferences/ColorPickerPreference.java,onDialogClosed(boolean),method
AChep-AcDisplay,0,project/app/src/main/java/com/achep/acdisplay/ui/fragments/PocketFragment.java,handleMessage(Message),method
AChep-AcDisplay,0,project/app/src/main/java/com/achep/acdisplay/ui/fragments/PocketFragment.java,onAttach(Activity),method
AChep-AcDisplay,0,project/app/src/main/java/com/achep/acdisplay/ui/fragments/PocketFragment.java,onResume(),method
AChep-AcDisplay,0,project/app/src/main/java/com/achep/acdisplay/ui/fragments/PocketFragment.java,onPause(),method
AChep-AcDisplay,0,project/app/src/main/java/com/achep/acdisplay/ui/fragments/PocketFragment.java,onDetach(),method
LonamiWebs-Klooni1010,1,android/src/dev/lonami/klooni/AndroidLauncher.java,onCreate(Bundle),method
j4velin-SystemAppMover,0,src/main/java/de/j4velin/systemappmover/MoverActivity.java,onCreate(Bundle),method
j4velin-SystemAppMover,0,src/main/java/de/j4velin/systemappmover/Logger.java,finalize(),method
AChep-AcDisplay,1,project/app/src/main/java/com/achep/acdisplay/App.java,onCreate(),method
AChep-AcDisplay,1,project/app/src/main/java/com/achep/acdisplay/App.java,onLowMemory(),method
j4velin-SystemAppMover,1,src/main/java/de/j4velin/systemappmover/MoverActivity.java,onCreate(Bundle),method
j4velin-SystemAppMover,1,src/main/java/de/j4velin/systemappmover/Logger.java,finalize(),method
AChep-AcDisplay,1,project/app/src/main/java/com/achep/acdisplay/ui/preferences/IconSizePreference.java,onDialogClosed(boolean),method
TrianguloY-Adnihilation,1,app/src/main/java/com/trianguloy/adnihilation/MainActivity.java,onCreate(Bundle),method
TrianguloY-Adnihilation,1,app/src/main/java/com/trianguloy/adnihilation/MainActivity.java,onPause(),method
AChep-AcDisplay,1,project/app/src/main/java/com/achep/acdisplay/ui/preferences/InactiveTimePreference.java,onDialogClosed(boolean),method
TrianguloY-Adnihilation,0,app/src/main/java/com/trianguloy/adnihilation/MainActivity.java,onCreate(Bundle),method
TrianguloY-Adnihilation,0,app/src/main/java/com/trianguloy/adnihilation/MainActivity.java,onPause(),method
AChep-AcDisplay,1,project/app/src/main/java/com/achep/acdisplay/ui/preferences/TimeoutPreference.java,onDialogClosed(boolean),method
AChep-AcDisplay,1,project/app/src/main/java/com/achep/acdisplay/ui/preferences/ColorPickerPreference.java,onDialogClosed(boolean),method
lucasdnd-16-bit-clock,0,16-bit-clock/src/com/lucasdnd/bitclock16/BitClockWidgetActivity.java,onCreate(Bundle),method
AChep-AcDisplay,1,project/app/src/main/java/com/achep/acdisplay/ui/fragments/PocketFragment.java,handleMessage(Message),method
AChep-AcDisplay,1,project/app/src/main/java/com/achep/acdisplay/ui/fragments/PocketFragment.java,onAttach(Activity),method
AChep-AcDisplay,1,project/app/src/main/java/com/achep/acdisplay/ui/fragments/PocketFragment.java,onResume(),method
AChep-AcDisplay,1,project/app/src/main/java/com/achep/acdisplay/ui/fragments/PocketFragment.java,onPause(),method
AChep-AcDisplay,1,project/app/src/main/java/com/achep/acdisplay/ui/fragments/PocketFragment.java,onDetach(),method
AChep-AcDisplay,0,project/app/src/main/java/com/achep/acdisplay/ui/fragments/AcDisplayFragment.java,onAttach(Activity),method
AChep-AcDisplay,0,project/app/src/main/java/com/achep/acdisplay/ui/fragments/AcDisplayFragment.java,onCreate(Bundle),method
AChep-AcDisplay,0,project/app/src/main/java/com/achep/acdisplay/ui/fragments/AcDisplayFragment.java,onViewCreated(View ,method
AChep-AcDisplay,0,project/app/src/main/java/com/achep/acdisplay/ui/fragments/AcDisplayFragment.java,onActivityCreated(Bundle),method
AChep-AcDisplay,0,project/app/src/main/java/com/achep/acdisplay/ui/fragments/AcDisplayFragment.java,onStart(),method
AChep-AcDisplay,0,project/app/src/main/java/com/achep/acdisplay/ui/fragments/AcDisplayFragment.java,onResume(),method
AChep-AcDisplay,0,project/app/src/main/java/com/achep/acdisplay/ui/fragments/AcDisplayFragment.java,onPause(),method
AChep-AcDisplay,0,project/app/src/main/java/com/achep/acdisplay/ui/fragments/AcDisplayFragment.java,onStop(),method
AChep-AcDisplay,0,project/app/src/main/java/com/achep/acdisplay/ui/fragments/AcDisplayFragment.java,onDestroyView(),method
lucasdnd-16-bit-clock,0,16-bit-clock/src/com/lucasdnd/bitclock16/ClockProvider.java,onReceive(Context ,method
lucasdnd-16-bit-clock,0,16-bit-clock/src/com/lucasdnd/bitclock16/ClockProvider.java,onDisabled(Context),method
lucasdnd-16-bit-clock,0,16-bit-clock/src/com/lucasdnd/bitclock16/ClockProvider.java,onEnabled(Context),method
lucasdnd-16-bit-clock,1,16-bit-clock/src/com/lucasdnd/bitclock16/BitClockWidgetActivity.java,onCreate(Bundle),method
GermainZ-ActivityForceNewTask,0,src/com/germainz/activityforcenewtask/BlacklistActivity.java,onCreate(Bundle),method
GermainZ-ActivityForceNewTask,0,src/com/germainz/activityforcenewtask/BlacklistActivity.java,onListItemClick(ListView ,method
AChep-AcDisplay,0,project/app/src/main/java/com/achep/acdisplay/ui/fragments/BlacklistAppFragment.java,onCreate(Bundle),method
AChep-AcDisplay,0,project/app/src/main/java/com/achep/acdisplay/ui/fragments/BlacklistAppFragment.java,onSaveInstanceState(Bundle),method
AChep-AcDisplay,0,project/app/src/main/java/com/achep/acdisplay/ui/fragments/BlacklistAppFragment.java,onResume(),method
AChep-AcDisplay,0,project/app/src/main/java/com/achep/acdisplay/ui/fragments/BlacklistAppFragment.java,onPause(),method
GermainZ-ActivityForceNewTask,0,src/com/germainz/activityforcenewtask/Preferences.java,onCreate(Bundle),method
GermainZ-ActivityForceNewTask,0,src/com/germainz/activityforcenewtask/Preferences.java,onCreate(Bundle),method
lucasdnd-16-bit-clock,1,16-bit-clock/src/com/lucasdnd/bitclock16/ClockProvider.java,onReceive(Context ,method
lucasdnd-16-bit-clock,1,16-bit-clock/src/com/lucasdnd/bitclock16/ClockProvider.java,onDisabled(Context),method
lucasdnd-16-bit-clock,1,16-bit-clock/src/com/lucasdnd/bitclock16/ClockProvider.java,onEnabled(Context),method
AChep-AcDisplay,0,project/app/src/main/java/com/achep/acdisplay/ui/fragments/settings/InterfaceSettings.java,onCreate(Bundle),method
AChep-AcDisplay,0,project/app/src/main/java/com/achep/acdisplay/ui/fragments/settings/InterfaceSettings.java,onResume(),method
AChep-AcDisplay,0,project/app/src/main/java/com/achep/acdisplay/ui/fragments/settings/InterfaceSettings.java,onPause(),method
AChep-AcDisplay,0,project/app/src/main/java/com/achep/acdisplay/ui/fragments/settings/KeyguardSettings.java,onCreate(Bundle),method
AChep-AcDisplay,0,project/app/src/main/java/com/achep/acdisplay/ui/fragments/settings/NotificationSettings.java,onCreate(Bundle),method
GermainZ-ActivityForceNewTask,1,src/com/germainz/activityforcenewtask/BlacklistActivity.java,onCreate(Bundle),method
GermainZ-ActivityForceNewTask,1,src/com/germainz/activityforcenewtask/BlacklistActivity.java,onListItemClick(ListView ,method
AChep-AcDisplay,0,project/app/src/main/java/com/achep/acdisplay/ui/fragments/settings/MoreSettings.java,onCreate(Bundle),method
AChep-AcDisplay,0,project/app/src/main/java/com/achep/acdisplay/ui/fragments/settings/MoreSettings.java,onResume(),method
AChep-AcDisplay,0,project/app/src/main/java/com/achep/acdisplay/ui/fragments/settings/MoreSettings.java,onPause(),method
AChep-AcDisplay,0,project/app/src/main/java/com/achep/acdisplay/ui/fragments/settings/ActiveModeSettings.java,onCreate(Bundle),method
AChep-AcDisplay,0,project/app/src/main/java/com/achep/acdisplay/ui/fragments/settings/DevSettings.java,onCreate(Bundle),method
GermainZ-ActivityForceNewTask,1,src/com/germainz/activityforcenewtask/Preferences.java,onCreate(Bundle),method
GermainZ-ActivityForceNewTask,1,src/com/germainz/activityforcenewtask/Preferences.java,onCreate(Bundle),method
GermainZ-ActivityForceNewTask,0,src/com/germainz/activityforcenewtask/LogActivity.java,onCreate(Bundle),method
GermainZ-ActivityForceNewTask,0,src/com/germainz/activityforcenewtask/LogActivity.java,onRestart(),method
GermainZ-ActivityForceNewTask,0,src/com/germainz/activityforcenewtask/LogActivity.java,onListItemClick(ListView ,method
GermainZ-ActivityForceNewTask,1,src/com/germainz/activityforcenewtask/LogActivity.java,onCreate(Bundle),method
GermainZ-ActivityForceNewTask,1,src/com/germainz/activityforcenewtask/LogActivity.java,onRestart(),method
GermainZ-ActivityForceNewTask,1,src/com/germainz/activityforcenewtask/LogActivity.java,onListItemClick(ListView ,method
AChep-AcDisplay,0,project/app/src/main/java/com/achep/acdisplay/ui/components/MediaWidget.java,onViewAttached(),method
AChep-AcDisplay,0,project/app/src/main/java/com/achep/acdisplay/ui/components/MediaWidget.java,onViewDetached(),method
AChep-AcDisplay,0,project/app/src/main/java/com/achep/acdisplay/ui/components/NotifyWidget.java,hashCode(),method
AChep-AcDisplay,0,project/app/src/main/java/com/achep/acdisplay/ui/components/NotifyWidget.java,isDismissible(),method
AChep-AcDisplay,0,project/app/src/main/java/com/achep/acdisplay/ui/components/NotifyWidget.java,onViewAttached(),method
AChep-AcDisplay,0,project/app/src/main/java/com/achep/acdisplay/ui/components/NotifyWidget.java,onViewDetached(),method
dkter-aaaaa,1,app/src/main/java/io/github/dkter/aaaaa/MainActivity.kt,onCreate(),method
dkter-aaaaa,1,app/src/main/java/io/github/dkter/aaaaa/AaaaaInputMethodService.kt,onFinishInputView(),method
AChep-AcDisplay,0,project/app/src/main/java/com/achep/acdisplay/ui/view/NotifyingLayout.java,setPressed(boolean),method
dkter-aaaaa,0,app/src/main/java/io/github/dkter/aaaaa/MainActivity.kt,onCreate(),method
AChep-AcDisplay,1,project/app/src/main/java/com/achep/acdisplay/ui/fragments/AcDisplayFragment.java,onAttach(Activity),method
AChep-AcDisplay,1,project/app/src/main/java/com/achep/acdisplay/ui/fragments/AcDisplayFragment.java,onCreate(Bundle),method
AChep-AcDisplay,1,project/app/src/main/java/com/achep/acdisplay/ui/fragments/AcDisplayFragment.java,onViewCreated(View ,method
AChep-AcDisplay,1,project/app/src/main/java/com/achep/acdisplay/ui/fragments/AcDisplayFragment.java,onActivityCreated(Bundle),method
AChep-AcDisplay,1,project/app/src/main/java/com/achep/acdisplay/ui/fragments/AcDisplayFragment.java,onStart(),method
AChep-AcDisplay,1,project/app/src/main/java/com/achep/acdisplay/ui/fragments/AcDisplayFragment.java,onResume(),method
AChep-AcDisplay,1,project/app/src/main/java/com/achep/acdisplay/ui/fragments/AcDisplayFragment.java,onPause(),method
AChep-AcDisplay,1,project/app/src/main/java/com/achep/acdisplay/ui/fragments/AcDisplayFragment.java,onStop(),method
AChep-AcDisplay,1,project/app/src/main/java/com/achep/acdisplay/ui/fragments/AcDisplayFragment.java,onDestroyView(),method
AChep-AcDisplay,1,project/app/src/main/java/com/achep/acdisplay/ui/fragments/BlacklistAppFragment.java,onCreate(Bundle),method
AChep-AcDisplay,1,project/app/src/main/java/com/achep/acdisplay/ui/fragments/BlacklistAppFragment.java,onSaveInstanceState(Bundle),method
AChep-AcDisplay,1,project/app/src/main/java/com/achep/acdisplay/ui/fragments/BlacklistAppFragment.java,onResume(),method
AChep-AcDisplay,1,project/app/src/main/java/com/achep/acdisplay/ui/fragments/BlacklistAppFragment.java,onPause(),method
AChep-AcDisplay,1,project/app/src/main/java/com/achep/acdisplay/ui/fragments/settings/InterfaceSettings.java,onCreate(Bundle),method
AChep-AcDisplay,1,project/app/src/main/java/com/achep/acdisplay/ui/fragments/settings/InterfaceSettings.java,onResume(),method
AChep-AcDisplay,1,project/app/src/main/java/com/achep/acdisplay/ui/fragments/settings/InterfaceSettings.java,onPause(),method
AChep-AcDisplay,1,project/app/src/main/java/com/achep/acdisplay/ui/fragments/settings/KeyguardSettings.java,onCreate(Bundle),method
AChep-AcDisplay,1,project/app/src/main/java/com/achep/acdisplay/ui/fragments/settings/NotificationSettings.java,onCreate(Bundle),method
butzist-ActivityLauncher,0,ActivityLauncherApp/src/main/java/de/szalkowski/activitylauncher/RecentTaskListFragment.java,onCreate(Bundle),method
butzist-ActivityLauncher,0,ActivityLauncherApp/src/main/java/de/szalkowski/activitylauncher/RecentTaskListFragment.java,onActivityCreated(Bundle),method
butzist-ActivityLauncher,0,ActivityLauncherApp/src/main/java/de/szalkowski/activitylauncher/RecentTaskListFragment.java,onCreateContextMenu(ContextMenu ,method
butzist-ActivityLauncher,0,ActivityLauncherApp/src/main/java/de/szalkowski/activitylauncher/RecentTaskListFragment.java,onContextItemSelected(MenuItem),method
AChep-AcDisplay,1,project/app/src/main/java/com/achep/acdisplay/ui/fragments/settings/MoreSettings.java,onCreate(Bundle),method
AChep-AcDisplay,1,project/app/src/main/java/com/achep/acdisplay/ui/fragments/settings/MoreSettings.java,onResume(),method
AChep-AcDisplay,1,project/app/src/main/java/com/achep/acdisplay/ui/fragments/settings/MoreSettings.java,onPause(),method
AChep-AcDisplay,1,project/app/src/main/java/com/achep/acdisplay/ui/fragments/settings/ActiveModeSettings.java,onCreate(Bundle),method
AChep-AcDisplay,0,project/app/src/main/java/com/achep/acdisplay/ui/activities/BlacklistActivity.java,onCreate(Bundle),method
AChep-AcDisplay,0,project/app/src/main/java/com/achep/acdisplay/ui/activities/BlacklistActivity.java,onSaveInstanceState(Bundle),method
AChep-AcDisplay,0,project/app/src/main/java/com/achep/acdisplay/ui/activities/BlacklistActivity.java,onResume(),method
AChep-AcDisplay,0,project/app/src/main/java/com/achep/acdisplay/ui/activities/BlacklistActivity.java,onOptionsItemSelected(MenuItem),method
AChep-AcDisplay,0,project/app/src/main/java/com/achep/acdisplay/ui/activities/BlacklistActivity.java,switchToHeader(Header),method
AChep-AcDisplay,0,project/app/src/main/java/com/achep/acdisplay/ui/activities/BlacklistActivity.java,onNewIntent(Intent),method
AChep-AcDisplay,0,project/app/src/main/java/com/achep/acdisplay/ui/activities/BlacklistActivity.java,getIntent(),method
AChep-AcDisplay,1,project/app/src/main/java/com/achep/acdisplay/ui/fragments/settings/DevSettings.java,onCreate(Bundle),method
AChep-AcDisplay,0,project/app/src/main/java/com/achep/acdisplay/ui/activities/BlacklistActivity.java,onGetInitialHeader(),method
AChep-AcDisplay,0,project/app/src/main/java/com/achep/acdisplay/ui/activities/BlacklistActivity.java,onBuildStartFragmentIntent(String ,method
AChep-AcDisplay,0,project/app/src/main/java/com/achep/acdisplay/ui/activities/BlacklistActivity.java,onPostExecute(Void),method
AChep-AcDisplay,0,project/app/src/main/java/com/achep/acdisplay/ui/activities/BlacklistActivity.java,shouldUpRecreateTask(Intent),method
AChep-AcDisplay,0,project/app/src/main/java/com/achep/acdisplay/ui/activities/BlacklistActivity.java,setListAdapter(ListAdapter),method
AChep-AcDisplay,0,project/app/src/main/java/com/achep/acdisplay/ui/activities/BlacklistActivity.java,setListAdapter(ListAdapter),method
butzist-ActivityLauncher,0,ActivityLauncherApp/src/main/java/de/szalkowski/activitylauncher/IconPickerDialogFragment.java,onAttach(Activity),method
AChep-AcDisplay,0,project/app/src/main/java/com/achep/acdisplay/ui/activities/KeyguardActivity.java,onWindowFocusChanged(boolean),method
AChep-AcDisplay,0,project/app/src/main/java/com/achep/acdisplay/ui/activities/KeyguardActivity.java,onCreate(Bundle),method
AChep-AcDisplay,0,project/app/src/main/java/com/achep/acdisplay/ui/activities/KeyguardActivity.java,onDestroy(),method
AChep-AcDisplay,0,project/app/src/main/java/com/achep/acdisplay/ui/activities/KeyguardActivity.java,onResume(),method
AChep-AcDisplay,0,project/app/src/main/java/com/achep/acdisplay/ui/activities/KeyguardActivity.java,onPause(),method
AChep-AcDisplay,0,project/app/src/main/java/com/achep/acdisplay/ui/activities/KeyguardActivity.java,onUserLeaveHint(),method
butzist-ActivityLauncher,0,ActivityLauncherApp/src/main/java/de/szalkowski/activitylauncher/MainActivity.java,onCreate(Bundle),method
butzist-ActivityLauncher,0,ActivityLauncherApp/src/main/java/de/szalkowski/activitylauncher/MainActivity.java,onOptionsItemSelected(MenuItem),method
AChep-AcDisplay,0,project/app/src/main/java/com/achep/acdisplay/ui/activities/MainActivity.java,onCreate(Bundle),method
AChep-AcDisplay,0,project/app/src/main/java/com/achep/acdisplay/ui/activities/MainActivity.java,onResume(),method
AChep-AcDisplay,0,project/app/src/main/java/com/achep/acdisplay/ui/activities/MainActivity.java,onPause(),method
AChep-AcDisplay,0,project/app/src/main/java/com/achep/acdisplay/ui/activities/MainActivity.java,onDestroy(),method
AChep-AcDisplay,0,project/app/src/main/java/com/achep/acdisplay/ui/activities/MainActivity.java,onOptionsItemSelected(MenuItem),method
butzist-ActivityLauncher,0,ActivityLauncherApp/src/main/java/de/szalkowski/activitylauncher/AllTasksListFragment.java,onActivityCreated(Bundle),method
butzist-ActivityLauncher,0,ActivityLauncherApp/src/main/java/de/szalkowski/activitylauncher/AllTasksListFragment.java,onCreateContextMenu(ContextMenu ,method
butzist-ActivityLauncher,0,ActivityLauncherApp/src/main/java/de/szalkowski/activitylauncher/AllTasksListFragment.java,onContextItemSelected(MenuItem),method
AChep-AcDisplay,1,project/app/src/main/java/com/achep/acdisplay/ui/components/MediaWidget.java,onViewAttached(),method
AChep-AcDisplay,1,project/app/src/main/java/com/achep/acdisplay/ui/components/MediaWidget.java,onViewDetached(),method
AChep-AcDisplay,1,project/app/src/main/java/com/achep/acdisplay/ui/components/MediaWidget.java,onStop(),method
butzist-ActivityLauncher,0,ActivityLauncherApp/src/main/java/de/szalkowski/activitylauncher/AsyncProvider.java,onPreExecute(),method
butzist-ActivityLauncher,0,ActivityLauncherApp/src/main/java/de/szalkowski/activitylauncher/AsyncProvider.java,onPostExecute(ReturnType),method
bailuk-AAT-v0.8,1,src/org/osmdroid/views/MapController.java,onRunAnimation(),method
bailuk-AAT-v0.8,1,src/org/osmdroid/views/MapController.java,onRunAnimation(),method
bailuk-AAT-v0.8,1,src/org/osmdroid/views/MapController.java,onRunAnimation(),method
bailuk-AAT-v0.8,1,src/org/osmdroid/views/MapController.java,onRunAnimation(),method
AChep-AcDisplay,0,project/app/src/main/java/com/achep/acdisplay/ui/activities/AcDisplayActivity.java,onWindowFocusChanged(boolean),method
AChep-AcDisplay,0,project/app/src/main/java/com/achep/acdisplay/ui/activities/AcDisplayActivity.java,onCreate(Bundle),method
AChep-AcDisplay,0,project/app/src/main/java/com/achep/acdisplay/ui/activities/AcDisplayActivity.java,onStart(),method
AChep-AcDisplay,0,project/app/src/main/java/com/achep/acdisplay/ui/activities/AcDisplayActivity.java,onResume(),method
AChep-AcDisplay,0,project/app/src/main/java/com/achep/acdisplay/ui/activities/AcDisplayActivity.java,onPause(),method
AChep-AcDisplay,0,project/app/src/main/java/com/achep/acdisplay/ui/activities/AcDisplayActivity.java,onStop(),method
AChep-AcDisplay,0,project/app/src/main/java/com/achep/acdisplay/ui/activities/AcDisplayActivity.java,onDestroy(),method
AChep-AcDisplay,0,project/app/src/main/java/com/achep/acdisplay/ui/animations/ProgressBarAnimation.java,applyTransformation(float ,method
AChep-AcDisplay,1,project/app/src/main/java/com/achep/acdisplay/ui/components/NotifyWidget.java,hashCode(),method
AChep-AcDisplay,1,project/app/src/main/java/com/achep/acdisplay/ui/components/NotifyWidget.java,isDismissible(),method
AChep-AcDisplay,1,project/app/src/main/java/com/achep/acdisplay/ui/components/NotifyWidget.java,onViewAttached(),method
AChep-AcDisplay,1,project/app/src/main/java/com/achep/acdisplay/ui/components/NotifyWidget.java,onViewDetached(),method
AChep-AcDisplay,0,project/app/src/main/java/com/achep/acdisplay/ui/widgets/DateView.java,onAttachedToWindow(),method
AChep-AcDisplay,0,project/app/src/main/java/com/achep/acdisplay/ui/widgets/DateView.java,onDetachedFromWindow(),method
AChep-AcDisplay,0,project/app/src/main/java/com/achep/acdisplay/ui/widgets/TimeView.java,onAttachedToWindow(),method
AChep-AcDisplay,0,project/app/src/main/java/com/achep/acdisplay/ui/widgets/TimeView.java,onDetachedFromWindow(),method
butzist-ActivityLauncher,0,ActivityLauncherApp/src/main/java/de/szalkowski/activitylauncher/IconPickerFragment.java,onAttach(Activity),method
AChep-AcDisplay,1,project/app/src/main/java/com/achep/acdisplay/ui/components/HostWidget.java,onStart(),method
AChep-AcDisplay,1,project/app/src/main/java/com/achep/acdisplay/ui/components/HostWidget.java,onViewAttached(),method
AChep-AcDisplay,1,project/app/src/main/java/com/achep/acdisplay/ui/components/HostWidget.java,onStop(),method
AChep-AcDisplay,0,project/app/src/main/java/com/achep/acdisplay/ui/widgets/CircleView.java,onDraw(Canvas),method
AChep-AcDisplay,0,project/app/src/main/java/com/achep/acdisplay/ui/widgets/CircleView.java,onDetachedFromWindow(),method
AChep-AcDisplay,0,project/app/src/main/java/com/achep/acdisplay/ui/widgets/ProgressBar.java,setProgress(int),method
AChep-AcDisplay,0,project/app/src/main/java/com/achep/acdisplay/ui/widgets/ProgressBar.java,setMax(int),method
AChep-AcDisplay,0,project/app/src/main/java/com/achep/acdisplay/ui/widgets/ProgressBar.java,onDraw(Canvas),method
AChep-AcDisplay,0,project/app/src/main/java/com/achep/acdisplay/ui/widgets/ProgressBar.java,onDraw(Canvas),method
AChep-AcDisplay,0,project/app/src/main/java/com/achep/acdisplay/ui/widgets/ProgressBar.java,onDraw(Canvas),method
AChep-AcDisplay,0,project/app/src/main/java/com/achep/acdisplay/ui/widgets/notification/NotificationIconWidget.java,onFinishInflate(),method
AChep-AcDisplay,1,project/app/src/main/java/com/achep/acdisplay/ui/view/NotifyingLayout.java,setPressed(boolean),method
AChep-AcDisplay,0,project/app/src/main/java/com/achep/acdisplay/ui/widgets/notification/NotificationIcon.java,onAttachedToWindow(),method
AChep-AcDisplay,0,project/app/src/main/java/com/achep/acdisplay/ui/widgets/notification/NotificationIcon.java,onDetachedFromWindow(),method
butzist-ActivityLauncher,1,ActivityLauncherApp/src/main/java/de/szalkowski/activitylauncher/ShortcutActivity.java,onCreate(Bundle),method
AChep-AcDisplay,0,project/app/src/main/java/com/achep/acdisplay/ui/widgets/notification/NotificationWidget.java,onFinishInflate(),method
AChep-AcDisplay,0,project/app/src/main/java/com/achep/acdisplay/ui/widgets/notification/NotificationWidget.java,onAttachedToWindow(),method
AChep-AcDisplay,0,project/app/src/main/java/com/achep/acdisplay/ui/widgets/notification/NotificationWidget.java,onDetachedFromWindow(),method
AChep-AcDisplay,0,project/app/src/main/java/com/achep/acdisplay/ui/widgets/status/NextAlarmView.java,onAttachedToWindow(),method
butzist-ActivityLauncher,1,ActivityLauncherApp/src/main/java/de/szalkowski/activitylauncher/IconPickerDialogFragment.java,onAttach(Context),method
AChep-AcDisplay,0,project/app/src/main/java/com/achep/acdisplay/ui/widgets/status/StatusWidget.java,onFinishInflate(),method
AChep-AcDisplay,0,project/app/src/main/java/com/achep/acdisplay/ui/widgets/status/StatusWidget.java,onAttachedToWindow(),method
AChep-AcDisplay,0,project/app/src/main/java/com/achep/acdisplay/ui/widgets/status/StatusWidget.java,onDetachedFromWindow(),method
bailuk-AAT-v0.8,1,src/org/osmdroid/views/MapView.java,onKeyDown(int ,method
bailuk-AAT-v0.8,1,src/org/osmdroid/views/MapView.java,onKeyUp(int ,method
bailuk-AAT-v0.8,1,src/org/osmdroid/views/MapView.java,onTrackballEvent(MotionEvent),method
bailuk-AAT-v0.8,1,src/org/osmdroid/views/MapView.java,dispatchTouchEvent(MotionEvent),method
bailuk-AAT-v0.8,1,src/org/osmdroid/views/MapView.java,scrollTo(int ,method
bailuk-AAT-v0.8,1,src/org/osmdroid/views/MapView.java,dispatchDraw(Canvas),method
bailuk-AAT-v0.8,1,src/org/osmdroid/views/MapView.java,onDetachedFromWindow(),method
bailuk-AAT-v0.8,1,src/org/osmdroid/views/MapView.java,onAnimationStart(),method
bailuk-AAT-v0.8,1,src/org/osmdroid/views/MapView.java,onAnimationEnd(),method
AChep-AcDisplay,1,project/app/src/main/java/com/achep/acdisplay/ui/activities/KeyguardActivity.java,onWindowFocusChanged(boolean),method
AChep-AcDisplay,1,project/app/src/main/java/com/achep/acdisplay/ui/activities/KeyguardActivity.java,onCreate(Bundle),method
AChep-AcDisplay,1,project/app/src/main/java/com/achep/acdisplay/ui/activities/KeyguardActivity.java,onNewIntent(Intent),method
AChep-AcDisplay,1,project/app/src/main/java/com/achep/acdisplay/ui/activities/KeyguardActivity.java,onAttachedToWindow(),method
AChep-AcDisplay,1,project/app/src/main/java/com/achep/acdisplay/ui/activities/KeyguardActivity.java,onDetachedFromWindow(),method
AChep-AcDisplay,1,project/app/src/main/java/com/achep/acdisplay/ui/activities/KeyguardActivity.java,onDestroy(),method
AChep-AcDisplay,1,project/app/src/main/java/com/achep/acdisplay/ui/activities/KeyguardActivity.java,onStart(),method
AChep-AcDisplay,1,project/app/src/main/java/com/achep/acdisplay/ui/activities/KeyguardActivity.java,onResume(),method
AChep-AcDisplay,1,project/app/src/main/java/com/achep/acdisplay/ui/activities/KeyguardActivity.java,onPause(),method
AChep-AcDisplay,1,project/app/src/main/java/com/achep/acdisplay/ui/activities/KeyguardActivity.java,onStop(),method
AChep-AcDisplay,1,project/app/src/main/java/com/achep/acdisplay/ui/activities/KeyguardActivity.java,onUserLeaveHint(),method
butzist-ActivityLauncher,1,ActivityLauncherApp/src/main/java/de/szalkowski/activitylauncher/ShortcutEditDialogFragment.java,onStart(),method
AChep-AcDisplay,1,project/app/src/main/java/com/achep/acdisplay/ui/activities/MainActivity.java,onCreate(Bundle),method
AChep-AcDisplay,1,project/app/src/main/java/com/achep/acdisplay/ui/activities/MainActivity.java,onResume(),method
AChep-AcDisplay,1,project/app/src/main/java/com/achep/acdisplay/ui/activities/MainActivity.java,onPause(),method
AChep-AcDisplay,1,project/app/src/main/java/com/achep/acdisplay/ui/activities/MainActivity.java,onDestroy(),method
AChep-AcDisplay,1,project/app/src/main/java/com/achep/acdisplay/ui/activities/MainActivity.java,onOptionsItemSelected(MenuItem),method
butzist-ActivityLauncher,1,ActivityLauncherApp/src/main/java/de/szalkowski/activitylauncher/MainActivity.java,onCreate(Bundle),method
butzist-ActivityLauncher,1,ActivityLauncherApp/src/main/java/de/szalkowski/activitylauncher/MainActivity.java,onRestoreInstanceState(Bundle),method
butzist-ActivityLauncher,1,ActivityLauncherApp/src/main/java/de/szalkowski/activitylauncher/MainActivity.java,onResume(),method
butzist-ActivityLauncher,1,ActivityLauncherApp/src/main/java/de/szalkowski/activitylauncher/MainActivity.java,onOptionsItemSelected(MenuItem),method
butzist-ActivityLauncher,1,ActivityLauncherApp/src/main/java/de/szalkowski/activitylauncher/MainActivity.java,onSaveInstanceState(Bundle),method
AChep-AcDisplay,1,project/app/src/main/java/com/achep/acdisplay/ui/activities/AcDisplayActivity.java,onCreate(Bundle),method
AChep-AcDisplay,1,project/app/src/main/java/com/achep/acdisplay/ui/activities/AcDisplayActivity.java,onStart(),method
AChep-AcDisplay,1,project/app/src/main/java/com/achep/acdisplay/ui/activities/AcDisplayActivity.java,onResume(),method
AChep-AcDisplay,1,project/app/src/main/java/com/achep/acdisplay/ui/activities/AcDisplayActivity.java,onPause(),method
AChep-AcDisplay,1,project/app/src/main/java/com/achep/acdisplay/ui/activities/AcDisplayActivity.java,onStop(),method
AChep-AcDisplay,1,project/app/src/main/java/com/achep/acdisplay/ui/activities/AcDisplayActivity.java,onDestroy(),method
AChep-AcDisplay,0,project/app/src/main/java/com/achep/acdisplay/ui/widgets/status/BatteryMeterView.java,onAttachedToWindow(),method
AChep-AcDisplay,0,project/app/src/main/java/com/achep/acdisplay/ui/widgets/status/BatteryMeterView.java,onDetachedFromWindow(),method
AChep-AcDisplay,0,project/app/src/main/java/com/achep/acdisplay/ui/widgets/status/BatteryMeterView.java,setPadding(int ,method
AChep-AcDisplay,0,project/app/src/main/java/com/achep/acdisplay/ui/widgets/status/BatteryMeterView.java,onMeasure(int ,method
AChep-AcDisplay,0,project/app/src/main/java/com/achep/acdisplay/ui/widgets/status/BatteryMeterView.java,onDraw(Canvas),method
AChep-AcDisplay,0,project/app/src/main/java/com/achep/acdisplay/providers/ToggleWidgetProvider.java,onEnabled(Context),method
AChep-AcDisplay,0,project/app/src/main/java/com/achep/acdisplay/providers/ToggleWidgetProvider.java,onDisabled(Context),method
butzist-ActivityLauncher,1,ActivityLauncherApp/src/main/java/de/szalkowski/activitylauncher/AllTasksListFragment.java,onCreateContextMenu(ContextMenu ,method
butzist-ActivityLauncher,1,ActivityLauncherApp/src/main/java/de/szalkowski/activitylauncher/AllTasksListFragment.java,onContextItemSelected(MenuItem),method
butzist-ActivityLauncher,1,ActivityLauncherApp/src/main/java/de/szalkowski/activitylauncher/AsyncProvider.java,onPreExecute(),method
butzist-ActivityLauncher,1,ActivityLauncherApp/src/main/java/de/szalkowski/activitylauncher/AsyncProvider.java,onPostExecute(ReturnType),method
AChep-AcDisplay,1,project/app/src/main/java/com/achep/acdisplay/ui/activities/settings/BlacklistActivity.java,onCreate(Bundle),method
AChep-AcDisplay,1,project/app/src/main/java/com/achep/acdisplay/ui/activities/settings/BlacklistActivity.java,onSaveInstanceState(Bundle),method
AChep-AcDisplay,1,project/app/src/main/java/com/achep/acdisplay/ui/activities/settings/BlacklistActivity.java,onResume(),method
AChep-AcDisplay,1,project/app/src/main/java/com/achep/acdisplay/ui/activities/settings/BlacklistActivity.java,onOptionsItemSelected(MenuItem),method
AChep-AcDisplay,1,project/app/src/main/java/com/achep/acdisplay/ui/activities/settings/BlacklistActivity.java,switchToHeader(Header),method
AChep-AcDisplay,1,project/app/src/main/java/com/achep/acdisplay/ui/activities/settings/BlacklistActivity.java,onNewIntent(Intent),method
AChep-AcDisplay,1,project/app/src/main/java/com/achep/acdisplay/ui/activities/settings/BlacklistActivity.java,getIntent(),method
AChep-AcDisplay,1,project/app/src/main/java/com/achep/acdisplay/ui/activities/settings/BlacklistActivity.java,onGetInitialHeader(),method
AChep-AcDisplay,1,project/app/src/main/java/com/achep/acdisplay/ui/activities/settings/BlacklistActivity.java,onBuildStartFragmentIntent(String ,method
AChep-AcDisplay,1,project/app/src/main/java/com/achep/acdisplay/ui/activities/settings/BlacklistActivity.java,onPostExecute(Void),method
AChep-AcDisplay,1,project/app/src/main/java/com/achep/acdisplay/ui/activities/settings/BlacklistActivity.java,shouldUpRecreateTask(Intent),method
AChep-AcDisplay,1,project/app/src/main/java/com/achep/acdisplay/ui/activities/settings/BlacklistActivity.java,setListAdapter(ListAdapter),method
AChep-AcDisplay,1,project/app/src/main/java/com/achep/acdisplay/ui/activities/settings/BlacklistActivity.java,setListAdapter(ListAdapter),method
AChep-AcDisplay,1,project/app/src/main/java/com/achep/acdisplay/ui/activities/settings/SettingsProximitySensorActivity.java,onCreate(Bundle),method
butzist-ActivityLauncher,1,ActivityLauncherApp/src/main/java/de/szalkowski/activitylauncher/RootLauncherActivity.java,onCreate(Bundle),method
butzist-ActivityLauncher,1,ActivityLauncherApp/src/main/java/de/szalkowski/activitylauncher/SettingsActivity.java,onCreate(Bundle),method
AChep-AcDisplay,1,project/app/src/main/java/com/achep/acdisplay/ui/activities/settings/WidgetPickerActivity.java,onCreate(Bundle),method
AChep-AcDisplay,1,project/app/src/main/java/com/achep/acdisplay/ui/activities/settings/WidgetPickerActivity.java,onStart(),method
AChep-AcDisplay,1,project/app/src/main/java/com/achep/acdisplay/ui/activities/settings/WidgetPickerActivity.java,onResume(),method
AChep-AcDisplay,1,project/app/src/main/java/com/achep/acdisplay/ui/activities/settings/WidgetPickerActivity.java,onPause(),method
AChep-AcDisplay,1,project/app/src/main/java/com/achep/acdisplay/ui/activities/settings/WidgetPickerActivity.java,onStop(),method
AChep-AcDisplay,1,project/app/src/main/java/com/achep/acdisplay/ui/activities/settings/WidgetPickerActivity.java,onSaveInstanceState(Bundle),method
AChep-AcDisplay,1,project/app/src/main/java/com/achep/acdisplay/ui/activities/settings/WidgetPickerActivity.java,onRestoreInstanceState(Bundle),method
AChep-AcDisplay,1,project/app/src/main/java/com/achep/acdisplay/ui/activities/settings/WidgetPickerActivity.java,onOptionsItemSelected(MenuItem),method
AChep-AcDisplay,1,project/app/src/main/java/com/achep/acdisplay/ui/activities/settings/WidgetPickerActivity.java,onActivityResult(int ,method
butzist-ActivityLauncher,1,ActivityLauncherApp/src/main/java/de/szalkowski/activitylauncher/ActivityLauncherApp.java,onCreate(),method
AChep-AcDisplay,1,project/app/src/main/java/com/achep/acdisplay/ui/activities/tests/ShakeTestActivity.java,onCreate(Bundle),method
AChep-AcDisplay,1,project/app/src/main/java/com/achep/acdisplay/ui/activities/tests/ShakeTestActivity.java,onResume(),method
AChep-AcDisplay,1,project/app/src/main/java/com/achep/acdisplay/ui/activities/tests/ShakeTestActivity.java,onPause(),method
AChep-AcDisplay,0,project/app/src/main/java/com/achep/acdisplay/blacklist/Blacklist.java,init(Context),method
AChep-AcDisplay,0,project/app/src/main/java/com/achep/acdisplay/blacklist/Blacklist.java,saveAppConfig(Context ,method
AChep-AcDisplay,0,project/app/src/main/java/com/achep/acdisplay/blacklist/Blacklist.java,saveAppConfig(Context ,method
AChep-AcDisplay,0,project/app/src/main/java/com/achep/acdisplay/blacklist/Blacklist.java,notifyOnPut(AppConfig ,method
AChep-AcDisplay,1,project/app/src/main/java/com/achep/acdisplay/ui/animations/ProgressBarAnimation.java,applyTransformation(float ,method
AChep-AcDisplay,1,project/app/src/main/java/com/achep/acdisplay/ui/widgets/DateView.java,onAttachedToWindow(),method
AChep-AcDisplay,1,project/app/src/main/java/com/achep/acdisplay/ui/widgets/DateView.java,onDetachedFromWindow(),method
AChep-AcDisplay,1,project/app/src/main/java/com/achep/acdisplay/ui/widgets/TimeView.java,onAttachedToWindow(),method
AChep-AcDisplay,1,project/app/src/main/java/com/achep/acdisplay/ui/widgets/TimeView.java,onDetachedFromWindow(),method
bailuk-AAT-v0.8,1,src/ch/bailu/aat/preferences/SolidStaticIndexList.java,setIndex(int),method
bailuk-AAT-v0.8,1,src/ch/bailu/aat/preferences/SolidStaticIndexList.java,getIndex(),method
bailuk-AAT-v0.8,1,src/ch/bailu/aat/preferences/SolidStaticIndexList.java,getIndex(),method
AChep-AcDisplay,0,project/app/src/main/java/com/achep/acdisplay/receiver/LocalReceiverActivity.java,onCreate(Bundle),method
AChep-AcDisplay,0,project/app/src/main/java/com/achep/acdisplay/receiver/AdminReceiver.java,onDisabled(Context ,method
AChep-AcDisplay,0,project/app/src/main/java/com/achep/acdisplay/receiver/AdminReceiver.java,onEnabled(Context ,method
AChep-AcDisplay,0,project/app/src/main/java/com/achep/acdisplay/graphics/BackgroundFactory.java,onPostExecute(Bitmap),method
AChep-AcDisplay,0,project/app/src/main/java/com/achep/acdisplay/graphics/IconFactory.java,onPostExecute(Bitmap),method
AChep-AcDisplay,1,project/app/src/main/java/com/achep/acdisplay/ui/widgets/CircleView.java,onAttachedToWindow(),method
AChep-AcDisplay,1,project/app/src/main/java/com/achep/acdisplay/ui/widgets/CircleView.java,onDetachedFromWindow(),method
AChep-AcDisplay,1,project/app/src/main/java/com/achep/acdisplay/ui/widgets/ProgressBar.java,setProgress(int),method
AChep-AcDisplay,1,project/app/src/main/java/com/achep/acdisplay/ui/widgets/ProgressBar.java,setMax(int),method
AChep-AcDisplay,1,project/app/src/main/java/com/achep/acdisplay/ui/widgets/ProgressBar.java,onDraw(Canvas),method
AChep-AcDisplay,1,project/app/src/main/java/com/achep/acdisplay/ui/widgets/ProgressBar.java,onDraw(Canvas),method
AChep-AcDisplay,1,project/app/src/main/java/com/achep/acdisplay/ui/widgets/ProgressBar.java,onDraw(Canvas),method
AChep-AcDisplay,0,project/app/src/main/java/com/achep/acdisplay/notifications/OpenNotificationLollipop.java,loadBrandColor(Context),method
AChep-AcDisplay,1,project/app/src/main/java/com/achep/acdisplay/ui/widgets/notification/NotificationIconWidget.java,onFinishInflate(),method
bailuk-AAT,1,aat-lib/src/main/java/ch/bailu/aat_lib/preferences/SolidDate.java,getValue(),method
bailuk-AAT,1,aat-lib/src/main/java/ch/bailu/aat_lib/preferences/SolidDate.java,getValue(),method
AChep-AcDisplay,1,project/app/src/main/java/com/achep/acdisplay/ui/widgets/notification/NotificationIcon.java,onAttachedToWindow(),method
AChep-AcDisplay,1,project/app/src/main/java/com/achep/acdisplay/ui/widgets/notification/NotificationIcon.java,onDetachedFromWindow(),method
bailuk-AAT,1,aat-lib/src/main/java/ch/bailu/aat_lib/preferences/system/SolidDataDirectory.java,getValueAsString(),method
bailuk-AAT,1,aat-lib/src/main/java/ch/bailu/aat_lib/preferences/system/SolidDataDirectory.java,hasKey(String),method
AChep-AcDisplay,0,project/app/src/main/java/com/achep/acdisplay/notifications/OpenNotificationJellyBeanMR2.java,getStatusBarNotification(),method
AChep-AcDisplay,0,project/app/src/main/java/com/achep/acdisplay/notifications/OpenNotificationJellyBeanMR2.java,getStatusBarNotification(),method
AChep-AcDisplay,1,project/app/src/main/java/com/achep/acdisplay/ui/widgets/notification/NotificationWidget.java,onFinishInflate(),method
AChep-AcDisplay,1,project/app/src/main/java/com/achep/acdisplay/ui/widgets/notification/NotificationWidget.java,onAttachedToWindow(),method
AChep-AcDisplay,1,project/app/src/main/java/com/achep/acdisplay/ui/widgets/notification/NotificationWidget.java,onDetachedFromWindow(),method
bailuk-AAT,1,aat-lib/src/main/java/ch/bailu/aat_lib/preferences/system/SolidDataDirectoryDefault.java,getValueAsString(),method
bailuk-AAT,1,aat-lib/src/main/java/ch/bailu/aat_lib/preferences/map/SolidTileCacheDirectory.java,getValueAsString(),method
AChep-AcDisplay,1,project/app/src/main/java/com/achep/acdisplay/ui/widgets/status/NextAlarmView.java,onAttachedToWindow(),method
AChep-AcDisplay,1,project/app/src/main/java/com/achep/acdisplay/ui/widgets/status/StatusWidget.java,onFinishInflate(),method
AChep-AcDisplay,1,project/app/src/main/java/com/achep/acdisplay/ui/widgets/status/StatusWidget.java,onAttachedToWindow(),method
AChep-AcDisplay,1,project/app/src/main/java/com/achep/acdisplay/ui/widgets/status/StatusWidget.java,onDetachedFromWindow(),method
bailuk-AAT,1,aat-lib/src/main/java/ch/bailu/aat_lib/preferences/map/SolidDem3Directory.java,getValueAsString(),method
bailuk-AAT,1,aat-lib/src/main/java/ch/bailu/aat_lib/preferences/map/SolidMapsForgeDirectory.java,getValueAsString(),method
AChep-AcDisplay,1,project/app/src/main/java/com/achep/acdisplay/ui/widgets/status/BatteryMeterView.java,onAttachedToWindow(),method
AChep-AcDisplay,1,project/app/src/main/java/com/achep/acdisplay/ui/widgets/status/BatteryMeterView.java,onDetachedFromWindow(),method
AChep-AcDisplay,1,project/app/src/main/java/com/achep/acdisplay/ui/widgets/status/BatteryMeterView.java,setPadding(int ,method
AChep-AcDisplay,1,project/app/src/main/java/com/achep/acdisplay/ui/widgets/status/BatteryMeterView.java,onMeasure(int ,method
AChep-AcDisplay,1,project/app/src/main/java/com/achep/acdisplay/ui/widgets/status/BatteryMeterView.java,onDraw(Canvas),method
bailuk-AAT,1,aat-lib/src/main/java/ch/bailu/aat_lib/preferences/presets/SolidMET.java,getValueAsString(),method
AChep-AcDisplay,1,project/app/src/main/java/com/achep/acdisplay/plugins/powertoggles/ToggleReceiver.java,finalize(),method
AChep-AcDisplay,1,project/app/src/main/java/com/achep/acdisplay/providers/ToggleWidgetProvider.java,onEnabled(Context),method
AChep-AcDisplay,1,project/app/src/main/java/com/achep/acdisplay/providers/ToggleWidgetProvider.java,onDisabled(Context),method
bailuk-AAT,1,aat-lib/src/main/java/ch/bailu/aat_lib/preferences/presets/SolidPreset.java,hasKey(String),method
AChep-AcDisplay,0,project/app/src/main/java/com/achep/acdisplay/notifications/OpenNotificationJellyBean.java,load(Context),method
AChep-AcDisplay,1,project/app/src/main/java/com/achep/acdisplay/appwidget/MyAppWidgetHost.java,startListening(),method
AChep-AcDisplay,1,project/app/src/main/java/com/achep/acdisplay/appwidget/MyAppWidgetHost.java,stopListening(),method
AChep-AcDisplay,1,project/app/src/main/java/com/achep/acdisplay/appwidget/MyAppWidgetHostView.java,updateAppWidget(RemoteViews),method
AChep-AcDisplay,1,project/app/src/main/java/com/achep/acdisplay/appwidget/MyAppWidgetHostView.java,onInterceptTouchEvent(MotionEvent),method
AChep-AcDisplay,1,project/app/src/main/java/com/achep/acdisplay/appwidget/MyAppWidgetHostView.java,onTouchEvent(MotionEvent),method
AChep-AcDisplay,1,project/app/src/main/java/com/achep/acdisplay/blacklist/Blacklist.java,init(Context),method
AChep-AcDisplay,1,project/app/src/main/java/com/achep/acdisplay/blacklist/Blacklist.java,saveAppConfig(Context ,method
AChep-AcDisplay,1,project/app/src/main/java/com/achep/acdisplay/blacklist/Blacklist.java,saveAppConfig(Context ,method
AChep-AcDisplay,1,project/app/src/main/java/com/achep/acdisplay/blacklist/Blacklist.java,notifyOnPut(AppConfig ,method
AChep-AcDisplay,0,project/app/src/main/java/com/achep/acdisplay/notifications/IconFactory.java,run(),method
AChep-AcDisplay,1,project/app/src/main/java/com/achep/acdisplay/receiver/LocalReceiverActivity.java,onCreate(Bundle),method
AChep-AcDisplay,1,project/app/src/main/java/com/achep/acdisplay/receiver/AdminReceiver.java,onDisabled(Context ,method
AChep-AcDisplay,1,project/app/src/main/java/com/achep/acdisplay/receiver/AdminReceiver.java,onEnabled(Context ,method
AChep-AcDisplay,1,project/app/src/main/java/com/achep/acdisplay/graphics/BackgroundFactory.java,onPostExecute(Bitmap),method
bailuk-AAT-v0.8,1,src/ch/bailu/aat/gpx/GpxSegmentNode.java,update(Node),method
bailuk-AAT-v0.8,1,src/ch/bailu/aat/gpx/GpxPointLinkedNode.java,setPrevious(Node),method
AChep-AcDisplay,0,project/app/src/main/java/com/achep/acdisplay/services/BathService.java,onCreate(),method
AChep-AcDisplay,0,project/app/src/main/java/com/achep/acdisplay/services/BathService.java,onDestroy(),method
AChep-AcDisplay,0,project/app/src/main/java/com/achep/acdisplay/services/BathService.java,onLowMemory(),method
AChep-AcDisplay,1,project/app/src/main/java/com/achep/acdisplay/notifications/OpenNotificationLollipop.java,onLowMemory(),method
AChep-AcDisplay,1,project/app/src/main/java/com/achep/acdisplay/notifications/OpenNotificationLollipop.java,loadBrandColor(Context),method
AChep-AcDisplay,0,project/app/src/main/java/com/achep/acdisplay/services/MediaService.java,onBind(Intent),method
AChep-AcDisplay,0,project/app/src/main/java/com/achep/acdisplay/services/MediaService.java,onUnbind(Intent),method
AChep-AcDisplay,0,project/app/src/main/java/com/achep/acdisplay/services/MediaService.java,onListenerConnected(),method
AChep-AcDisplay,0,project/app/src/main/java/com/achep/acdisplay/services/KeyguardService.java,run(),method
AChep-AcDisplay,1,project/app/src/main/java/com/achep/acdisplay/notifications/OpenNotificationJellyBeanMR2.java,getStatusBarNotification(),method
AChep-AcDisplay,1,project/app/src/main/java/com/achep/acdisplay/notifications/OpenNotificationJellyBeanMR2.java,getStatusBarNotification(),method
AChep-AcDisplay,0,project/app/src/main/java/com/achep/acdisplay/services/switches/NoNotifiesSwitch.java,onCreate(),method
AChep-AcDisplay,0,project/app/src/main/java/com/achep/acdisplay/services/switches/NoNotifiesSwitch.java,onDestroy(),method
AChep-AcDisplay,0,project/app/src/main/java/com/achep/acdisplay/services/activemode/ActiveModeSensor.java,requestWakeUp(),method
bailuk-AAT-v0.8,1,src/ch/bailu/aat/gpx/writer/TrackWriter.java,writeHeader(long),method
bailuk-AAT-v0.8,1,src/ch/bailu/aat/gpx/writer/RouteWriter.java,writeHeader(long),method
AChep-AcDisplay,0,project/app/src/main/java/com/achep/acdisplay/services/activemode/ActiveModeService.java,onCreate(),method
AChep-AcDisplay,0,project/app/src/main/java/com/achep/acdisplay/services/activemode/ActiveModeService.java,onDestroy(),method
bailuk-AAT-v0.8,1,src/ch/bailu/aat/activities/NodeDetailActivity.java,onCreate(Bundle),method
bailuk-AAT-v0.8,1,src/ch/bailu/aat/activities/NodeDetailActivity.java,onDestroy(),method
bailuk-AAT-v0.8,1,src/ch/bailu/aat/activities/MapActivity.java,onCreate(Bundle),method
bailuk-AAT-v0.8,1,src/ch/bailu/aat/activities/MapActivity.java,onDestroy(),method
AChep-AcDisplay,1,project/app/src/main/java/com/achep/acdisplay/notifications/OpenNotification.java,finalize(),method
AChep-AcDisplay,0,project/app/src/main/java/com/achep/acdisplay/services/media/MediaController2Lollipop.java,onMetadataChanged(MediaMetadata),method
AChep-AcDisplay,0,project/app/src/main/java/com/achep/acdisplay/services/media/MediaController2Lollipop.java,onPlaybackStateChanged(PlaybackState),method
AChep-AcDisplay,0,project/app/src/main/java/com/achep/acdisplay/services/media/MediaController2Lollipop.java,onStart(Object...),method
AChep-AcDisplay,0,project/app/src/main/java/com/achep/acdisplay/services/media/MediaController2Lollipop.java,onStop(Object...),method
bailuk-AAT-v0.8,1,src/ch/bailu/aat/activities/SplitViewActivity.java,onCreate(Bundle),method
bailuk-AAT-v0.8,1,src/ch/bailu/aat/activities/SplitViewActivity.java,onDestroy(),method
bailuk-AAT-v0.8,1,src/ch/bailu/aat/activities/TrackerActivity.java,onCreate(Bundle),method
bailuk-AAT-v0.8,1,src/ch/bailu/aat/activities/TrackerActivity.java,onDestroy(),method
bailuk-AAT-v0.8,1,src/ch/bailu/aat/activities/FileContentActivity.java,onCreate(Bundle),method
bailuk-AAT-v0.8,1,src/ch/bailu/aat/activities/FileContentActivity.java,onPause(),method
bailuk-AAT-v0.8,1,src/ch/bailu/aat/activities/FileContentActivity.java,onDestroy(),method
AChep-AcDisplay,0,project/app/src/main/java/com/achep/acdisplay/services/media/MediaController2KitKat.java,onStart(Object...),method
AChep-AcDisplay,0,project/app/src/main/java/com/achep/acdisplay/services/media/MediaController2KitKat.java,onStop(Object...),method
AChep-AcDisplay,0,project/app/src/main/java/com/achep/acdisplay/services/media/MediaController2KitKat.java,updatePlaybackState(int),method
bailuk-AAT-v0.8,1,src/ch/bailu/aat/activities/MapFeatureListActivity.java,onCreate(Bundle),method
bailuk-AAT-v0.8,1,src/ch/bailu/aat/activities/StatusActivity.java,onCreate(Bundle),method
AChep-AcDisplay,1,project/app/src/main/java/com/achep/acdisplay/notifications/OpenNotificationJellyBean.java,load(Context),method
bailuk-AAT-v0.8,1,src/ch/bailu/aat/activities/GpxEditorActivity.java,onCreate(Bundle),method
bailuk-AAT-v0.8,1,src/ch/bailu/aat/activities/GpxEditorActivity.java,onDestroy(),method
bailuk-AAT-v0.8,1,src/ch/bailu/aat/activities/GpxEditorActivity.java,onPause(),method
bailuk-AAT-v0.8,1,src/ch/bailu/aat/activities/OverpassActivity.java,onClick(View),method
bailuk-AAT-v0.8,1,src/ch/bailu/aat/activities/ReadmeActivity.java,onCreate(Bundle),method
bailuk-AAT-v0.8,1,src/ch/bailu/aat/activities/DetailActivity.java,onCreate(Bundle),method
bailuk-AAT-v0.8,1,src/ch/bailu/aat/activities/DetailActivity.java,onDestroy(),method
bailuk-AAT-v0.8,1,src/ch/bailu/aat/activities/AboutActivity.java,onCreate(Bundle),method
bailuk-AAT,1,aat-lib/src/main/java/ch/bailu/aat_lib/dispatcher/IteratorSource.java,onPause(),method
bailuk-AAT,1,aat-lib/src/main/java/ch/bailu/aat_lib/dispatcher/IteratorSource.java,onResume(),method
bailuk-AAT,1,aat-lib/src/main/java/ch/bailu/aat_lib/dispatcher/IteratorSource.java,getInfo(),method
bailuk-AAT-v0.8,1,src/ch/bailu/aat/activities/MapFeaturesActivity.java,onCreate(Bundle),method
bailuk-AAT-v0.8,1,src/ch/bailu/aat/activities/MapFeaturesActivity.java,onDestroy(),method
bailuk-AAT-v0.8,1,src/ch/bailu/aat/activities/OverlayListActivity.java,onResume(),method
bailuk-AAT-v0.8,1,src/ch/bailu/aat/activities/AbsServiceLink.java,onDestroy(),method
AChep-AcDisplay,0,project/app/src/main/java/com/achep/base/ui/fragments/PreferenceFragment.java,onAttach(Activity),method
AChep-AcDisplay,0,project/app/src/main/java/com/achep/base/ui/fragments/PreferenceFragment.java,onViewCreated(View ,method
AChep-AcDisplay,0,project/app/src/main/java/com/achep/base/ui/fragments/PreferenceFragment.java,onResume(),method
AChep-AcDisplay,0,project/app/src/main/java/com/achep/base/ui/fragments/PreferenceFragment.java,onPause(),method
AChep-AcDisplay,1,project/app/src/main/java/com/achep/acdisplay/notifications/IconFactory.java,run(),method
AChep-AcDisplay,0,project/app/src/main/java/com/achep/base/ui/fragments/DashboardFragment.java,onResume(),method
bailuk-AAT-v0.8,1,src/ch/bailu/aat/activities/AbsOsmApiActivity.java,onCreate(Bundle),method
bailuk-AAT-v0.8,1,src/ch/bailu/aat/activities/AbsOsmApiActivity.java,onDestroy(),method
bailuk-AAT-v0.8,1,src/ch/bailu/aat/activities/AbsOsmApiActivity.java,bgOnProcess(),method
bailuk-AAT-v0.8,1,src/ch/bailu/aat/activities/MainActivity.java,onCreate(Bundle),method
bailuk-AAT-v0.8,1,src/ch/bailu/aat/activities/MainActivity.java,onDestroy(),method
bailuk-AAT-v0.8,1,src/ch/bailu/aat/activities/AbsDispatcher.java,onCreate(Bundle),method
bailuk-AAT-v0.8,1,src/ch/bailu/aat/activities/AbsDispatcher.java,onResume(),method
bailuk-AAT-v0.8,1,src/ch/bailu/aat/activities/AbsDispatcher.java,onPause(),method
bailuk-AAT-v0.8,1,src/ch/bailu/aat/activities/AbsDispatcher.java,onDestroy(),method
AChep-AcDisplay,0,project/app/src/main/java/com/achep/base/ui/fragments/PreferenceFragmentBase.java,onCreate(Bundle),method
AChep-AcDisplay,0,project/app/src/main/java/com/achep/base/ui/fragments/PreferenceFragmentBase.java,onActivityCreated(Bundle),method
AChep-AcDisplay,0,project/app/src/main/java/com/achep/base/ui/fragments/PreferenceFragmentBase.java,onStart(),method
AChep-AcDisplay,0,project/app/src/main/java/com/achep/base/ui/fragments/PreferenceFragmentBase.java,onStop(),method
AChep-AcDisplay,0,project/app/src/main/java/com/achep/base/ui/fragments/PreferenceFragmentBase.java,onDestroyView(),method
AChep-AcDisplay,0,project/app/src/main/java/com/achep/base/ui/fragments/PreferenceFragmentBase.java,onDestroy(),method
AChep-AcDisplay,0,project/app/src/main/java/com/achep/base/ui/fragments/PreferenceFragmentBase.java,onSaveInstanceState(Bundle),method
AChep-AcDisplay,0,project/app/src/main/java/com/achep/base/ui/fragments/PreferenceFragmentBase.java,onActivityResult(int ,method
bailuk-AAT-v0.8,1,src/ch/bailu/aat/activities/HtmlViewActivity.java,onCreate(Bundle),method
AChep-AcDisplay,1,project/app/src/main/java/com/achep/acdisplay/services/BathService.java,onCreate(),method
AChep-AcDisplay,1,project/app/src/main/java/com/achep/acdisplay/services/BathService.java,onLowMemory(),method
AChep-AcDisplay,1,project/app/src/main/java/com/achep/acdisplay/services/BathService.java,onDestroy(),method
bailuk-AAT-v0.8,1,src/ch/bailu/aat/activities/AbsActivity.java,onCreate(Bundle),method
bailuk-AAT-v0.8,1,src/ch/bailu/aat/activities/AbsActivity.java,onDestroy(),method
bailuk-AAT-v0.8,1,src/ch/bailu/aat/activities/AbsActivity.java,onPause(),method
bailuk-AAT-v0.8,1,src/ch/bailu/aat/activities/AbsActivity.java,onResume(),method
bailuk-AAT-v0.8,1,src/ch/bailu/aat/activities/AbsActivity.java,finalize(),method
bailuk-AAT-v0.8,1,src/ch/bailu/aat/activities/PreferencesActivity.java,onCreate(Bundle),method
bailuk-AAT-v0.8,1,src/ch/bailu/aat/activities/PreferencesActivity.java,onDestroy(),method
bailuk-AAT-v0.8,1,src/ch/bailu/aat/activities/PreferencesActivity.java,onResume(),method
bailuk-AAT-v0.8,1,src/ch/bailu/aat/activities/PreferencesActivity.java,onPause(),method
bailuk-AAT-v0.8,1,src/ch/bailu/aat/activities/TrackListActivity.java,onDestroy(),method
AChep-AcDisplay,1,project/app/src/main/java/com/achep/acdisplay/services/MediaService.java,onBind(Intent),method
AChep-AcDisplay,1,project/app/src/main/java/com/achep/acdisplay/services/MediaService.java,onUnbind(Intent),method
AChep-AcDisplay,1,project/app/src/main/java/com/achep/acdisplay/services/MediaService.java,onListenerConnected(),method
bailuk-AAT-v0.8,1,src/ch/bailu/aat/activities/AbsHtmlViewActivity.java,onCreate(Bundle),method
AChep-AcDisplay,0,project/app/src/main/java/com/achep/base/ui/fragments/dialogs/DonateDialog.java,onAttach(Activity),method
AChep-AcDisplay,0,project/app/src/main/java/com/achep/base/ui/fragments/dialogs/DonateDialog.java,onCreate(Bundle),method
AChep-AcDisplay,0,project/app/src/main/java/com/achep/base/ui/fragments/dialogs/DonateDialog.java,onStart(),method
AChep-AcDisplay,0,project/app/src/main/java/com/achep/base/ui/fragments/dialogs/DonateDialog.java,onStop(),method
AChep-AcDisplay,0,project/app/src/main/java/com/achep/base/ui/fragments/dialogs/DonateDialog.java,onError(int ,method
bailuk-AAT-v0.8,1,src/ch/bailu/aat/activities/TestActivity.java,onCreate(Bundle),method
bailuk-AAT-v0.8,1,src/ch/bailu/aat/activities/TestActivity.java,onDestroy(),method
AChep-AcDisplay,0,project/app/src/main/java/com/achep/base/ui/fragments/dialogs/AboutDialog.java,onAttach(Activity),method
AChep-AcDisplay,0,project/app/src/main/java/com/achep/base/ui/fragments/dialogs/HelpDialog.java,onResume(),method
AChep-AcDisplay,0,project/app/src/main/java/com/achep/base/ui/fragments/dialogs/HelpDialog.java,onPause(),method
bailuk-AAT-v0.8,1,src/ch/bailu/aat/activities/AbsGpxListActivity.java,onCreate(Bundle),method
bailuk-AAT-v0.8,1,src/ch/bailu/aat/activities/AbsGpxListActivity.java,onDestroy(),method
bailuk-AAT-v0.8,1,src/ch/bailu/aat/activities/AbsGpxListActivity.java,onResume(),method
bailuk-AAT-v0.8,1,src/ch/bailu/aat/activities/AbsGpxListActivity.java,onCreateContextMenu(ContextMenu ,method
AChep-AcDisplay,1,project/app/src/main/java/com/achep/acdisplay/services/KeyguardService.java,onCreate(),method
AChep-AcDisplay,1,project/app/src/main/java/com/achep/acdisplay/services/KeyguardService.java,onDestroy(),method
AChep-AcDisplay,1,project/app/src/main/java/com/achep/acdisplay/services/KeyguardService.java,run(),method
AChep-AcDisplay,1,project/app/src/main/java/com/achep/acdisplay/services/KeyguardService.java,finalize(),method
AChep-AcDisplay,0,project/app/src/main/java/com/achep/base/ui/fragments/dialogs/PermissionsDialog.java,onCreate(Bundle),method
AChep-AcDisplay,0,project/app/src/main/java/com/achep/base/ui/fragments/dialogs/PermissionsDialog.java,onResume(),method
bailuk-AAT-v0.8,1,src/ch/bailu/aat/activities/AbsMenu.java,onCreate(Bundle),method
AChep-AcDisplay,1,project/app/src/main/java/com/achep/acdisplay/services/switches/WeakNotifiesSwitch.java,onCreate(),method
AChep-AcDisplay,1,project/app/src/main/java/com/achep/acdisplay/services/switches/WeakNotifiesSwitch.java,onDestroy(),method
AChep-AcDisplay,0,project/app/src/main/java/com/achep/base/ui/fragments/dialogs/FeedbackDialog.java,onResume(),method
AChep-AcDisplay,0,project/app/src/main/java/com/achep/base/ui/fragments/dialogs/FeedbackDialog.java,onPause(),method
AChep-AcDisplay,1,project/app/src/main/java/com/achep/acdisplay/services/switches/NoNotifiesSwitch.java,onCreate(),method
AChep-AcDisplay,1,project/app/src/main/java/com/achep/acdisplay/services/switches/NoNotifiesSwitch.java,onDestroy(),method
AChep-AcDisplay,0,project/app/src/main/java/com/achep/base/ui/drawables/TransformationDrawable.java,onBoundsChange(Rect),method
AChep-AcDisplay,1,project/app/src/main/java/com/achep/acdisplay/services/switches/PhoneCallSwitch.java,onCallStateChanged(int ,method
AChep-AcDisplay,0,project/app/src/main/java/com/achep/base/ui/drawables/RippleDrawable2.java,setColorFilter(ColorFilter),method
bailuk-AAT,1,aat-lib/src/main/java/ch/bailu/aat_lib/xml/writer/TrackWriter.java,writeHeader(long),method
bailuk-AAT-v0.8,1,src/ch/bailu/aat/views/TagEditor.java,onDetachedFromWindow(),method
bailuk-AAT,1,aat-lib/src/main/java/ch/bailu/aat_lib/xml/writer/RouteWriter.java,writeHeader(long),method
AChep-AcDisplay,1,project/app/src/main/java/com/achep/acdisplay/services/activemode/ActiveModeSensor.java,requestWakeUp(),method
AChep-AcDisplay,0,project/app/src/main/java/com/achep/base/ui/activities/ActivityBase.java,onCreate(Bundle),method
AChep-AcDisplay,0,project/app/src/main/java/com/achep/base/ui/activities/ActivityBase.java,onStart(),method
AChep-AcDisplay,0,project/app/src/main/java/com/achep/base/ui/activities/ActivityBase.java,onStop(),method
AChep-AcDisplay,0,project/app/src/main/java/com/achep/base/ui/activities/ActivityBase.java,onDestroy(),method
AChep-AcDisplay,0,project/app/src/main/java/com/achep/base/ui/activities/ActivityBase.java,onActivityResult(int ,method
bailuk-AAT-v0.8,1,src/ch/bailu/aat/views/DbSynchronizerBusyIndicator.java,onDetachedFromWindow(),method
bailuk-AAT-v0.8,1,src/ch/bailu/aat/views/MultiView.java,onDetachedFromWindow(),method
bailuk-AAT-v0.8,1,src/ch/bailu/aat/views/GpxListSummaryView.java,onDetachedFromWindow(),method
AChep-AcDisplay,1,project/app/src/main/java/com/achep/acdisplay/services/activemode/ActiveModeService.java,onCreate(),method
AChep-AcDisplay,1,project/app/src/main/java/com/achep/acdisplay/services/activemode/ActiveModeService.java,onDestroy(),method
bailuk-AAT-v0.8,1,src/ch/bailu/aat/views/SummaryListView.java,onMeasure(int ,method
bailuk-AAT-v0.8,1,src/ch/bailu/aat/views/SummaryListView.java,onMeasure(int ,method
AChep-AcDisplay,0,project/app/src/main/java/com/achep/base/ui/activities/SettingsActivity.java,onCreate(Bundle),method
AChep-AcDisplay,0,project/app/src/main/java/com/achep/base/ui/activities/SettingsActivity.java,onSaveInstanceState(Bundle),method
AChep-AcDisplay,0,project/app/src/main/java/com/achep/base/ui/activities/SettingsActivity.java,getIntent(),method
AChep-AcDisplay,0,project/app/src/main/java/com/achep/base/ui/activities/SettingsActivity.java,shouldUpRecreateTask(Intent),method
bailuk-AAT-v0.8,1,src/ch/bailu/aat/views/ControlBar.java,ControlBar(Context  int  int),constructor
AChep-AcDisplay,0,project/app/src/main/java/com/achep/base/ui/widgets/DashboardTileView.java,onFinishInflate(),method
bailuk-AAT-v0.8,1,src/ch/bailu/aat/views/GpxListEntryView.java,onAttachedToWindow(),method
bailuk-AAT-v0.8,1,src/ch/bailu/aat/views/GpxListEntryView.java,onDetachedFromWindow(),method
AChep-AcDisplay,0,project/app/src/main/java/com/achep/base/ui/widgets/SwitchBar.java,onFinishInflate(),method
AChep-AcDisplay,0,project/app/src/main/java/com/achep/base/ui/widgets/SwitchBar.java,onAttachedToWindow(),method
AChep-AcDisplay,1,project/app/src/main/java/com/achep/acdisplay/services/media/MediaController2Lollipop.java,onMetadataChanged(MediaMetadata),method
AChep-AcDisplay,1,project/app/src/main/java/com/achep/acdisplay/services/media/MediaController2Lollipop.java,onPlaybackStateChanged(PlaybackState),method
AChep-AcDisplay,1,project/app/src/main/java/com/achep/acdisplay/services/media/MediaController2Lollipop.java,onStart(Object...),method
AChep-AcDisplay,1,project/app/src/main/java/com/achep/acdisplay/services/media/MediaController2Lollipop.java,onStop(Object...),method
AChep-AcDisplay,0,project/app/src/main/java/com/achep/base/ui/widgets/HeaderGridView.java,onMeasure(int ,method
AChep-AcDisplay,0,project/app/src/main/java/com/achep/base/ui/widgets/HeaderGridView.java,setAdapter(ListAdapter),method
AChep-AcDisplay,0,project/app/src/main/java/com/achep/base/ui/widgets/HeaderGridView.java,setAdapter(ListAdapter),method
AChep-AcDisplay,0,project/app/src/main/java/com/achep/base/ui/widgets/HeaderGridView.java,onMeasure(int ,method
bailuk-AAT,1,aat-lib/src/main/java/ch/bailu/aat_lib/map/tile/MapsForgeTileLayerStack.java,setDisplayModel(DisplayModel),method
AChep-AcDisplay,0,project/app/src/main/java/com/achep/base/async/WeakHandler.java,handleMessage(Message),method
bailuk-AAT-v0.8,1,src/ch/bailu/aat/views/GpxListView.java,onDetachedFromWindow(),method
AChep-AcDisplay,0,project/app/src/main/java/com/achep/base/async/AsyncTask.java,onPostExecute(String[]),method
AChep-AcDisplay,1,project/app/src/main/java/com/achep/acdisplay/services/media/MediaController2Ics.java,onStart(Object...),method
AChep-AcDisplay,1,project/app/src/main/java/com/achep/acdisplay/services/media/MediaController2Ics.java,onStop(Object...),method
AChep-AcDisplay,1,project/app/src/main/java/com/achep/acdisplay/services/media/MediaController2Ics.java,updatePlaybackState(int),method
bailuk-AAT-v0.8,1,src/ch/bailu/aat/views/graph/AltitudeColorTable.java,getColor(int),method
bailuk-AAT-v0.8,1,src/ch/bailu/aat/views/graph/AltitudeColorTable.java,calculateColor(int ,method
AChep-AcDisplay,1,project/app/src/main/java/com/achep/acdisplay/services/media/MediaController2KitKat.java,onStart(Object...),method
AChep-AcDisplay,1,project/app/src/main/java/com/achep/acdisplay/services/media/MediaController2KitKat.java,onStop(Object...),method
AChep-AcDisplay,1,project/app/src/main/java/com/achep/acdisplay/services/media/MediaController2KitKat.java,updatePlaybackState(int),method
bailuk-AAT-v0.8,1,src/ch/bailu/aat/views/map/OsmViewStatic.java,updateGpxContent(GpxInformation),method
bailuk-AAT-v0.8,1,src/ch/bailu/aat/views/map/DynTileProvider.java,detach(),method
bailuk-AAT-v0.8,1,src/ch/bailu/aat/views/map/CachedTileProvider.java,setSubTileSource(TileObject.Source[] ,method
AChep-AcDisplay,1,project/app/src/main/java/com/achep/base/ui/preferences/MaterialDialogPreference.java,onPositive(MaterialDialog),method
AChep-AcDisplay,1,project/app/src/main/java/com/achep/base/ui/preferences/MaterialDialogPreference.java,onNegative(MaterialDialog),method
bailuk-AAT-v0.8,1,src/ch/bailu/aat/views/map/AbsOsmView.java,onDetachedFromWindow(),method
bailuk-AAT-v0.8,1,src/ch/bailu/aat/views/map/OsmInteractiveView.java,onDetachedFromWindow(),method
bailuk-AAT-v0.8,1,src/ch/bailu/aat/views/map/OsmInteractiveView.java,updateGpxContent(GpxInformation),method
AChep-AcDisplay,1,project/app/src/main/java/com/achep/base/ui/fragments/PreferenceFragment.java,onAttach(Activity),method
AChep-AcDisplay,1,project/app/src/main/java/com/achep/base/ui/fragments/PreferenceFragment.java,onViewCreated(View ,method
AChep-AcDisplay,1,project/app/src/main/java/com/achep/base/ui/fragments/PreferenceFragment.java,onResume(),method
AChep-AcDisplay,1,project/app/src/main/java/com/achep/base/ui/fragments/PreferenceFragment.java,onPause(),method
bailuk-AAT,1,aat-lib/src/main/java/ch/bailu/aat_lib/map/layer/gpx/legend/MarkerSpeedWalker.java,doList(GpxList),method
bailuk-AAT,1,aat-lib/src/main/java/ch/bailu/aat_lib/map/layer/gpx/legend/PointNameWalker.java,doList(GpxList),method
bailuk-AAT,1,aat-lib/src/main/java/ch/bailu/aat_lib/map/layer/gpx/legend/PointDistanceWalker.java,doList(GpxList),method
AChep-AcDisplay,1,project/app/src/main/java/com/achep/base/ui/fragments/DashboardFragment.java,onResume(),method
bailuk-AAT,1,aat-lib/src/main/java/ch/bailu/aat_lib/map/layer/gpx/legend/MarkerDistanceWalker.java,doList(GpxList),method
bailuk-AAT,1,aat-lib/src/main/java/ch/bailu/aat_lib/map/layer/gpx/legend/SegmentIndexWalker.java,doList(GpxList),method
bailuk-AAT,1,aat-lib/src/main/java/ch/bailu/aat_lib/map/layer/gpx/legend/PointIndexWalker.java,doList(GpxList),method
AChep-AcDisplay,1,project/app/src/main/java/com/achep/base/ui/fragments/PreferenceFragmentBase.java,onCreate(Bundle),method
AChep-AcDisplay,1,project/app/src/main/java/com/achep/base/ui/fragments/PreferenceFragmentBase.java,onActivityCreated(Bundle),method
AChep-AcDisplay,1,project/app/src/main/java/com/achep/base/ui/fragments/PreferenceFragmentBase.java,onStart(),method
AChep-AcDisplay,1,project/app/src/main/java/com/achep/base/ui/fragments/PreferenceFragmentBase.java,onStop(),method
AChep-AcDisplay,1,project/app/src/main/java/com/achep/base/ui/fragments/PreferenceFragmentBase.java,onDestroyView(),method
AChep-AcDisplay,1,project/app/src/main/java/com/achep/base/ui/fragments/PreferenceFragmentBase.java,onDestroy(),method
AChep-AcDisplay,1,project/app/src/main/java/com/achep/base/ui/fragments/PreferenceFragmentBase.java,onSaveInstanceState(Bundle),method
AChep-AcDisplay,1,project/app/src/main/java/com/achep/base/ui/fragments/PreferenceFragmentBase.java,onActivityResult(int ,method
AChep-AcDisplay,1,project/app/src/main/java/com/achep/base/ui/fragments/leakcanary/LeakWatchDialogFragment.java,onDestroy(),method
AChep-AcDisplay,1,project/app/src/main/java/com/achep/base/ui/fragments/leakcanary/LeakWatchFragment.java,onDestroy(),method
bailuk-AAT,1,aat-lib/src/main/java/ch/bailu/aat_lib/map/layer/grid/CH1903CenterCoordinatesLayer.java,drawForeground(MapContext),method
bailuk-AAT,1,aat-lib/src/main/java/ch/bailu/aat_lib/map/layer/grid/CH1903GridLayer.java,drawInside(MapContext),method
bailuk-AAT,1,aat-lib/src/main/java/ch/bailu/aat_lib/map/layer/grid/CH1903GridLayer.java,drawForeground(MapContext),method
AChep-AcDisplay,1,project/app/src/main/java/com/achep/base/ui/fragments/dialogs/DonateDialog.java,onAttach(Activity),method
AChep-AcDisplay,1,project/app/src/main/java/com/achep/base/ui/fragments/dialogs/DonateDialog.java,onCreate(Bundle),method
AChep-AcDisplay,1,project/app/src/main/java/com/achep/base/ui/fragments/dialogs/DonateDialog.java,onStart(),method
AChep-AcDisplay,1,project/app/src/main/java/com/achep/base/ui/fragments/dialogs/DonateDialog.java,onStop(),method
AChep-AcDisplay,1,project/app/src/main/java/com/achep/base/ui/fragments/dialogs/DonateDialog.java,onError(int ,method
AChep-AcDisplay,1,project/app/src/main/java/com/achep/base/ui/fragments/dialogs/AboutDialog.java,onAttach(Activity),method
bailuk-AAT,1,aat-lib/src/main/java/ch/bailu/aat_lib/description/AveragePaceDescriptionAP.java,getLabelShort(),method
AChep-AcDisplay,1,project/app/src/main/java/com/achep/base/ui/fragments/dialogs/HelpDialog.java,onResume(),method
AChep-AcDisplay,1,project/app/src/main/java/com/achep/base/ui/fragments/dialogs/HelpDialog.java,onPause(),method
bailuk-AAT-v0.8,1,src/ch/bailu/aat/views/map/overlay/gpx/legend/MarkerSpeedWalker.java,doList(GpxList),method
AChep-AcDisplay,1,project/app/src/main/java/com/achep/base/ui/fragments/dialogs/PermissionsDialog.java,onCreate(Bundle),method
bailuk-AAT,1,aat-lib/src/main/java/ch/bailu/aat_lib/description/PredictiveTimeDescription.java,getUnit(),method
AChep-AcDisplay,1,project/app/src/main/java/com/achep/base/ui/fragments/dialogs/PermissionsDialog.java,onResume(),method
bailuk-AAT,1,aat-lib/src/main/java/ch/bailu/aat_lib/description/PredictiveTimeDescription.java,getUnit(),method
bailuk-AAT,1,aat-lib/src/main/java/ch/bailu/aat_lib/description/PredictiveTimeDescription.java,getUnit(),method
bailuk-AAT,1,aat-lib/src/main/java/ch/bailu/aat_lib/description/PredictiveTimeDescription.java,onContentUpdated(int ,method
bailuk-AAT-v0.8,1,src/ch/bailu/aat/views/map/overlay/gpx/legend/PointNameWalker.java,doList(GpxList),method
bailuk-AAT,1,aat-lib/src/main/java/ch/bailu/aat_lib/description/AltitudeConfigurationDescription.java,onContentUpdated(int ,method
bailuk-AAT,1,aat-lib/src/main/java/ch/bailu/aat_lib/description/AltitudeConfigurationDescription.java,getLabel(),method
bailuk-AAT-v0.8,1,src/ch/bailu/aat/views/map/overlay/gpx/legend/PointDistanceWalker.java,doList(GpxList),method
bailuk-AAT-v0.8,1,src/ch/bailu/aat/views/map/overlay/gpx/legend/MarkerDistanceWalker.java,doList(GpxList),method
bailuk-AAT-v0.8,1,src/ch/bailu/aat/views/map/overlay/gpx/legend/SegmentIndexWalker.java,doList(GpxList),method
bailuk-AAT-v0.8,1,src/ch/bailu/aat/views/map/overlay/gpx/legend/PointIndexWalker.java,doList(GpxList),method
bailuk-AAT-v0.8,1,src/ch/bailu/aat/views/map/overlay/gpx/legend/PointAltitudeWalker.java,doList(GpxList),method
AChep-AcDisplay,1,project/app/src/main/java/com/achep/base/ui/fragments/dialogs/FeedbackDialog.java,onResume(),method
AChep-AcDisplay,1,project/app/src/main/java/com/achep/base/ui/fragments/dialogs/FeedbackDialog.java,onPause(),method
bailuk-AAT-v0.8,1,src/ch/bailu/aat/views/map/overlay/control/NavigationBarOverlay.java,onClick(View),method
AChep-AcDisplay,1,project/app/src/main/java/com/achep/base/ui/drawables/TransformationDrawable.java,onBoundsChange(Rect),method
bailuk-AAT-v0.8,1,src/ch/bailu/aat/views/map/overlay/control/EditorOverlay.java,onClick(View),method
bailuk-AAT-v0.8,1,src/ch/bailu/aat/views/map/overlay/control/EditorOverlay.java,hideBar(),method
AChep-AcDisplay,1,project/app/src/main/java/com/achep/base/ui/drawables/RippleDrawable2.java,setColorFilter(ColorFilter),method
bailuk-AAT-v0.8,1,src/ch/bailu/aat/views/map/overlay/control/InformationBarOverlay.java,onClick(View),method
bailuk-AAT-v0.8,1,src/ch/bailu/aat/views/map/overlay/control/InformationBarOverlay.java,hideBar(),method
bailuk-AAT,1,aat-lib/src/main/java/ch/bailu/aat_lib/description/AverageSpeedDescriptionAP.java,getLabelShort(),method
bailuk-AAT-v0.8,1,src/ch/bailu/aat/views/map/overlay/control/ControlBarOverlay.java,onSharedPreferenceChanged(String),method
bailuk-AAT-v0.8,1,src/ch/bailu/aat/views/map/overlay/editor/EditorNodeSelectorOverlay.java,setSelectedNode(GpxInformation ,method
AChep-AcDisplay,1,project/app/src/main/java/com/achep/base/ui/activities/ActivityBaseStock.java,onCreate(Bundle),method
AChep-AcDisplay,1,project/app/src/main/java/com/achep/base/ui/activities/ActivityBaseStock.java,onStart(),method
AChep-AcDisplay,1,project/app/src/main/java/com/achep/base/ui/activities/ActivityBaseStock.java,onStop(),method
AChep-AcDisplay,1,project/app/src/main/java/com/achep/base/ui/activities/ActivityBaseStock.java,onDestroy(),method
AChep-AcDisplay,1,project/app/src/main/java/com/achep/base/ui/activities/ActivityBaseStock.java,onActivityResult(int ,method
bailuk-AAT,1,aat-lib/src/main/java/ch/bailu/aat_lib/description/SensorStateDescription.java,onContentUpdated(int ,method
bailuk-AAT-v0.8,1,src/ch/bailu/aat/views/map/overlay/grid/CH1903GridOverlay.java,draw(MapPainter),method
AChep-AcDisplay,1,project/app/src/main/java/com/achep/base/ui/activities/ActivityBaseInternal.java,finalize(),method
AChep-AcDisplay,1,project/app/src/main/java/com/achep/base/ui/activities/ActivityBase.java,onCreate(Bundle),method
AChep-AcDisplay,1,project/app/src/main/java/com/achep/base/ui/activities/ActivityBase.java,onStart(),method
AChep-AcDisplay,1,project/app/src/main/java/com/achep/base/ui/activities/ActivityBase.java,onStop(),method
AChep-AcDisplay,1,project/app/src/main/java/com/achep/base/ui/activities/ActivityBase.java,onDestroy(),method
AChep-AcDisplay,1,project/app/src/main/java/com/achep/base/ui/activities/ActivityBase.java,onActivityResult(int ,method
AChep-AcDisplay,1,project/app/src/main/java/com/achep/base/ui/activities/SettingsActivity.java,onCreate(Bundle),method
AChep-AcDisplay,1,project/app/src/main/java/com/achep/base/ui/activities/SettingsActivity.java,onSaveInstanceState(Bundle),method
AChep-AcDisplay,1,project/app/src/main/java/com/achep/base/ui/activities/SettingsActivity.java,getIntent(),method
AChep-AcDisplay,1,project/app/src/main/java/com/achep/base/ui/activities/SettingsActivity.java,shouldUpRecreateTask(Intent),method
AChep-AcDisplay,1,project/app/src/main/java/com/achep/base/ui/animations/AnimatorListenerAdapter.java,onAnimationStart(Animator),method
AChep-AcDisplay,1,project/app/src/main/java/com/achep/base/ui/animations/AnimatorListenerAdapter.java,onAnimationCancel(Animator),method
bailuk-AAT,1,aat-lib/src/main/java/ch/bailu/aat_lib/gpx/GpxSegmentNode.java,update(Node),method
bailuk-AAT,1,aat-lib/src/main/java/ch/bailu/aat_lib/gpx/GpxPointLinkedNode.java,setPrevious(Node),method
AChep-AcDisplay,1,project/app/src/main/java/com/achep/base/ui/widgets/DashboardTileView.java,onFinishInflate(),method
AChep-AcDisplay,1,project/app/src/main/java/com/achep/base/ui/widgets/SwitchBar.java,onFinishInflate(),method
bailuk-AAT-v0.8,1,src/ch/bailu/aat/services/AbsService.java,finalize(),method
bailuk-AAT-v0.8,1,src/ch/bailu/aat/services/AbsService.java,onCreate(),method
bailuk-AAT-v0.8,1,src/ch/bailu/aat/services/AbsService.java,onDestroy(),method
AChep-AcDisplay,0,project/app/src/main/java/com/achep/snake/GameView.java,onWindowFocusChanged(boolean),method
AChep-AcDisplay,0,project/app/src/main/java/com/achep/snake/GameView.java,onTouchEvent(MotionEvent),method
AChep-AcDisplay,0,project/app/src/main/java/com/achep/snake/GameView.java,onDraw(Canvas),method
AChep-AcDisplay,0,project/app/src/main/java/com/achep/snake/GameView.java,onSizeChanged(int ,method
AChep-AcDisplay,1,project/app/src/main/java/com/achep/base/ui/widgets/HeaderGridView.java,onMeasure(int ,method
AChep-AcDisplay,1,project/app/src/main/java/com/achep/base/ui/widgets/HeaderGridView.java,setAdapter(ListAdapter),method
AChep-AcDisplay,1,project/app/src/main/java/com/achep/base/ui/widgets/HeaderGridView.java,setAdapter(ListAdapter),method
AChep-AcDisplay,1,project/app/src/main/java/com/achep/base/ui/widgets/HeaderGridView.java,onMeasure(int ,method
AChep-AcDisplay,1,project/app/src/main/java/com/achep/base/async/WeakHandler.java,handleMessage(Message),method
bailuk-AAT,1,aat-lib/src/main/java/ch/bailu/aat_lib/gpx/attributes/MaxSpeed.java,getAsFloat(int),method
AChep-AcDisplay,1,project/app/src/main/java/com/achep/base/async/TaskQueueThread.java,run(),method
AChep-AcDisplay,0,project/app/src/main/java/com/achep/snake/Logic.java,handleMessage(Message),method
AChep-AcDisplay,0,project/app/src/main/java/com/achep/snake/MainActivity.java,onWindowFocusChanged(boolean),method
AChep-AcDisplay,0,project/app/src/main/java/com/achep/snake/MainActivity.java,onCreate(Bundle),method
AChep-AcDisplay,0,project/app/src/main/java/com/achep/snake/MainActivity.java,onResume(),method
AChep-AcDisplay,0,project/app/src/main/java/com/achep/snake/MainActivity.java,onPause(),method
AChep-AcDisplay,0,project/app/src/main/java/com/achep/snake/MainActivity.java,onKeyDown(int ,method
AChep-AcDisplay,1,project/app/src/main/java/com/achep/base/async/AsyncTask.java,onPostExecute(String[]),method
bailuk-AAT,1,aat-lib/src/main/java/ch/bailu/aat_lib/gpx/attributes/PowerAttributes.java,get(int),method
bailuk-AAT,1,aat-lib/src/main/java/ch/bailu/aat_lib/gpx/attributes/PowerAttributes.java,getAsBoolean(int),method
AChep-AcDisplay,0,project/app/src/main/java/com/achep/snake/ControllerView.java,onFinishInflate(),method
bailuk-AAT,1,aat-lib/src/main/java/ch/bailu/aat_lib/gpx/attributes/AltitudeDelta.java,getAsFloat(int),method
bailuk-AAT,1,aat-lib/src/main/java/ch/bailu/aat_lib/gpx/attributes/AltitudeDelta.java,getAsInteger(int),method
bailuk-AAT-v0.8,1,src/ch/bailu/aat/services/background/BackgroundService.java,onCreate(),method
bailuk-AAT-v0.8,1,src/ch/bailu/aat/services/background/BackgroundService.java,onDestroy(),method
bailuk-AAT-v0.8,1,src/ch/bailu/aat/services/background/BackgroundService.java,appendStatusText(StringBuilder),method
bailuk-AAT,1,aat-lib/src/main/java/ch/bailu/aat_lib/gpx/attributes/GpxListAttributes.java,getAsFloat(int),method
bailuk-AAT,1,aat-lib/src/main/java/ch/bailu/aat_lib/gpx/attributes/GpxListAttributes.java,getAsLong(int),method
bailuk-AAT,1,aat-lib/src/main/java/ch/bailu/aat_lib/gpx/attributes/GpxListAttributes.java,getAsInteger(int),method
bailuk-AAT,1,aat-lib/src/main/java/ch/bailu/aat_lib/gpx/attributes/SampleRate.java,getAsInteger(int),method
bailuk-AAT,1,aat-lib/src/main/java/ch/bailu/aat_lib/gpx/attributes/SampleRate.java,getAsInteger(int),method
bailuk-AAT,1,aat-lib/src/main/java/ch/bailu/aat_lib/gpx/attributes/SampleRate.java,getAsInteger(int),method
AChep-AcDisplay,0,project/app/src/main/java/com/achep/snake/snake/Brick.java,setHead(Node),method
AChep-AcDisplay,0,project/app/src/main/java/com/achep/snake/snake/Brick.java,getHead(),method
AChep-AcDisplay,0,project/app/src/main/java/com/achep/snake/snake/Brick.java,getHead(),method
bailuk-AAT,1,aat-lib/src/main/java/ch/bailu/aat_lib/gpx/attributes/CadenceSpeedAttributes.java,getAsBoolean(int),method
bailuk-AAT,1,aat-lib/src/main/java/ch/bailu/aat_lib/gpx/attributes/AutoPause.java,getAsFloat(int),method
bailuk-AAT,1,aat-lib/src/main/java/ch/bailu/aat_lib/gpx/attributes/AutoPause.java,getAsLong(int),method
bailuk-AAT,1,aat-lib/src/main/java/ch/bailu/aat_lib/view/graph/GraphPainterLimit.java,doPoint(GpxPointNode),method
the3deers-android-3D-model-viewer,0,src/org/andresoviedo/app/util/view/TextActivity.java,onCreate(Bundle),method
bailuk-AAT-v0.8,1,src/ch/bailu/aat/services/cache/CacheService.java,appendStatusText(StringBuilder),method
bailuk-AAT-v0.8,1,src/ch/bailu/aat/services/cache/CacheService.java,onCreate(),method
bailuk-AAT-v0.8,1,src/ch/bailu/aat/services/cache/CacheService.java,appendStatusText(StringBuilder),method
bailuk-AAT-v0.8,1,src/ch/bailu/aat/services/cache/CacheService.java,onDestroy(),method
the3deers-android-3D-model-viewer,0,src/org/andresoviedo/app/model3D/MainActivity.java,onCreate(Bundle),method
bailuk-AAT,1,aat-lib/src/main/java/ch/bailu/aat_lib/view/graph/ScaleGeneratorSegmented.java,doPoint(GpxPointNode),method
bailuk-AAT-v0.8,1,src/ch/bailu/aat/services/cache/Srtmgl3TileObject.java,onInsert(SelfOn),method
bailuk-AAT-v0.8,1,src/ch/bailu/aat/services/cache/Srtmgl3TileObject.java,onRemove(SelfOn),method
bailuk-AAT-v0.8,1,src/ch/bailu/aat/services/cache/Srtmgl3TileObject.java,getAccessTime(),method
bailuk-AAT,1,aat-lib/src/main/java/ch/bailu/aat_lib/service/background/DownloaderThread.java,bgProcessHandle(BackgroundTask),method
bailuk-AAT-v0.8,1,src/ch/bailu/aat/services/tracker/TrackerService.java,onCreate(),method
bailuk-AAT-v0.8,1,src/ch/bailu/aat/services/tracker/TrackerService.java,onDestroy(),method
bailuk-AAT-v0.8,1,src/ch/bailu/aat/services/tracker/TrackerService.java,appendStatusText(StringBuilder),method
bailuk-AAT,1,aat-lib/src/main/java/ch/bailu/aat_lib/service/cache/ObjTileDownloadable.java,bgOnProcess(AppContext),method
bailuk-AAT,1,aat-lib/src/main/java/ch/bailu/aat_lib/service/cache/ObjTileMapsForge.java,onRemove(AppContext),method
bailuk-AAT-v0.8,1,src/ch/bailu/aat/services/tracker/location/RealLocation.java,sendState(int),method
bailuk-AAT-v0.8,1,src/ch/bailu/aat/services/tracker/location/RealLocation.java,appendStatusText(StringBuilder),method
bailuk-AAT-v0.8,1,src/ch/bailu/aat/services/tracker/location/DirtyLocation.java,newState(int),method
bailuk-AAT-v0.8,1,src/ch/bailu/aat/services/tracker/location/MockLocation.java,sendState(int),method
bailuk-AAT-v0.8,1,src/ch/bailu/aat/services/tracker/location/SystemLocation.java,close(),method
bailuk-AAT-v0.8,1,src/ch/bailu/aat/services/tracker/location/SystemLocation.java,sendState(int),method
bailuk-AAT-v0.8,1,src/ch/bailu/aat/services/tracker/location/SystemLocation.java,appendStatusText(StringBuilder),method
bailuk-AAT,1,aat-lib/src/main/java/ch/bailu/aat_lib/service/cache/ObjTileCacheOnly.java,onRemove(AppContext),method
the3deers-android-3D-model-viewer,0,src/org/andresoviedo/app/model3D/model/Object3DBuilder.java,onPostExecute(Object3DData),method
the3deers-android-3D-model-viewer,0,src/org/andresoviedo/app/model3D/model/Object3DBuilder.java,onPreExecute(),method
the3deers-android-3D-model-viewer,0,src/org/andresoviedo/app/model3D/model/Object3DBuilder.java,onProgressUpdate(Integer...),method
the3deers-android-3D-model-viewer,0,src/org/andresoviedo/app/model3D/model/Object3DBuilder.java,onPostExecute(Object3DData),method
bailuk-AAT-v0.8,1,src/ch/bailu/aat/services/directory/DynamicDirectoryServiceHelper.java,close(),method
bailuk-AAT,1,aat-lib/src/main/java/ch/bailu/aat_lib/service/cache/ObjTileCached.java,access(),method
bailuk-AAT-v0.8,1,src/ch/bailu/aat/services/directory/DirectoryService.java,onCreate(),method
bailuk-AAT-v0.8,1,src/ch/bailu/aat/services/directory/DirectoryService.java,onDestroy(),method
bailuk-AAT,1,aat-lib/src/main/java/ch/bailu/aat_lib/service/cache/icons/ObjSVGAsset.java,onRemove(AppContext),method
the3deers-android-3D-model-viewer,0,src/org/andresoviedo/app/model3D/view/DemoActivity.java,onCreate(Bundle),method
bailuk-AAT,1,aat-lib/src/main/java/ch/bailu/aat_lib/service/cache/elevation/ObjTileHillshade.java,onInsert(AppContext),method
bailuk-AAT,1,aat-lib/src/main/java/ch/bailu/aat_lib/service/cache/elevation/ObjTileHillshade.java,isInitialized(),method
bailuk-AAT,1,aat-lib/src/main/java/ch/bailu/aat_lib/service/cache/elevation/ObjTileHillshade.java,onRemove(AppContext),method
bailuk-AAT-v0.8,1,src/ch/bailu/aat/services/icons/IconMapService.java,onCreate(),method
bailuk-AAT,1,aat-lib/src/main/java/ch/bailu/aat_lib/service/cache/elevation/ObjTileElevation.java,onRemove(AppContext),method
the3deers-android-3D-model-viewer,0,src/org/andresoviedo/app/model3D/view/MenuActivity.java,onCreate(Bundle),method
bailuk-AAT-v0.8,1,src/ch/bailu/aat/services/srtm/ElevationService.java,onCreate(),method
bailuk-AAT-v0.8,1,src/ch/bailu/aat/services/srtm/ElevationService.java,onDestroy(),method
the3deers-android-3D-model-viewer,0,src/org/andresoviedo/app/model3D/view/ModelActivity.java,onCreate(Bundle),method
the3deers-android-3D-model-viewer,0,src/org/andresoviedo/app/model3D/view/ModelActivity.java,onWindowFocusChanged(boolean),method
the3deers-android-3D-model-viewer,0,src/org/andresoviedo/app/model3D/view/ModelActivity.java,onOptionsItemSelected(MenuItem),method
bailuk-AAT,1,aat-lib/src/main/java/ch/bailu/aat_lib/service/location/AccuracyFilter.java,passLocation(LocationInformation),method
bailuk-AAT,1,aat-lib/src/main/java/ch/bailu/aat_lib/service/location/InformationFilter.java,passLocation(LocationInformation),method
bailuk-AAT,1,aat-lib/src/main/java/ch/bailu/aat_lib/service/location/AdjustGpsAltitude.java,passLocation(LocationInformation),method
the3deers-android-3D-model-viewer,0,src/org/andresoviedo/app/model3D/services/ExampleSceneLoader.java,init(),method
the3deers-android-3D-model-viewer,0,src/org/andresoviedo/app/model3D/services/ExampleSceneLoader.java,onPreExecute(),method
the3deers-android-3D-model-viewer,0,src/org/andresoviedo/app/model3D/services/ExampleSceneLoader.java,onPostExecute(Void),method
bailuk-AAT,1,aat-lib/src/main/java/ch/bailu/aat_lib/service/location/DirtyLocation.java,passLocation(LocationInformation),method
bailuk-AAT,1,aat-lib/src/main/java/ch/bailu/aat_lib/service/location/DirtyLocation.java,passState(int),method
bailuk-AAT-v0.8,1,src/ch/bailu/aat/services/overlay/OverlayService.java,onCreate(),method
bailuk-AAT-v0.8,1,src/ch/bailu/aat/services/overlay/OverlayService.java,onDestroy(),method
AChep-AcDisplay,1,project/app/src/main/java/com/achep/snake/GameView.java,onWindowFocusChanged(boolean),method
AChep-AcDisplay,1,project/app/src/main/java/com/achep/snake/GameView.java,onTouchEvent(MotionEvent),method
AChep-AcDisplay,1,project/app/src/main/java/com/achep/snake/GameView.java,onDraw(Canvas),method
AChep-AcDisplay,1,project/app/src/main/java/com/achep/snake/GameView.java,onSizeChanged(int ,method
bailuk-AAT,1,aat-lib/src/main/java/ch/bailu/aat_lib/service/location/DistanceFilter.java,passLocation(LocationInformation),method
bailuk-AAT,1,aat-lib/src/main/java/ch/bailu/aat_lib/service/location/AutopauseTrigger.java,passLocation(LocationInformation),method
bailuk-AAT,1,aat-lib/src/main/java/ch/bailu/aat_lib/service/location/AltitudeFromBarometer.java,passLocation(LocationInformation),method
bailuk-AAT,1,aat-lib/src/main/java/ch/bailu/aat_lib/service/location/MissingTrigger.java,passLocation(LocationInformation),method
AChep-AcDisplay,1,project/app/src/main/java/com/achep/snake/Logic.java,handleMessage(Message),method
bailuk-AAT-v0.8,1,src/ch/bailu/aat/services/editor/EditorService.java,getOverlayInformation(),method
bailuk-AAT-v0.8,1,src/ch/bailu/aat/services/editor/EditorService.java,getDraftInformation(),method
bailuk-AAT-v0.8,1,src/ch/bailu/aat/services/editor/EditorService.java,getDraftEditor(),method
bailuk-AAT-v0.8,1,src/ch/bailu/aat/services/editor/EditorService.java,getOverlayEditor(),method
bailuk-AAT-v0.8,1,src/ch/bailu/aat/services/editor/EditorService.java,onCreate(),method
bailuk-AAT-v0.8,1,src/ch/bailu/aat/services/editor/EditorService.java,onDestroy(),method
the3deers-android-3D-model-viewer,1,app/src/main/java/org/andresoviedo/app/model3D/MainActivity.java,onCreate(Bundle),method
AChep-AcDisplay,1,project/app/src/main/java/com/achep/snake/MainActivity.java,onWindowFocusChanged(boolean),method
AChep-AcDisplay,1,project/app/src/main/java/com/achep/snake/MainActivity.java,onCreate(Bundle),method
AChep-AcDisplay,1,project/app/src/main/java/com/achep/snake/MainActivity.java,onResume(),method
AChep-AcDisplay,1,project/app/src/main/java/com/achep/snake/MainActivity.java,onPause(),method
AChep-AcDisplay,1,project/app/src/main/java/com/achep/snake/MainActivity.java,onKeyDown(int ,method
AChep-AcDisplay,1,project/app/src/main/java/com/achep/snake/ControllerView.java,onFinishInflate(),method
the3deers-android-3D-model-viewer,1,app/src/main/java/org/andresoviedo/app/model3D/demo/DemoLoaderTask.java,build(),method
the3deers-android-3D-model-viewer,1,app/src/main/java/org/andresoviedo/app/model3D/demo/DemoLoaderTask.java,build(),method
the3deers-android-3D-model-viewer,1,app/src/main/java/org/andresoviedo/app/model3D/demo/DemoLoaderTask.java,build(),method
the3deers-android-3D-model-viewer,1,app/src/main/java/org/andresoviedo/app/model3D/demo/DemoLoaderTask.java,build(),method
the3deers-android-3D-model-viewer,1,app/src/main/java/org/andresoviedo/app/model3D/demo/DemoLoaderTask.java,build(),method
the3deers-android-3D-model-viewer,1,app/src/main/java/org/andresoviedo/app/model3D/demo/DemoLoaderTask.java,build(),method
the3deers-android-3D-model-viewer,1,app/src/main/java/org/andresoviedo/app/model3D/demo/DemoLoaderTask.java,build(),method
the3deers-android-3D-model-viewer,1,app/src/main/java/org/andresoviedo/app/model3D/demo/DemoLoaderTask.java,onLoad(Object3DData),method
the3deers-android-3D-model-viewer,1,app/src/main/java/org/andresoviedo/app/model3D/demo/DemoLoaderTask.java,onLoad(Object3DData),method
the3deers-android-3D-model-viewer,1,app/src/main/java/org/andresoviedo/app/model3D/demo/DemoLoaderTask.java,onLoad(Object3DData),method
the3deers-android-3D-model-viewer,1,app/src/main/java/org/andresoviedo/app/model3D/demo/DemoLoaderTask.java,onLoad(Object3DData),method
the3deers-android-3D-model-viewer,1,app/src/main/java/org/andresoviedo/app/model3D/demo/DemoLoaderTask.java,onProgress(String),method
the3deers-android-3D-model-viewer,1,app/src/main/java/org/andresoviedo/app/model3D/view/ModelViewerGUI.java,setSize(int ,method
the3deers-android-3D-model-viewer,1,app/src/main/java/org/andresoviedo/app/model3D/view/ModelViewerGUI.java,onEvent(EventObject),method
AChep-AcDisplay,1,project/app/src/main/java/com/achep/snake/snake/Brick.java,setHead(Node),method
AChep-AcDisplay,1,project/app/src/main/java/com/achep/snake/snake/Brick.java,getHead(),method
AChep-AcDisplay,1,project/app/src/main/java/com/achep/snake/snake/Brick.java,getHead(),method
the3deers-android-3D-model-viewer,1,app/src/main/java/org/andresoviedo/app/model3D/view/MenuActivity.java,onCreate(Bundle),method
the3deers-android-3D-model-viewer,1,app/src/main/java/org/andresoviedo/app/model3D/view/MenuActivity.java,onPreExecute(),method
the3deers-android-3D-model-viewer,1,app/src/main/java/org/andresoviedo/app/model3D/view/ModelActivity.java,onCreate(Bundle),method
the3deers-android-3D-model-viewer,1,app/src/main/java/org/andresoviedo/app/model3D/view/ModelActivity.java,onWindowFocusChanged(boolean),method
the3deers-android-3D-model-viewer,1,app/src/main/java/org/andresoviedo/app/model3D/view/ModelActivity.java,onOptionsItemSelected(MenuItem),method
the3deers-android-3D-model-viewer,1,app/src/main/java/org/andresoviedo/util/view/TextActivity.java,onCreate(Bundle),method
senzhk-ADBKeyBoard,1,keyboardservice/src/main/java/com/android/adbkeyboard/AdbIME.java,onDestroy(),method
senzhk-ADBKeyBoard,0,keyboardservice/src/main/java/com/android/adbkeyboard/AdbIME.java,onDestroy(),method
k3b-APhotoManager,1,app/src/main/java/de/k3b/android/androFotoFinder/PhotoPropertiesEditActivity.java,onSaveInstanceState(Bundle),method
k3b-APhotoManager,1,app/src/main/java/de/k3b/android/androFotoFinder/PhotoPropertiesEditActivity.java,onCreate(Bundle),method
k3b-APhotoManager,1,app/src/main/java/de/k3b/android/androFotoFinder/PhotoPropertiesEditActivity.java,onOptionsItemSelected(MenuItem),method
k3b-APhotoManager,1,app/src/main/java/de/k3b/android/androFotoFinder/PhotoPropertiesEditActivity.java,onActivityResult(int ,method
k3b-APhotoManager,1,app/src/main/java/de/k3b/android/androFotoFinder/PhotoPropertiesEditActivity.java,onResume(),method
k3b-APhotoManager,1,app/src/main/java/de/k3b/android/androFotoFinder/PhotoPropertiesEditActivity.java,onDestroy(),method
k3b-APhotoManager,1,app/src/main/java/de/k3b/android/androFotoFinder/GalleryFilterActivity.java,onSaveInstanceState(Bundle),method
k3b-APhotoManager,1,app/src/main/java/de/k3b/android/androFotoFinder/GalleryFilterActivity.java,onCreate(Bundle),method
k3b-APhotoManager,1,app/src/main/java/de/k3b/android/androFotoFinder/GalleryFilterActivity.java,onOptionsItemSelected(MenuItem),method
k3b-APhotoManager,1,app/src/main/java/de/k3b/android/androFotoFinder/GalleryFilterActivity.java,onActivityResult(int ,method
k3b-APhotoManager,1,app/src/main/java/de/k3b/android/androFotoFinder/GalleryFilterActivity.java,onPause(),method
k3b-APhotoManager,1,app/src/main/java/de/k3b/android/androFotoFinder/GalleryFilterActivity.java,onResume(),method
k3b-APhotoManager,1,app/src/main/java/de/k3b/android/androFotoFinder/GalleryFilterActivity.java,onDestroy(),method
k3b-APhotoManager,1,app/src/main/java/de/k3b/android/androFotoFinder/GalleryFilterActivity.java,closeDialogIfNeeded(),method
k3b-APhotoManager,1,app/src/main/java/de/k3b/android/androFotoFinder/AndroidTransactionLogger.java,addChanges(MediaTransactionLogEntryType ,method
k3b-APhotoManager,1,app/src/main/java/de/k3b/android/androFotoFinder/AndroidTransactionLogger.java,close(),method
bailuk-AAT,1,aat-android/src/main/java/ch/bailu/aat/preferences/location/AndroidSolidLocationProvider.java,getToolTip(),method
bailuk-AAT,1,aat-android/src/main/java/ch/bailu/aat/preferences/system/AndroidSolidDataDirectoryDefault.java,getValueAsString(),method
k3b-APhotoManager,1,app/src/main/java/de/k3b/android/androFotoFinder/FotoGalleryActivity.java,onCreate(Bundle),method
k3b-APhotoManager,1,app/src/main/java/de/k3b/android/androFotoFinder/FotoGalleryActivity.java,onResume(),method
k3b-APhotoManager,1,app/src/main/java/de/k3b/android/androFotoFinder/FotoGalleryActivity.java,onDestroy(),method
k3b-APhotoManager,1,app/src/main/java/de/k3b/android/androFotoFinder/FotoGalleryActivity.java,onCreateOptionsMenu(Menu),method
k3b-APhotoManager,1,app/src/main/java/de/k3b/android/androFotoFinder/FotoGalleryActivity.java,onPrepareOptionsMenu(Menu),method
k3b-APhotoManager,1,app/src/main/java/de/k3b/android/androFotoFinder/FotoGalleryActivity.java,onActivityResult(int ,method
k3b-APhotoManager,1,app/src/main/java/de/k3b/android/androFotoFinder/AndroFotoFinderApp.java,onCreate(),method
k3b-APhotoManager,1,app/src/main/java/de/k3b/android/androFotoFinder/AndroFotoFinderApp.java,uncaughtException(Thread ,method
k3b-APhotoManager,1,app/src/main/java/de/k3b/android/androFotoFinder/AndroFotoFinderApp.java,onTerminate(),method
bailuk-AAT,1,aat-android/src/main/java/ch/bailu/aat/app/App.java,onCreate(),method
bailuk-AAT,1,aat-android/src/main/java/ch/bailu/aat/app/App.java,onTerminate(),method
bailuk-AAT,1,aat-android/src/main/java/ch/bailu/aat/util/AbsServiceLink.java,onCreate(Bundle),method
bailuk-AAT,1,aat-android/src/main/java/ch/bailu/aat/util/AbsServiceLink.java,onResume(),method
bailuk-AAT,1,aat-android/src/main/java/ch/bailu/aat/util/AbsServiceLink.java,onPause(),method
bailuk-AAT,1,aat-android/src/main/java/ch/bailu/aat/util/AbsServiceLink.java,onDestroy(),method
k3b-APhotoManager,1,app/src/main/java/de/k3b/android/androFotoFinder/PhotoAutoprocessingEditActivity.java,onCreate(Bundle),method
k3b-APhotoManager,1,app/src/main/java/de/k3b/android/androFotoFinder/PhotoAutoprocessingEditActivity.java,onSaveInstanceState(Bundle),method
k3b-APhotoManager,1,app/src/main/java/de/k3b/android/androFotoFinder/PhotoAutoprocessingEditActivity.java,onOptionsItemSelected(MenuItem),method
k3b-APhotoManager,1,app/src/main/java/de/k3b/android/androFotoFinder/PhotoAutoprocessingEditActivity.java,onActivityResult(int ,method
k3b-APhotoManager,1,app/src/main/java/de/k3b/android/androFotoFinder/PhotoAutoprocessingEditActivity.java,onResume(),method
k3b-APhotoManager,1,app/src/main/java/de/k3b/android/androFotoFinder/SettingsActivity.java,onCreate(Bundle),method
k3b-APhotoManager,1,app/src/main/java/de/k3b/android/androFotoFinder/SettingsActivity.java,onPause(),method
k3b-APhotoManager,1,app/src/main/java/de/k3b/android/androFotoFinder/SettingsActivity.java,onActivityResult(int ,method
the3deers-android-3D-model-viewer,1,engine/src/main/java/org/andresoviedo/android_3d_model_engine/gui/CheckList.java,onEvent(EventObject),method
k3b-APhotoManager,1,app/src/main/java/de/k3b/android/androFotoFinder/gallery/cursor/GalleryCursorFragment.java,onCreate(Bundle),method
k3b-APhotoManager,1,app/src/main/java/de/k3b/android/androFotoFinder/gallery/cursor/GalleryCursorFragment.java,onSaveInstanceState(Bundle),method
k3b-APhotoManager,1,app/src/main/java/de/k3b/android/androFotoFinder/gallery/cursor/GalleryCursorFragment.java,onAttach(Activity),method
k3b-APhotoManager,1,app/src/main/java/de/k3b/android/androFotoFinder/gallery/cursor/GalleryCursorFragment.java,onResume(),method
k3b-APhotoManager,1,app/src/main/java/de/k3b/android/androFotoFinder/gallery/cursor/GalleryCursorFragment.java,onActivityResult(int ,method
k3b-APhotoManager,1,app/src/main/java/de/k3b/android/androFotoFinder/gallery/cursor/GalleryCursorFragment.java,onDetach(),method
k3b-APhotoManager,1,app/src/main/java/de/k3b/android/androFotoFinder/gallery/cursor/GalleryCursorFragment.java,onPause(),method
k3b-APhotoManager,1,app/src/main/java/de/k3b/android/androFotoFinder/gallery/cursor/GalleryCursorFragment.java,onDestroy(),method
k3b-APhotoManager,1,app/src/main/java/de/k3b/android/androFotoFinder/gallery/cursor/GalleryCursorFragment.java,onPrepareOptionsMenu(Menu),method
k3b-APhotoManager,1,app/src/main/java/de/k3b/android/androFotoFinder/gallery/cursor/GalleryCursorFragment.java,onOptionsItemSelected(MenuItem),method
k3b-APhotoManager,1,app/src/main/java/de/k3b/android/androFotoFinder/gallery/cursor/GalleryCursorFragment.java,onPostProcess(String ,method
k3b-APhotoManager,1,app/src/main/java/de/k3b/android/androFotoFinder/gallery/cursor/GalleryCursorFragment.java,onPostExecute(Integer),method
bailuk-AAT,1,aat-android/src/main/java/ch/bailu/aat/dispatcher/EditorOrBackupSource.java,setTarget(OnContentUpdatedInterface),method
the3deers-android-3D-model-viewer,1,engine/src/main/java/org/andresoviedo/android_3d_model_engine/gui/Menu3D.java,onEvent(EventObject),method
the3deers-android-3D-model-viewer,1,engine/src/main/java/org/andresoviedo/android_3d_model_engine/gui/Menu3D.java,setCurrentDimensions(Dimensions),method
k3b-APhotoManager,1,app/src/main/java/de/k3b/android/androFotoFinder/gallery/cursor/GalleryCursorAdapterFromArray.java,swapCursor(Cursor),method
k3b-APhotoManager,1,app/src/main/java/de/k3b/android/androFotoFinder/gallery/cursor/GalleryCursorAdapterFromArray.java,swapCursor(Cursor),method
k3b-APhotoManager,1,app/src/main/java/de/k3b/android/androFotoFinder/gallery/cursor/GalleryCursorAdapterFromArray.java,getCount(),method
k3b-APhotoManager,1,app/src/main/java/de/k3b/android/androFotoFinder/gallery/cursor/GalleryCursorAdapterFromArray.java,getFullFilePath(int),method
k3b-APhotoManager,1,app/src/main/java/de/k3b/android/androFotoFinder/gallery/cursor/GalleryCursorAdapterFromArray.java,getImageId(int),method
k3b-APhotoManager,1,app/src/main/java/de/k3b/android/androFotoFinder/gallery/cursor/GalleryCursorAdapterFromArray.java,getView(int ,method
k3b-APhotoManager,1,app/src/main/java/de/k3b/android/androFotoFinder/gallery/cursor/GalleryCursorAdapterFromArray.java,getUri(long),method
k3b-APhotoManager,1,app/src/main/java/de/k3b/android/androFotoFinder/gallery/cursor/GalleryCursorAdapterFromArray.java,createSelectedFiles(Context ,method
the3deers-android-3D-model-viewer,1,engine/src/main/java/org/andresoviedo/android_3d_model_engine/gui/Quad.java,onEvent(EventObject),method
k3b-APhotoManager,1,app/src/main/java/de/k3b/android/androFotoFinder/queries/CursorLoaderWithException.java,cancelLoadInBackground(),method
k3b-APhotoManager,1,app/src/main/java/de/k3b/android/androFotoFinder/queries/CursorLoaderWithException.java,deliverResult(Cursor),method
k3b-APhotoManager,1,app/src/main/java/de/k3b/android/androFotoFinder/queries/CursorLoaderWithException.java,onReset(),method
k3b-APhotoManager,1,app/src/main/java/de/k3b/android/androFotoFinder/queries/CursorLoaderWithException.java,dump(String ,method
the3deers-android-3D-model-viewer,1,engine/src/main/java/org/andresoviedo/android_3d_model_engine/gui/Menu.java,toggleVisible(),method
bailuk-AAT,1,aat-android/src/main/java/ch/bailu/aat/map/layer/control/NodeViewLayer.java,setSelectedNode(int ,method
the3deers-android-3D-model-viewer,1,engine/src/main/java/org/andresoviedo/android_3d_model_engine/gui/Rotator.java,onEvent(EventObject),method
bailuk-AAT,1,aat-android/src/main/java/ch/bailu/aat/map/layer/control/NodeInfoView.java,setOnClickListener(OnClickListener),method
bailuk-AAT,1,aat-android/src/main/java/ch/bailu/aat/map/layer/control/NodeInfoView.java,setOnLongClickListener(OnLongClickListener),method
bailuk-AAT,1,aat-android/src/main/java/ch/bailu/aat/map/layer/control/EditorBarLayer.java,onLayout(boolean ,method
bailuk-AAT,1,aat-android/src/main/java/ch/bailu/aat/map/layer/control/EditorBarLayer.java,onClick(View),method
bailuk-AAT,1,aat-android/src/main/java/ch/bailu/aat/map/layer/control/FileControlBarLayer.java,onLayout(boolean ,method
bailuk-AAT,1,aat-android/src/main/java/ch/bailu/aat/map/layer/control/FileControlBarLayer.java,onClick(View),method
bailuk-AAT,1,aat-android/src/main/java/ch/bailu/aat/map/layer/control/FileControlBarLayer.java,setSelectedNode(int ,method
the3deers-android-3D-model-viewer,1,engine/src/main/java/org/andresoviedo/android_3d_model_engine/gui/Widget.java,setColor(float[]),method
the3deers-android-3D-model-viewer,1,engine/src/main/java/org/andresoviedo/android_3d_model_engine/gui/Widget.java,setScale(float[]),method
the3deers-android-3D-model-viewer,1,engine/src/main/java/org/andresoviedo/android_3d_model_engine/gui/Widget.java,setRelativeScale(float[]),method
the3deers-android-3D-model-viewer,1,engine/src/main/java/org/andresoviedo/android_3d_model_engine/gui/Widget.java,setLocation(float[]),method
bailuk-AAT,1,aat-android/src/main/java/ch/bailu/aat/map/layer/control/InformationBarLayer.java,onClick(View),method
bailuk-AAT,1,aat-android/src/main/java/ch/bailu/aat/map/layer/control/InformationBarLayer.java,onLayout(boolean ,method
the3deers-android-3D-model-viewer,1,engine/src/main/java/org/andresoviedo/android_3d_model_engine/gui/GUI.java,addWidget(Widget),method
the3deers-android-3D-model-viewer,1,engine/src/main/java/org/andresoviedo/android_3d_model_engine/gui/GUI.java,render(RendererFactory ,method
the3deers-android-3D-model-viewer,1,engine/src/main/java/org/andresoviedo/android_3d_model_engine/gui/GUI.java,onEvent(EventObject),method
k3b-APhotoManager,1,app/src/main/java/de/k3b/android/androFotoFinder/queries/GlobalMediaContentObserver.java,onChange(boolean ,method
bailuk-AAT,1,aat-android/src/main/java/ch/bailu/aat/map/layer/control/NavigationBarLayer.java,onClick(View),method
andstatus-game2048-1.12.0,1,src/androidMain/kotlin/org/andstatus/game2048/MainActivity.kt,onCreate(),method
andstatus-game2048-1.12.0,1,src/androidMain/kotlin/org/andstatus/game2048/MainActivity.kt,finish(),method
andstatus-game2048-1.12.0,1,src/androidMain/kotlin/org/andstatus/game2048/MainActivity.kt,onActivityResult(),method
bailuk-AAT,1,aat-android/src/main/java/ch/bailu/aat/map/layer/control/EditorNodeViewLayer.java,setSelectedNode(int ,method
bailuk-AAT,1,aat-android/src/main/java/ch/bailu/aat/map/layer/control/EditorNodeViewLayer.java,onContentUpdated(int ,method
bailuk-AAT,1,aat-android/src/main/java/ch/bailu/aat/map/mapsforge/MapsForgePreview.java,onDestroy(),method
bailuk-AAT,1,aat-android/src/main/java/ch/bailu/aat/map/mapsforge/MapsForgeViewBase.java,onSizeChanged(int ,method
bailuk-AAT,1,aat-android/src/main/java/ch/bailu/aat/map/mapsforge/MapsForgeViewBase.java,onAttachedToWindow(),method
bailuk-AAT,1,aat-android/src/main/java/ch/bailu/aat/map/mapsforge/MapsForgeViewBase.java,onDetachedFromWindow(),method
bailuk-AAT,1,aat-android/src/main/java/ch/bailu/aat/map/mapsforge/MapsForgeViewBase.java,setVisibility(int),method
bailuk-AAT,1,aat-android/src/main/java/ch/bailu/aat/map/mapsforge/MapsForgeView.java,onDraw(Canvas),method
k3b-APhotoManager,0,fotoview.library/src/main/java/uk/co/senab/photoview/PhotoView.java,PhotoView(Context  AttributeSet  int),constructor
k3b-APhotoManager,0,fotoview.library/src/main/java/uk/co/senab/photoview/PhotoView.java,setImageDrawable(Drawable),method
k3b-APhotoManager,0,fotoview.library/src/main/java/uk/co/senab/photoview/PhotoView.java,setImageResource(int),method
k3b-APhotoManager,0,fotoview.library/src/main/java/uk/co/senab/photoview/PhotoView.java,setImageURI(Uri),method
k3b-APhotoManager,0,fotoview.library/src/main/java/uk/co/senab/photoview/PhotoView.java,onDetachedFromWindow(),method
k3b-APhotoManager,0,fotoview.library/src/main/java/uk/co/senab/photoview/PhotoView.java,onAttachedToWindow(),method
the3deers-android-3D-model-viewer,1,engine/src/main/java/org/andresoviedo/android_3d_model_engine/model/AnimatedModel.java,setBindShapeMatrix(float[]),method
the3deers-android-3D-model-viewer,1,engine/src/main/java/org/andresoviedo/android_3d_model_engine/model/AnimatedModel.java,getCurrentDimensions(),method
the3deers-android-3D-model-viewer,1,engine/src/main/java/org/andresoviedo/android_3d_model_engine/model/AnimatedModel.java,clone(),method
bailuk-AAT,1,aat-android/src/main/java/ch/bailu/aat/menus/ResultFileMenu.java,onItemClick(MenuItem),method
bailuk-AAT,1,aat-android/src/main/java/ch/bailu/aat/activities/NodeDetailActivity.java,onCreate(Bundle),method
bailuk-AAT,1,aat-android/src/main/java/ch/bailu/aat/activities/MapActivity.java,onCreate(Bundle),method
k3b-APhotoManager,0,fotoview.library/src/main/java/uk/co/senab/photoview/gestures/FroyoGestureDetector.java,onTouchEvent(MotionEvent),method
bailuk-AAT,1,aat-android/src/main/java/ch/bailu/aat/activities/FileContentActivity.java,onCreate(Bundle),method
k3b-APhotoManager,0,fotoview.library/src/main/java/uk/co/senab/photoview/gestures/EclairGestureDetector.java,onTouchEvent(MotionEvent),method
bailuk-AAT,1,aat-android/src/main/java/ch/bailu/aat/activities/GpxEditorActivity.java,onCreate(Bundle),method
bailuk-AAT,1,aat-android/src/main/java/ch/bailu/aat/activities/OverpassActivity.java,createNodeListView(ContentView),method
bailuk-AAT,1,aat-android/src/main/java/ch/bailu/aat/activities/OverpassActivity.java,createNodeListView(ContentView),method
bailuk-AAT,1,aat-android/src/main/java/ch/bailu/aat/activities/OverpassActivity.java,onResumeWithService(),method
bailuk-AAT,1,aat-android/src/main/java/ch/bailu/aat/activities/OverpassActivity.java,onPause(),method
bailuk-AAT,1,aat-android/src/main/java/ch/bailu/aat/activities/AboutActivity.java,onCreate(Bundle),method
bailuk-AAT,1,aat-android/src/main/java/ch/bailu/aat/activities/AbsFileContentActivity.java,onCreate(Bundle),method
k3b-APhotoManager,1,app/src/main/java/de/k3b/android/androFotoFinder/queries/MediaContent2DBUpdateService.java,onChange(boolean ,method
k3b-APhotoManager,1,app/src/main/java/de/k3b/android/androFotoFinder/queries/MergedMediaRepository.java,execUpdate(String ,method
k3b-APhotoManager,1,app/src/main/java/de/k3b/android/androFotoFinder/queries/MergedMediaRepository.java,execUpdate(String ,method
k3b-APhotoManager,1,app/src/main/java/de/k3b/android/androFotoFinder/queries/MergedMediaRepository.java,exexUpdateImpl(String ,method
k3b-APhotoManager,1,app/src/main/java/de/k3b/android/androFotoFinder/queries/MergedMediaRepository.java,execInsert(String ,method
k3b-APhotoManager,1,app/src/main/java/de/k3b/android/androFotoFinder/queries/MergedMediaRepository.java,deleteMedia(String ,method
bailuk-AAT,1,aat-android/src/main/java/ch/bailu/aat/activities/AbsOsmApiActivity.java,onCreate(Bundle),method
bailuk-AAT,1,aat-android/src/main/java/ch/bailu/aat/activities/AbsOsmApiActivity.java,onDestroy(),method
k3b-APhotoManager,1,app/src/main/java/de/k3b/android/androFotoFinder/locationmap/MarkerLoaderTaskWithRecycling.java,doInBackground(QueryParameter...),method
the3deers-android-3D-model-viewer,1,engine/src/main/java/org/andresoviedo/android_3d_model_engine/services/LoaderTask.java,onPreExecute(),method
the3deers-android-3D-model-viewer,1,engine/src/main/java/org/andresoviedo/android_3d_model_engine/services/LoaderTask.java,onProgressUpdate(String...),method
the3deers-android-3D-model-viewer,1,engine/src/main/java/org/andresoviedo/android_3d_model_engine/services/LoaderTask.java,onPostExecute(List<Object3DData>),method
the3deers-android-3D-model-viewer,1,engine/src/main/java/org/andresoviedo/android_3d_model_engine/services/LoaderTask.java,onProgress(String),method
bailuk-AAT,1,aat-android/src/main/java/ch/bailu/aat/activities/MainActivity.java,onCreate(Bundle),method
bailuk-AAT,1,aat-android/src/main/java/ch/bailu/aat/activities/MainActivity.java,onResumeWithService(),method
bailuk-AAT,1,aat-android/src/main/java/ch/bailu/aat/activities/MainActivity.java,onAttachedToWindow(),method
bailuk-AAT,1,aat-android/src/main/java/ch/bailu/aat/activities/MainActivity.java,onDetachedFromWindow(),method
bailuk-AAT,1,aat-android/src/main/java/ch/bailu/aat/activities/MainActivity.java,onAttachedToWindow(),method
bailuk-AAT,1,aat-android/src/main/java/ch/bailu/aat/activities/MainActivity.java,onDetachedFromWindow(),method
bailuk-AAT,1,aat-android/src/main/java/ch/bailu/aat/activities/MainActivity.java,onAttachedToWindow(),method
bailuk-AAT,1,aat-android/src/main/java/ch/bailu/aat/activities/MainActivity.java,onDetachedFromWindow(),method
bailuk-AAT,1,aat-android/src/main/java/ch/bailu/aat/activities/AbsDispatcher.java,onCreate(Bundle),method
bailuk-AAT,1,aat-android/src/main/java/ch/bailu/aat/activities/AbsDispatcher.java,onResumeWithService(),method
bailuk-AAT,1,aat-android/src/main/java/ch/bailu/aat/activities/AbsDispatcher.java,onDestroy(),method
bailuk-AAT,1,aat-android/src/main/java/ch/bailu/aat/activities/CockpitTabletActivity.java,onCreate(Bundle),method
k3b-APhotoManager,1,app/src/main/java/de/k3b/android/androFotoFinder/locationmap/MapGeoPickerActivity.java,onCreate(Bundle),method
k3b-APhotoManager,1,app/src/main/java/de/k3b/android/androFotoFinder/locationmap/MapGeoPickerActivity.java,onResume(),method
k3b-APhotoManager,1,app/src/main/java/de/k3b/android/androFotoFinder/locationmap/MapGeoPickerActivity.java,onPrepareOptionsMenu(Menu),method
k3b-APhotoManager,1,app/src/main/java/de/k3b/android/androFotoFinder/locationmap/MapGeoPickerActivity.java,fixSharedPrefSuffix(String),method
bailuk-AAT,1,aat-android/src/main/java/ch/bailu/aat/activities/CockpitActivity.java,onCreate(Bundle),method
bailuk-AAT,1,aat-android/src/main/java/ch/bailu/aat/activities/PoiActivity.java,createNodeListView(ContentView),method
bailuk-AAT,1,aat-android/src/main/java/ch/bailu/aat/activities/PoiActivity.java,createNodeListView(ContentView),method
bailuk-AAT,1,aat-android/src/main/java/ch/bailu/aat/activities/PoiActivity.java,onDestroy(),method
bailuk-AAT,1,aat-android/src/main/java/ch/bailu/aat/activities/AbsHardwareButtons.java,onCreate(Bundle),method
bailuk-AAT,1,aat-android/src/main/java/ch/bailu/aat/activities/AbsHardwareButtons.java,onKeyDown(int ,method
bailuk-AAT,1,aat-android/src/main/java/ch/bailu/aat/activities/AbsHardwareButtons.java,onKeyUp(int ,method
bailuk-AAT,1,aat-android/src/main/java/ch/bailu/aat/activities/AbsKeepScreenOnActivity.java,onCreate(Bundle),method
bailuk-AAT,1,aat-android/src/main/java/ch/bailu/aat/activities/AbsKeepScreenOnActivity.java,onResumeWithService(),method
bailuk-AAT,1,aat-android/src/main/java/ch/bailu/aat/activities/AbsKeepScreenOnActivity.java,onDestroy(),method
k3b-APhotoManager,0,app/src/main/java/de/k3b/android/androFotoFinder/GalleryFilterActivity.java,onSaveInstanceState(Bundle),method
k3b-APhotoManager,0,app/src/main/java/de/k3b/android/androFotoFinder/GalleryFilterActivity.java,onCreate(Bundle),method
k3b-APhotoManager,0,app/src/main/java/de/k3b/android/androFotoFinder/GalleryFilterActivity.java,setQuery(QueryParameter),method
k3b-APhotoManager,0,app/src/main/java/de/k3b/android/androFotoFinder/GalleryFilterActivity.java,onPause(),method
k3b-APhotoManager,0,app/src/main/java/de/k3b/android/androFotoFinder/GalleryFilterActivity.java,onResume(),method
k3b-APhotoManager,0,app/src/main/java/de/k3b/android/androFotoFinder/GalleryFilterActivity.java,onDestroy(),method
bailuk-AAT,1,aat-android/src/main/java/ch/bailu/aat/activities/AbsActivity.java,onCreate(Bundle),method
bailuk-AAT,1,aat-android/src/main/java/ch/bailu/aat/activities/AbsActivity.java,onDestroy(),method
bailuk-AAT,1,aat-android/src/main/java/ch/bailu/aat/activities/AbsActivity.java,onPause(),method
bailuk-AAT,1,aat-android/src/main/java/ch/bailu/aat/activities/AbsActivity.java,onResume(),method
bailuk-AAT,1,aat-android/src/main/java/ch/bailu/aat/activities/AbsActivity.java,finalize(),method
k3b-APhotoManager,1,app/src/main/java/de/k3b/android/androFotoFinder/locationmap/PickerLocationMapFragment.java,onSingleTapConfirmed(MotionEvent ,method
k3b-APhotoManager,1,app/src/main/java/de/k3b/android/androFotoFinder/locationmap/PickerLocationMapFragment.java,onCreateView(LayoutInflater ,method
k3b-APhotoManager,1,app/src/main/java/de/k3b/android/androFotoFinder/locationmap/PickerLocationMapFragment.java,definteOverlays(MapView),method
k3b-APhotoManager,1,app/src/main/java/de/k3b/android/androFotoFinder/locationmap/PickerLocationMapFragment.java,defineNavigation(QueryParameter ,method
bailuk-AAT,1,aat-android/src/main/java/ch/bailu/aat/activities/PreferencesActivity.java,onCreate(Bundle),method
bailuk-AAT,1,aat-android/src/main/java/ch/bailu/aat/activities/PreferencesActivity.java,onResumeWithService(),method
bailuk-AAT,1,aat-android/src/main/java/ch/bailu/aat/activities/PreferencesActivity.java,onDestroy(),method
bailuk-AAT,1,aat-android/src/main/java/ch/bailu/aat/activities/GpxViewActivity.java,onCreate(Bundle),method
k3b-APhotoManager,1,app/src/main/java/de/k3b/android/androFotoFinder/locationmap/GeoEditActivity.java,onCreate(Bundle),method
k3b-APhotoManager,1,app/src/main/java/de/k3b/android/androFotoFinder/locationmap/GeoEditActivity.java,onDestroy(),method
k3b-APhotoManager,1,app/src/main/java/de/k3b/android/androFotoFinder/locationmap/GeoEditActivity.java,onActivityResult(int ,method
k3b-APhotoManager,0,app/src/main/java/de/k3b/android/androFotoFinder/FotoGalleryActivity.java,onSaveInstanceState(Bundle),method
k3b-APhotoManager,0,app/src/main/java/de/k3b/android/androFotoFinder/FotoGalleryActivity.java,onCreate(Bundle),method
k3b-APhotoManager,0,app/src/main/java/de/k3b/android/androFotoFinder/FotoGalleryActivity.java,onPause(),method
k3b-APhotoManager,0,app/src/main/java/de/k3b/android/androFotoFinder/FotoGalleryActivity.java,onResume(),method
k3b-APhotoManager,0,app/src/main/java/de/k3b/android/androFotoFinder/FotoGalleryActivity.java,onLowMemory(),method
k3b-APhotoManager,0,app/src/main/java/de/k3b/android/androFotoFinder/FotoGalleryActivity.java,onDestroy(),method
k3b-APhotoManager,0,app/src/main/java/de/k3b/android/androFotoFinder/FotoGalleryActivity.java,onCreateOptionsMenu(Menu),method
bailuk-AAT,1,aat-android/src/main/java/ch/bailu/aat/activities/AbsGpxListActivity.java,onCreate(Bundle),method
k3b-APhotoManager,0,app/src/main/java/de/k3b/android/androFotoFinder/FotoGalleryActivity.java,onPrepareOptionsMenu(Menu),method
bailuk-AAT,1,aat-android/src/main/java/ch/bailu/aat/activities/AbsGpxListActivity.java,onResumeWithService(),method
k3b-APhotoManager,0,app/src/main/java/de/k3b/android/androFotoFinder/FotoGalleryActivity.java,onOptionsItemSelected(MenuItem),method
bailuk-AAT,1,aat-android/src/main/java/ch/bailu/aat/activities/AbsGpxListActivity.java,onPauseWithService(),method
k3b-APhotoManager,0,app/src/main/java/de/k3b/android/androFotoFinder/FotoGalleryActivity.java,onActivityResult(int ,method
bailuk-AAT,1,aat-android/src/main/java/ch/bailu/aat/activities/AbsGpxListActivity.java,onDestroy(),method
bailuk-AAT,1,aat-android/src/main/java/ch/bailu/aat/activities/AbsBackButton.java,onBackPressed(),method
bailuk-AAT,1,aat-android/src/main/java/ch/bailu/aat/activities/AbsBackButton.java,onBackPressedMenuBar(),method
k3b-APhotoManager,0,app/src/main/java/de/k3b/android/androFotoFinder/AndroFotoFinderApp.java,onCreate(),method
k3b-APhotoManager,0,app/src/main/java/de/k3b/android/androFotoFinder/AndroFotoFinderApp.java,onTerminate(),method
bailuk-AAT,1,aat-android/src/main/java/ch/bailu/aat/activities/CockpitSplitActivity.java,onCreate(Bundle),method
k3b-APhotoManager,0,app/src/main/java/de/k3b/android/androFotoFinder/SettingsActivity.java,onCreate(Bundle),method
k3b-APhotoManager,0,app/src/main/java/de/k3b/android/androFotoFinder/SettingsActivity.java,onPause(),method
bailuk-AAT,1,aat-android/src/main/java/ch/bailu/aat/views/TagEditor.java,onDetachedFromWindow(),method
bailuk-AAT,1,aat-android/src/main/java/ch/bailu/aat/views/ImageButtonViewGroup.java,onMeasure(int ,method
k3b-APhotoManager,1,app/src/main/java/de/k3b/android/androFotoFinder/locationmap/LocationMapFragment.java,onDestroy(),method
k3b-APhotoManager,1,app/src/main/java/de/k3b/android/androFotoFinder/locationmap/LocationMapFragment.java,onAttach(Activity),method
k3b-APhotoManager,1,app/src/main/java/de/k3b/android/androFotoFinder/locationmap/LocationMapFragment.java,onDetach(),method
k3b-APhotoManager,1,app/src/main/java/de/k3b/android/androFotoFinder/locationmap/LocationMapFragment.java,onSaveInstanceState(Bundle),method
k3b-APhotoManager,1,app/src/main/java/de/k3b/android/androFotoFinder/directory/SaveAsPickerFragment.java,onCreateView(LayoutInflater ,method
k3b-APhotoManager,1,app/src/main/java/de/k3b/android/androFotoFinder/directory/SaveAsPickerFragment.java,getStatusErrorMessage(String),method
k3b-APhotoManager,1,app/src/main/java/de/k3b/android/androFotoFinder/directory/SaveAsPickerFragment.java,onDirectoryPick(IDirectory),method
k3b-APhotoManager,1,app/src/main/java/de/k3b/android/androFotoFinder/directory/SaveAsPickerFragment.java,isPickable(IDirectory),method
k3b-APhotoManager,1,app/src/main/java/de/k3b/android/androFotoFinder/directory/SaveAsPickerFragment.java,getSelectedDir(String),method
k3b-APhotoManager,1,app/src/main/java/de/k3b/android/androFotoFinder/directory/SaveAsPickerFragment.java,getSelectedDir(String),method
bailuk-AAT,1,aat-android/src/main/java/ch/bailu/aat/views/ImageObjectView.java,onAttachedToWindow(),method
bailuk-AAT,1,aat-android/src/main/java/ch/bailu/aat/views/ImageObjectView.java,onDetachedFromWindow(),method
k3b-APhotoManager,0,app/src/main/java/de/k3b/android/androFotoFinder/gallery/cursor/GalleryCursorFragment.java,onPostProcess(String ,method
k3b-APhotoManager,0,app/src/main/java/de/k3b/android/androFotoFinder/gallery/cursor/GalleryCursorFragment.java,onCreate(Bundle),method
k3b-APhotoManager,0,app/src/main/java/de/k3b/android/androFotoFinder/gallery/cursor/GalleryCursorFragment.java,onSaveInstanceState(Bundle),method
k3b-APhotoManager,0,app/src/main/java/de/k3b/android/androFotoFinder/gallery/cursor/GalleryCursorFragment.java,onAttach(Activity),method
k3b-APhotoManager,0,app/src/main/java/de/k3b/android/androFotoFinder/gallery/cursor/GalleryCursorFragment.java,onDetach(),method
k3b-APhotoManager,0,app/src/main/java/de/k3b/android/androFotoFinder/gallery/cursor/GalleryCursorFragment.java,onPause(),method
k3b-APhotoManager,0,app/src/main/java/de/k3b/android/androFotoFinder/gallery/cursor/GalleryCursorFragment.java,onDestroy(),method
k3b-APhotoManager,0,app/src/main/java/de/k3b/android/androFotoFinder/gallery/cursor/GalleryCursorFragment.java,onDestroy(),method
k3b-APhotoManager,0,app/src/main/java/de/k3b/android/androFotoFinder/gallery/cursor/GalleryCursorFragment.java,onPrepareOptionsMenu(Menu),method
k3b-APhotoManager,0,app/src/main/java/de/k3b/android/androFotoFinder/gallery/cursor/GalleryCursorFragment.java,onOptionsItemSelected(MenuItem),method
bailuk-AAT,1,aat-android/src/main/java/ch/bailu/aat/views/BusyViewContainer.java,onLayout(boolean ,method
bailuk-AAT,1,aat-android/src/main/java/ch/bailu/aat/views/preferences/SolidBoundingBoxView.java,onAttachedToWindow(),method
bailuk-AAT,1,aat-android/src/main/java/ch/bailu/aat/views/preferences/SolidBoundingBoxView.java,onDetachedFromWindow(),method
k3b-APhotoManager,0,app/src/main/java/de/k3b/android/androFotoFinder/queries/FotoSql.java,loadInBackground(),method
k3b-APhotoManager,1,app/src/main/java/de/k3b/android/androFotoFinder/directory/DirectoryPickerFragment.java,onItemLongClick(AdapterView<?> ,method
k3b-APhotoManager,1,app/src/main/java/de/k3b/android/androFotoFinder/directory/DirectoryPickerFragment.java,onActivityResult(int ,method
k3b-APhotoManager,1,app/src/main/java/de/k3b/android/androFotoFinder/directory/DirectoryPickerFragment.java,onSaveInstanceState(Bundle),method
k3b-APhotoManager,1,app/src/main/java/de/k3b/android/androFotoFinder/directory/DirectoryPickerFragment.java,onCreateDialog(Bundle),method
k3b-APhotoManager,1,app/src/main/java/de/k3b/android/androFotoFinder/directory/DirectoryPickerFragment.java,onResume(),method
k3b-APhotoManager,1,app/src/main/java/de/k3b/android/androFotoFinder/directory/DirectoryPickerFragment.java,onDestroy(),method
k3b-APhotoManager,1,app/src/main/java/de/k3b/android/androFotoFinder/directory/DirectoryPickerFragment.java,onAttach(Activity),method
k3b-APhotoManager,1,app/src/main/java/de/k3b/android/androFotoFinder/directory/DirectoryPickerFragment.java,onDetach(),method
k3b-APhotoManager,0,app/src/main/java/de/k3b/android/androFotoFinder/locationmap/MarkerLoaderTaskWithRecycling.java,doInBackground(QueryParameter...),method
k3b-APhotoManager,1,app/src/main/java/de/k3b/android/androFotoFinder/directory/DirectoryListAdapter.java,onGroupExpanded(int),method
bailuk-AAT,1,aat-android/src/main/java/ch/bailu/aat/views/preferences/SolidDirectoryDialog.java,buildExtraSelection(Context ,method
bailuk-AAT,1,aat-android/src/main/java/ch/bailu/aat/views/preferences/SolidDirectoryDialog.java,onExtraItemClick(int),method
bailuk-AAT,1,aat-android/src/main/java/ch/bailu/aat/views/preferences/SolidImageButton.java,onAttachedToWindow(),method
bailuk-AAT,1,aat-android/src/main/java/ch/bailu/aat/views/preferences/SolidImageButton.java,onDetachedFromWindow(),method
k3b-APhotoManager,0,app/src/main/java/de/k3b/android/androFotoFinder/locationmap/MapGeoPickerActivity.java,onCreate(Bundle),method
k3b-APhotoManager,0,app/src/main/java/de/k3b/android/androFotoFinder/locationmap/MapGeoPickerActivity.java,onDestroy(),method
k3b-APhotoManager,0,app/src/main/java/de/k3b/android/androFotoFinder/locationmap/MapGeoPickerActivity.java,onSaveInstanceState(Bundle),method
k3b-APhotoManager,0,app/src/main/java/de/k3b/android/androFotoFinder/locationmap/MapGeoPickerActivity.java,onOptionsItemSelected(MenuItem),method
k3b-APhotoManager,0,app/src/main/java/de/k3b/android/androFotoFinder/locationmap/MapGeoPickerActivity.java,onActivityResult(int ,method
bailuk-AAT,1,aat-android/src/main/java/ch/bailu/aat/views/preferences/AbsSolidView.java,onAttachedToWindow(),method
bailuk-AAT,1,aat-android/src/main/java/ch/bailu/aat/views/preferences/AbsSolidView.java,onDetachedFromWindow(),method
k3b-APhotoManager,0,app/src/main/java/de/k3b/android/androFotoFinder/locationmap/PickerLocationMapFragment.java,onSingleTapConfirmed(MotionEvent ,method
k3b-APhotoManager,0,app/src/main/java/de/k3b/android/androFotoFinder/locationmap/PickerLocationMapFragment.java,onCreateView(LayoutInflater ,method
k3b-APhotoManager,0,app/src/main/java/de/k3b/android/androFotoFinder/locationmap/PickerLocationMapFragment.java,definteOverlays(MapView ,method
k3b-APhotoManager,0,app/src/main/java/de/k3b/android/androFotoFinder/locationmap/PickerLocationMapFragment.java,defineNavigation(GalleryFilterParameter ,method
bailuk-AAT,1,aat-android/src/main/java/ch/bailu/aat/views/msg/overlay/MessageOverlay.java,onAttachedToWindow(),method
bailuk-AAT,1,aat-android/src/main/java/ch/bailu/aat/views/msg/overlay/MessageOverlay.java,onDetachedFromWindow(),method
bailuk-AAT,1,aat-android/src/main/java/ch/bailu/aat/views/tileremover/TileRemoverView.java,onAttachedToWindow(),method
bailuk-AAT,1,aat-android/src/main/java/ch/bailu/aat/views/tileremover/TileRemoverView.java,onDetachedFromWindow(),method
the3deers-android-3D-model-viewer,1,engine/src/main/java/org/andresoviedo/android_3d_model_engine/services/collada/entities/Vertex.java,clone(),method
k3b-APhotoManager,0,app/src/main/java/de/k3b/android/androFotoFinder/locationmap/GeoEditActivity.java,onCreate(Bundle),method
k3b-APhotoManager,0,app/src/main/java/de/k3b/android/androFotoFinder/locationmap/GeoEditActivity.java,onDestroy(),method
k3b-APhotoManager,0,app/src/main/java/de/k3b/android/androFotoFinder/locationmap/GeoEditActivity.java,onActivityResult(int ,method
bailuk-AAT,1,aat-android/src/main/java/ch/bailu/aat/views/html/HtmlScrollTextView.java,setOnClickListener(OnClickListener),method
the3deers-android-3D-model-viewer,1,engine/src/main/java/org/andresoviedo/android_3d_model_engine/services/stl/STLLoaderTask.java,build(),method
the3deers-android-3D-model-viewer,1,engine/src/main/java/org/andresoviedo/android_3d_model_engine/services/stl/STLLoaderTask.java,build(),method
the3deers-android-3D-model-viewer,1,engine/src/main/java/org/andresoviedo/android_3d_model_engine/services/stl/STLLoaderTask.java,build(),method
the3deers-android-3D-model-viewer,1,engine/src/main/java/org/andresoviedo/android_3d_model_engine/services/stl/STLLoaderTask.java,build(),method
bailuk-AAT,1,aat-android/src/main/java/ch/bailu/aat/views/description/ColorNumberView.java,onContentUpdated(int ,method
bailuk-AAT,1,aat-android/src/main/java/ch/bailu/aat/views/description/NumberView.java,setOnClickListener(OnClickListener),method
bailuk-AAT,1,aat-android/src/main/java/ch/bailu/aat/views/description/GPSStateButton.java,onAttachedToWindow(),method
k3b-APhotoManager,0,app/src/main/java/de/k3b/android/androFotoFinder/locationmap/LocationMapFragment.java,onDestroy(),method
k3b-APhotoManager,0,app/src/main/java/de/k3b/android/androFotoFinder/locationmap/LocationMapFragment.java,onAttach(Activity),method
k3b-APhotoManager,0,app/src/main/java/de/k3b/android/androFotoFinder/locationmap/LocationMapFragment.java,onDetach(),method
k3b-APhotoManager,0,app/src/main/java/de/k3b/android/androFotoFinder/locationmap/LocationMapFragment.java,onSaveInstanceState(Bundle),method
bailuk-AAT,1,aat-android/src/main/java/ch/bailu/aat/views/description/mview/MultiView.java,onAttachedToWindow(),method
bailuk-AAT,1,aat-android/src/main/java/ch/bailu/aat/views/description/mview/MultiView.java,onDetachedFromWindow(),method
bailuk-AAT,1,aat-android/src/main/java/ch/bailu/aat/views/description/mview/MultiViewIndicator.java,onMeasure(int ,method
k3b-APhotoManager,1,app/src/main/java/de/k3b/android/androFotoFinder/imagedetail/ImageDetailActivityViewPager.java,onCreate(Bundle),method
k3b-APhotoManager,1,app/src/main/java/de/k3b/android/androFotoFinder/imagedetail/ImageDetailActivityViewPager.java,onDestroy(),method
k3b-APhotoManager,1,app/src/main/java/de/k3b/android/androFotoFinder/imagedetail/ImageDetailActivityViewPager.java,onResume(),method
k3b-APhotoManager,1,app/src/main/java/de/k3b/android/androFotoFinder/imagedetail/ImageDetailActivityViewPager.java,onCreateOptionsMenu(Menu),method
k3b-APhotoManager,1,app/src/main/java/de/k3b/android/androFotoFinder/imagedetail/ImageDetailActivityViewPager.java,onPrepareOptionsMenu(Menu),method
k3b-APhotoManager,1,app/src/main/java/de/k3b/android/androFotoFinder/imagedetail/ImageDetailActivityViewPager.java,onActivityResult(int ,method
k3b-APhotoManager,1,app/src/main/java/de/k3b/android/androFotoFinder/imagedetail/ImageDetailActivityViewPager.java,onPause(),method
k3b-APhotoManager,1,app/src/main/java/de/k3b/android/androFotoFinder/imagedetail/ImageDetailActivityViewPager.java,run(),method
k3b-APhotoManager,1,app/src/main/java/de/k3b/android/androFotoFinder/imagedetail/ImageDetailActivityViewPager.java,onSaveInstanceState(Bundle),method
k3b-APhotoManager,1,app/src/main/java/de/k3b/android/androFotoFinder/imagedetail/ImageDetailActivityViewPager.java,getStatusErrorMessage(String),method
k3b-APhotoManager,1,app/src/main/java/de/k3b/android/androFotoFinder/imagedetail/ImageDetailActivityViewPager.java,onPostProcess(String ,method
k3b-APhotoManager,1,app/src/main/java/de/k3b/android/androFotoFinder/imagedetail/ImageDetailActivityViewPager.java,onPostExecute(Integer),method
k3b-APhotoManager,0,app/src/main/java/de/k3b/android/androFotoFinder/directory/DirectoryPickerFragment.java,onItemLongClick(AdapterView<?> ,method
k3b-APhotoManager,0,app/src/main/java/de/k3b/android/androFotoFinder/directory/DirectoryPickerFragment.java,onSaveInstanceState(Bundle),method
k3b-APhotoManager,0,app/src/main/java/de/k3b/android/androFotoFinder/directory/DirectoryPickerFragment.java,onCreateDialog(Bundle),method
k3b-APhotoManager,0,app/src/main/java/de/k3b/android/androFotoFinder/directory/DirectoryPickerFragment.java,onResume(),method
k3b-APhotoManager,0,app/src/main/java/de/k3b/android/androFotoFinder/directory/DirectoryPickerFragment.java,onDestroy(),method
k3b-APhotoManager,0,app/src/main/java/de/k3b/android/androFotoFinder/directory/DirectoryPickerFragment.java,onAttach(Activity),method
k3b-APhotoManager,0,app/src/main/java/de/k3b/android/androFotoFinder/directory/DirectoryPickerFragment.java,onDetach(),method
the3deers-android-3D-model-viewer,1,engine/src/main/java/org/andresoviedo/android_3d_model_engine/services/wavefront/WavefrontLoaderTask.java,build(),method
the3deers-android-3D-model-viewer,1,engine/src/main/java/org/andresoviedo/android_3d_model_engine/services/wavefront/WavefrontLoaderTask.java,onProgress(String),method
k3b-APhotoManager,0,app/src/main/java/de/k3b/android/androFotoFinder/directory/DirectoryListAdapter.java,onGroupExpanded(int),method
bailuk-AAT,1,aat-android/src/main/java/ch/bailu/aat/views/bar/ControlBar.java,ControlBar(Context  int  int  UiTheme),constructor
k3b-APhotoManager,1,app/src/main/java/de/k3b/android/androFotoFinder/imagedetail/ImagePagerAdapterFromCursor.java,setPrimaryItem(ViewGroup ,method
bailuk-AAT,1,aat-android/src/main/java/ch/bailu/aat/services/OneService.java,onCreate(),method
bailuk-AAT,1,aat-android/src/main/java/ch/bailu/aat/services/OneService.java,onDestroy(),method
bailuk-AAT,1,aat-android/src/main/java/ch/bailu/aat/services/OneService.java,onLowMemory(),method
bailuk-AAT,1,aat-android/src/main/java/ch/bailu/aat/services/OneService.java,appendStatusText(StringBuilder),method
k3b-APhotoManager,1,app/src/main/java/de/k3b/android/androFotoFinder/imagedetail/ImagePagerAdapterFromCursorArray.java,swapCursor(Cursor),method
k3b-APhotoManager,1,app/src/main/java/de/k3b/android/androFotoFinder/imagedetail/ImagePagerAdapterFromCursorArray.java,swapCursor(Cursor),method
k3b-APhotoManager,1,app/src/main/java/de/k3b/android/androFotoFinder/imagedetail/ImagePagerAdapterFromCursorArray.java,getCount(),method
k3b-APhotoManager,1,app/src/main/java/de/k3b/android/androFotoFinder/imagedetail/ImagePagerAdapterFromCursorArray.java,getFullFilePath(int),method
k3b-APhotoManager,1,app/src/main/java/de/k3b/android/androFotoFinder/imagedetail/ImagePagerAdapterFromCursorArray.java,getImageId(int),method
k3b-APhotoManager,1,app/src/main/java/de/k3b/android/androFotoFinder/imagedetail/ImagePagerAdapterFromCursorArray.java,getDatePhotoTaken(int),method
k3b-APhotoManager,1,app/src/main/java/de/k3b/android/androFotoFinder/imagedetail/ImagePagerAdapterFromCursorArray.java,instantiateItem(ViewGroup ,method
k3b-APhotoManager,1,app/src/main/java/de/k3b/android/androFotoFinder/imagedetail/ImagePagerAdapterFromCursorArray.java,getPositionFromPath(String),method
k3b-APhotoManager,1,app/src/main/java/de/k3b/android/androFotoFinder/imagedetail/PhotoViewEx.java,getScaleType(),method
k3b-APhotoManager,1,app/src/main/java/de/k3b/android/androFotoFinder/imagedetail/PhotoViewEx.java,onScale(float ,method
bailuk-AAT,1,aat-android/src/main/java/ch/bailu/aat/services/AbsService.java,finalize(),method
bailuk-AAT,1,aat-android/src/main/java/ch/bailu/aat/services/AbsService.java,onCreate(),method
bailuk-AAT,1,aat-android/src/main/java/ch/bailu/aat/services/AbsService.java,onDestroy(),method
k3b-APhotoManager,1,app/src/main/java/de/k3b/android/androFotoFinder/imagedetail/LockableViewPager.java,onInterceptTouchEvent(MotionEvent),method
k3b-APhotoManager,1,app/src/main/java/de/k3b/android/androFotoFinder/imagedetail/LockableViewPager.java,onTouchEvent(MotionEvent),method
k3b-APhotoManager,1,app/src/main/java/de/k3b/android/androFotoFinder/tagDB/TagTask.java,destroy(),method
bailuk-AAT,1,aat-android/src/main/java/ch/bailu/aat/services/cache/ObjBitmap.java,onRemove(AppContext),method
bailuk-AAT,1,aat-android/src/main/java/ch/bailu/aat/services/cache/osm_features/ObjMapFeatures.java,onInsert(AppContext),method
k3b-APhotoManager,0,app/src/main/java/de/k3b/android/androFotoFinder/imagedetail/ImageDetailActivityViewPager.java,onPostProcess(String ,method
k3b-APhotoManager,0,app/src/main/java/de/k3b/android/androFotoFinder/imagedetail/ImageDetailActivityViewPager.java,onCreate(Bundle),method
k3b-APhotoManager,0,app/src/main/java/de/k3b/android/androFotoFinder/imagedetail/ImageDetailActivityViewPager.java,onActivityResult(int ,method
k3b-APhotoManager,0,app/src/main/java/de/k3b/android/androFotoFinder/imagedetail/ImageDetailActivityViewPager.java,onPause(),method
k3b-APhotoManager,0,app/src/main/java/de/k3b/android/androFotoFinder/imagedetail/ImageDetailActivityViewPager.java,onResume(),method
k3b-APhotoManager,0,app/src/main/java/de/k3b/android/androFotoFinder/imagedetail/ImageDetailActivityViewPager.java,onDestroy(),method
k3b-APhotoManager,0,app/src/main/java/de/k3b/android/androFotoFinder/imagedetail/ImageDetailActivityViewPager.java,onCreateOptionsMenu(Menu),method
k3b-APhotoManager,0,app/src/main/java/de/k3b/android/androFotoFinder/imagedetail/ImageDetailActivityViewPager.java,onPrepareOptionsMenu(Menu),method
k3b-APhotoManager,0,app/src/main/java/de/k3b/android/androFotoFinder/imagedetail/ImageDetailActivityViewPager.java,onOptionsItemSelected(MenuItem),method
k3b-APhotoManager,0,app/src/main/java/de/k3b/android/androFotoFinder/imagedetail/ImageDetailActivityViewPager.java,onSaveInstanceState(Bundle),method
k3b-APhotoManager,0,app/src/main/java/de/k3b/android/androFotoFinder/imagedetail/ImagePagerAdapterFromCursor.java,setPrimaryItem(ViewGroup ,method
bailuk-AAT,1,aat-android/src/main/java/ch/bailu/aat/services/location/RealLocation.java,passState(int),method
bailuk-AAT,1,aat-android/src/main/java/ch/bailu/aat/services/location/RealLocation.java,appendStatusText(StringBuilder),method
bailuk-AAT,1,aat-android/src/main/java/ch/bailu/aat/services/location/MockLocation.java,passState(int),method
k3b-APhotoManager,0,app/src/main/java/de/k3b/android/androFotoFinder/imagedetail/LockableViewPager.java,onInterceptTouchEvent(MotionEvent),method
k3b-APhotoManager,0,app/src/main/java/de/k3b/android/androFotoFinder/imagedetail/LockableViewPager.java,onTouchEvent(MotionEvent),method
bailuk-AAT,1,aat-android/src/main/java/ch/bailu/aat/services/location/GpsOrNetworkLocation.java,close(),method
bailuk-AAT,1,aat-android/src/main/java/ch/bailu/aat/services/location/GpsOrNetworkLocation.java,appendStatusText(StringBuilder),method
k3b-APhotoManager,0,app/src/main/java/de/k3b/android/widget/AboutDialogPreference.java,onBindDialogView(View),method
k3b-APhotoManager,0,app/src/main/java/de/k3b/android/widget/LocalizedActivity.java,onCreate(Bundle),method
k3b-APhotoManager,0,app/src/main/java/de/k3b/android/widget/LocalizedActivity.java,onResume(),method
k3b-APhotoManager,0,app/src/main/java/de/k3b/android/widget/EditTextPreferenceWithSummary.java,getSummary(),method
k3b-APhotoManager,0,app/src/main/java/de/k3b/android/widget/EditTextPreferenceWithSummary.java,onCreateView(ViewGroup),method
k3b-APhotoManager,0,app/src/main/java/de/k3b/android/widget/DualListAdapter.java,onChanged(),method
k3b-APhotoManager,1,app/src/main/java/de/k3b/android/androFotoFinder/tagDB/TagsPickerFragment.java,onStart(),method
k3b-APhotoManager,0,app/src/main/java/de/k3b/android/osmdroid/FolderOverlay.java,onDetach(MapView),method
k3b-APhotoManager,1,app/src/main/java/de/k3b/android/androFotoFinder/tagDB/TagsPickerFragment.java,onCreateView(LayoutInflater ,method
k3b-APhotoManager,1,app/src/main/java/de/k3b/android/androFotoFinder/tagDB/TagsPickerFragment.java,onTextChanged(CharSequence ,method
k3b-APhotoManager,1,app/src/main/java/de/k3b/android/androFotoFinder/tagDB/TagsPickerFragment.java,onDetach(),method
k3b-APhotoManager,1,app/src/main/java/de/k3b/android/androFotoFinder/tagDB/TagsPickerFragment.java,onDestroy(),method
k3b-APhotoManager,1,app/src/main/java/de/k3b/android/androFotoFinder/tagDB/TagsPickerFragment.java,onPostExecute(Integer),method
k3b-APhotoManager,0,app/src/main/java/de/k3b/android/osmdroid/GuestureOverlay.java,onDoubleTap(MotionEvent ,method
k3b-APhotoManager,0,app/src/main/java/de/k3b/android/osmdroid/GuestureOverlay.java,onDoubleTapEvent(MotionEvent ,method
k3b-APhotoManager,0,app/src/main/java/de/k3b/android/osmdroid/MarkerBase.java,onSingleTapConfirmed(MotionEvent ,method
k3b-APhotoManager,0,app/src/main/java/de/k3b/android/osmdroid/MarkerBase.java,onLongPress(MotionEvent ,method
k3b-APhotoManager,0,app/src/main/java/de/k3b/android/util/RecursiveMediaScanner.java,onPostExecute(Integer),method
k3b-APhotoManager,1,app/src/main/java/de/k3b/android/androFotoFinder/backup/BackupActivity.java,onSaveInstanceState(Bundle),method
k3b-APhotoManager,1,app/src/main/java/de/k3b/android/androFotoFinder/backup/BackupActivity.java,onCreate(Bundle),method
k3b-APhotoManager,1,app/src/main/java/de/k3b/android/androFotoFinder/backup/BackupActivity.java,onActivityResult(int ,method
k3b-APhotoManager,1,app/src/main/java/de/k3b/android/androFotoFinder/backup/BackupActivity.java,onOptionsItemSelected(MenuItem),method
k3b-APhotoManager,1,app/src/main/java/de/k3b/android/androFotoFinder/backup/BackupActivity.java,onResume(),method
k3b-APhotoManager,0,app/src/main/java/de/k3b/android/util/MediaScanner.java,onPostExecute(Integer),method
bailuk-AAT,1,aat-android/src/main/java/ch/bailu/aat/services/sensor/bluetooth_le/BleScannerSDK21.java,onScanResult(int ,method
k3b-APhotoManager,1,app/src/main/java/de/k3b/android/androFotoFinder/backup/BackupProgressActivity.java,onCreate(Bundle),method
k3b-APhotoManager,1,app/src/main/java/de/k3b/android/androFotoFinder/backup/BackupAsyncTask.java,setContext(String ,method
k3b-APhotoManager,1,app/src/main/java/de/k3b/android/androFotoFinder/backup/BackupAsyncTask.java,onPostExecute(IZipConfig),method
k3b-APhotoManager,1,app/src/main/java/de/k3b/android/androFotoFinder/backup/BackupAsyncTask.java,onProgress(int ,method
abertschi-ad-free,0,app/src/main/java/ch/abertschi/adfree/NotificationListener.kt,onNotificationRemoved(),method
k3b-APhotoManager,0,app/src/main/java/de/k3b/android/util/AndroidFileCommands.java,onPreProcess(String ,method
k3b-APhotoManager,0,app/src/main/java/de/k3b/android/util/AndroidFileCommands.java,onPostProcess(String ,method
k3b-APhotoManager,0,app/src/main/java/de/k3b/android/util/AndroidFileCommands.java,onPause(),method
abertschi-ad-free,0,app/src/main/java/ch/abertschi/adfree/AdFreeApplication.kt,onCreate(),method
bailuk-AAT,1,aat-android/src/main/java/ch/bailu/aat/services/sensor/internal/BarometerSensor.java,close(),method
k3b-APhotoManager,1,app/src/main/java/de/k3b/android/androFotoFinder/media/PhotoPropertiesMediaDBCsvImportActivity.java,onDestroy(),method
k3b-APhotoManager,1,app/src/main/java/de/k3b/android/androFotoFinder/media/PhotoPropertiesMediaDBCsvImportActivity.java,onCreate(Bundle),method
abertschi-ad-free,0,app/src/main/java/ch/abertschi/adfree/detector/NotificationBundleAndroidTextDetector.kt,canHandle(),method
k3b-APhotoManager,1,app/src/main/java/de/k3b/android/widget/SearchViewWithHistory.java,clearFocus(),method
k3b-APhotoManager,1,app/src/main/java/de/k3b/android/widget/SearchViewWithHistory.java,onSaveInstanceState(),method
k3b-APhotoManager,1,app/src/main/java/de/k3b/android/widget/SearchViewWithHistory.java,onRestoreInstanceState(Parcelable),method
k3b-APhotoManager,1,app/src/main/java/de/k3b/android/widget/SearchViewWithHistory.java,onRestoreInstanceState(Parcelable),method
k3b-APhotoManager,1,app/src/main/java/de/k3b/android/widget/SearchViewWithHistory.java,writeToParcel(Parcel ,method
abertschi-ad-free,0,app/src/main/java/ch/abertschi/adfree/detector/SpotifyTitleDetector.kt,canHandle(),method
abertschi-ad-free,0,app/src/main/java/ch/abertschi/adfree/detector/NotificationActionDetector.kt,canHandle(),method
k3b-APhotoManager,1,app/src/main/java/de/k3b/android/widget/ActivityWithCallContext.java,onCreate(Bundle),method
k3b-APhotoManager,1,app/src/main/java/de/k3b/android/widget/ActivityWithCallContext.java,onResume(),method
k3b-APhotoManager,1,app/src/main/java/de/k3b/android/widget/AboutDialogPreference.java,onBindDialogView(View),method
abertschi-ad-free,0,app/src/main/java/ch/abertschi/adfree/view/MainActivity.kt,onCreate(),method
abertschi-ad-free,0,app/src/main/java/ch/abertschi/adfree/view/home/HomeActivity.kt,onViewCreated(),method
abertschi-ad-free,0,app/src/main/java/ch/abertschi/adfree/view/home/HomeActivity.kt,onResume(),method
k3b-APhotoManager,0,k3b-geoHelper/src/main/java/de/k3b/geo/api/GeoPointDto.java,clone(),method
k3b-APhotoManager,0,k3b-geoHelper/src/main/java/de/k3b/geo/api/GeoPointDto.java,toString(),method
abertschi-ad-free,0,app/src/main/java/ch/abertschi/adfree/view/about/AboutActivity.kt,onViewCreated(),method
bailuk-AAT,1,aat-gtk/src/main/kotlin/ch/bailu/aat_gtk/app/GtkAppConfig.kt,getVersionName(),method
k3b-APhotoManager,0,testgui/src/main/java/de/k3b/android/androFotoFinder/testgui/TestGuiActivity.java,onCreate(Bundle),method
k3b-APhotoManager,0,testgui/src/main/java/de/k3b/android/androFotoFinder/testgui/TestGuiActivity.java,onActivityResult(int ,method
k3b-APhotoManager,0,testgui/src/main/java/de/k3b/android/androFotoFinder/testgui/TestGuiActivity.java,onOptionsItemSelected(MenuItem),method
abertschi-ad-free,0,app/src/main/java/ch/abertschi/adfree/view/setting/SettingsActivity.kt,onViewCreated(),method
abertschi-ad-free,0,app/src/main/java/ch/abertschi/adfree/view/setting/SettingsActivity.kt,onResume(),method
abertschi-ad-free,1,app/src/main/java/ch/abertschi/adfree/NotificationsListeners.kt,onListenerDisconnected(),method
abertschi-ad-free,1,app/src/main/java/ch/abertschi/adfree/NotificationsListeners.kt,onListenerConnected(),method
abertschi-ad-free,1,app/src/main/java/ch/abertschi/adfree/AdFreeApplication.kt,onCreate(),method
k3b-APhotoManager,1,app/src/main/java/de/k3b/android/widget/BaseQueryActivity.java,onCreate(Bundle),method
k3b-APhotoManager,1,app/src/main/java/de/k3b/android/widget/BaseQueryActivity.java,closeDialogIfNeeded(),method
k3b-APhotoManager,1,app/src/main/java/de/k3b/android/widget/BaseQueryActivity.java,onSaveInstanceState(Bundle),method
k3b-APhotoManager,1,app/src/main/java/de/k3b/android/widget/BaseQueryActivity.java,onPause(),method
k3b-APhotoManager,1,app/src/main/java/de/k3b/android/widget/BaseQueryActivity.java,onLowMemory(),method
k3b-APhotoManager,1,app/src/main/java/de/k3b/android/widget/BaseQueryActivity.java,onDestroy(),method
k3b-APhotoManager,1,app/src/main/java/de/k3b/android/widget/BaseQueryActivity.java,onResume(),method
k3b-APhotoManager,1,app/src/main/java/de/k3b/android/widget/BaseQueryActivity.java,onActivityResult(int ,method
k3b-APhotoManager,1,app/src/main/java/de/k3b/android/widget/BaseQueryActivity.java,onCreateOptionsMenu(Menu),method
k3b-APhotoManager,1,app/src/main/java/de/k3b/android/widget/BaseQueryActivity.java,onPrepareOptionsMenu(Menu),method
k3b-APhotoManager,1,app/src/main/java/de/k3b/android/widget/BaseQueryActivity.java,onOptionsItemSelected(MenuItem ,method
k3b-APhotoManager,1,app/src/main/java/de/k3b/android/widget/BaseQueryActivity.java,onBackPressed(),method
k3b-APhotoManager,1,app/src/main/java/de/k3b/android/widget/ActivityWithAutoCloseDialogs.java,onPause(),method
k3b-APhotoManager,1,app/src/main/java/de/k3b/android/widget/ActivityWithAutoCloseDialogs.java,onDestroy(),method
k3b-APhotoManager,1,app/src/main/java/de/k3b/android/widget/ActivityWithAutoCloseDialogs.java,onActivityResult(int ,method
k3b-APhotoManager,1,app/src/main/java/de/k3b/android/widget/LocalizedActivity.java,onCreate(Bundle),method
k3b-APhotoManager,1,app/src/main/java/de/k3b/android/widget/LocalizedActivity.java,onResume(),method
k3b-APhotoManager,1,app/src/main/java/de/k3b/android/widget/AsyncTaskWithProgressDialog.java,onPostExecute(Integer),method
k3b-APhotoManager,1,app/src/main/java/de/k3b/android/widget/AsyncTaskWithProgressDialog.java,onCancelled(Integer),method
k3b-APhotoManager,1,app/src/main/java/de/k3b/android/widget/EditTextPreferenceWithSummary.java,getSummary(),method
k3b-APhotoManager,1,app/src/main/java/de/k3b/android/widget/EditTextPreferenceWithSummary.java,onCreateView(ViewGroup),method
k3b-APhotoManager,1,app/src/main/java/de/k3b/android/widget/UpdateTask.java,onPostExecute(Integer),method
k3b-APhotoManager,1,app/src/main/java/de/k3b/android/widget/UpdateTask.java,destroy(),method
k3b-APhotoManager,1,app/src/main/java/de/k3b/android/widget/ProgressActivity.java,onDestroy(),method
k3b-APhotoManager,1,app/src/main/java/de/k3b/android/widget/ProgressActivity.java,onResume(),method
abertschi-ad-free,1,app/src/main/java/ch/abertschi/adfree/crashhandler/SendCrashReportActivity.kt,onCreate(),method
k3b-APhotoManager,0,fotolib2/src/main/java/de/k3b/io/GalleryFilterParameter.java,get(IGalleryFilter),method
k3b-APhotoManager,0,fotolib2/src/main/java/de/k3b/io/GalleryFilterParameter.java,toStringBuilder(),method
k3b-APhotoManager,1,app/src/main/java/de/k3b/android/widget/ArrayAdapterEx.java,notifyDataSetChanged(),method
k3b-APhotoManager,1,app/src/main/java/de/k3b/android/widget/DualListAdapter.java,onChanged(),method
k3b-APhotoManager,1,app/src/main/java/de/k3b/android/osmdroid/GuestureOverlay.java,onDoubleTap(MotionEvent ,method
k3b-APhotoManager,1,app/src/main/java/de/k3b/android/osmdroid/GuestureOverlay.java,onDoubleTapEvent(MotionEvent ,method
k3b-APhotoManager,1,app/src/main/java/de/k3b/android/osmdroid/ClickableIconOverlay.java,onSingleTapConfirmed(MotionEvent ,method
k3b-APhotoManager,1,app/src/main/java/de/k3b/android/osmdroid/ClickableIconOverlay.java,onLongPress(MotionEvent ,method
abertschi-ad-free,1,app/src/main/java/ch/abertschi/adfree/detector/NotificationBundleAndroidTextDetector.kt,canHandle(),method
librespeed-speedtest-android,0,Speedtest-Android/app/src/main/java/com/fdossena/speedtest/ui/MainActivity.java,onCreate(Bundle),method
librespeed-speedtest-android,0,Speedtest-Android/app/src/main/java/com/fdossena/speedtest/ui/MainActivity.java,onResume(),method
librespeed-speedtest-android,0,Speedtest-Android/app/src/main/java/com/fdossena/speedtest/ui/MainActivity.java,onDestroy(),method
librespeed-speedtest-android,0,Speedtest-Android/app/src/main/java/com/fdossena/speedtest/ui/MainActivity.java,onBackPressed(),method
abertschi-ad-free,1,app/src/main/java/ch/abertschi/adfree/detector/MiuiNotificationDetector.kt,canHandle(),method
librespeed-speedtest-android,0,Speedtest-Android/app/src/main/java/com/fdossena/speedtest/ui/GaugeView.java,onDraw(Canvas),method
abertschi-ad-free,1,app/src/main/java/ch/abertschi/adfree/detector/SpotifyTitleDetector.kt,canHandle(),method
abertschi-ad-free,1,app/src/main/java/ch/abertschi/adfree/detector/NotificationActionDetector.kt,canHandle(),method
k3b-APhotoManager,1,app/src/main/java/de/k3b/android/util/RecursivePhotoPropertiesMediaFilesScannerAsyncTask.java,onPostExecute(Integer),method
bailuk-AAT,1,aat-gtk/src/main/kotlin/ch/bailu/aat_gtk/view/map/GtkCustomMapView.kt,onResize(),method
bailuk-AAT,1,aat-gtk/src/main/kotlin/ch/bailu/aat_gtk/view/map/control/InfoBar.kt,show(),method
bailuk-AAT,1,aat-gtk/src/main/kotlin/ch/bailu/aat_gtk/view/map/control/InfoBar.kt,hide(),method
abertschi-ad-free,1,app/src/main/java/ch/abertschi/adfree/view/MainActivity.kt,onCreate(),method
abertschi-ad-free,1,app/src/main/java/ch/abertschi/adfree/view/home/HomeActivity.kt,onViewCreated(),method
abertschi-ad-free,1,app/src/main/java/ch/abertschi/adfree/view/home/HomeActivity.kt,onResume(),method
bailuk-AAT,1,aat-gtk/src/main/kotlin/ch/bailu/aat_gtk/view/map/control/EditorBar.kt,hide(),method
bailuk-AAT,1,aat-gtk/src/main/kotlin/ch/bailu/aat_gtk/view/map/control/EditorBar.kt,show(),method
abertschi-ad-free,1,app/src/main/java/ch/abertschi/adfree/view/about/AboutActivity.kt,onViewCreated(),method
abertschi-ad-free,1,app/src/main/java/ch/abertschi/adfree/view/setting/SettingsActivity.kt,onViewCreated(),method
abertschi-ad-free,1,app/src/main/java/ch/abertschi/adfree/view/setting/SettingsActivity.kt,onResume(),method
abertschi-ad-free,1,app/src/main/java/ch/abertschi/adfree/view/setting/SettingsActivity.kt,startActivityForResult(),method
abertschi-ad-free,1,app/src/main/java/ch/abertschi/adfree/view/setting/SettingsActivity.kt,onActivityResult(),method
k3b-APhotoManager,1,app/src/main/java/de/k3b/android/util/AndroidFileCommands.java,closeAll(),method
k3b-APhotoManager,1,app/src/main/java/de/k3b/android/util/AndroidFileCommands.java,onPreProcess(String ,method
k3b-APhotoManager,1,app/src/main/java/de/k3b/android/util/AndroidFileCommands.java,onPostProcess(String ,method
k3b-APhotoManager,1,app/src/main/java/de/k3b/android/util/AndroidFileCommands.java,moveOrCopyFiles(boolean ,method
k3b-APhotoManager,1,app/src/main/java/de/k3b/android/util/AndroidFileCommands.java,deleteFiles(SelectedFiles ,method
k3b-APhotoManager,1,app/src/main/java/de/k3b/android/util/AndroidFileCommands.java,onPause(),method
k3b-APhotoManager,1,app/src/main/java/de/k3b/android/util/AndroidFileCommands.java,dismiss(),method
k3b-APhotoManager,1,app/src/main/java/de/k3b/android/util/AndroidFileCommands.java,addTransactionLog(long ,method
k3b-APhotoManager,1,app/src/main/java/de/k3b/android/util/PhotoPropertiesMediaFilesScannerAsyncTask.java,onPostExecute(Integer),method
abertschi-ad-free,1,app/src/main/java/ch/abertschi/adfree/view/mod/ModActivity.kt,onCreate(),method
abertschi-ad-free,1,app/src/main/java/ch/abertschi/adfree/view/mod/ModActivity.kt,onResume(),method
abertschi-ad-free,1,app/src/main/java/ch/abertschi/adfree/view/mod/ActiveDetectorActivity.kt,onCreate(),method
dnet-adsdroid,1,src/hu/vsza/adsdroid/SearchPanel.java,onCreate(Bundle),method
dnet-adsdroid,1,src/hu/vsza/adsdroid/SearchPanel.java,onPreExecute(),method
dnet-adsdroid,1,src/hu/vsza/adsdroid/SearchPanel.java,onPostExecute(ArrayList<Part>),method
dnet-adsdroid,1,src/hu/vsza/adsdroid/PartList.java,onCreate(Bundle),method
dnet-adsdroid,1,src/hu/vsza/adsdroid/PartList.java,onPreExecute(),method
dnet-adsdroid,1,src/hu/vsza/adsdroid/PartList.java,onProgressUpdate(String...),method
dnet-adsdroid,1,src/hu/vsza/adsdroid/PartList.java,onPostExecute(File),method
librespeed-speedtest-android,1,Speedtest-Android/app/src/main/java/com/fdossena/speedtest/ui/MainActivity.java,onCreate(Bundle),method
librespeed-speedtest-android,1,Speedtest-Android/app/src/main/java/com/fdossena/speedtest/ui/MainActivity.java,onResume(),method
librespeed-speedtest-android,1,Speedtest-Android/app/src/main/java/com/fdossena/speedtest/ui/MainActivity.java,onDestroy(),method
librespeed-speedtest-android,1,Speedtest-Android/app/src/main/java/com/fdossena/speedtest/ui/MainActivity.java,onBackPressed(),method
dnet-adsdroid,1,src/hu/vsza/adsapi/Search.java,toString(),method
librespeed-speedtest-android,1,Speedtest-Android/app/src/main/java/com/fdossena/speedtest/ui/GaugeView.java,onDraw(Canvas),method
dnet-adsdroid,0,src/hu/vsza/adsdroid/SearchPanel.java,onCreate(Bundle),method
dnet-adsdroid,0,src/hu/vsza/adsdroid/SearchPanel.java,onPreExecute(),method
dnet-adsdroid,0,src/hu/vsza/adsdroid/SearchPanel.java,onPostExecute(ArrayList<Part>),method
dnet-adsdroid,0,src/hu/vsza/adsdroid/PartList.java,onCreate(Bundle),method
dnet-adsdroid,0,src/hu/vsza/adsdroid/PartList.java,onPreExecute(),method
dnet-adsdroid,0,src/hu/vsza/adsdroid/PartList.java,onProgressUpdate(String...),method
dnet-adsdroid,0,src/hu/vsza/adsdroid/PartList.java,onPostExecute(String),method
dnet-adsdroid,0,src/hu/vsza/adsapi/Search.java,toString(),method
bailuk-AAT,1,aat-gtk/src/main/kotlin/ch/bailu/aat_gtk/service/location/ThreadedMockLocation.kt,passLocation(),method
bailuk-AAT,1,aat-gtk/src/main/kotlin/ch/bailu/aat_gtk/service/location/ThreadedMockLocation.kt,passState(),method
Sash0k-ActivityLauncher-v,0,ActivityLauncherApp/src/main/java/de/szalkowski/activitylauncher/rustore_fork/ActivityLauncherApp.java,onCreate(),method
Sash0k-ActivityLauncher-v,0,ActivityLauncherApp/src/main/java/de/szalkowski/activitylauncher/rustore_fork/ui/activity/ShortcutActivity.java,onCreate(Bundle),method
Sash0k-ActivityLauncher-v,1,ActivityLauncherApp/src/main/java/de/szalkowski/activitylauncher/rustore_fork/ActivityLauncherApp.java,onCreate(),method
Sash0k-ActivityLauncher-v,0,ActivityLauncherApp/src/main/java/de/szalkowski/activitylauncher/rustore_fork/ui/activity/MainActivity.java,onCreate(Bundle),method
Sash0k-ActivityLauncher-v,0,ActivityLauncherApp/src/main/java/de/szalkowski/activitylauncher/rustore_fork/ui/activity/MainActivity.java,onRestoreInstanceState(Bundle),method
Sash0k-ActivityLauncher-v,0,ActivityLauncherApp/src/main/java/de/szalkowski/activitylauncher/rustore_fork/ui/activity/MainActivity.java,onResume(),method
Sash0k-ActivityLauncher-v,0,ActivityLauncherApp/src/main/java/de/szalkowski/activitylauncher/rustore_fork/ui/activity/MainActivity.java,onOptionsItemSelected(MenuItem),method
Sash0k-ActivityLauncher-v,0,ActivityLauncherApp/src/main/java/de/szalkowski/activitylauncher/rustore_fork/ui/activity/MainActivity.java,onSaveInstanceState(Bundle),method
Sash0k-ActivityLauncher-v,1,ActivityLauncherApp/src/main/java/de/szalkowski/activitylauncher/rustore_fork/ui/activity/ShortcutActivity.java,onCreate(Bundle),method
Sash0k-ActivityLauncher-v,0,ActivityLauncherApp/src/main/java/de/szalkowski/activitylauncher/rustore_fork/ui/activity/BaseActivity.java,applyOverrideConfiguration(Configuration),method
Sash0k-ActivityLauncher-v,0,ActivityLauncherApp/src/main/java/de/szalkowski/activitylauncher/rustore_fork/ui/activity/RootLauncherActivity.java,onCreate(Bundle),method
Sash0k-ActivityLauncher-v,0,ActivityLauncherApp/src/main/java/de/szalkowski/activitylauncher/rustore_fork/ui/activity/SettingsActivity.java,onCreate(Bundle),method
Sash0k-ActivityLauncher-v,1,ActivityLauncherApp/src/main/java/de/szalkowski/activitylauncher/rustore_fork/ui/activity/MainActivity.java,onCreate(Bundle),method
Sash0k-ActivityLauncher-v,1,ActivityLauncherApp/src/main/java/de/szalkowski/activitylauncher/rustore_fork/ui/activity/MainActivity.java,onRestoreInstanceState(Bundle),method
Sash0k-ActivityLauncher-v,1,ActivityLauncherApp/src/main/java/de/szalkowski/activitylauncher/rustore_fork/ui/activity/MainActivity.java,onResume(),method
Sash0k-ActivityLauncher-v,1,ActivityLauncherApp/src/main/java/de/szalkowski/activitylauncher/rustore_fork/ui/activity/MainActivity.java,onOptionsItemSelected(MenuItem),method
Sash0k-ActivityLauncher-v,1,ActivityLauncherApp/src/main/java/de/szalkowski/activitylauncher/rustore_fork/ui/activity/MainActivity.java,onSaveInstanceState(Bundle),method
Sash0k-ActivityLauncher-v,1,ActivityLauncherApp/src/main/java/de/szalkowski/activitylauncher/rustore_fork/ui/activity/BaseActivity.java,applyOverrideConfiguration(Configuration),method
Sash0k-ActivityLauncher-v,1,ActivityLauncherApp/src/main/java/de/szalkowski/activitylauncher/rustore_fork/ui/activity/RootLauncherActivity.java,onCreate(Bundle),method
Sash0k-ActivityLauncher-v,1,ActivityLauncherApp/src/main/java/de/szalkowski/activitylauncher/rustore_fork/ui/activity/SettingsActivity.java,onCreate(Bundle),method
Sash0k-ActivityLauncher-v,0,ActivityLauncherApp/src/main/java/de/szalkowski/activitylauncher/rustore_fork/ui/fragment/AllTasksListFragment.java,onCreateContextMenu(ContextMenu ,method
Sash0k-ActivityLauncher-v,0,ActivityLauncherApp/src/main/java/de/szalkowski/activitylauncher/rustore_fork/ui/fragment/AllTasksListFragment.java,onContextItemSelected(MenuItem),method
Sash0k-ActivityLauncher-v,0,ActivityLauncherApp/src/main/java/de/szalkowski/activitylauncher/rustore_fork/ui/fragment/dialog/IconPickerDialogFragment.java,onAttach(Context),method
Sash0k-ActivityLauncher-v,1,ActivityLauncherApp/src/main/java/de/szalkowski/activitylauncher/rustore_fork/ui/fragment/AllTasksListFragment.java,onCreateContextMenu(ContextMenu ,method
Sash0k-ActivityLauncher-v,1,ActivityLauncherApp/src/main/java/de/szalkowski/activitylauncher/rustore_fork/ui/fragment/AllTasksListFragment.java,onContextItemSelected(MenuItem),method
Sash0k-ActivityLauncher-v,1,ActivityLauncherApp/src/main/java/de/szalkowski/activitylauncher/rustore_fork/ui/fragment/dialog/IconPickerDialogFragment.java,onAttach(Context),method
Sash0k-ActivityLauncher-v,0,ActivityLauncherApp/src/main/java/de/szalkowski/activitylauncher/rustore_fork/ui/fragment/dialog/ShortcutEditDialogFragment.java,onStart(),method
Sash0k-ActivityLauncher-v,1,ActivityLauncherApp/src/main/java/de/szalkowski/activitylauncher/rustore_fork/ui/fragment/dialog/ShortcutEditDialogFragment.java,onStart(),method
wakhub-tinyclock,1,app/src/main/java/com/github/wakhub/tinyclock/TinyClockAppWidget.java,onReceive(Context ,method
Sash0k-ActivityLauncher-v,0,ActivityLauncherApp/src/main/java/de/szalkowski/activitylauncher/rustore_fork/async/AsyncProvider.java,onPreExecute(),method
Sash0k-ActivityLauncher-v,0,ActivityLauncherApp/src/main/java/de/szalkowski/activitylauncher/rustore_fork/async/AsyncProvider.java,onPostExecute(ReturnType),method
wakhub-tinyclock,1,app/src/main/java/com/github/wakhub/tinyclock/UpdateService.java,onStartCommand(Intent ,method
wakhub-tinyclock,1,app/src/main/java/com/github/wakhub/tinyclock/UpdateService.java,onStartCommand(Intent ,method
wakhub-tinyclock,1,app/src/main/java/com/github/wakhub/tinyclock/UpdateService.java,onStartCommand(Intent ,method
Sash0k-ActivityLauncher-v,1,ActivityLauncherApp/src/main/java/de/szalkowski/activitylauncher/rustore_fork/async/AsyncProvider.java,onPreExecute(),method
Sash0k-ActivityLauncher-v,1,ActivityLauncherApp/src/main/java/de/szalkowski/activitylauncher/rustore_fork/async/AsyncProvider.java,onPostExecute(ReturnType),method
wakhub-tinyclock,1,app/src/main/java/com/github/wakhub/tinyclock/SettingsActivity.java,onCreate(Bundle),method
wakhub-tinyclock,1,app/src/main/java/com/github/wakhub/tinyclock/SettingsActivity.java,onOptionsItemSelected(MenuItem),method
wakhub-tinyclock,1,app/src/main/java/com/github/wakhub/tinyclock/SettingsActivity.java,onCreate(Bundle),method
wakhub-tinyclock,1,app/src/main/java/com/github/wakhub/tinyclock/SettingsActivity.java,onPause(),method
linux-colonel-AdminControl,1,app/src/main/java/com/davidshewitt/admincontrol/AppCompatPreferenceActivity.java,onCreate(Bundle),method
linux-colonel-AdminControl,1,app/src/main/java/com/davidshewitt/admincontrol/AppCompatPreferenceActivity.java,onPostCreate(Bundle),method
linux-colonel-AdminControl,1,app/src/main/java/com/davidshewitt/admincontrol/AppCompatPreferenceActivity.java,onPostResume(),method
linux-colonel-AdminControl,1,app/src/main/java/com/davidshewitt/admincontrol/AppCompatPreferenceActivity.java,onTitleChanged(CharSequence ,method
linux-colonel-AdminControl,1,app/src/main/java/com/davidshewitt/admincontrol/AppCompatPreferenceActivity.java,onConfigurationChanged(Configuration),method
linux-colonel-AdminControl,1,app/src/main/java/com/davidshewitt/admincontrol/AppCompatPreferenceActivity.java,onStop(),method
linux-colonel-AdminControl,1,app/src/main/java/com/davidshewitt/admincontrol/AppCompatPreferenceActivity.java,onDestroy(),method
gwhiteside-abstract-art,1,src/net/georgewhiteside/android/abstractart/Wallpaper.java,onCreate(SurfaceHolder),method
gwhiteside-abstract-art,1,src/net/georgewhiteside/android/abstractart/Wallpaper.java,run(),method
gwhiteside-abstract-art,0,src/net/georgewhiteside/android/abstractart/Wallpaper.java,onCreate(SurfaceHolder),method
gwhiteside-abstract-art,0,src/net/georgewhiteside/android/abstractart/Wallpaper.java,run(),method
linux-colonel-AdminControl,1,app/src/main/java/com/davidshewitt/admincontrol/ControlYourDeviceActivity.java,onCreate(Bundle),method
linux-colonel-AdminControl,1,app/src/main/java/com/davidshewitt/admincontrol/ControlYourDeviceActivity.java,onCreate(Bundle),method
linux-colonel-AdminControl,0,app/src/main/java/com/davidshewitt/admincontrol/AppCompatPreferenceActivity.java,onCreate(Bundle),method
linux-colonel-AdminControl,0,app/src/main/java/com/davidshewitt/admincontrol/AppCompatPreferenceActivity.java,onPostCreate(Bundle),method
linux-colonel-AdminControl,0,app/src/main/java/com/davidshewitt/admincontrol/AppCompatPreferenceActivity.java,onPostResume(),method
linux-colonel-AdminControl,0,app/src/main/java/com/davidshewitt/admincontrol/AppCompatPreferenceActivity.java,onTitleChanged(CharSequence ,method
linux-colonel-AdminControl,0,app/src/main/java/com/davidshewitt/admincontrol/AppCompatPreferenceActivity.java,onConfigurationChanged(Configuration),method
linux-colonel-AdminControl,0,app/src/main/java/com/davidshewitt/admincontrol/AppCompatPreferenceActivity.java,onStop(),method
linux-colonel-AdminControl,0,app/src/main/java/com/davidshewitt/admincontrol/AppCompatPreferenceActivity.java,onDestroy(),method
k3b-APhotoManager,1,fotolib2/src/main/java/de/k3b/io/OSDirOrVirtualAlbumFile.java,getCalculateFlags(File),method
k3b-APhotoManager,1,fotolib2/src/main/java/de/k3b/io/OSDirOrVirtualAlbumFile.java,isDirectory(File),method
linux-colonel-AdminControl,0,app/src/main/java/com/davidshewitt/admincontrol/ControlYourDeviceActivity.java,onCreate(Bundle),method
linux-colonel-AdminControl,0,app/src/main/java/com/davidshewitt/admincontrol/ControlYourDeviceActivity.java,onCreate(Bundle),method
lolo-io-OneList-onelist,1,app/src/main/java/com/lolo/io/onelist/App.kt,onCreate(),method
lolo-io-OneList-onelist,1,app/src/main/java/com/lolo/io/onelist/MainActivity.kt,onCreate(),method
lolo-io-OneList-onelist,1,app/src/main/java/com/lolo/io/onelist/MainActivity.kt,dispatchTouchEvent(),method
lolo-io-OneList-onelist,1,app/src/main/java/com/lolo/io/onelist/MainActivity.kt,onResume(),method
lolo-io-OneList-onelist,1,app/src/main/java/com/lolo/io/onelist/MainActivity.kt,onPause(),method
lolo-io-OneList-onelist,1,app/src/main/java/com/lolo/io/onelist/MainActivity.kt,onActivityResult(),method
lolo-io-OneList-onelist,1,app/src/main/java/com/lolo/io/onelist/MainActivity.kt,attachBaseContext(),method
k3b-APhotoManager,1,fotolib2/src/main/java/de/k3b/io/FileProcessor.java,log(Object...),method
lolo-io-OneList-onelist,1,app/src/main/java/com/lolo/io/onelist/ItemsAdapter.kt,onSlideAnimationEnd(),method
lolo-io-OneList-onelist,1,app/src/main/java/com/lolo/io/onelist/ItemsAdapter.kt,onSlideAnimationEnd(),method
lolo-io-OneList-onelist,1,app/src/main/java/com/lolo/io/onelist/ItemTouchHelperCallback.kt,onSelectedChanged(),method
lolo-io-OneList-onelist,1,app/src/main/java/com/lolo/io/onelist/ItemTouchHelperCallback.kt,onChildDraw(),method
k3b-APhotoManager,1,fotolib2/src/main/java/de/k3b/io/GalleryFilterParameter.java,get(IGalleryFilter),method
k3b-APhotoManager,1,fotolib2/src/main/java/de/k3b/io/GalleryFilterParameter.java,toStringBuilder(),method
lolo-io-OneList-onelist,1,app/src/main/java/com/lolo/io/onelist/OneListFragment.kt,onCreate(),method
lolo-io-OneList-onelist,1,app/src/main/java/com/lolo/io/onelist/OneListFragment.kt,onViewCreated(),method
lolo-io-OneList-onelist,1,app/src/main/java/com/lolo/io/onelist/OneListFragment.kt,onResume(),method
lolo-io-OneList-onelist,1,app/src/main/java/com/lolo/io/onelist/OneListFragment.kt,onStart(),method
lolo-io-OneList-onelist,1,app/src/main/java/com/lolo/io/onelist/PreferenceFragment.kt,onCreateView(),method
lolo-io-OneList-onelist,1,app/src/main/java/com/lolo/io/onelist/PreferenceFragment.kt,onViewCreated(),method
gwhiteside-abstract-art,0,src/net/georgewhiteside/android/abstractart/UniformGridView.java,setColumnWidth(int),method
gwhiteside-abstract-art,1,src/net/georgewhiteside/android/abstractart/UniformGridView.java,setColumnWidth(int),method
gwhiteside-abstract-art,0,src/net/georgewhiteside/android/abstractart/UniformGridView.java,onSizeChanged(int ,method
gwhiteside-abstract-art,1,src/net/georgewhiteside/android/abstractart/UniformGridView.java,onSizeChanged(int ,method
gwhiteside-abstract-art,1,src/net/georgewhiteside/android/abstractart/Settings.java,onCreate(Bundle),method
gwhiteside-abstract-art,1,src/net/georgewhiteside/android/abstractart/Settings.java,onPause(),method
gwhiteside-abstract-art,1,src/net/georgewhiteside/android/abstractart/Settings.java,onResume(),method
gwhiteside-abstract-art,0,src/net/georgewhiteside/android/abstractart/Settings.java,onCreate(Bundle),method
gwhiteside-abstract-art,0,src/net/georgewhiteside/android/abstractart/Settings.java,onPause(),method
gwhiteside-abstract-art,0,src/net/georgewhiteside/android/abstractart/Settings.java,onResume(),method
lolo-io-OneList-onelist,0,app/src/main/java/com/lolo/io/onelist/App.kt,onCreate(),method
gwhiteside-abstract-art,1,src/net/georgewhiteside/android/abstractart/ServiceDialog.java,onCreate(Bundle),method
gwhiteside-abstract-art,0,src/net/georgewhiteside/android/abstractart/ServiceDialog.java,onCreate(Bundle),method
lolo-io-OneList-onelist,0,app/src/main/java/com/lolo/io/onelist/MainActivity.kt,onCreate(),method
lolo-io-OneList-onelist,0,app/src/main/java/com/lolo/io/onelist/MainActivity.kt,dispatchTouchEvent(),method
lolo-io-OneList-onelist,0,app/src/main/java/com/lolo/io/onelist/ItemsAdapterKt.kt,onSlideAnimationEnd(),method
lolo-io-OneList-onelist,0,app/src/main/java/com/lolo/io/onelist/ItemsAdapterKt.kt,onSlideAnimationEnd(),method
lolo-io-OneList-onelist,0,app/src/main/java/com/lolo/io/onelist/ItemTouchHelperCallback.kt,onSelectedChanged(),method
lolo-io-OneList-onelist,0,app/src/main/java/com/lolo/io/onelist/ItemTouchHelperCallback.kt,onChildDraw(),method
gwhiteside-abstract-art,0,src/net/georgewhiteside/android/abstractart/settings/BackgroundSelector.java,onSaveInstanceState(Bundle),method
gwhiteside-abstract-art,0,src/net/georgewhiteside/android/abstractart/settings/BackgroundSelector.java,onCreate(Bundle),method
gwhiteside-abstract-art,0,src/net/georgewhiteside/android/abstractart/settings/BackgroundSelector.java,onOptionsItemSelected(MenuItem),method
gwhiteside-abstract-art,0,src/net/georgewhiteside/android/abstractart/settings/BackgroundSelector.java,onDestroy(),method
gwhiteside-abstract-art,0,src/net/georgewhiteside/android/abstractart/settings/BackgroundSelector.java,onResume(),method
gwhiteside-abstract-art,1,src/net/georgewhiteside/android/abstractart/settings/BackgroundSelector.java,onSaveInstanceState(Bundle),method
gwhiteside-abstract-art,1,src/net/georgewhiteside/android/abstractart/settings/BackgroundSelector.java,onCreate(Bundle),method
gwhiteside-abstract-art,1,src/net/georgewhiteside/android/abstractart/settings/BackgroundSelector.java,onOptionsItemSelected(MenuItem),method
gwhiteside-abstract-art,1,src/net/georgewhiteside/android/abstractart/settings/BackgroundSelector.java,onDestroy(),method
gwhiteside-abstract-art,1,src/net/georgewhiteside/android/abstractart/settings/BackgroundSelector.java,onResume(),method
lolo-io-OneList-onelist,0,app/src/main/java/com/lolo/io/onelist/OneListFragment.kt,onCreate(),method
lolo-io-OneList-onelist,0,app/src/main/java/com/lolo/io/onelist/OneListFragment.kt,onViewCreated(),method
gwhiteside-abstract-art,0,src/net/georgewhiteside/android/abstractart/settings/FrameRatePreference.java,onBindDialogView(View),method
gwhiteside-abstract-art,0,src/net/georgewhiteside/android/abstractart/settings/FrameRatePreference.java,onDialogClosed(boolean),method
gwhiteside-abstract-art,0,src/net/georgewhiteside/android/abstractart/settings/FrameRatePreference.java,getSummary(),method
gwhiteside-abstract-art,1,src/net/georgewhiteside/android/abstractart/settings/FrameRatePreference.java,onBindDialogView(View),method
gwhiteside-abstract-art,1,src/net/georgewhiteside/android/abstractart/settings/FrameRatePreference.java,onDialogClosed(boolean),method
gwhiteside-abstract-art,1,src/net/georgewhiteside/android/abstractart/settings/FrameRatePreference.java,getSummary(),method
gwhiteside-abstract-art,0,src/org/jf/GLWallpaper/GLWallpaperService.java,onVisibilityChanged(boolean),method
gwhiteside-abstract-art,0,src/org/jf/GLWallpaper/GLWallpaperService.java,onCreate(SurfaceHolder),method
flide-8VIM-iteration,1,8vim/src/main/java/inc/flide/vim8/MainInputMethodService.java,onStartInput(EditorInfo ,method
flide-8VIM-iteration,1,8vim/src/main/java/inc/flide/vim8/MainInputMethodService.java,onStartInputView(EditorInfo ,method
flide-8VIM-iteration,1,8vim/src/main/java/inc/flide/vim8/MainInputMethodService.java,onInitializeInterface(),method
gwhiteside-abstract-art,1,src/org/jf/GLWallpaper/GLWallpaperService.java,onVisibilityChanged(boolean),method
gwhiteside-abstract-art,1,src/org/jf/GLWallpaper/GLWallpaperService.java,onCreate(SurfaceHolder),method
k3b-APhotoManager,1,fotolib2/src/main/java/de/k3b/media/PhotoPropertiesCsvItem.java,setHeader(List<String>),method
ashutoshgngwr-10-bitClockWidget,1,10-bitClockWidget/app/src/main/java/com/github/ashutoshgngwr/tenbitclockwidget/ClockWidgetApplication.java,onCreate(),method
flide-8VIM-iteration,1,8vim/src/main/java/inc/flide/vim8/ui/SettingsFragment.java,onActivityResult(int ,method
ashutoshgngwr-10-bitClockWidget,1,10-bitClockWidget/app/src/main/java/com/github/ashutoshgngwr/tenbitclockwidget/WebViewExtrasActivity.java,onCreate(Bundle),method
flide-8VIM-iteration,1,8vim/src/main/java/inc/flide/vim8/ui/AboutUsActivity.java,onCreate(Bundle),method
ashutoshgngwr-10-bitClockWidget,1,10-bitClockWidget/app/src/main/java/com/github/ashutoshgngwr/tenbitclockwidget/ClockWidgetPreferenceFragment.java,onCreate(Bundle),method
ashutoshgngwr-10-bitClockWidget,1,10-bitClockWidget/app/src/main/java/com/github/ashutoshgngwr/tenbitclockwidget/ClockWidgetPreferenceFragment.java,onResume(),method
ashutoshgngwr-10-bitClockWidget,1,10-bitClockWidget/app/src/main/java/com/github/ashutoshgngwr/tenbitclockwidget/ClockWidgetPreferenceFragment.java,onPause(),method
flide-8VIM-iteration,1,8vim/src/main/java/inc/flide/vim8/ui/SettingsActivity.java,onCreate(Bundle),method
flide-8VIM-iteration,1,8vim/src/main/java/inc/flide/vim8/ui/SettingsActivity.java,onRestart(),method
flide-8VIM-iteration,1,8vim/src/main/java/inc/flide/vim8/ui/SettingsActivity.java,onStart(),method
flide-8VIM-iteration,1,8vim/src/main/java/inc/flide/vim8/ui/SettingsActivity.java,onResume(),method
ashutoshgngwr-10-bitClockWidget,1,10-bitClockWidget/app/src/main/java/com/github/ashutoshgngwr/tenbitclockwidget/ClockWidgetPreferenceActivity.java,onCreate(Bundle),method
ashutoshgngwr-10-bitClockWidget,1,10-bitClockWidget/app/src/main/java/com/github/ashutoshgngwr/tenbitclockwidget/ClockWidgetPreferenceActivity.java,onStop(),method
aghontpi-ad-silence-v0.0.0,1,app/src/main/java/bluepie/ad_silence/NotificationListener.kt,onCreate(),method
aghontpi-ad-silence-v0.0.0,1,app/src/main/java/bluepie/ad_silence/NotificationListener.kt,onNotificationPosted(),method
aghontpi-ad-silence-v0.0.0,1,app/src/main/java/bluepie/ad_silence/NotificationListener.kt,onNotificationRemoved(),method
aghontpi-ad-silence-v0.0.0,1,app/src/main/java/bluepie/ad_silence/MainActivity.kt,onCreate(),method
IgorKruchinin-AchieApp,1,app/src/main/java/ru/ikkui/achie/MainMenuActivity.java,onCreate(Bundle),method
IgorKruchinin-AchieApp,1,app/src/main/java/ru/ikkui/achie/MainMenuActivity.java,onCreate(Bundle),method
IgorKruchinin-AchieApp,1,app/src/main/java/ru/ikkui/achie/MainMenuActivity.java,onCreate(Bundle),method
IgorKruchinin-AchieApp,1,app/src/main/java/ru/ikkui/achie/MainMenuActivity.java,onCreate(Bundle),method
IgorKruchinin-AchieApp,1,app/src/main/java/ru/ikkui/achie/MainMenuActivity.java,onClick(View),method
IgorKruchinin-AchieApp,1,app/src/main/java/ru/ikkui/achie/MainMenuActivity.java,onClick(View),method
IgorKruchinin-AchieApp,1,app/src/main/java/ru/ikkui/achie/MainMenuActivity.java,onCreate(Bundle),method
IgorKruchinin-AchieApp,1,app/src/main/java/ru/ikkui/achie/MainMenuActivity.java,onCreate(Bundle),method
IgorKruchinin-AchieApp,1,app/src/main/java/ru/ikkui/achie/MainMenuActivity.java,onCreate(Bundle),method
IgorKruchinin-AchieApp,1,app/src/main/java/ru/ikkui/achie/MainMenuActivity.java,onCreate(Bundle),method
IgorKruchinin-AchieApp,1,app/src/main/java/ru/ikkui/achie/MainMenuActivity.java,onClick(View),method
IgorKruchinin-AchieApp,1,app/src/main/java/ru/ikkui/achie/MainMenuActivity.java,onDestroy(),method
IgorKruchinin-AchieApp,1,app/src/main/java/ru/ikkui/achie/AchiesFragment.java,onCreate(Bundle),method
IgorKruchinin-AchieApp,1,app/src/main/java/ru/ikkui/achie/LOQTerm.java,onCreate(Bundle),method
IgorKruchinin-AchieApp,1,app/src/main/java/ru/ikkui/achie/ViewFullImageActivity.java,onCreate(Bundle),method
IgorKruchinin-AchieApp,1,app/src/main/java/ru/ikkui/achie/ViewFullImageActivity.java,onPostCreate(Bundle),method
flide-8VIM-iteration,1,8vim/src/main/java/inc/flide/vim8/views/mainKeyboard/MainKeyboardView.java,onMeasure(int ,method
flide-8VIM-iteration,1,8vim/src/main/java/inc/flide/vim8/keyboardActionListners/ButtonKeypadActionListener.java,onKey(int ,method
jecelyin-920-Text-Editor-old,1,src/com/stericson/RootTools/SanityCheckRootTools.java,onCreate(Bundle),method
k3b-APhotoManager,1,fotolib2/src/main/java/de/k3b/media/ExifInterface.java,readFully(byte[]),method
k3b-APhotoManager,1,fotolib2/src/main/java/de/k3b/media/ExifInterface.java,readByte(),method
k3b-APhotoManager,1,fotolib2/src/main/java/de/k3b/media/ExifInterface.java,readShort(),method
k3b-APhotoManager,1,fotolib2/src/main/java/de/k3b/media/ExifInterface.java,readShort(),method
k3b-APhotoManager,1,fotolib2/src/main/java/de/k3b/media/ExifInterface.java,readInt(),method
k3b-APhotoManager,1,fotolib2/src/main/java/de/k3b/media/ExifInterface.java,readInt(),method
k3b-APhotoManager,1,fotolib2/src/main/java/de/k3b/media/ExifInterface.java,readInt(),method
k3b-APhotoManager,1,fotolib2/src/main/java/de/k3b/media/ExifInterface.java,readInt(),method
k3b-APhotoManager,1,fotolib2/src/main/java/de/k3b/media/ExifInterface.java,skip(long),method
k3b-APhotoManager,1,fotolib2/src/main/java/de/k3b/media/ExifInterface.java,readUnsignedShort(),method
k3b-APhotoManager,1,fotolib2/src/main/java/de/k3b/media/ExifInterface.java,readUnsignedShort(),method
k3b-APhotoManager,1,fotolib2/src/main/java/de/k3b/media/ExifInterface.java,readLong(),method
k3b-APhotoManager,1,fotolib2/src/main/java/de/k3b/media/ExifInterface.java,readLong(),method
k3b-APhotoManager,1,fotolib2/src/main/java/de/k3b/media/ExifInterface.java,readLong(),method
k3b-APhotoManager,1,fotolib2/src/main/java/de/k3b/media/ExifInterface.java,readLong(),method
k3b-APhotoManager,1,fotolib2/src/main/java/de/k3b/media/ExifInterface.java,readLong(),method
k3b-APhotoManager,1,fotolib2/src/main/java/de/k3b/media/ExifInterface.java,readLong(),method
k3b-APhotoManager,1,fotolib2/src/main/java/de/k3b/media/ExifInterface.java,readLong(),method
k3b-APhotoManager,1,fotolib2/src/main/java/de/k3b/media/ExifInterface.java,readLong(),method
jecelyin-920-Text-Editor-old,1,src/com/jecelyin/widget/JecEditText.java,writeToParcel(Parcel ,method
jecelyin-920-Text-Editor-old,1,src/com/jecelyin/widget/JecEditText.java,onSaveInstanceState(),method
jecelyin-920-Text-Editor-old,1,src/com/jecelyin/widget/JecEditText.java,onRestoreInstanceState(Parcelable),method
jecelyin-920-Text-Editor-old,1,src/com/jecelyin/widget/JecEditText.java,onRestoreInstanceState(Parcelable),method
jecelyin-920-Text-Editor-old,1,src/com/jecelyin/widget/JecEditText.java,setText2(CharSequence),method
jecelyin-920-Text-Editor-old,1,src/com/jecelyin/widget/JecEditText.java,onDraw(Canvas),method
jecelyin-920-Text-Editor-old,1,src/com/jecelyin/widget/JecEditText.java,onTouchEvent(MotionEvent),method
jecelyin-920-Text-Editor-old,1,src/com/jecelyin/widget/JecEditText.java,onScrollChanged(int ,method
jecelyin-920-Text-Editor-old,1,src/com/jecelyin/widget/JecEditText.java,onKeyDown(int ,method
jecelyin-920-Text-Editor-old,1,src/com/jecelyin/widget/JecEditText.java,setHorizontallyScrolling(boolean),method
jecelyin-920-Text-Editor-old,1,src/com/jecelyin/widget/JecEditText.java,onKeyShortcut(int ,method
jecelyin-920-Text-Editor-old,1,src/com/jecelyin/widget/JecEditText.java,onCreateContextMenu(ContextMenu),method
jecelyin-920-Text-Editor-old,1,src/com/jecelyin/widget/JecEditText.java,onTextContextMenuItem(int),method
jecelyin-920-Text-Editor-old,1,src/com/jecelyin/widget/JecEditText.java,onTextContextMenuItem(int),method
jecelyin-920-Text-Editor-old,1,src/com/jecelyin/widget/JecEditText.java,onTextContextMenuItem(int),method
jecelyin-920-Text-Editor-old,1,src/com/jecelyin/widget/JecEditText.java,onTextContextMenuItem(int),method
jecelyin-920-Text-Editor-old,1,src/com/jecelyin/widget/JecEditText.java,onClick(DialogInterface ,method
jecelyin-920-Text-Editor-old,0,src/com/stericson/RootTools/SanityCheckRootTools.java,onCreate(Bundle),method
k3b-APhotoManager,1,fotolib2/src/main/java/de/k3b/media/PhotoPropertiesChainReader.java,getPath(),method
k3b-APhotoManager,1,fotolib2/src/main/java/de/k3b/media/PhotoPropertiesChainReader.java,getDateTimeTaken(),method
k3b-APhotoManager,1,fotolib2/src/main/java/de/k3b/media/PhotoPropertiesChainReader.java,getLatitude(),method
k3b-APhotoManager,1,fotolib2/src/main/java/de/k3b/media/PhotoPropertiesChainReader.java,getLongitude(),method
k3b-APhotoManager,1,fotolib2/src/main/java/de/k3b/media/PhotoPropertiesChainReader.java,getTitle(),method
k3b-APhotoManager,1,fotolib2/src/main/java/de/k3b/media/PhotoPropertiesChainReader.java,getDescription(),method
k3b-APhotoManager,1,fotolib2/src/main/java/de/k3b/media/PhotoPropertiesChainReader.java,getTags(),method
k3b-APhotoManager,1,fotolib2/src/main/java/de/k3b/media/PhotoPropertiesChainReader.java,getRating(),method
k3b-APhotoManager,1,fotolib2/src/main/java/de/k3b/media/PhotoPropertiesChainReader.java,getVisibility(),method
jecelyin-920-Text-Editor-old,1,src/com/jecelyin/widget/JecMenu.java,onCreate(Bundle),method
jecelyin-920-Text-Editor-old,1,src/com/jecelyin/widget/JecMenu.java,onStart(),method
k3b-APhotoManager,1,fotolib2/src/main/java/de/k3b/media/PhotoPropertiesXmpSegment.java,setXmpMeta(XMPMeta ,method
k3b-APhotoManager,1,fotolib2/src/main/java/de/k3b/media/PhotoPropertiesXmpSegment.java,save(File ,method
k3b-APhotoManager,1,fotolib2/src/main/java/de/k3b/media/PhotoPropertiesXmpSegment.java,save(OutputStream ,method
jecelyin-920-Text-Editor-old,1,src/com/jecelyin/widget/TabWidget.java,onSizeChanged(int ,method
jecelyin-920-Text-Editor-old,1,src/com/jecelyin/widget/TabWidget.java,addView(View),method
jecelyin-920-Text-Editor-old,1,src/com/jecelyin/widget/TabWidget.java,removeViewAt(int),method
k3b-APhotoManager,1,fotolib2/src/main/java/de/k3b/media/ExifInterfaceEx.java,saveAttributes(File ,method
k3b-APhotoManager,1,fotolib2/src/main/java/de/k3b/media/ExifInterfaceEx.java,saveJpegAttributes(InputStream ,method
k3b-APhotoManager,1,fotolib2/src/main/java/de/k3b/media/ExifInterfaceEx.java,deleteFile(File),method
k3b-APhotoManager,1,fotolib2/src/main/java/de/k3b/media/ExifInterfaceEx.java,fixAttributes(),method
k3b-APhotoManager,1,fotolib2/src/main/java/de/k3b/media/PhotoPropertiesXmpFieldDefinition.java,getShortName(),method
jecelyin-920-Text-Editor-old,1,src/com/jecelyin/widget/SymbolGrid.java,onLayout(boolean ,method
jecelyin-920-Text-Editor-old,1,src/com/jecelyin/widget/SymbolGrid.java,setVisibility(int),method
jecelyin-920-Text-Editor-old,1,src/com/jecelyin/util/ColorPicker.java,onCreate(Bundle),method
jecelyin-920-Text-Editor-old,0,src/com/jecelyin/widget/JecEditText.java,writeToParcel(Parcel ,method
jecelyin-920-Text-Editor-old,0,src/com/jecelyin/widget/JecEditText.java,onSaveInstanceState(),method
jecelyin-920-Text-Editor-old,0,src/com/jecelyin/widget/JecEditText.java,onRestoreInstanceState(Parcelable),method
jecelyin-920-Text-Editor-old,0,src/com/jecelyin/widget/JecEditText.java,onRestoreInstanceState(Parcelable),method
jecelyin-920-Text-Editor-old,0,src/com/jecelyin/widget/JecEditText.java,setText2(CharSequence),method
jecelyin-920-Text-Editor-old,0,src/com/jecelyin/widget/JecEditText.java,onDraw(Canvas),method
jecelyin-920-Text-Editor-old,0,src/com/jecelyin/widget/JecEditText.java,onTouchEvent(MotionEvent),method
jecelyin-920-Text-Editor-old,0,src/com/jecelyin/widget/JecEditText.java,onScrollChanged(int ,method
jecelyin-920-Text-Editor-old,0,src/com/jecelyin/widget/JecEditText.java,onKeyDown(int ,method
jecelyin-920-Text-Editor-old,0,src/com/jecelyin/widget/JecEditText.java,setHorizontallyScrolling(boolean),method
jecelyin-920-Text-Editor-old,0,src/com/jecelyin/widget/JecEditText.java,onKeyShortcut(int ,method
jecelyin-920-Text-Editor-old,0,src/com/jecelyin/widget/JecEditText.java,onCreateContextMenu(ContextMenu),method
jecelyin-920-Text-Editor-old,0,src/com/jecelyin/widget/JecEditText.java,onTextContextMenuItem(int),method
jecelyin-920-Text-Editor-old,0,src/com/jecelyin/widget/JecEditText.java,onTextContextMenuItem(int),method
jecelyin-920-Text-Editor-old,0,src/com/jecelyin/widget/JecEditText.java,onTextContextMenuItem(int),method
jecelyin-920-Text-Editor-old,0,src/com/jecelyin/widget/JecEditText.java,onTextContextMenuItem(int),method
jecelyin-920-Text-Editor-old,0,src/com/jecelyin/widget/JecEditText.java,onClick(DialogInterface ,method
jecelyin-920-Text-Editor-old,0,src/com/jecelyin/widget/JecMenu.java,onCreate(Bundle),method
jecelyin-920-Text-Editor-old,0,src/com/jecelyin/widget/JecMenu.java,onStart(),method
jecelyin-920-Text-Editor-old,1,src/com/jecelyin/util/FileBrowser.java,onCreate(Bundle),method
jecelyin-920-Text-Editor-old,1,src/com/jecelyin/util/FileBrowser.java,onCreateContextMenu(ContextMenu ,method
jecelyin-920-Text-Editor-old,1,src/com/jecelyin/util/FileBrowser.java,onClick(DialogInterface ,method
jecelyin-920-Text-Editor-old,1,src/com/jecelyin/util/FileBrowser.java,startActivityForResult(Intent ,method
jecelyin-920-Text-Editor-old,1,src/com/jecelyin/util/FileBrowser.java,finish(),method
jecelyin-920-Text-Editor-old,0,src/com/jecelyin/widget/TabWidget.java,onSizeChanged(int ,method
jecelyin-920-Text-Editor-old,0,src/com/jecelyin/widget/TabWidget.java,addView(View),method
jecelyin-920-Text-Editor-old,0,src/com/jecelyin/widget/TabWidget.java,removeViewAt(int),method
jecelyin-920-Text-Editor-old,0,src/com/jecelyin/widget/SymbolGrid.java,onLayout(boolean ,method
jecelyin-920-Text-Editor-old,0,src/com/jecelyin/widget/SymbolGrid.java,setVisibility(int),method
jecelyin-920-Text-Editor-old,0,src/com/jecelyin/util/ColorPicker.java,onCreate(Bundle),method
jecelyin-920-Text-Editor-old,0,src/com/jecelyin/util/FileBrowser.java,onCreate(Bundle),method
jecelyin-920-Text-Editor-old,0,src/com/jecelyin/util/FileBrowser.java,onCreateContextMenu(ContextMenu ,method
jecelyin-920-Text-Editor-old,0,src/com/jecelyin/util/FileBrowser.java,onClick(DialogInterface ,method
jecelyin-920-Text-Editor-old,0,src/com/jecelyin/util/FileBrowser.java,startActivityForResult(Intent ,method
jecelyin-920-Text-Editor-old,0,src/com/jecelyin/util/FileBrowser.java,finish(),method
jecelyin-920-Text-Editor-old,1,src/com/jecelyin/editor/JecEditor.java,onCreate(Bundle),method
jecelyin-920-Text-Editor-old,1,src/com/jecelyin/editor/JecEditor.java,onResume(),method
jecelyin-920-Text-Editor-old,1,src/com/jecelyin/editor/JecEditor.java,onSaveInstanceState(Bundle),method
jecelyin-920-Text-Editor-old,1,src/com/jecelyin/editor/JecEditor.java,onRestoreInstanceState(Bundle),method
jecelyin-920-Text-Editor-old,1,src/com/jecelyin/editor/JecEditor.java,onStop(),method
jecelyin-920-Text-Editor-old,1,src/com/jecelyin/editor/JecEditor.java,onDestroy(),method
jecelyin-920-Text-Editor-old,1,src/com/jecelyin/editor/JecEditor.java,dispatchKeyEvent(KeyEvent),method
jecelyin-920-Text-Editor-old,1,src/com/jecelyin/editor/JecEditor.java,onKeyDown(int ,method
jecelyin-920-Text-Editor-old,1,src/com/jecelyin/editor/JecEditor.java,onKeyUp(int ,method
jecelyin-920-Text-Editor-old,1,src/com/jecelyin/editor/JecEditor.java,setTitle(String),method
jecelyin-920-Text-Editor-old,1,src/com/jecelyin/editor/About.java,onCreate(Bundle),method
jecelyin-920-Text-Editor-old,1,src/com/jecelyin/editor/AsyncSearch.java,onCancelled(),method
jecelyin-920-Text-Editor-old,1,src/com/jecelyin/editor/Grep.java,onCreate(Bundle),method
jecelyin-920-Text-Editor-old,1,src/com/jecelyin/editor/Options.java,onCreate(Bundle),method
jecelyin-920-Text-Editor-old,1,src/com/jecelyin/editor/Donate.java,onCreate(Bundle),method
jecelyin-920-Text-Editor-old,0,src/com/jecelyin/editor/JecEditor.java,onCreate(Bundle),method
jecelyin-920-Text-Editor-old,0,src/com/jecelyin/editor/JecEditor.java,onResume(),method
jecelyin-920-Text-Editor-old,0,src/com/jecelyin/editor/JecEditor.java,onSaveInstanceState(Bundle),method
jecelyin-920-Text-Editor-old,0,src/com/jecelyin/editor/JecEditor.java,onRestoreInstanceState(Bundle),method
jecelyin-920-Text-Editor-old,0,src/com/jecelyin/editor/JecEditor.java,onStop(),method
jecelyin-920-Text-Editor-old,0,src/com/jecelyin/editor/JecEditor.java,onDestroy(),method
jecelyin-920-Text-Editor-old,0,src/com/jecelyin/editor/JecEditor.java,dispatchKeyEvent(KeyEvent),method
jecelyin-920-Text-Editor-old,0,src/com/jecelyin/editor/JecEditor.java,onKeyDown(int ,method
jecelyin-920-Text-Editor-old,0,src/com/jecelyin/editor/JecEditor.java,onKeyUp(int ,method
jecelyin-920-Text-Editor-old,0,src/com/jecelyin/editor/JecEditor.java,setTitle(String),method
jecelyin-920-Text-Editor-old,0,src/com/jecelyin/editor/About.java,onCreate(Bundle),method
jecelyin-920-Text-Editor-old,0,src/com/jecelyin/editor/AsyncSearch.java,onCancelled(),method
jecelyin-920-Text-Editor-old,0,src/com/jecelyin/editor/Grep.java,onCreate(Bundle),method
jecelyin-920-Text-Editor-old,0,src/com/jecelyin/editor/Options.java,onCreate(Bundle),method
jecelyin-920-Text-Editor-old,0,src/com/jecelyin/editor/Donate.java,onCreate(Bundle),method
